"","p_val","avg_log2FC","pct.1","pct.2","p_val_adj"
"FCER1G",2.4140087451944e-27,-2.82568963198668,0.193,0.924,7.33303436527703e-23
"MS4A6A",1.61147393744782e-25,-2.64262135666791,0.193,0.924,4.89517437978524e-21
"CD4",1.21082707723308e-23,-2.42017727820933,0.211,0.924,3.67812941251092e-19
"C12orf75",3.1768442564584e-23,-2.39829789146016,0.253,0.924,9.65029979784367e-19
"DAB2",3.45881813565639e-23,-3.13627474342951,0.102,0.758,1.05068518506834e-18
"TXN",1.27507076980505e-21,-2.55056862562855,0.307,0.939,3.87328247743681e-17
"CTSC",1.48168766548921e-21,-2.27548633330486,0.295,0.924,4.50092262145659e-17
"JCHAIN",1.54979107204024e-21,-2.58691025396982,0.422,0.939,4.70780033953665e-17
"GZMB",1.6347380084912e-21,-2.08179272725872,0.187,0.924,4.96584364839372e-17
"RPS26",1.86548201643195e-21,1.87729400422906,0.982,0.864,5.66677472131534e-17
"CLEC4C",2.228833921412e-21,-2.42350382215451,0.139,0.803,6.77052880307323e-17
"LILRA4",2.39933737466014e-21,-2.20890134136271,0.187,0.894,7.2884671430051e-17
"RNF130",3.9530103577933e-21,-2.24252132121867,0.229,0.894,1.20080595638687e-16
"SRGN",1.32203202557731e-20,-2.13035103555337,0.337,0.924,4.0159366840962e-16
"SLAMF7",1.84710312351226e-20,-2.30084372287114,0.187,0.833,5.61094515829318e-16
"FYB1",4.4262939363395e-20,-2.59912086775186,0.217,0.833,1.34457530904185e-15
"TNFRSF21",5.95808458254708e-20,-2.55186133708711,0.157,0.773,1.80988735364033e-15
"SAMHD1",6.72965726703628e-20,-1.99172547401045,0.283,0.909,2.04426798800761e-15
"ENSG00000225885",7.90812244764286e-20,-1.9987261372387,0.181,0.848,2.40225035592047e-15
"NPC1",9.06848070562414e-20,-2.43258587497171,0.139,0.788,2.75473238394745e-15
"TGFBI",1.0914021410147e-19,-2.25062736594455,0.157,0.803,3.31535228376035e-15
"NUCB2",2.02621943635072e-19,-2.32127785765396,0.193,0.818,6.15504678180258e-15
"PTPRE",2.22811083737726e-19,-1.97053949282769,0.181,0.864,6.7683322907009e-15
"ZFAT",3.17439143913752e-19,-2.00835896496887,0.199,0.864,9.64284887466804e-15
"TYROBP",3.53394804074695e-19,-1.97366756015598,0.205,0.864,1.0735073963377e-14
"PACSIN1",4.06006981919278e-19,-2.20782678489069,0.169,0.818,1.23332740897619e-14
"P2RY14",4.52159791525414e-19,-2.18601044109035,0.217,0.848,1.37352579871675e-14
"SPCS1",5.05670267525018e-19,-1.96528255116275,0.428,0.924,1.53607457166075e-14
"HIGD1A",5.27662924406915e-19,-3.13877796485576,0.127,0.682,1.60288166547089e-14
"CCDC50",7.35158787720289e-19,-1.81034626924638,0.5,0.939,2.23319184945792e-14
"NPC2",9.30620239055491e-19,-1.99353283813136,0.301,0.909,2.82694510017886e-14
"TNFSF13B",2.51078632579795e-18,-3.00241928238467,0.108,0.667,7.62701562187643e-14
"SERPINF1",3.87876692675182e-18,-2.0135583294282,0.211,0.848,1.1782530293394e-13
"CD36",4.74051734333277e-18,-1.9568663595382,0.157,0.788,1.44002695338419e-13
"SEC61B",5.71942894533541e-18,-1.96186484955058,0.277,0.864,1.73739093072454e-13
"IRF8",5.77676721531936e-18,-1.6023398252683,0.729,0.985,1.75480857699756e-13
"TEX2",9.30290383605541e-18,-2.71011060818725,0.096,0.652,2.82594309827855e-13
"CSF2RB",1.08486051264606e-17,-2.19913974369635,0.235,0.833,3.29548077926495e-13
"PLEK",1.27520841328683e-17,-1.82825028098671,0.428,0.909,3.8737005970414e-13
"TPM2",1.59507564102269e-17,-2.70471474601784,0.108,0.667,4.84536127473463e-13
"MS4A1",2.43601626789284e-17,3.11824119585747,0.783,0.076,7.39988661697808e-13
"PLAC8",3.32259176839068e-17,-1.61723698102245,0.548,0.97,1.00930370148404e-12
"MGST2",3.51600541319104e-17,-2.7710516971266,0.12,0.667,1.06805696436504e-12
"LILRB4",3.59912891190866e-17,-1.84530357453303,0.193,0.803,1.09330738957049e-12
"RUNX2",3.73466237481865e-17,-1.54568979034284,0.187,0.803,1.13447838959866e-12
"SIRPB1",4.53291965292079e-17,-2.77991485063354,0.096,0.621,1.37696500296775e-12
"PHEX",4.84009130883544e-17,-1.90494929549911,0.175,0.788,1.47027453688494e-12
"CTSB",5.09774697775748e-17,-1.78954673331405,0.458,0.924,1.54854259943339e-12
"DNASE1L3",1.13461081078361e-16,-2.97607866496923,0.163,0.697,3.44660725991737e-12
"SCARB1",1.182616811334e-16,-3.73892714588209,0.042,0.5,3.59243508778931e-12
"ALOX5AP",1.1917081434104e-16,-2.06616528574805,0.416,0.864,3.62005182723777e-12
"HERPUD1",1.67652789623452e-16,-1.60405426240675,0.458,0.955,5.09278879039159e-12
"APP",1.75775263147081e-16,-1.70395815038703,0.337,0.924,5.33952516861888e-12
"LAMP5",2.02888459868476e-16,-2.10130781434698,0.151,0.742,6.16314274542468e-12
"IDH3A",2.11323165293513e-16,-1.92763984919925,0.265,0.848,6.41936379212105e-12
"CD79A",2.15314668324309e-16,3.25756177444821,0.759,0.152,6.54061367968754e-12
"PLD4",2.32966148776692e-16,-1.57592445823792,0.289,0.924,7.07681270138957e-12
"MPEG1",2.44017467493141e-16,-1.70387689563513,0.41,0.924,7.41251861003915e-12
"ENSG00000290149",3.03053539426504e-16,-4.44235214243288,0.012,0.409,9.20585736715891e-12
"CST3",3.03816092377788e-16,-2.16777753514911,0.193,0.773,9.22902143816008e-12
"CCR2",3.59392356906598e-16,-2.69014696896555,0.108,0.621,1.09172616257517e-11
"VAMP8",4.95421158247484e-16,-1.79002880142073,0.343,0.909,1.50494085240838e-11
"GRN",5.90255824826842e-16,-1.88110376532021,0.398,0.909,1.7930201190765e-11
"MYL12A",7.59690933800941e-16,-1.40911173193243,0.596,0.97,2.30771314960712e-11
"HS3ST3B1",9.74363758851125e-16,-3.45302261284335,0.036,0.47,2.95982479026206e-11
"UGCG",1.64682170045952e-15,-1.64249348769393,0.386,0.924,5.0025502794859e-11
"ATP5F1E",1.64869041554677e-15,-1.29995598577712,0.813,0.955,5.00822687530644e-11
"DHRS7",1.76121430123157e-15,-1.77892594622079,0.343,0.894,5.35004068285115e-11
"IL3RA",1.86507040372479e-15,-1.80941587512588,0.163,0.742,5.6655243653948e-11
"PTPRS",1.98636078158852e-15,-1.81829240241594,0.187,0.803,6.03396814623146e-11
"ZFP36L1",2.05766510202022e-15,2.66262900420062,0.843,0.424,6.25056928040683e-11
"PLEKHD1",2.06022888917083e-15,-6.28239840304328,0.006,0.364,6.25835729663424e-11
"SLC15A4",2.25076331407794e-15,-1.73969816120508,0.337,0.894,6.83714371917455e-11
"SLC35F3",2.57329649691689e-15,-2.14830239070936,0.12,0.652,7.81690276868443e-11
"SHTN1",3.10247414032168e-15,-2.59012625122201,0.114,0.621,9.42438569605518e-11
"MAPKAPK2",3.16241440856545e-15,-1.84723813546527,0.241,0.833,9.60646624889927e-11
"TSPAN13",3.18779632492355e-15,-1.70094448387497,0.361,0.879,9.68356889622027e-11
"SULF2",3.66525409367648e-15,-2.07565012777429,0.157,0.712,1.1133942360361e-10
"ENPP2",3.80367660549487e-15,-3.1294953919368,0.09,0.561,1.15544284245118e-10
"SELENOS",5.38967673254999e-15,-2.0732004550704,0.205,0.758,1.63722210104671e-10
"SEC61G",5.53647658278201e-15,-1.76017850154055,0.223,0.803,1.68181549155169e-10
"CCDC88A",5.82869795356945e-15,-1.6075902024576,0.283,0.879,1.77058357735579e-10
"CD52",8.11187652542291e-15,3.48125081026322,0.711,0.167,2.46414473212772e-10
"RBX1",1.40764383454575e-14,-2.03230731072844,0.217,0.758,4.27599967619963e-10
"SLC12A3",1.55354623144232e-14,-2.73104561067013,0.09,0.561,4.71920738725233e-10
"PPP1R14B",1.61131447132028e-14,-1.46097667544414,0.283,0.879,4.89468996952962e-10
"PSAP",1.99563979448531e-14,-1.5324682572815,0.506,0.924,6.06215500370802e-10
"ITM2C",2.54671264491392e-14,-1.70815690718421,0.331,0.848,7.73614900145502e-10
"DUSP5",2.5693280129843e-14,-1.45903236629974,0.175,0.773,7.8048477050424e-10
"IRF7",2.69731284986945e-14,-1.57720185822144,0.361,0.909,8.19362724404843e-10
"EIF4A3",2.76061471090926e-14,-2.04359621749952,0.187,0.712,8.38591930732905e-10
"CD164",3.13841906842076e-14,-1.50442888324256,0.464,0.909,9.53357560414174e-10
"IGFBP3",3.18163447609973e-14,-7.27906587121249,0,0.318,9.66485104804815e-10
"SUSD1",4.05417075520456e-14,-2.43334293497929,0.12,0.591,1.23153545030849e-09
"PDIA4",4.35512781699423e-14,-2.05538107199109,0.169,0.682,1.32295717696834e-09
"DPYSL2",4.59110621130243e-14,-1.79583277904104,0.175,0.727,1.39464033380734e-09
"CUX2",5.87716936694097e-14,-1.92133057201307,0.09,0.561,1.78530773859566e-09
"RNASE6",6.38033452049114e-14,-1.52789828640933,0.512,0.894,1.93815421728959e-09
"ARHGAP18",6.39474262032183e-14,-2.33273408516236,0.114,0.606,1.94253096577516e-09
"TXNIP",6.56057916067625e-14,2.32851285639534,0.867,0.682,1.99290713163863e-09
"ENSG00000291038",6.74638621300984e-14,-2.2007355202839,0.139,0.636,2.049349739926e-09
"SRP14",6.91357883839644e-14,-1.4819009068543,0.464,0.924,2.10013784373969e-09
"PRXL2A",7.5688781415379e-14,-2.35888080324661,0.102,0.576,2.29919811305497e-09
"OTULINL",1.13530606239507e-13,-2.74512876781386,0.084,0.53,3.44871922573751e-09
"PAX5",1.20750997395692e-13,4.81288881555916,0.596,0.045,3.66805304788893e-09
"CD22",1.23120901640013e-13,4.3099842014454,0.602,0.045,3.74004362911868e-09
"TPT1",1.63112763678248e-13,-0.840770836250251,0.994,0.985,4.95487642225413e-09
"STMN1",1.87067587835666e-13,-1.59622235954594,0.229,0.803,5.68255211568403e-09
"KCTD12",2.69290698385507e-13,-2.4463416887299,0.163,0.636,8.18024354485656e-09
"PAFAH2",3.23684061064512e-13,-2.37339624015112,0.12,0.576,9.83255072295667e-09
"ATP5MK",3.68558651200575e-13,-1.70242172177767,0.235,0.788,1.11957061475199e-08
"CERS6",4.08883401099166e-13,-1.65431973741701,0.157,0.652,1.24206510751894e-08
"ENSG00000286848",4.13078002094171e-13,-1.94817733988995,0.133,0.621,1.25480704696146e-08
"RPL8",4.48671432379986e-13,1.96715759427421,0.873,0.758,1.36292921014068e-08
"FCMR",4.86974076495005e-13,2.79726270771834,0.669,0.136,1.47928115216888e-08
"ENSG00000231424",5.31447557697033e-13,-2.71119075233309,0.048,0.439,1.61437824601628e-08
"PTMS",5.52924692471224e-13,-1.66319311241565,0.145,0.652,1.67961933831984e-08
"ERN1",5.90522520701644e-13,-1.5314363209748,0.205,0.758,1.79383026113538e-08
"LINC00996",6.72653615665941e-13,-1.55889836487822,0.193,0.727,2.04331988830843e-08
"MT-ATP8",7.14909449021595e-13,1.0145267463644,0.988,0.97,2.1716804332929e-08
"CD37",9.94835366313801e-13,1.47380474361613,0.928,0.833,3.02201139225143e-08
"LINC01724",1.26321641930065e-12,-3.93275731924914,0.042,0.394,3.83727251690958e-08
"COX5A",1.26966191551668e-12,-1.70720630969194,0.229,0.758,3.85685200076501e-08
"CMTM3",1.34251486699855e-12,-2.54802563500589,0.108,0.545,4.07815741148149e-08
"JAML",1.37782475847964e-12,-2.00310688316432,0.157,0.652,4.18541826883362e-08
"CCDC186",1.50539636802863e-12,-1.49864523774105,0.343,0.864,4.57294254716058e-08
"TMED10",1.53506321882818e-12,-1.46329225848321,0.434,0.864,4.66306153983437e-08
"S100A11",1.59133814986372e-12,-1.78952994653064,0.259,0.758,4.83400789784103e-08
"CDK2AP2",1.87435235404453e-12,-1.73927286309146,0.199,0.697,5.69372014588107e-08
"IRF2BP2",1.91309676055556e-12,-1.38319812504421,0.428,0.909,5.81141402953961e-08
"GNAQ",2.26446681396836e-12,-2.09529123540804,0.139,0.621,6.87877084079169e-08
"SMAP2",2.79210948035044e-12,2.49761491280025,0.765,0.424,8.48159096846054e-08
"ULK1",3.14043810437701e-12,-1.70162269227616,0.127,0.591,9.53970882966605e-08
"MAP1A",3.37707054975452e-12,-1.70104698022009,0.133,0.606,1.02585272089893e-07
"KIAA0930",3.37794991361418e-12,-2.10874473384803,0.108,0.545,1.02611984525858e-07
"TMEM8B",4.38769306222751e-12,-3.4362399326743,0.036,0.379,1.33284952151285e-07
"MS4A4A",4.99341584950855e-12,-3.45097814333103,0.036,0.379,1.51684993260521e-07
"HSP90B1",5.19620101197145e-12,-1.19117026150188,0.62,0.894,1.57844998140657e-07
"NRP1",5.27806149873528e-12,-2.11444021070868,0.133,0.591,1.60331674147082e-07
"H2BC21",5.31936873458183e-12,-2.17932891783817,0.193,0.652,1.61586464050392e-07
"NREP",5.45980211830805e-12,-1.76893248931345,0.145,0.621,1.65852408947844e-07
"MDFIC",5.55704120320188e-12,-1.18288235316176,0.355,0.924,1.68806240629664e-07
"ENSG00000290928",5.80914441824633e-12,-1.72959010596145,0.277,0.803,1.76464379993069e-07
"COL24A1",6.45334215224957e-12,-1.7018954682394,0.127,0.561,1.96033174558885e-07
"MAP2K6",6.67668303980301e-12,-2.03183174426875,0.108,0.545,2.02817600700096e-07
"ZDHHC17",7.68320372389861e-12,-1.59524670756884,0.259,0.773,2.33392679520868e-07
"SNCA",7.93219401637708e-12,-3.05493209930858,0.036,0.379,2.40956257635487e-07
"MYOF",8.13776862196465e-12,-2.92822272511914,0.036,0.379,2.4720099742942e-07
"SSR3",1.00892708933504e-11,-1.55279493104612,0.283,0.803,3.06481781927304e-07
"BASP1",1.0490669251903e-11,4.94278601110827,0.524,0.03,3.18675059865057e-07
"MCOLN2",1.1396416834697e-11,-1.58116717803561,0.169,0.652,3.46188954187592e-07
"PLAAT3",1.22839304157492e-11,-1.91936595387714,0.12,0.561,3.73148954239212e-07
"WAKMAR2",1.22839304157492e-11,-1.55686136056638,0.12,0.561,3.73148954239212e-07
"ALDH2",1.35352856813118e-11,-1.49756254867638,0.157,0.636,4.11161373141208e-07
"CD99",1.45287664300664e-11,-1.53111356278248,0.241,0.742,4.41340337846126e-07
"CPED1",1.5019534468547e-11,-2.40337987610385,0.108,0.53,4.56248398551053e-07
"LST1",1.59237439539466e-11,-2.29778544476043,0.066,0.455,4.83715570089035e-07
"IKZF3",1.73852360119866e-11,3.25337231416611,0.62,0.152,5.28111314336117e-07
"PTPRJ",1.91530884195877e-11,-1.62935742541046,0.205,0.682,5.81813366921815e-07
"PARK7",2.24908956849391e-11,-1.38684441757601,0.265,0.803,6.83205938221394e-07
"TMED9",2.41886228031941e-11,-1.69797205480959,0.253,0.712,7.34777794892628e-07
"CD24",2.46957762101413e-11,6.76460091395648,0.488,0.015,7.50183593935462e-07
"SERPING1",2.63144074001695e-11,-2.95009575328055,0.042,0.379,7.99352753594949e-07
"MCC",2.75306166598788e-11,-3.48978160368203,0.048,0.379,8.36297542277139e-07
"COMT",2.82319697514971e-11,-1.6242160646888,0.205,0.697,8.57602545141227e-07
"FERMT3",2.99017268898973e-11,-1.44122202585672,0.217,0.727,9.0832475773441e-07
"UNC93B1",3.3782981820764e-11,-1.40710050483981,0.331,0.818,1.02622563876935e-06
"SUB1",3.44600794265464e-11,-1.26455679237854,0.488,0.909,1.0467938327402e-06
"APEX1",4.38558694388531e-11,-1.29467983281078,0.289,0.803,1.33220974594404e-06
"GAS6",4.38936224273081e-11,-1.78078421012557,0.12,0.561,1.33335656847434e-06
"NME8",4.62107844695892e-11,-2.9100399684947,0.042,0.379,1.40374499983271e-06
"CXCR4",4.66008669088111e-11,1.80541179576298,0.861,0.712,1.41559453408896e-06
"CANX",4.67923798437828e-11,-1.43509330718523,0.386,0.833,1.42141212251459e-06
"NAGA",4.76420146060685e-11,-1.83518775271319,0.163,0.621,1.44722147768854e-06
"MLLT1",4.84238567949157e-11,-1.79930552597707,0.09,0.5,1.47097149785915e-06
"PLP2",4.84462151393327e-11,-1.24108858023949,0.5,0.894,1.47165067728751e-06
"SMPD3",5.6077894595642e-11,-1.63650753727859,0.175,0.636,1.70347820413182e-06
"ACOT7",5.95036520611467e-11,-2.94301287488004,0.048,0.379,1.80754243866145e-06
"RNF11",6.28972321561492e-11,-2.0514141136913,0.145,0.561,1.91062922120735e-06
"TCF4",7.30131903928756e-11,-0.995980170382809,0.765,0.939,2.21792168456438e-06
"EMC7",7.38856873404836e-11,-1.66536426614898,0.181,0.652,2.24442552434187e-06
"CORO1C",8.09849776422359e-11,-1.75296453967792,0.217,0.697,2.4600806658382e-06
"LINC00865",8.27097496246393e-11,-2.91864911481081,0.084,0.439,2.51247406434767e-06
"MAP1LC3B",8.35665224348089e-11,-1.51870079972624,0.307,0.773,2.53850025200219e-06
"KCTD5",8.84684790647579e-11,-1.56113938768159,0.211,0.682,2.68740698855015e-06
"OGT",1.01689712176009e-10,-1.20680050073127,0.41,0.894,3.08902838677062e-06
"BIRC3",1.12129284527839e-10,2.28901221657932,0.669,0.242,3.40615127610217e-06
"HOXB2",1.13988740824971e-10,-2.07852957396854,0.127,0.53,3.46263598004015e-06
"TEX14",1.1967844616072e-10,-1.53921055593273,0.175,0.606,3.63547215902418e-06
"ALG2",1.29837601074211e-10,-1.4969818424964,0.205,0.682,3.9440768078313e-06
"FEZ2",1.43848496047905e-10,-1.65048062597113,0.229,0.682,4.3696857644472e-06
"LINC01478",1.45922454242525e-10,-2.40093031554854,0.127,0.53,4.43268639252519e-06
"CHCHD2",1.50286665079982e-10,-1.22581515422965,0.416,0.894,4.56525802513461e-06
"S100A6",1.64714091057057e-10,-1.44251924860774,0.343,0.803,5.00351994404021e-06
"CYTH4",1.65141410576737e-10,-1.5485556776151,0.283,0.742,5.01650062908954e-06
"ENSG00000258657",1.80530404314775e-10,-2.59164851922808,0.054,0.394,5.48397209186994e-06
"RHEX",1.84759997209891e-10,-1.20585615609251,0.494,0.879,5.61245443524485e-06
"VIM",2.08823572250437e-10,-1.08289245434737,0.663,0.939,6.34343365425152e-06
"PAG1",2.18452860847334e-10,-1.48065912824261,0.205,0.682,6.63594255395946e-06
"GRAMD1B",2.20939905910884e-10,-2.2643807152573,0.127,0.53,6.71149152185491e-06
"SNX20",2.65103474094333e-10,-1.86803872752491,0.181,0.606,8.05304823256355e-06
"SRP19",2.74740117858176e-10,-1.42152161167736,0.271,0.742,8.34578056017782e-06
"EGLN3",2.97440618481577e-10,-2.39600881517645,0.072,0.424,9.03535366761485e-06
"EPHA2",2.98936640979231e-10,-2.04940958136606,0.12,0.515,9.08079834302611e-06
"MT-ND4L",3.00409665310664e-10,1.044130397366,0.958,0.985,9.12554440314203e-06
"IFNAR2",3.09979536597155e-10,-1.83179079173632,0.175,0.591,9.41624838321178e-06
"SEPTIN11",3.25225559824533e-10,-1.92963409322453,0.157,0.576,9.87937683078985e-06
"TMBIM6",3.8505847085344e-10,-0.989798330297119,0.705,0.924,1.1696921169115e-05
"CD2AP",4.04237777133735e-10,-1.21598375783625,0.337,0.788,1.22795309559915e-05
"HINT1",4.11363921028011e-10,-1.03321031392898,0.639,0.955,1.24960018290679e-05
"CTNS",4.2142760487238e-10,-2.08169078070691,0.084,0.455,1.28017063532083e-05
"CXCR3",4.40798716559372e-10,-2.12442720091222,0.127,0.515,1.33901426129241e-05
"ACTB",4.69229857907712e-10,-0.65840620458797,0.982,1,1.42537953936626e-05
"LINC01226",4.97219058235672e-10,-2.15610573214845,0.078,0.439,1.5104023332025e-05
"TM9SF2",5.35131565132352e-10,-1.21333047928662,0.343,0.833,1.62556915540255e-05
"POMP",6.39771451102025e-10,-1.33273176166772,0.289,0.773,1.94343373701262e-05
"ARF3",6.54745444093867e-10,-1.47668208658314,0.217,0.682,1.98892023552394e-05
"BRI3",6.91499625210953e-10,-1.46073011724477,0.301,0.788,2.10056841150331e-05
"TNFRSF13C",7.0149996838729e-10,7.38493719888857,0.422,0,2.13094645397007e-05
"RALGPS2",7.1843095891099e-10,3.85077039586681,0.566,0.182,2.18237772388392e-05
"AIF1",7.26373675913088e-10,-2.54784326817077,0.084,0.424,2.20650531532119e-05
"RGS1",8.27186395532619e-10,-1.38816328731978,0.223,0.682,2.51274411370944e-05
"P3H2",9.54153712646409e-10,-3.88396750895313,0.03,0.303,2.898432732906e-05
"ENSG00000281593",9.70181467089168e-10,-1.35165729128279,0.223,0.682,2.94712024257677e-05
"CD302",9.99051328573035e-10,-2.72365391096352,0.072,0.409,3.03481822080631e-05
"SLC7A11",1.07067664163288e-09,-2.62868965019166,0.06,0.379,3.25239443428819e-05
"QDPR",1.10010855190157e-09,-2.02965431086985,0.114,0.5,3.34179974811141e-05
"S100A4",1.1189178470443e-09,-1.74963031331913,0.241,0.667,3.39893674396648e-05
"SECTM1",1.22324227289269e-09,-3.50913030574666,0.024,0.288,3.71584305236613e-05
"ABHD15",1.32018214034325e-09,-1.51131441446194,0.181,0.621,4.0103172877207e-05
"SPN",1.3224815230067e-09,-1.88114847779193,0.163,0.561,4.01730212243744e-05
"CFL1",1.35191836514596e-09,-0.673393092868225,0.88,0.985,4.10672241780387e-05
"HMGN3",1.3720736357433e-09,-1.42029932297279,0.241,0.712,4.16794808329741e-05
"POLR2K",1.49260700069594e-09,-2.32792866230142,0.12,0.485,4.53409228601407e-05
"IGSF6",1.50641638492097e-09,-1.75756855149433,0.114,0.5,4.57604105247443e-05
"MT-ND3",1.52675917050551e-09,0.673516255572737,1,1,4.63783633224457e-05
"EPHB1",1.58239560661333e-09,-1.51879860499674,0.157,0.576,4.80684313420931e-05
"CD69",1.62825130929397e-09,3.20723866187817,0.53,0.076,4.94613900224228e-05
"SH3BP4",1.65433497691049e-09,-2.7715760240953,0.066,0.379,5.025373359361e-05
"NDUFB4",1.65669027256625e-09,-1.30947019049761,0.289,0.742,5.03252804097451e-05
"HYOU1",1.69849345251163e-09,-1.7295637147142,0.151,0.561,5.15951356069459e-05
"OPN3",1.82208638283875e-09,-1.27436801653485,0.325,0.788,5.53495180514927e-05
"CD93",1.83508164989907e-09,-5.14775456169753,0.006,0.227,5.57442752789842e-05
"IRF2BPL",1.84375591085132e-09,-1.38165609761554,0.253,0.742,5.60077733039305e-05
"DPP4",1.92733012537481e-09,-2.87971435439168,0.048,0.348,5.85465072185105e-05
"COMMD6",1.97722216244776e-09,-1.08901372601348,0.699,0.879,6.00620776286757e-05
"RUFY4",2.13640206800652e-09,-2.28576996223592,0.06,0.379,6.48974856198339e-05
"TMX3",2.22493035406651e-09,-1.48001690111785,0.193,0.636,6.75867093654784e-05
"GSN",2.23371166136974e-09,-1.3389449821471,0.205,0.652,6.78534591374285e-05
"SCN9A",2.29813067246151e-09,-1.45801266616278,0.12,0.5,6.98103154373634e-05
"ST3GAL2",2.46201606400961e-09,-1.26613640024109,0.241,0.712,7.478866197642e-05
"RNF5",2.52802328323009e-09,-1.49926388260225,0.199,0.606,7.67937632746804e-05
"POLB",2.55257409630129e-09,-1.46732022316656,0.175,0.591,7.75395433233443e-05
"ACTN4",2.57428284630498e-09,-1.35048054976124,0.301,0.758,7.81989900222062e-05
"SLC20A1",2.61465788989458e-09,-1.42529308988835,0.235,0.682,7.94254627213277e-05
"RAB11FIP1",2.63574491879408e-09,-1.05406846816527,0.259,0.758,8.00660233982077e-05
"RGS18",2.72953633625988e-09,-2.13720783115528,0.084,0.424,8.29151252865664e-05
"OSTC",2.82379139609327e-09,-1.28519408378473,0.235,0.682,8.57783112391252e-05
"ABHD6",2.86610602503089e-09,-2.5326850500546,0.066,0.379,8.70637027223632e-05
"P2RY6",3.0987921171998e-09,-1.39793034925657,0.145,0.561,9.41320081441784e-05
"TMEM258",3.12381400178882e-09,-1.26913757909107,0.422,0.864,9.4892097932339e-05
"MYL12B",3.25111904281023e-09,-1.09531986881735,0.554,0.894,9.87592431634463e-05
"PPM1J",3.3486456506719e-09,-1.76653245552948,0.114,0.485,0.00010172180893046
"ENSG00000290039",3.41567878208968e-09,-1.8922357560583,0.133,0.5,0.000103758074363538
"PAQR8",3.42263814107163e-09,-2.20497849028563,0.024,0.288,0.000103969478811333
"SLA2",3.44721773873939e-09,-1.83326262897568,0.139,0.515,0.000104716133249686
"ATP2B4",3.45086024507337e-09,-1.49169588999696,0.175,0.606,0.000104826781664594
"TMEM144",3.51143694083114e-09,-4.06001790882664,0.012,0.242,0.000106666919951628
"BANK1",3.70227238060904e-09,2.22590254954095,0.723,0.485,0.000112463928105761
"CKS2",3.7599527682158e-09,-1.75939982025286,0.217,0.621,0.000114216085240091
"M6PR",3.82755647881812e-09,-1.19017015108376,0.38,0.848,0.000116269683157058
"FCRL1",3.84114827641641e-09,2.30670658853465,0.476,0.045,0.000116682561192701
"DOCK1",4.44434375676979e-09,-6.11942284611026,0,0.197,0.000135005830299396
"XBP1",4.51291300916149e-09,-1.46506157150175,0.247,0.697,0.000137088758479298
"CCR5AS",4.53096603220674e-09,-2.37693708471632,0.096,0.439,0.000137637155160344
"CD48",4.55426617200125e-09,2.24910341625041,0.663,0.333,0.000138344943506882
"DSE",4.57421366645807e-09,-1.82477759600416,0.078,0.424,0.000138950888545997
"SRI",4.61664918043673e-09,-1.101193400151,0.223,0.682,0.000140239952154127
"PAIP1",4.64100997685193e-09,-1.32534831104911,0.096,0.47,0.000140979960066831
"FRMD4B",4.64850372581717e-09,-2.44563844803251,0.054,0.348,0.000141207597679148
"WDFY2",4.70141607128978e-09,-1.2560574300892,0.211,0.667,0.00014281491599757
"KCNA5",4.78636319699242e-09,-3.62037485762832,0.024,0.273,0.000145395354835039
"CCR1",4.91074407155408e-09,-3.81811026614417,0.024,0.273,0.000149173672661598
"PFKFB2",4.95852371030354e-09,-1.79235459480592,0.114,0.47,0.000150625074747891
"CHMP5",5.27245459202782e-09,-1.28733809399631,0.259,0.712,0.000160161353142029
"DYNLL1",5.46149801252353e-09,-1.25543796260319,0.367,0.788,0.000165903925126427
"GTF2A2",5.65473373849065e-09,-1.62723457265555,0.199,0.591,0.000171773846774131
"CNTNAP1",5.7257902241979e-09,-3.42690997234243,0.024,0.273,0.00017393232964046
"SAT1",5.79078068192647e-09,-1.40598251473605,0.404,0.803,0.00017590654477488
"ABRACL",6.0888061353451e-09,-1.33783175147655,0.127,0.515,0.000184959663973378
"TPP1",6.24599159533407e-09,-1.12296309781913,0.494,0.864,0.000189734486691463
"IL18R1",6.27493345199675e-09,-2.44381820498472,0.042,0.318,0.000190613653471305
"RGS10",6.28500265264468e-09,-1.60900344284843,0.157,0.561,0.000190919525579387
"CDYL",6.32089193441038e-09,-1.53185239402773,0.169,0.591,0.000192009734291584
"UCP2",6.56261809610091e-09,-0.945659866211822,0.608,0.97,0.000199352649905257
"TLR7",6.67680104727257e-09,-1.34535819185751,0.247,0.712,0.000202821185412999
"CBX6",6.98703210212976e-09,-1.34081867713393,0.187,0.606,0.000212245074166396
"ZFP36",7.54812258650956e-09,-1.04574982850283,0.801,0.97,0.000229289319810401
"FABP5",7.86981221165359e-09,-2.47504459692101,0.072,0.379,0.000239061285553401
"NDUFA1",7.94217275906222e-09,-1.05380544459866,0.494,0.939,0.000241259381902033
"GPX7",8.13638990509074e-09,-1.75094680406952,0.108,0.455,0.000247159116146941
"KLF2",8.2379125070176e-09,3.00603268860329,0.566,0.167,0.000250243068225674
"AK2",8.58553252227163e-09,-1.24025197276291,0.199,0.652,0.000260802721429045
"COX7A2L",8.94056678980636e-09,-1.25737107021655,0.319,0.773,0.000271587597373948
"LAP3",9.06718996679167e-09,-1.69800240037716,0.199,0.591,0.000275434029621231
"TUBB6",9.21847546310476e-09,-1.48453657487985,0.157,0.545,0.000280029629142733
"MEF2D",9.25158634763441e-09,-1.24417434359948,0.241,0.697,0.00028103543848209
"SLC1A5",9.79210452497597e-09,-1.7357296223827,0.187,0.561,0.000297454759155195
"XPNPEP1",1.0324864235269e-08,-1.13843434421963,0.187,0.636,0.000313638400874766
"LINC00926",1.04299418670486e-08,3.48726120786779,0.434,0.03,0.000316830344095337
"AP1S2",1.09232873846422e-08,-1.09154827395843,0.38,0.818,0.000331816700883276
"ATP1B3",1.1293987328239e-08,-1.68971873404249,0.187,0.576,0.000343077453069916
"GAPT",1.14051196194686e-08,-1.16197792551984,0.53,0.864,0.000346453318680599
"MTURN",1.20592159980797e-08,-2.46781250597037,0.048,0.333,0.000366322804373667
"LGMN",1.26913187120257e-08,-1.78314108091028,0.145,0.515,0.000385524188515204
"CCDC102B",1.2735290481937e-08,-2.32373826801374,0.072,0.379,0.000386859918969801
"TRG-AS1",1.27644110377687e-08,-1.75419190867504,0.127,0.485,0.0003877445140943
"H3C10",1.27644564279346e-08,-5.08718588262522,0.012,0.227,0.00038774589291137
"CYBB",1.32638107428504e-08,-1.03471287382445,0.59,0.879,0.000402914778935565
"RRBP1",1.3749253915714e-08,-1.35760154574279,0.163,0.561,0.000417661086197643
"TAPBPL",1.3790356828825e-08,-2.54699905625012,0.072,0.379,0.000418909669389216
"RGS7",1.38419190404962e-08,-1.73609088536702,0.096,0.424,0.000420475974693152
"ESD",1.40169383595885e-08,-1.36546596646989,0.187,0.591,0.000425792536549219
"GPM6B",1.40671115902618e-08,-2.317590412956,0.072,0.379,0.000427316648777383
"ATP6V0E1",1.44464097855087e-08,-0.926062624674415,0.608,0.909,0.000438838590054398
"SELL",1.45596946581429e-08,-0.755623235814543,0.813,0.955,0.000442279844630408
"PPIA",1.52186957652452e-08,-0.658434819403047,0.88,0.97,0.000462298321260853
"AZIN2",1.58072649722022e-08,-2.13320602477188,0.06,0.348,0.000480177288060586
"RAP2A",1.58521291605153e-08,-1.39480064229623,0.145,0.53,0.000481540127508974
"NADK",1.62811922335748e-08,-1.15422637639945,0.319,0.773,0.000494573776479303
"SH2B3",1.63625360227914e-08,-0.945804191400584,0.265,0.712,0.000497044756764335
"VPREB3",1.74981431686684e-08,7.39131390956207,0.367,0,0.000531541095034641
"ZNF706",1.80073379280263e-08,-1.08172630387615,0.373,0.833,0.000547008904239654
"CLCN5",1.82864345534122e-08,-1.62151395071058,0.102,0.439,0.000555487022429003
"IQGAP2",1.83446926462687e-08,-1.1404282092608,0.223,0.682,0.000557256728515705
"LEPROTL1",1.90608279716545e-08,-1.66284481251723,0.12,0.47,0.00057901077129495
"ADAM28",1.99003434887011e-08,3.25638753698915,0.494,0.106,0.000604512734156275
"ATP6V0B",2.00822651549391e-08,-1.08808327834276,0.247,0.682,0.000610038968611584
"IGHD",2.02154465562479e-08,3.87803983649479,0.446,0.061,0.000614084620039144
"FHL1",2.05202490871458e-08,-2.31754101000596,0.066,0.364,0.000623343606520229
"PTCRA",2.07127971320001e-08,-2.92251678863042,0.048,0.318,0.000629192638478768
"LAMTOR1",2.15093286194295e-08,-1.1322810656347,0.163,0.561,0.00065338887547241
"ATP5PD",2.26330951494885e-08,-1.21529798031739,0.259,0.697,0.000687525531356012
"RAC1",2.47994855826819e-08,-1.12138374437967,0.434,0.818,0.000753333973545127
"GLIPR1",2.50731874381259e-08,-0.98624655928621,0.464,0.909,0.00076164821480795
"CD300A",2.61034512161559e-08,-2.66906284614258,0.072,0.364,0.000792944537593167
"SLC41A2",2.6255126716949e-08,-2.36066111542466,0.078,0.379,0.000797551984280761
"ARHGAP31",2.6526282487618e-08,-1.23161188758081,0.139,0.515,0.000805788883126373
"PFN1",2.69139583764709e-08,-0.774752806181528,0.867,0.955,0.000817565313602056
"LINC02132",2.86761212142015e-08,-2.09915694802339,0.048,0.318,0.0008710945341238
"CYB561A3",2.95385368604392e-08,-1.03585629594985,0.349,0.864,0.000897292134209563
"OST4",2.97656534340801e-08,-0.926588825387676,0.56,0.879,0.00090419125436705
"ENSG00000248991",3.09759217108677e-08,-1.94610256893841,0.127,0.47,0.000940955573811028
"THBD",3.15344325118144e-08,-1.3944483493089,0.096,0.424,0.000957921456411386
"S100A10",3.19826775942772e-08,-1.51377178994303,0.151,0.515,0.000971537797281357
"SMIM5",3.24233177670091e-08,-1.79810458028326,0.102,0.439,0.000984923123808435
"SCT",3.45441688891187e-08,-2.06644748014515,0.096,0.409,0.00104934821834476
"DCTN6",3.78556305762795e-08,-2.14731782293903,0.036,0.288,0.00114994049001564
"MIR4432HG",3.86439481750351e-08,-1.51168458838804,0.145,0.5,0.00117388721371304
"SWAP70",3.87878833144303e-08,2.98530550816726,0.494,0.121,0.00117825953144245
"NOP10",3.8934601043556e-08,-1.34461066087405,0.259,0.682,0.0011827163759001
"TBC1D4",4.05090691151333e-08,-1.29324959589101,0.133,0.5,0.00123054399251041
"POU2F2",4.13651777558701e-08,2.09754688032918,0.639,0.288,0.00125655000469007
"NSL1",4.34293630419266e-08,-1.15238822242746,0.145,0.515,0.0013192537611246
"TRAF4",4.75419497467703e-08,-1.27757268226132,0.211,0.621,0.00144418180745764
"SLC25A5",4.97252548301047e-08,-1.21723545439378,0.307,0.727,0.00151050406597409
"POU2AF1",5.01389791781848e-08,5.43949812980391,0.367,0.015,0.00152307177049572
"H2BC11",5.08801213203756e-08,-2.56502664365945,0.036,0.288,0.00154558544534905
"DDA1",5.17666889416486e-08,-2.32636772324042,0.042,0.303,0.00157251670998046
"SPIB",5.35845119929133e-08,-1.04001021273878,0.434,0.833,0.00162773672080873
"C1orf109",5.37661940055925e-08,-1.93336451200526,0.06,0.348,0.00163325567530788
"HSPA5",5.47220762474436e-08,-1.20158667851986,0.331,0.788,0.00166229251016859
"ALOX5",5.79058361649325e-08,4.25251728290349,0.416,0.061,0.00175900558518216
"SCARA5",6.06040146137008e-08,-5.09950427209192,0.012,0.212,0.00184096815192039
"ENSG00000271857",6.18611101851717e-08,-1.88367388479824,0.078,0.379,0.00187915494409496
"RPLP2",6.31616469887524e-08,0.779472206458946,0.958,0.985,0.00191866135057733
"ELOC",6.32174477028998e-08,-1.22952555359132,0.163,0.561,0.00192035640887099
"CCDC47",6.59951006249598e-08,-1.39534293211982,0.102,0.424,0.0020047331716844
"SELPLG",6.6076048693886e-08,-1.83778672902983,0.096,0.409,0.00200719213117418
"RECQL5",6.66859450875138e-08,-1.87840847966131,0.078,0.379,0.00202571895392341
"ICAM1",6.77121781075642e-08,-2.30746843691025,0.072,0.364,0.00205689283437348
"H1-0",6.93553886171953e-08,-2.66402483446714,0.066,0.348,0.00210680864002454
"ATP13A2",7.27283207275625e-08,-1.75821707049761,0.114,0.439,0.00220926819874117
"ENSG00000290032",7.41935308877001e-08,-0.848752225573543,0.283,0.727,0.00225377688777566
"ST6GALNAC4",7.47527128016347e-08,-1.61897259383364,0.145,0.515,0.00227076315677526
"INTS12",7.49245829017218e-08,-1.53659408778094,0.042,0.303,0.0022759840548056
"SNRPG",7.72999392067722e-08,-1.01899484704774,0.367,0.848,0.00234814025328412
"MANF",8.03816040301952e-08,-1.69772600488614,0.163,0.515,0.00244175198562524
"CAT",8.44547544658395e-08,-1.10071422402939,0.331,0.788,0.00256548207640881
"PMEPA1",8.47197567250605e-08,-0.91013200098648,0.223,0.636,0.00257353205003716
"RPL12",8.47305729167869e-08,0.777451725581669,0.952,0.939,0.00257386061349323
"CYB5B",9.4089980250142e-08,-1.0132968598372,0.253,0.697,0.00285817133005856
"SPINT2",1.07848743773979e-07,-1.14531303351937,0.313,0.758,0.00327612128962217
"FAM32A",1.13385078141289e-07,-1.36847328359586,0.133,0.485,0.00344429851869793
"GPATCH11",1.16147814755825e-07,-1.03916810470903,0.265,0.682,0.0035282221688377
"DUSP3",1.16356945986504e-07,-2.07197707831478,0.054,0.318,0.00353457494823203
"PGD",1.17866792048815e-07,-1.45375981008921,0.157,0.515,0.00358043954206685
"ATF5",1.21844770813459e-07,-2.35999015891403,0.072,0.348,0.00370127860300044
"NIP7",1.28114608035959e-07,-2.83924261699197,0.036,0.273,0.00389173744830832
"PPIB",1.28485848655914e-07,-1.17392348323661,0.253,0.667,0.0039030146246207
"RPL10",1.29300267985131e-07,0.940918800012742,0.861,0.864,0.00392775424058431
"NARS1",1.29419820067154e-07,-1.08122272386282,0.181,0.561,0.00393138587417995
"RPL21",1.31063710432444e-07,0.573425623217917,0.97,0.955,0.00398132233180635
"TARBP1",1.36495089273852e-07,-1.31563635825556,0.229,0.606,0.0041463113268718
"GLUL",1.36555376264672e-07,-1.67506791083003,0.072,0.364,0.00414814266479195
"PCCB",1.41565213746228e-07,-2.2593711953332,0.048,0.303,0.00430032649796917
"PRKCD",1.45437129881484e-07,-1.16780717487174,0.265,0.667,0.00441794369440983
"ATP5MF",1.50910418726428e-07,-1.0586247989924,0.277,0.697,0.00458420578965272
"LINC01374",1.52359578618886e-07,-1.812636608852,0.139,0.47,0.00462822691970589
"SERPINF2",1.53171738324553e-07,-2.52892725964439,0.036,0.273,0.00465289789508495
"TUBA1B",1.58613320495747e-07,-1.20754329176184,0.386,0.773,0.00481819683669931
"RPN2",1.62012090765523e-07,-0.97929422555559,0.428,0.818,0.0049214412811843
"BTG2",1.72123567449639e-07,-1.1706794458307,0.699,0.879,0.00522859760841769
"PDIA3",1.77686675047275e-07,-0.916868649270144,0.398,0.879,0.00539758812791106
"SLC7A5",1.80303015662365e-07,-1.17635955372883,0.145,0.5,0.00547706470677568
"SNRPN",1.80575679398327e-07,-1.10921873054093,0.235,0.652,0.00548534741308299
"BCL7B",1.80625149731231e-07,-1.3735983029559,0.151,0.5,0.0054868501733856
"ADCY7",1.83129620591509e-07,-1.24026462591159,0.199,0.591,0.00556292848470828
"ARHGAP27P1-BPTFP1-KPNA2P3",1.83354917118901e-07,-1.77956689778793,0.127,0.439,0.00556977231732087
"GLT8D1",1.85656653976201e-07,-2.26171772241688,0.084,0.364,0.00563969217783504
"RTN4",1.89350288281404e-07,-1.12780015627995,0.325,0.742,0.00575189370712422
"LRRC25",1.92585867024524e-07,-2.42427028563905,0.066,0.333,0.00585018088260397
"PI4KA",1.94577862432437e-07,-1.04593638687718,0.169,0.515,0.00591069172711013
"RBMS1",2.08749463279312e-07,-1.61683955342896,0.181,0.53,0.00634118244603565
"DAPK2",2.10912719384845e-07,-1.7287321397215,0.114,0.424,0.00640689567675345
"RAP2B",2.16182862937241e-07,-1.01024202429677,0.139,0.5,0.00656698682744456
"NDUFB1",2.27810154249619e-07,-1.52145698571982,0.169,0.53,0.00692018905564067
"PRDX3",2.34542050627018e-07,-1.17184643869891,0.259,0.652,0.00712468387189692
"SFT2D1",2.44931914054908e-07,-0.925774715705399,0.367,0.803,0.00744029675324594
"CAPG",2.51357040640607e-07,-1.2884706942419,0.277,0.682,0.00763547282353973
"TBC1D8",2.57601826592192e-07,-1.85557456227876,0.078,0.364,0.00782517068639103
"RABEPK",2.60478861134089e-07,-2.74383307260896,0.012,0.197,0.00791256636467023
"RAP1GAP2",2.61031433759338e-07,-1.46238008611407,0.133,0.47,0.00792935186330741
"STT3A",2.65847989403281e-07,-1.75609325823247,0.096,0.394,0.00807566437410348
"DST",2.71682665661808e-07,-2.0403936599561,0.066,0.333,0.00825290433480875
"ZDHHC4",2.80243584175119e-07,-1.73931166691308,0.12,0.439,0.00851295935648759
"ARF1",2.86940142133142e-07,-0.856972283665391,0.524,0.909,0.00871638069757846
"RTRAF",2.94018114169194e-07,-1.29955317700237,0.211,0.591,0.00893138825411762
"DNAJB9",2.98289873068613e-07,-1.24637808925676,0.181,0.545,0.00906115147420527
"RASSF2",2.99945538657379e-07,-0.948226229585057,0.361,0.788,0.00911144562779521
"ATP5MC3",3.03155703946174e-07,-1.13626880653332,0.373,0.773,0.00920896081877292
"LRP8",3.11071244235921e-07,-1.55579138926253,0.072,0.348,0.00944941118615458
"UQCR10",3.15223478951123e-07,-1.26143225851888,0.223,0.606,0.00957554362009827
"CD19",3.15995498464178e-07,3.40789010756836,0.349,0.015,0.00959899525684634
"MACROH2A1",3.19032174361735e-07,-0.923340630356801,0.331,0.788,0.00969124036058641
"MIR181A2HG",3.20360000186892e-07,-5.47444188134033,0,0.152,0.00973157572567721
"AJAP1",3.36478060750116e-07,-2.71500341910797,0.042,0.273,0.0102211940514063
"PECAM1",3.40875596970874e-07,-1.16525980061563,0.199,0.591,0.0103547780091842
"RASSF8",3.4160747290632e-07,-2.95365444182026,0.018,0.212,0.0103770102044753
"HLA-A",3.44471430904508e-07,0.582489897735498,0.97,0.985,0.0104640086565862
"POLK",3.511524502768e-07,-1.33921282978879,0.102,0.409,0.0106669579820583
"HDAC2",3.56615788909101e-07,-1.34181808379274,0.205,0.591,0.0108329178196918
"CYSTM1",3.59012559058188e-07,-1.95119389786982,0.09,0.379,0.0109057245065106
"BEX4",3.61770150578863e-07,-1.493762226807,0.096,0.394,0.0109894918641341
"SCAMP5",3.63078966799268e-07,-1.35159480297961,0.175,0.53,0.0110292497744614
"MRPL18",3.76480617946733e-07,-1.1536454020642,0.175,0.545,0.0114363517313679
"BACH2",3.89481803680946e-07,2.51368832038316,0.458,0.106,0.0118312887504161
"CREB3L2",3.89507969649831e-07,-1.4993083334818,0.133,0.455,0.0118320835940529
"TTYH2",3.98374158602763e-07,-1.60470697985172,0.09,0.379,0.0121014118158761
"ENSG00000262202",4.06016136615228e-07,-1.4044225451508,0.235,0.621,0.0123335521819608
"CITED2",4.23111849812768e-07,-2.02025052273193,0.145,0.47,0.0128528686617625
"CAMTA1",4.25470476890256e-07,-1.3986152519151,0.12,0.455,0.0129245166764953
"RPN1",4.28456008084258e-07,-1.11362305310514,0.235,0.652,0.0130152081575755
"PPP1R15A",4.34227069219903e-07,-1.38488090112693,0.47,0.803,0.013190515681693
"ZNRF2",4.35165214684792e-07,-0.884297223256971,0.307,0.712,0.0132190137264799
"SFT2D2",4.39075788395388e-07,-0.903688971173233,0.331,0.773,0.0133378052240867
"RPL36",4.51663320996149e-07,0.852278440702178,0.916,0.909,0.0137201767019
"IQCE",4.62249845224927e-07,-2.57916171090692,0.042,0.273,0.0140417635483976
"DPAGT1",4.68996027566338e-07,-1.60546975010684,0.066,0.333,0.0142466923293827
"TMCO1",4.76137394444232e-07,-1.0569648568137,0.271,0.682,0.0144636256310324
"RPL32",4.76549472886319e-07,0.558038425830653,0.976,0.985,0.0144761433378677
"MREG",4.86534045711672e-07,-2.12277500401641,0.072,0.333,0.0147794447065835
"ERGIC2",4.94306677691589e-07,-1.11107721682494,0.247,0.636,0.0150155539482374
"ARPC5",5.07048893693328e-07,-0.879167563269357,0.482,0.818,0.0154026242437222
"SCARB2",5.07931810560745e-07,-1.29377941947506,0.193,0.561,0.0154294446094038
"MT-CO3",5.10062391531025e-07,0.518875242256242,1,1,0.015494165267538
"ENSG00000275210",5.32936046350509e-07,-1.8425269353282,0.096,0.379,0.0161889982799894
"TIFAB",5.35421601780973e-07,-2.84924820763453,0.024,0.227,0.0162645019973006
"FKBP1A",5.43838836833871e-07,-1.05095912101907,0.295,0.712,0.0165201923465025
"LILRB1",5.44147307422289e-07,-0.913898132812887,0.428,0.818,0.0165295627575669
"SSR4",5.5611245648021e-07,-1.04429610430529,0.265,0.682,0.0168930280904993
"COX17",5.78268588306342e-07,-1.01203049534914,0.175,0.545,0.0175660649069818
"CNP",5.80806177942804e-07,-1.17037888191291,0.205,0.576,0.0176431492673686
"CCSAP",5.90577305018529e-07,-2.08653460861825,0.036,0.258,0.0179399667945478
"RTN3",6.07097361976357e-07,-1.05969331711829,0.229,0.606,0.0184417965647558
"CTSV",6.08642504375516e-07,-4.52819398922098,0.006,0.167,0.0184887333554151
"GLT1D1",6.16599436789126e-07,-1.87939762310249,0.078,0.348,0.0187304410913433
"DBI",6.31278212885814e-07,-1.13331958401654,0.265,0.652,0.0191763382728324
"ARL6IP1",6.4478651471668e-07,-1.08861508278761,0.319,0.712,0.0195866799575486
"PFKP",6.51828428763248e-07,-1.3040605932157,0.078,0.364,0.0198005921805412
"PSMB5",6.51961790918836e-07,-2.01188538964136,0.072,0.333,0.0198046433227415
"RNF149",7.03712466709475e-07,-0.830428853912365,0.355,0.758,0.0213766736012337
"OAS1",7.08106544939126e-07,-1.17775042007214,0.283,0.652,0.0215101525156158
"SLC3A2",7.27732181731177e-07,-1.28719346051132,0.193,0.545,0.022106320484448
"ERP44",7.43066865710462e-07,-1.16697354792756,0.241,0.606,0.0225721421796867
"LPXN",7.71676469124956e-07,-0.858186764741048,0.446,0.864,0.0234412161026088
"PTBP3",7.91511753010299e-07,-0.886268850299904,0.398,0.848,0.0240437525211939
"CLIC3",7.94169701975256e-07,-1.84905025960444,0.108,0.394,0.0241244930369024
"RBM47",8.07004694312504e-07,-0.838684294226286,0.199,0.561,0.0245143815991309
"GNB1",8.23282632746111e-07,-0.838149416635096,0.602,0.909,0.0250088565349286
"HCST",8.43860173408717e-07,-1.03260124713904,0.175,0.53,0.0256339404876366
"SPCS3",8.61475441023589e-07,-0.982274952912064,0.355,0.788,0.0261690394719736
"TATDN3",8.67794874074109e-07,-1.42531894340851,0.211,0.561,0.0263610048897492
"ARV1",8.88580969973332e-07,-1.5318105666881,0.036,0.258,0.0269924241248799
"LINC02977",8.8960766228277e-07,-1.76857101838785,0.108,0.394,0.0270236119571637
"BORCS7",9.19240540081863e-07,-1.6167150478187,0.072,0.333,0.0279237698860668
"UBE2L3",9.21590704210787e-07,-0.985155257277812,0.313,0.727,0.0279951608218111
"BAG1",9.33807789293952e-07,-1.61281131140756,0.108,0.394,0.0283662792153824
"PSMA1",9.62705079713737e-07,-1.18262502364412,0.108,0.409,0.0292440922064642
"ATP5F1C",9.6742977674939e-07,-0.938424756700876,0.259,0.652,0.0293876143283162
"AP3S1",9.71408997653271e-07,-0.750487241617818,0.301,0.697,0.0295084911217134
"MLEC",9.81003609750763e-07,-1.26460340147361,0.229,0.591,0.0297999466533989
"NUDT5",9.92514900650029e-07,-1.14580292921111,0.151,0.47,0.0301496251370459
"RAN",1.01467268409188e-06,-0.89340290853175,0.494,0.864,0.0308227121246592
"ACTR10",1.0329282962858e-06,-1.16800875000374,0.09,0.379,0.0313772628562738
"H3-3B",1.04354736865972e-06,-0.999213707748601,0.789,0.924,0.0316998384177764
"LSM5",1.0493481772643e-06,-1.22329688492149,0.217,0.576,0.0318760495807575
"MAP2K1",1.07495604123642e-06,-1.05720555809405,0.265,0.621,0.0326539396646387
"SOGA1",1.07662493498137e-06,-1.56797582570118,0.096,0.379,0.0327046356499291
"SRA1",1.08006320735397e-06,-1.47278166441058,0.072,0.333,0.0328090800497914
"CIR1",1.082945443834e-06,-1.09627565089275,0.187,0.545,0.0328966337473455
"ECPAS",1.0877764500767e-06,-1.32332942809137,0.145,0.47,0.0330433852239799
"TFEC",1.08901930620231e-06,-1.29594843329808,0.241,0.621,0.0330811394645077
"RAB2B",1.09244077785133e-06,-1.29661392288929,0.151,0.485,0.0331850735087898
"PI4K2B",1.09720830649878e-06,-1.1236438485083,0.084,0.364,0.0333298967265134
"NBDY",1.09992749128421e-06,-1.0831458144449,0.163,0.5,0.0334124974027404
"NUP42",1.11572344472237e-06,-1.08522499441963,0.163,0.5,0.0338923310803314
"SCYL3",1.11813136853538e-06,-1.20714308363631,0.06,0.303,0.0339654765819992
"COPE",1.15408974655627e-06,-1.65168369278799,0.133,0.439,0.0350577842311397
"RABGAP1L",1.16559071356405e-06,-1.05882012667367,0.512,0.848,0.0354071491059351
"CRYM",1.21701183142156e-06,-2.88254402030397,0.042,0.258,0.0369691684030926
"DERL3",1.23407904882629e-06,-0.72929422975435,0.331,0.773,0.0374876192661963
"H2AC6",1.26304167218841e-06,-0.65010811433977,0.259,0.667,0.0383674168760673
"ADAM9",1.27468237627159e-06,-2.31502496749164,0.048,0.273,0.0387210265440021
"LINC02724",1.31237865109483e-06,-4.79736917839352,0,0.136,0.0398661262843075
"CBR1",1.36202339199784e-06,-2.19234240949736,0.012,0.182,0.0413741845787185
"SLC9A6",1.38031796693932e-06,-2.10773697898499,0.048,0.273,0.0419299188817157
"NPM1",1.39381270056472e-06,-0.627316019536074,0.807,0.955,0.0423398484050545
"CTBP2",1.40309447943244e-06,-2.05182834818521,0.09,0.348,0.0426218010017193
"MYCL",1.42697075309197e-06,-2.10898285350799,0.09,0.348,0.0433470905666748
"TMCC3",1.45486576849643e-06,-1.08706373434257,0.078,0.348,0.0441944574496161
"PGK1",1.47630255113495e-06,-0.869963620351677,0.355,0.742,0.0448456425958263
"GNS",1.47826301278105e-06,-1.48422939135086,0.139,0.439,0.04490519553925
"APCDD1",1.48201240818237e-06,-2.65158585713448,0.036,0.242,0.0450190909233559
"RBIS",1.52933671291968e-06,-1.07201085857936,0.241,0.591,0.046456661328361
"IFNLR1",1.53233342531633e-06,-1.78498737730693,0.133,0.424,0.046547692460834
"INPP4A",1.53301342597591e-06,-1.31739968461177,0.199,0.53,0.0465683488408702
"B2M",1.59323223336232e-06,-0.441477579374123,0.994,1,0.0483976155528471
"ATP6AP2",1.60299191326377e-06,-0.959873346668564,0.193,0.561,0.0486940853492135
"NCOA4",1.65238710670242e-06,-0.984688940352221,0.259,0.667,0.0501945631402994
"LDHB",1.67228693411921e-06,-1.48028095222735,0.169,0.5,0.0507990601977393
"CGAS",1.67534772574919e-06,-1.31537782507772,0.157,0.485,0.0508920378650832
"KCNK10",1.69266660158926e-06,-2.50884730985442,0.06,0.288,0.0514181333564769
"EVI2A",1.71184982859228e-06,-1.124159054034,0.181,0.53,0.0520008622431477
"ZBTB8OS",1.74019303703246e-06,-1.54739735040675,0.09,0.364,0.0528618438859349
"ADGRG5",1.80778111457899e-06,-0.718738172168303,0.193,0.561,0.0549149669175659
"NDUFS6",1.81092956780964e-06,-1.20226492616576,0.108,0.409,0.0550106074813533
"MKKS",1.82489437416519e-06,-1.53651435068567,0.078,0.333,0.055434816404016
"RAB5A",1.83667251947558e-06,-1.34730664145852,0.133,0.439,0.0557926011241097
"ARID5B",1.87652819420587e-06,3.03157343151559,0.428,0.121,0.0570032969553917
"TMED2",1.90764005595139e-06,-1.3476426112187,0.223,0.545,0.0579483819796354
"NDUFB6",1.91406167001924e-06,-1.46037597299246,0.157,0.47,0.0581434513501744
"PSMA3",1.92604736039199e-06,-0.999846239967028,0.253,0.636,0.0585075406666275
"B4GALT1",1.93482291103825e-06,-0.698209002602745,0.337,0.773,0.0587741155686088
"SP100",1.95045957623465e-06,1.34509180227376,0.801,0.773,0.0592491105472799
"PLXNA4",1.99359197813239e-06,-1.79371062455346,0.084,0.348,0.0605593435197276
"TSEN54",2.01775381933166e-06,-1.67841857910369,0.054,0.288,0.0612933077698377
"GRSF1",2.02326448144601e-06,-0.963910912958968,0.217,0.576,0.0614607051528856
"SERINC3",2.02897991837566e-06,-0.736160422273524,0.253,0.667,0.0616343229804974
"BCL11A",2.0334587407888e-06,-0.649727545104682,0.699,0.939,0.0617703761689415
"ENSG00000291228",2.1128240954663e-06,-1.10980366228642,0.169,0.515,0.0641812575479799
"LAIR1",2.12540109126388e-06,-1.096124967075,0.313,0.682,0.064563308949323
"RNASET2",2.16001290296935e-06,-0.77793146877548,0.608,0.924,0.0656147119534999
"DACH1",2.21429281213871e-06,-0.551876550725922,0.048,0.273,0.0672635727543376
"NAGK",2.26315713384061e-06,-0.9770566964861,0.271,0.667,0.0687479242546762
"MAPRE1",2.29260171357627e-06,-1.06274884933217,0.253,0.636,0.0696423622533064
"CCDC146",2.31170842780403e-06,-1.46645569183571,0.036,0.242,0.0702227669114029
"CD79B",2.31396223920211e-06,2.74341867407719,0.361,0.045,0.0702912309402425
"NDUFS3",2.34110800343334e-06,-1.55589635658874,0.102,0.379,0.0711158378202946
"ATG101",2.34393013979466e-06,-1.41921216732302,0.108,0.394,0.0712015658565424
"CCR5",2.35198896430302e-06,-1.82864148636933,0.066,0.303,0.071446368768633
"CAPN15",2.36135645054447e-06,-1.42126975650322,0.133,0.439,0.0717309248981894
"GALNT2",2.37226713403286e-06,-0.97304102205337,0.199,0.545,0.0720623587305163
"RELL1",2.39721845520971e-06,-2.35657748976503,0.03,0.227,0.0728203050139053
"BHLHE40",2.42166022343524e-06,-1.31108277250563,0.187,0.53,0.0735627726072922
"SFMBT2",2.53292495443005e-06,-1.08038898482174,0.169,0.5,0.0769426613407217
"POGLUT3",2.57341161880147e-06,-1.71150208391003,0.066,0.303,0.0781725247443321
"YIPF5",2.58311784361137e-06,-1.07023665666712,0.133,0.424,0.0784673707353827
"MGAT1",2.6405236669448e-06,-1.01792241296553,0.235,0.606,0.0802111874307821
"APBB1IP",2.68834393632725e-06,-0.811052905088451,0.458,0.879,0.0816638237538128
"ANAPC4",2.68997664006941e-06,-1.45484839508375,0.072,0.333,0.0817134203953884
"HRH2",2.76039619010619e-06,-1.9906309208371,0.078,0.318,0.0838525550668557
"C1GALT1C1",2.7648218373063e-06,-1.67858646550484,0.066,0.303,0.0839869929518536
"OFD1",2.77831784293643e-06,-0.917500465030973,0.53,0.924,0.0843969611148801
"NCOA7",2.77996318567114e-06,-1.07069443185156,0.157,0.485,0.0844469416911323
"NFKBIZ",2.78381542023561e-06,-1.09667624413889,0.229,0.561,0.0845639610204971
"CHST12",2.89832360434037e-06,-1.49679358420273,0.078,0.333,0.0880423761290473
"COPS7A",3.02629939362161e-06,-1.25999245334182,0.084,0.348,0.0919298966800438
"PAXX",3.05191152268601e-06,-1.1787885722817,0.193,0.53,0.092707916324633
"PRDX5",3.06882562981911e-06,-1.00945028402194,0.151,0.485,0.0932217161570151
"KPNA2",3.09897410445666e-06,-1.7859622496368,0.042,0.258,0.09413753637108
"NXF1",3.11603017898775e-06,-1.24492766215429,0.169,0.485,0.0946556487471109
"ATP5PB",3.17973092045609e-06,-0.890298245783229,0.307,0.697,0.0965906861706947
"HSDL2",3.26060127175432e-06,-1.14808058019223,0.102,0.379,0.099047284832081
"TRBC2",3.31289279475702e-06,2.67821315017641,0.386,0.076,0.100635744426334
"ENSG00000248240",3.36142606670561e-06,-2.12164923425256,0.06,0.288,0.102110039628316
"MRPS6",3.37837838253644e-06,-1.03009445676179,0.175,0.515,0.10262500012631
"DNAJA1",3.46140122719683e-06,-0.874038877659921,0.434,0.803,0.105146985078558
"SNRPF",3.49222951388416e-06,-1.32956718735136,0.151,0.455,0.106083455943259
"CERK",3.54026500697681e-06,-1.13442935696516,0.12,0.409,0.107542630116935
"PLEKHB2",3.63771599461062e-06,-0.997937338323492,0.102,0.379,0.110502898768287
"CALM2",3.63862939564815e-06,-0.819416155577289,0.512,0.848,0.110530645151604
"REPIN1",3.74998607888592e-06,-0.932764256809589,0.277,0.621,0.113913327118318
"HIVEP3",3.78238322143161e-06,-1.26127979222595,0.108,0.394,0.114897455117428
"GPR183",3.89838430558554e-06,-0.954269666232257,0.301,0.682,0.118421220050772
"YPEL5",3.90360755440233e-06,-1.00860345311352,0.386,0.773,0.11857988668008
"CHCHD1",3.93231880616657e-06,-1.079435971824,0.102,0.379,0.119452048374922
"ARHGAP17",3.9696012020123e-06,-0.749750374443961,0.386,0.773,0.120584575713528
"TMX1",4.02594705994955e-06,-0.918711666588725,0.229,0.606,0.122296193840087
"GNA15",4.03413472186973e-06,-2.45296095455501,0.042,0.242,0.122544910446237
"LAPTM5",4.07219248071654e-06,1.27627986010789,0.717,0.636,0.123700990986726
"HNRNPA1L3",4.07478048108027e-06,-1.51341804869284,0.151,0.455,0.123779606673775
"SMIM3",4.16146589641183e-06,-1.70299671897655,0.102,0.364,0.126412849535302
"EBF1",4.16187512801586e-06,3.76536516013186,0.349,0.061,0.126425280763738
"PMP22",4.17764697621782e-06,-2.79916550519052,0.036,0.227,0.126904382196569
"PSMB2",4.2674451872667e-06,-0.793658980602394,0.361,0.773,0.129632182453601
"ABCE1",4.40318566141045e-06,-1.16485210479752,0.205,0.53,0.133755570836665
"RPS6KA4",4.40601136051235e-06,-1.45591902970667,0.114,0.394,0.133841407098284
"TBC1D32",4.41444615221542e-06,-0.190672684638187,0.078,0.333,0.134097630765848
"NAMPT",4.51804018844329e-06,-1.23832187168117,0.199,0.515,0.137244506804342
"COX6C",4.53665417671001e-06,-0.775566076609743,0.482,0.848,0.13780994392592
"CLTC",4.59255109629524e-06,-0.749798984332298,0.283,0.682,0.139507924652161
"INTS6",4.61785364445677e-06,-0.78193249778669,0.235,0.606,0.140276540157663
"FAM13A",4.63279556948631e-06,-1.87205664405868,0.054,0.273,0.140730431014286
"STARD13",4.6425204308055e-06,-3.47514088279279,0.018,0.182,0.141025843126579
"GUCY1A1",4.69014375679926e-06,-1.49731010652486,0.084,0.333,0.142472496900291
"CPNE3",4.71525516306507e-06,-1.07648131452744,0.235,0.576,0.143235306088428
"LCP2",4.84079959750348e-06,-1.15548852152446,0.078,0.318,0.147048969373363
"NDUFB3",5.00539411035365e-06,-1.33399177023117,0.151,0.439,0.152048856890213
"ZFYVE26",5.01206826993783e-06,-1.27268671095925,0.157,0.47,0.152251597835902
"CYYR1",5.08387042139872e-06,-2.17564120003358,0.054,0.273,0.154432731790829
"MGAT4A",5.09093245397404e-06,-1.12789623662146,0.151,0.455,0.154647255154369
"CAMK1D",5.15618189590897e-06,2.46309680531042,0.428,0.121,0.156629337452027
"TMEM109",5.15636531093379e-06,-1.08394280795483,0.211,0.545,0.156634909050236
"TMEM184B",5.16191227975616e-06,-1.14907539455337,0.151,0.455,0.156803409322153
"QKI",5.38004806194602e-06,-0.980207110679798,0.343,0.727,0.163429719977734
"N4BP2",5.41303979607221e-06,-1.33700401432735,0.145,0.439,0.164431909885286
"ENSG00000291230",5.41723647338028e-06,-0.956539408216167,0.398,0.742,0.164559392351873
"PAPLN-AS1",5.44078173188836e-06,-2.86818741418273,0.024,0.197,0.165274626669573
"CENPE",5.47498409246976e-06,-2.64817338950813,0.036,0.227,0.166313591776954
"SCP2",5.47800858375323e-06,-0.901801779863723,0.259,0.621,0.166405466748672
"TASL",5.48407457131598e-06,-1.12571106738216,0.193,0.53,0.166589733252866
"PSMB3",5.55398134783932e-06,-1.11273105050037,0.223,0.561,0.168713291403315
"NOTCH4",5.56615560727159e-06,-2.72468539019585,0.024,0.197,0.169083108882089
"SP140",5.62571672917634e-06,2.14778040757552,0.458,0.167,0.17089239708219
"UTP11",5.62945305621336e-06,-1.57815783652165,0.078,0.318,0.171005895488593
"ITPRID2",5.68380169876338e-06,-1.62751842346851,0.048,0.258,0.172656844203335
"H2BC8",5.75610779475483e-06,-2.01732215943423,0.096,0.348,0.174853286481268
"SACM1L",5.95892600950515e-06,-1.28313212655713,0.096,0.364,0.181014295390738
"LRRC36",6.07015263786151e-06,-2.12325450099249,0.036,0.227,0.184393026680319
"RPP25",6.10080093593434e-06,-1.95761682182884,0.072,0.303,0.185324030030878
"ZNF789",6.11536182473488e-06,-1.08221588000683,0.054,0.273,0.185766346149972
"FMNL3",6.13402064292215e-06,-0.889416672122433,0.331,0.697,0.186333145070046
"STAT2",6.27350315376096e-06,-0.787332145582454,0.422,0.848,0.190570205301797
"DSN1",6.28546625236476e-06,-1.15559429461377,0.169,0.485,0.190933608348084
"ZCCHC24",6.35555206956584e-06,-2.50296819773921,0.018,0.182,0.193062605217202
"TTC39C",6.49766486268908e-06,-1.02155814460055,0.211,0.561,0.197379565533906
"CIB2",6.56572936290228e-06,-1.34263791917307,0.114,0.379,0.199447160856883
"MNAT1",6.59037872004852e-06,-2.17929364909396,0.036,0.227,0.200195934378914
"IK",6.7810139858603e-06,-0.563014700581987,0.265,0.682,0.205986861848478
"CALU",6.92104118751429e-06,-0.931011538884674,0.127,0.409,0.210240468153122
"PSMD1",7.0529008077507e-06,-0.805876812635485,0.145,0.439,0.214245967837043
"MDN1",7.21154232450614e-06,-0.756640454051207,0.253,0.621,0.219065021191523
"COG3",7.28164716372601e-06,-1.37578268989207,0.084,0.333,0.221194595892505
"TMEM167A",7.307216448264e-06,-0.922857071086044,0.163,0.485,0.221971314048915
"TCEAL8",7.35732616817694e-06,-1.81732660299333,0.072,0.303,0.223493497010711
"H1-2",7.45047472618559e-06,-1.64334602448279,0.139,0.424,0.22632307075734
"ATP6V1B2",7.62802950376956e-06,-1.02080017253024,0.187,0.515,0.231716652236008
"SSB",7.67597386513296e-06,-0.727357932961762,0.38,0.773,0.233173058101144
"HSPE1",7.68528136333807e-06,-1.07578553762055,0.151,0.455,0.233455791974121
"COL26A1",7.69456248602296e-06,-2.29370844018495,0.018,0.182,0.233737724637919
"MT-ATP6",7.75701504060817e-06,0.413018513518497,1,1,0.235634845888554
"MAN1A1",7.79022512809858e-06,-0.758517605483467,0.151,0.439,0.23664366871625
"ZKSCAN4",7.8797814640266e-06,-2.27310525412495,0.018,0.182,0.239364121532736
"TMEM39A",7.98810338675482e-06,-0.978070389650161,0.078,0.333,0.242654616579451
"MDH1",8.01205615111321e-06,-1.03910284319033,0.295,0.636,0.243382229702366
"NOPCHAP1",8.05325050739687e-06,-1.12477560865383,0.12,0.409,0.244633590663195
"P4HB",8.07630565526081e-06,-0.958935757392805,0.199,0.53,0.245333936889858
"RTL8A",8.0841205727265e-06,-1.93509124869199,0.036,0.227,0.245571330637713
"MTMR1",8.19878309991732e-06,-1.02415693407829,0.265,0.606,0.249054434226188
"LGALS8",8.20901278794449e-06,-1.08501595240053,0.102,0.364,0.24936518145939
"RHOA",8.41908149194775e-06,-0.794947572148659,0.584,0.864,0.255746438480897
"TUBB",8.51953361037334e-06,-0.815006887002999,0.5,0.818,0.258797872482311
"TMEM33",8.5307811314577e-06,-1.11524807881694,0.12,0.409,0.259139538430291
"TIMM8B",8.54506068475319e-06,-2.18195553541238,0.024,0.197,0.259573308420748
"ADI1",8.56075723383744e-06,-1.00762391435196,0.175,0.485,0.26005012249228
"GRPEL1",8.68556651696045e-06,-1.64505730885813,0.066,0.288,0.263841454085708
"PLXNB2",8.69018691678643e-06,-1.36248841063367,0.084,0.333,0.263981807971221
"YWHAE",8.69585368869068e-06,-0.835879033774053,0.44,0.788,0.264153947501357
"GYG1",8.71136065750454e-06,-1.74891072827084,0.072,0.303,0.264625002693015
"ARL4C",8.95763246265285e-06,-0.808047251805537,0.355,0.758,0.272106001318006
"DPPA4",9.02382061662499e-06,-2.03547670623745,0.06,0.273,0.274116598871217
"WSB2",9.02382061662499e-06,-2.11622019647634,0.06,0.273,0.274116598871217
"REEP5",9.03781746295392e-06,-1.08905490023361,0.301,0.636,0.274541781072151
"PYCARD",9.05842144321027e-06,-1.35429484512503,0.139,0.424,0.275167668180398
"ATP5ME",9.08144275113131e-06,-0.742826177173087,0.452,0.833,0.275866986451116
"CCT8",9.11261560231688e-06,-0.691742010408468,0.289,0.697,0.27681392415158
"SLC7A6",9.45898025234e-06,-0.971529232001562,0.253,0.621,0.287335443125332
"TMEM254",9.47079699223481e-06,-0.959423262103049,0.054,0.273,0.287694400233117
"PSMD6",9.49595373834225e-06,-0.909095854248065,0.127,0.424,0.288458586709622
"SEC61A2",9.79755032739091e-06,-1.43149322017065,0.072,0.303,0.297620186295154
"NACA",9.8121748316005e-06,-0.63724017559134,0.837,0.955,0.298064434859528
"IL6ST",9.83448847021782e-06,-1.77711224347662,0.102,0.348,0.298742256259807
"SERPINB8",9.8385149204128e-06,-1.30200840916242,0.09,0.333,0.29886456773738
"GLDN",9.9675421174141e-06,-4.63486292563187,0.006,0.136,0.302784026900688
"SMIM12",1.00857190114391e-05,-1.21550538523901,0.096,0.348,0.306373886410485
"ADA",1.03961608915604e-05,-1.55430309789943,0.145,0.424,0.315804179402931
"CSNK1E",1.05690958780304e-05,-1.18840731861271,0.169,0.47,0.32105742548693
"ABCA6",1.06438814532774e-05,-2.5517044025589,0.048,0.242,0.323329186906206
"AHI1",1.06650540607124e-05,-0.707381654475558,0.265,0.606,0.323972347202261
"TM2D2",1.0725100087455e-05,-1.41844790238134,0.096,0.348,0.325796365356621
"SRP9",1.0741898093658e-05,-0.643730265647319,0.217,0.591,0.326306638391049
"SAR1B",1.08619970730121e-05,-0.98005986341981,0.084,0.333,0.329954885086888
"ADPRH",1.08908914609622e-05,-1.59453435710471,0.096,0.348,0.330832609909649
"LRRC69",1.1007014101856e-05,-0.970319170390151,0.042,0.242,0.33436006737208
"ENO1",1.10348822041606e-05,-0.754867404063689,0.343,0.742,0.335206616715785
"HLA-B",1.10867618368624e-05,-0.411264003054884,0.994,1,0.336782564318369
"TMEM50A",1.14590813816014e-05,-0.834899669371072,0.325,0.712,0.348092515128905
"SAP18",1.14960781980778e-05,-0.715875416967918,0.41,0.818,0.349216367423009
"PTRHD1",1.1617133816416e-05,-1.13372018661068,0.102,0.364,0.352893673941268
"BTF3L4",1.16509073509147e-05,-1.16155427179474,0.108,0.364,0.353919612598736
"VRK2",1.16801438446656e-05,-1.37154773736497,0.127,0.394,0.354807729569407
"LINC02384",1.18186497093536e-05,-3.77015735252817,0.006,0.136,0.359015122221034
"PSMA7",1.18282402525855e-05,-0.492079062622063,0.247,0.621,0.359306454152789
"TRIM14",1.18578556818607e-05,-0.882053801239734,0.271,0.621,0.360206082047883
"HLA-DRB6",1.21363370523873e-05,-2.33701362059863,0.133,0.394,0.36866551064037
"TTC24",1.22184013558032e-05,-1.13308186165713,0.133,0.409,0.371158377985235
"NECAP2",1.23107302321407e-05,-1.22496919789786,0.163,0.455,0.373963052261738
"CAPNS1",1.23125171471937e-05,-0.883273564855624,0.211,0.561,0.374017333380303
"ATP10A",1.24094254839063e-05,-3.54675483957945,0.03,0.197,0.376961117924621
"PTPN2",1.24450230339595e-05,-0.869760944524735,0.343,0.697,0.378042464702589
"SRPX",1.25055042974725e-05,-2.91524374155839,0.006,0.136,0.379879704044323
"PHB1",1.26949008978129e-05,-0.986727163571475,0.145,0.439,0.385633004572861
"TMEM107",1.28490506799149e-05,-1.72500758003788,0.054,0.258,0.390315612503775
"UBE2F",1.29857675779102e-05,-1.70101002029135,0.078,0.303,0.394468661714178
"COPB1",1.31210039455531e-05,-1.0764654057919,0.247,0.576,0.398576736854068
"ATG4C",1.31478481853154e-05,-0.569260565163921,0.187,0.515,0.399392184325327
"MARCKS",1.31584270070458e-05,3.54131987322365,0.313,0.045,0.399713537193031
"ATP8A1",1.3204878167129e-05,-0.933305792163277,0.151,0.439,0.401124584082878
"RPL28",1.32618688502931e-05,0.619444103926724,0.886,0.939,0.402855790065353
"MED12L",1.33048999036947e-05,-2.13950663278961,0.06,0.273,0.404162944374533
"SLC29A1",1.33094458898525e-05,-1.37561805315072,0.108,0.364,0.404301037796048
"XXYLT1",1.33409952348788e-05,-2.34375087808213,0.048,0.242,0.405259412249913
"PMF1",1.34364530029039e-05,-1.48824952661541,0.072,0.303,0.408159132869213
"PSMD14",1.35396002459452e-05,-1.61225503601512,0.06,0.273,0.411292436671076
"ATP6V1H",1.36444650804572e-05,-1.51210963950016,0.127,0.394,0.414477915749049
"MRPS33",1.37660722726352e-05,-1.50880350369626,0.133,0.394,0.418171977425838
"LINC02642",1.37859352245659e-05,-3.75067905479445,0.012,0.152,0.418775354316639
"HCK",1.37921404594937e-05,-1.22817879829344,0.066,0.288,0.418963850738039
"FCGRT",1.3910684864117e-05,-1.38190462082143,0.108,0.364,0.422564874117281
"HEXB",1.39508436976655e-05,-1.06386292501117,0.181,0.5,0.423784779003985
"VEGFB",1.39558787112951e-05,-0.829735967280174,0.361,0.742,0.423937727613013
"TTC39A",1.41048070535983e-05,-2.76115965364909,0.03,0.197,0.428461723867156
"PCMT1",1.4240709905238e-05,-0.948581383031355,0.193,0.515,0.432590044791416
"GSAP",1.4262822481939e-05,2.5860316683181,0.295,0.03,0.433261758533862
"CMKLR1",1.43281905233771e-05,-1.28772781696048,0.096,0.348,0.435247443528626
"MRPL51",1.44310770774324e-05,-0.967254902551401,0.187,0.5,0.438372828381163
"PSMB1",1.44796130523733e-05,-0.980659611386642,0.265,0.606,0.439847205691943
"ENSG00000287979",1.4518495263015e-05,-1.73385384879892,0.06,0.273,0.441028330604608
"PLCXD2",1.4579453044654e-05,-1.30585736573964,0.054,0.258,0.442880045137454
"RHEB",1.47181278177663e-05,-1.45468911059506,0.151,0.424,0.447092568720288
"PDCD4-AS1",1.51700804031024e-05,-3.01870588767386,0.024,0.182,0.460821532405041
"IL10RA",1.52895168048065e-05,-1.06474012054768,0.151,0.439,0.464449651979608
"ZBTB33",1.5321171468751e-05,-1.52313492944481,0.151,0.424,0.465411225706248
"VDAC3",1.54008934462378e-05,-0.997390640570654,0.163,0.47,0.467832940216365
"CCZ1",1.54021594928757e-05,-2.24547787593339,0.066,0.273,0.467871398915085
"IGHM",1.54749909796569e-05,1.81974841105337,0.741,0.788,0.470083800989038
"SMC2",1.55243701431323e-05,-1.25626311075595,0.066,0.288,0.471583791837931
"DMXL2",1.56678716949611e-05,-1.9716753191568,0.066,0.273,0.475942938477834
"BCL2L13",1.56763150991839e-05,-1.18058352139932,0.133,0.409,0.476199423767911
"TRIM5",1.56880294034938e-05,-1.97549367486838,0.102,0.333,0.476555269189932
"ARPC2",1.57749278134551e-05,-0.576550416355899,0.789,0.955,0.479194982189327
"TMEM126B",1.58375377452189e-05,-1.24912381042724,0.072,0.303,0.481096884086513
"DDX5",1.59009359563595e-05,-0.563938815746502,0.843,0.985,0.483022731546334
"JKAMP",1.59188234260579e-05,-1.31824330484509,0.139,0.409,0.483566099213362
"SEM1",1.59573779052315e-05,-0.872737329311632,0.265,0.606,0.484737268627218
"THEMIS2",1.60193770383574e-05,-0.587305534067727,0.181,0.5,0.486620616294182
"SEC13",1.61538243671733e-05,-1.01394300342842,0.199,0.515,0.490704722801624
"REC8",1.62982007324538e-05,-1.75119914561931,0.078,0.303,0.49509044364975
"BCL2",1.63499266712887e-05,3.6453783480638,0.349,0.091,0.496661722493735
"CNPY3",1.64170531729485e-05,-0.735367719346405,0.38,0.788,0.498700824234657
"NNT",1.65027310465273e-05,-0.980937475585469,0.114,0.379,0.50130346100036
"CHCHD10",1.69075665433471e-05,-0.855620884334882,0.289,0.621,0.513601148887256
"FOSL2",1.70677499400104e-05,-2.80239713065736,0.03,0.197,0.518467039927697
"HDLBP",1.71591876510266e-05,-0.833982894691388,0.205,0.53,0.521244643275236
"NDUFA2",1.75064815274128e-05,-1.04480711705816,0.163,0.455,0.531794389358219
"YPEL3",1.75875680918345e-05,2.18212057781696,0.488,0.242,0.534257555925658
"FTH1",1.76585353885133e-05,-0.532382715068111,0.843,0.924,0.536413329496867
"CISH",1.77774953988514e-05,-2.20371174165233,0.042,0.227,0.540026977730909
"H2AC8",1.79565840766087e-05,-1.27277642706408,0.066,0.273,0.545467154495142
"DYRK3",1.81809104208405e-05,-2.9774380780622,0.03,0.197,0.552281515853872
"WDR1",1.84677071506284e-05,-0.697467237834104,0.319,0.697,0.56099354011464
"PAXIP1",1.85633838682672e-05,-3.23121894217265,0.018,0.167,0.563899911766352
"FHIP1A",1.86404036151425e-05,-0.461398729900259,0.072,0.288,0.566239540617184
"CCDC115",1.88374741797079e-05,-1.23784741379941,0.078,0.303,0.572225953156986
"PLAUR",1.89499481821147e-05,-2.13936377243344,0.072,0.288,0.575642575928099
"TMEM154",1.89504009493208e-05,2.4927184386044,0.38,0.106,0.575656329637518
"MESD",1.89554046247142e-05,-1.04320577202854,0.241,0.561,0.575808326284944
"H3C12",1.93805188354715e-05,-3.14398334114601,0.024,0.182,0.588722020665117
"TRIP10",1.95837871097937e-05,-1.44784122315434,0.072,0.288,0.594896701034204
"SEC24D",1.99417023271312e-05,-1.08571951647461,0.096,0.348,0.605769091591264
"LAMP1",1.99828234968176e-05,-0.924134614574237,0.289,0.621,0.607018229362829
"KANTR",2.01867596946904e-05,-1.22998840644027,0.139,0.409,0.613213199245609
"TFRC",2.05586068187923e-05,-0.995545476346163,0.241,0.561,0.624508799334454
"CRIM1",2.08131304400882e-05,-1.78994969657584,0.048,0.242,0.632240463378559
"MBOAT1",2.09819035450408e-05,-1.35876718960868,0.066,0.288,0.637367283987705
"HLA-DOB",2.10744571400403e-05,3.65793566331378,0.331,0.076,0.640178784543005
"PEBP1",2.11928749431739e-05,-0.740401378331719,0.53,0.909,0.643775962148795
"ABCD2",2.13785426748783e-05,-2.75898018550608,0.018,0.167,0.64941599083478
"SCCPDH",2.13785426748783e-05,-2.54469936139825,0.018,0.167,0.64941599083478
"ADAMTS4",2.16433613714921e-05,-4.91835515032227,0,0.106,0.657460388381814
"ROGDI",2.16433613714921e-05,-4.58292255790078,0,0.106,0.657460388381814
"VSIG10",2.16433613714921e-05,-4.84933913418361,0,0.106,0.657460388381814
"MSRB3",2.1885581110392e-05,-2.90067226620358,0.018,0.167,0.664818297390378
"NTM",2.19504231027951e-05,-2.53035589455587,0.03,0.197,0.666788002593608
"NBR1",2.20350420971399e-05,-0.960492922759253,0.163,0.439,0.66935847378482
"GCLC",2.20883370968007e-05,-1.3343898235354,0.084,0.318,0.670977415989514
"ENSG00000250041",2.21244551197679e-05,-2.97546904726354,0.024,0.182,0.67207457317319
"IFIT2",2.2164840239436e-05,-1.8046383548104,0.205,0.5,0.673301351953347
"KIAA2013",2.24050042044593e-05,-0.894294049129978,0.187,0.5,0.680596812718861
"TRIAP1",2.24124526608872e-05,-2.16386418532177,0.03,0.197,0.68082307447977
"LPCAT3",2.24541469570724e-05,-1.29984238909693,0.078,0.303,0.682089622114989
"VPS45",2.26747553840866e-05,-1.29314356568158,0.157,0.439,0.688791044302399
"TMEM170B",2.27723262727229e-05,-1.45521068386702,0.09,0.318,0.691754955186505
"PWP1",2.33597823948855e-05,-0.883599026851732,0.181,0.485,0.709600109809438
"CD83",2.33996519006651e-05,1.68933178459188,0.506,0.227,0.710811225786504
"HADHA",2.35312025917728e-05,-0.47361277231355,0.247,0.621,0.714807341130282
"MT-CYB",2.41665174778648e-05,0.420759972996562,1,1,0.7341063014251
"CFAP20",2.42389889500488e-05,-1.33454783255745,0.084,0.318,0.736307767335631
"METAP1",2.45818347860293e-05,-2.04784380854979,0.042,0.227,0.746722395295213
"EDEM1",2.46250203587071e-05,-1.05439571867801,0.217,0.53,0.748034243436447
"IFNGR1",2.47881366519128e-05,-1.09268166250351,0.127,0.394,0.752989227075155
"OCIAD1",2.5496632719296e-05,-0.680962736439444,0.313,0.727,0.774511212114056
"NUP62",2.56753524833052e-05,-0.752176220010377,0.271,0.621,0.779940182385361
"PSMC2",2.59972117596449e-05,-0.734855882368896,0.163,0.47,0.789717301622732
"SMIM15",2.60079705620228e-05,-1.59129649731599,0.066,0.273,0.790044121762566
"ZNF407-AS1",2.61258435158219e-05,-0.944085546638867,0.09,0.318,0.793624748480122
"NDUFA4",2.61525971619693e-05,-0.681433840192604,0.59,0.864,0.794437443989141
"KDM1B",2.63075358882623e-05,-1.33451711896913,0.078,0.303,0.799144017677743
"CTBS",2.6343020715929e-05,-1.03241831969817,0.09,0.333,0.800221940287774
"ATP2A2",2.63752555645654e-05,-1.04992744498974,0.163,0.455,0.801201138284802
"PRPF40A",2.63817721611318e-05,-0.505103715311182,0.392,0.788,0.801399092938702
"AKIRIN1",2.64104162640902e-05,-0.854511058093058,0.205,0.53,0.802269214854267
"HSPA13",2.64267557956023e-05,-1.88820864309544,0.036,0.212,0.802765560803012
"OSBPL1A",2.69432315412557e-05,-2.30303075290455,0.024,0.182,0.818454544528723
"SLC38A2",2.69854282248086e-05,-0.742182653429755,0.265,0.636,0.819736353185011
"NIPSNAP3A",2.6999887378997e-05,-0.97247474212755,0.084,0.318,0.82017557891179
"CHMP4B",2.71561536442404e-05,-0.776167078515815,0.337,0.682,0.824922479251091
"MIS18A",2.74866548433554e-05,-1.89713877138386,0.036,0.212,0.834962114176606
"INPP5K",2.75364296473283e-05,-2.46062953216381,0.024,0.182,0.83647412339689
"IKBKG",2.80011477699202e-05,-0.833156977898656,0.12,0.379,0.850590865806867
"FLT3",2.84396435859281e-05,-1.72213367404622,0.084,0.303,0.863911053209738
"ENSG00000203644",2.87302205670983e-05,-1.89461767267397,0.03,0.197,0.872737910166744
"SLC39A11",2.95363464067984e-05,-1.21407603214027,0.102,0.348,0.897225594799315
"GNB4",2.97561155884625e-05,-0.828427267577301,0.157,0.455,0.903901523230724
"MFSD14B",2.99457179026348e-05,-1.22577337702163,0.09,0.318,0.909661072728338
"RFXAP",3.00357313354863e-05,-1.51527570734706,0.024,0.182,0.912395410778067
"EXT1",3.02062194278579e-05,-1.91937037834656,0.066,0.273,0.917574327560039
"NIBAN1",3.03062855448036e-05,-1.03034155220376,0.078,0.303,0.9206140359945
"ALCAM",3.04916272630202e-05,-0.678983093443357,0.253,0.576,0.926244161368765
"KANK1",3.08331795435915e-05,-1.91638642354032,0.054,0.242,0.936619494995681
"NIFK",3.09183533746104e-05,-0.897692048452251,0.205,0.515,0.939206820460539
"EXOSC5",3.12229192820598e-05,-1.46183320204653,0.066,0.273,0.948458619031131
"CTPS1",3.12508764284214e-05,-1.96395690929936,0.06,0.258,0.949307873266158
"TNFAIP3",3.13514565183927e-05,-0.982994412366845,0.235,0.561,0.952363194659215
"NMD3",3.15977420392613e-05,-0.99831463422284,0.048,0.242,0.95984460992664
"LAMTOR3",3.16599327688276e-05,-1.02729274135054,0.108,0.364,0.961733777718675
"SH2D3C",3.1667283782185e-05,-0.614919999662426,0.253,0.621,0.961957079451433
"HNRNPAB",3.17050201481239e-05,-0.931834463256763,0.283,0.621,0.96310339703956
"NDUFA12",3.20048055087863e-05,-0.943469900074696,0.223,0.545,0.972209976940401
"PPP4C",3.23288894433462e-05,-0.95341675490236,0.259,0.576,0.982054674620526
"MTCH2",3.26780646819697e-05,-1.2262113964054,0.102,0.348,0.992661570844193
"MTMR12",3.27496686231518e-05,-1.47611319856478,0.024,0.182,0.994836683765483
"DCAF12",3.28091406169548e-05,-1.51198169411958,0.066,0.273,0.996643264521236
"DSTN",3.3094749207742e-05,-0.953868229884795,0.181,0.47,1
"ERP29",3.31547014558507e-05,-0.790091535408701,0.373,0.758,1
"STK17A",3.3451760839191e-05,2.137771065475,0.518,0.303,1
"ERH",3.53598569370055e-05,-0.888939601903516,0.307,0.652,1
"FAM98B",3.54263019799431e-05,-1.35460429326839,0.036,0.212,1
"FCGR2B",3.5538883253973e-05,3.7484090172696,0.253,0.015,1
"PDLIM1",3.56210134363436e-05,4.25089323681651,0.265,0.03,1
"SDHAF3",3.57215903771591e-05,-1.26973889263254,0.108,0.348,1
"P2RY10",3.57310508873229e-05,2.78594609729726,0.416,0.182,1
"TNPO2",3.57781052281528e-05,-1.1883037934302,0.096,0.333,1
"RFLNB",3.58097068620891e-05,-2.50119138330735,0.048,0.227,1
"LINC00869",3.58702486215311e-05,-1.34899117106659,0.09,0.318,1
"DR1",3.59537457497608e-05,-0.881918975725901,0.259,0.606,1
"MRPS10",3.67458932209819e-05,-1.1134350930439,0.133,0.394,1
"SEC24C",3.68121006077985e-05,-1.00172588144781,0.145,0.424,1
"PLEKHG1",3.72125915317585e-05,4.51906958046388,0.283,0.045,1
"GNAS",3.75937923040839e-05,-0.415840371944711,0.946,0.985,1
"USF2",3.79121102947048e-05,-0.821866223482459,0.277,0.636,1
"DLEU1",3.80091968438343e-05,-1.22269984503703,0.072,0.288,1
"ZEB2",3.82434657067081e-05,-0.749144072805278,0.325,0.667,1
"LZIC",3.82641696339957e-05,-0.903493856165153,0.145,0.424,1
"TFPI",3.92199461958914e-05,-4.35337653869802,0.006,0.121,1
"SEMA4A",3.92371129404512e-05,-1.18774848964036,0.072,0.288,1
"LCP1",4.00685951747606e-05,-0.6260664873827,0.657,0.939,1
"CCDC144BP",4.03359562122817e-05,-5.06611137402196,0.006,0.121,1
"PACC1",4.08006197201323e-05,-1.0845912984958,0.096,0.333,1
"SUMO2",4.16369096219255e-05,-0.692121809589032,0.548,0.894,1
"MRRF",4.18529127130635e-05,-0.899869316266942,0.139,0.409,1
"SNAP29",4.20042035399511e-05,-1.20843704713587,0.096,0.333,1
"PPP2R5C",4.26807970428709e-05,-0.683676175389151,0.524,0.848,1
"TACC1",4.28658498336035e-05,-0.842494025147967,0.373,0.727,1
"MED27",4.30161349675334e-05,-1.36698040974079,0.078,0.288,1
"UCK2",4.31044525005259e-05,-1.57461782772783,0.06,0.258,1
"ATP2C1",4.3236257779897e-05,-0.510368067428845,0.133,0.424,1
"CNOT7",4.32851173047482e-05,-0.634399732507856,0.247,0.591,1
"BLK",4.33139689159067e-05,3.58510198452756,0.319,0.076,1
"CLINT1",4.35816704976906e-05,-0.64892107405675,0.247,0.606,1
"PEX2",4.36560652695169e-05,-1.25918281672909,0.133,0.394,1
"TM9SF3",4.38267411751757e-05,-0.759565907489355,0.307,0.667,1
"REXO2",4.38338645547369e-05,-1.62679155036076,0.06,0.258,1
"LINC01857",4.38610450074565e-05,6.10480341387258,0.217,0,1
"ENSG00000291250",4.38676045855132e-05,-3.67005666379766,0.006,0.121,1
"LY9",4.402358355326e-05,-0.616241240648801,0.229,0.545,1
"RPL27",4.41998537811292e-05,-0.50196423263622,0.916,0.97,1
"LINC02611",4.53279584211354e-05,-1.93374788218144,0.06,0.258,1
"SYCP2L",4.57805882708937e-05,-1.43962035021216,0.078,0.288,1
"GUCY2D",4.5966783092842e-05,-2.3549706984552,0.042,0.212,1
"SEC11C",4.67316628040585e-05,-0.99460830948177,0.277,0.591,1
"SLC25A43",4.69031207694578e-05,-1.34576730058082,0.054,0.242,1
"DAAM1",4.70077967594156e-05,-0.88325123517177,0.253,0.576,1
"OSBPL10",4.70384066739377e-05,3.9183317319073,0.283,0.045,1
"GSEC",4.71447104641342e-05,-2.88394795072642,0.036,0.197,1
"P2RX5",4.75378810428984e-05,2.09190545594841,0.349,0.091,1
"MEIS1",4.769125330119e-05,-3.81507634550857,0.006,0.121,1
"BAIAP2",4.90244258081006e-05,-2.47571233560192,0.036,0.197,1
"GMCL1",4.94734068226565e-05,-1.18061571901734,0.078,0.288,1
"ABI2",4.98716413430096e-05,-1.45458056873288,0.114,0.348,1
"EVL",4.99144711687434e-05,1.85983161344743,0.392,0.121,1
"NBEAL1",5.07555977781814e-05,1.27897786316979,0.651,0.561,1
"SELENOF",5.08702430469179e-05,-0.698924067241081,0.512,0.833,1
"ENSG00000287100",5.14142339807458e-05,-1.39756231728365,0.042,0.212,1
"THOC7",5.17511633058201e-05,-0.810795167123545,0.175,0.47,1
"CMPK1",5.19428497068924e-05,-0.748086054151154,0.313,0.682,1
"GLRX",5.22080086982122e-05,-1.25426093414792,0.139,0.394,1
"CAP1",5.23563326153602e-05,-0.636870916940309,0.596,0.924,1
"RSPH3",5.23796250539496e-05,-2.15378910398258,0.042,0.212,1
"LEPROT",5.25697662581643e-05,-0.980466098063973,0.163,0.439,1
"NDUFB8",5.25697662581643e-05,-0.739392615709542,0.163,0.439,1
"DCBLD1",5.30132574365879e-05,-4.16533595191027,0.012,0.136,1
"NUCB1",5.38810280215166e-05,-1.00291678079161,0.163,0.439,1
"UBE2W",5.42308776533153e-05,-1.19218428582281,0.12,0.364,1
"RPS13",5.51038981705115e-05,-0.369790042394776,0.958,0.97,1
"TUBG1",5.6178420807021e-05,-2.44578268135565,0.036,0.197,1
"NCOA1",5.69939487366876e-05,-0.521954373146117,0.241,0.576,1
"TCP11L1",5.71528276636005e-05,-2.0781303214721,0.048,0.227,1
"ARMC10",5.71577198059137e-05,-0.945528800330698,0.139,0.394,1
"HLTF",5.88253387711608e-05,-1.1301026047162,0.114,0.348,1
"SMC4",5.98765890578788e-05,-0.708919842147916,0.163,0.455,1
"COX7B",6.03555455615686e-05,-0.750750423108276,0.157,0.439,1
"PTGDS",6.05502192912671e-05,-1.1779223413481,0.108,0.333,1
"DOK3",6.09740567176215e-05,4.3894235690686,0.235,0.015,1
"CHD7",6.16240456871003e-05,3.09893020967008,0.265,0.03,1
"EXOC4",6.16648670370484e-05,-0.988621095888167,0.163,0.439,1
"TMEM219",6.17586540026137e-05,-0.919859798384063,0.187,0.47,1
"AIM2",6.18295916365357e-05,4.61806628820598,0.235,0.015,1
"TBC1D14",6.21012303507901e-05,-1.45907558982889,0.151,0.394,1
"CLEC2B",6.28577009580242e-05,-1.01208453629228,0.169,0.439,1
"NAT8L",6.31513824929268e-05,-3.41753249687739,0.012,0.136,1
"ENSG00000290592",6.33871540064375e-05,-1.09927371417317,0.108,0.348,1
"ACTG1",6.35618261488477e-05,-0.623791401360034,0.717,0.909,1
"COX6A1",6.3766819452745e-05,-0.661777709997541,0.295,0.621,1
"DNAJC9",6.44342437752466e-05,-0.910813323958018,0.145,0.424,1
"GTF2E2",6.49521600526989e-05,-0.674651986734036,0.175,0.47,1
"COBL",6.63693381299753e-05,-3.22059521353656,0.012,0.136,1
"GPN3",6.72123773767148e-05,-1.3084527515773,0.102,0.333,1
"LAMTOR2",6.76017151283291e-05,-1.45708587477916,0.072,0.273,1
"MOB1B",6.76605751728356e-05,-0.621471911814103,0.114,0.364,1
"MRPL33",6.91371536926275e-05,-0.782088730505656,0.187,0.485,1
"ECHDC1",6.91896812566848e-05,-0.776602327088416,0.205,0.5,1
"PTPRO",6.9358486818246e-05,-0.81635581542807,0.127,0.379,1
"SUMO3",6.9438782463356e-05,-0.872046674282236,0.343,0.667,1
"VAPA",7.03374821422529e-05,-0.634704367230367,0.271,0.636,1
"UBE2D4",7.0365156358609e-05,-1.31447336846346,0.042,0.212,1
"PARVG",7.11707380819759e-05,-0.755822939397344,0.355,0.712,1
"FN3KRP",7.26016870261475e-05,-1.52198857572868,0.09,0.303,1
"ENSG00000247134",7.34364473456016e-05,-2.7682274704981,0.024,0.167,1
"SERP1",7.35891032193213e-05,-0.682675954812479,0.482,0.803,1
"SPATS2L",7.36848396076718e-05,-1.14515221188097,0.078,0.288,1
"PPM1G",7.39461929177095e-05,-0.812788906241548,0.217,0.515,1
"SRPRA",7.46955304214663e-05,-0.760420624937611,0.428,0.742,1
"BCKDHB",7.49745633593041e-05,-2.3256899669463,0.036,0.197,1
"ENSG00000266490",7.50182174626299e-05,-2.21763182703654,0.024,0.167,1
"TMEM59",7.53398851981834e-05,-0.584508083181153,0.331,0.712,1
"WNT10A",7.55666704741068e-05,-1.37646316055148,0.096,0.318,1
"ENSG00000273748",7.57697510775567e-05,-2.92790516976663,0.018,0.152,1
"NOMO2",7.57697510775567e-05,-2.86919088581104,0.018,0.152,1
"TEP1",7.60761202016034e-05,-0.83752345597688,0.283,0.606,1
"NDUFAB1",7.70668807330254e-05,-0.806760453790758,0.229,0.53,1
"GOLGA1",7.70914595737193e-05,-1.45844997688032,0.042,0.212,1
"TTC9",7.71832875904002e-05,5.98689544285079,0.205,0,1
"DCPS",7.7747851928217e-05,-1.25158781000964,0.096,0.318,1
"NFX1",8.03634084427499e-05,-0.691825141842148,0.325,0.682,1
"TMEM214",8.14991824152536e-05,-1.30105657339807,0.072,0.273,1
"DNAJC1",8.20035502323669e-05,-0.972731573378725,0.169,0.424,1
"CSF2RA",8.21405212081309e-05,-2.17656254499042,0.054,0.227,1
"MTRR",8.24641644320462e-05,-1.94045001784436,0.036,0.197,1
"SSR1",8.24944548384954e-05,-0.75239403218118,0.367,0.712,1
"UBE2E3",8.29818494487804e-05,-1.20364407858227,0.139,0.379,1
"STAG3L4",8.44135496838173e-05,-1.11009580372041,0.078,0.288,1
"ETV6",8.44404412267546e-05,-0.787214149375249,0.386,0.742,1
"ADGRB3",8.52064549901841e-05,-1.92592763968723,0.024,0.167,1
"TMC6",8.60893512823484e-05,4.38932933945793,0.247,0.03,1
"UBE2S",8.64375941543905e-05,-1.46928109626044,0.09,0.303,1
"C7orf31",8.6655400671339e-05,-1.53435673329037,0.06,0.242,1
"DNM1L",8.67945352579198e-05,-1.03085728424301,0.157,0.424,1
"C3orf14",8.74315248604894e-05,-4.08789753983846,0,0.091,1
"CD68",8.74315248604894e-05,-4.86061687940565,0,0.091,1
"GLRB",8.74315248604894e-05,-4.82958398290758,0,0.091,1
"GPR146",8.74315248604894e-05,-4.56427142599856,0,0.091,1
"KIF26B",8.74315248604894e-05,-4.68310316501382,0,0.091,1
"SIRPG",8.74315248604894e-05,-5.26370525975469,0,0.091,1
"SPON2",8.74315248604894e-05,-4.9530894780452,0,0.091,1
"UTS2",8.74315248604894e-05,-4.7896978050115,0,0.091,1
"POU4F1",8.74315248604894e-05,-4.23195905098637,0,0.091,1
"IKBIP",8.83207985277536e-05,-0.818794385393208,0.096,0.318,1
"TMEM138",8.96122642327751e-05,-0.636409932656059,0.151,0.424,1
"SKAP2",8.96896310890959e-05,-0.712712930969886,0.41,0.742,1
"CNDP2",9.00110991546155e-05,-0.646505316125378,0.307,0.697,1
"ATP5PF",9.00531662061098e-05,-0.819763465373499,0.319,0.652,1
"LINC01410",9.07568230547266e-05,-1.69161344693028,0.042,0.212,1
"TCAIM",9.15786494291952e-05,-0.815717925899451,0.09,0.303,1
"MZT1",9.24091204130718e-05,-1.15729934281955,0.042,0.212,1
"CIAO2A",9.27906914447681e-05,-0.393619392799453,0.301,0.682,1
"TBL1XR1",9.42002055964598e-05,-0.583818937932636,0.247,0.561,1
"C12orf76",9.46280618951724e-05,-1.55584266260364,0.03,0.182,1
"GALC",9.50063300425073e-05,-1.95874449614669,0.018,0.152,1
"COMMD7",9.51014409010963e-05,-1.13603214034482,0.072,0.273,1
"PSMD7",9.53075060648347e-05,-0.687142824462818,0.193,0.485,1
"GOLT1B",9.66068794317618e-05,-1.16017561854346,0.078,0.288,1
"RBM3",9.69218008419518e-05,-0.754040345485857,0.373,0.697,1
"FBXO6",9.73731805932273e-05,-1.87789079001237,0.054,0.227,1
"CASP3",9.77588530826456e-05,-1.1178870743176,0.036,0.197,1
"NFATC2IP",9.88403484045306e-05,-0.783689604555349,0.386,0.712,1
"TSEN15",9.91662385020789e-05,-1.6126187020325,0.102,0.318,1
"MGAT5",9.97058903903847e-05,2.04494173027407,0.386,0.152,1
"NMT1",0.000100247066329819,-0.871260906145651,0.235,0.53,1
"ARL6IP6",0.00010030636338545,-0.797473559584612,0.199,0.47,1
"RPL30",0.000100391512260731,0.456086982305029,0.988,0.985,1
"SNAPIN",0.000101256451531558,-1.2975323299376,0.127,0.364,1
"MRPL49",0.000102543966093971,-0.961294736855808,0.078,0.288,1
"LINC02812",0.000103085767799905,-0.815255477343997,0.133,0.379,1
"SLC25A46",0.000103836797186569,-0.410960425419266,0.139,0.394,1
"ATP5MG",0.000103913716696823,-0.992103022403286,0.265,0.561,1
"SEC31A",0.000104951181142567,-0.395815406755891,0.416,0.803,1
"HGSNAT",0.000105723718071336,-0.939910988063257,0.09,0.303,1
"CAPZA1",0.000106363577003778,-0.580246677261503,0.669,0.924,1
"RAB3GAP2",0.000107755522792086,-0.960775281956828,0.175,0.455,1
"RPL19",0.000109560591621222,0.495178646434012,0.94,0.939,1
"ARHGAP1",0.000109834540731968,-1.11474485045685,0.133,0.379,1
"GLO1",0.000109871473770976,-0.513200165514533,0.241,0.576,1
"CRYBG3",0.000110510669867601,-1.66506852025666,0.078,0.273,1
"SNX18",0.000111517406312562,-1.13762813228948,0.151,0.394,1
"TMEM230",0.000111540826780169,-0.953498217886126,0.283,0.561,1
"MAPKAPK3",0.000112528957888101,-1.1767306364332,0.072,0.273,1
"DIAPH2",0.000112892029374394,-1.12896332535781,0.151,0.394,1
"MOB1A",0.000114841948399534,-0.558421603773851,0.542,0.848,1
"CPT1A",0.000115188428666247,-0.772706971642951,0.127,0.364,1
"TNRC18",0.000115246019221349,-1.70138126899278,0.054,0.227,1
"CPVL",0.000116249826216304,-2.82763223712484,0.048,0.212,1
"PBX3",0.00011807242640582,-0.244963246952728,0.253,0.576,1
"SLC35B1",0.000118114238629436,-1.32510699097257,0.12,0.348,1
"ECI2",0.00011942962717171,-1.12108880713705,0.066,0.258,1
"TMEM131L",0.000119459282908736,3.81973284886027,0.295,0.076,1
"DAD1",0.000121742428551671,-0.695410876878679,0.271,0.591,1
"CALR",0.000126147047241561,-0.758104835359293,0.476,0.803,1
"COL19A1",0.000126677266795876,1.91703646108356,0.229,0.015,1
"ZNF736",0.000127859137814581,-0.805399295931687,0.127,0.379,1
"BST2",0.000128612893242442,-0.780954312297988,0.283,0.576,1
"F11R",0.000130118084216206,-1.64216611741105,0.06,0.242,1
"FZD3",0.000130150660306585,-1.44911872153621,0.108,0.318,1
"ABCA7",0.000130594547950465,-1.7317463420653,0.102,0.318,1
"PSEN1",0.000131597368949018,-0.537550147036902,0.181,0.47,1
"MARS1",0.000132231051111671,-0.678963241355819,0.235,0.545,1
"MIA3",0.000134468565897799,-0.351869503436905,0.247,0.591,1
"EIF3M",0.000136073848487831,-0.835537583904263,0.181,0.455,1
"PSME2",0.000136590227276368,-1.02100115379929,0.169,0.424,1
"CKLF",0.000138267296549232,-1.77994683502779,0.048,0.212,1
"FCRL2",0.000138611425907539,2.24908188406693,0.301,0.061,1
"RREB1",0.000139473779537555,-0.641459515443608,0.145,0.394,1
"LDHA",0.00013986627816748,-0.47096279991074,0.241,0.576,1
"KIAA0513",0.000140777355712181,-1.74415156075078,0.054,0.227,1
"GABARAPL2",0.000142553398370361,-0.938325172801104,0.223,0.515,1
"RAB11A",0.000142771918381431,-0.516621301458825,0.253,0.606,1
"CEP20",0.00014348852469142,-1.71534931812718,0.072,0.258,1
"SDR39U1",0.000143979210897183,-0.822272599869921,0.145,0.409,1
"LSM3",0.000144728136468877,-0.606572142230674,0.205,0.515,1
"RMC1",0.000145102369709994,-0.918925497266486,0.193,0.47,1
"DCK",0.0001452427509074,-0.706933907604983,0.434,0.788,1
"DAZAP2",0.000146026472904052,-0.611803405895544,0.524,0.909,1
"POLR2A",0.00014695092336352,-0.876365418817215,0.235,0.545,1
"PSIP1",0.000147350680354624,2.33834968561482,0.458,0.273,1
"TPM3",0.000147418467190781,-0.543584653578689,0.687,0.924,1
"CRTAP",0.000148103647693712,-0.739670908131436,0.247,0.561,1
"CDK9",0.000148129022572715,-1.57083018078533,0.048,0.212,1
"MFSD1",0.000153649555260445,-0.864262326965606,0.223,0.515,1
"CDKN2D",0.000154833862695112,-1.09026673712895,0.265,0.561,1
"AIMP2",0.000155144101359757,-1.29664341743685,0.06,0.242,1
"PTMA",0.000156733979090335,0.444867461422152,0.988,0.985,1
"ZNF22",0.000157455331408759,-0.724978447511309,0.217,0.515,1
"FTCDNL1",0.000158650266232533,-1.16380603325486,0.048,0.212,1
"ENSG00000258526",0.000161694943879892,-4.1032680380696,0.006,0.106,1
"MFSD2A",0.000161694943879892,-3.9417566354815,0.006,0.106,1
"MILR1",0.000162656275392354,-1.97570496020656,0.066,0.242,1
"ENSG00000233178",0.000166199203980083,-3.63357104329322,0.006,0.106,1
"RSRC1",0.000166278203976926,-0.422751564159548,0.169,0.455,1
"CPNE5",0.000166698923186825,2.02887996340504,0.223,0.015,1
"TOP1",0.000167110148718308,-0.53301295479804,0.416,0.803,1
"AGO4",0.00016877939960857,-0.922248071289752,0.054,0.227,1
"PRKCA",0.000170440624994015,-2.14575470029647,0.066,0.242,1
"ENSG00000287104",0.000170821311738679,-3.34353532754057,0.006,0.106,1
"DNAJC19",0.000171517504288407,-0.579725289411113,0.217,0.515,1
"BID",0.00017245728476712,-1.10780727145944,0.078,0.273,1
"OTUD6B-AS1",0.000172479109678476,-0.64143581847107,0.181,0.47,1
"ANAPC13",0.000173202864132719,-0.789803194085291,0.09,0.303,1
"TRAPPC3",0.000173202864132719,-1.20177544666934,0.09,0.303,1
"KIF5B",0.00017414786431949,-0.564282830113827,0.422,0.788,1
"UBL5",0.000175213015364822,-0.687863921533918,0.355,0.712,1
"RAB38",0.000175758687779914,-1.21886961354705,0.048,0.212,1
"SLC2A9",0.000176164587039424,-1.51782297018133,0.036,0.182,1
"NT5C2",0.00017622648029134,-0.515041650975885,0.193,0.47,1
"TRIOBP",0.000176244438870598,-0.802541281137623,0.12,0.348,1
"TALDO1",0.000176990112736563,-0.64822100550943,0.199,0.485,1
"ADRB2",0.000177280535971042,-1.57575049314502,0.054,0.227,1
"IGLC3",0.000177578072731407,7.58370006580238,0.187,0,1
"IFT57",0.000181287304185388,4.92257089354624,0.211,0.015,1
"PIGM",0.000183087180435938,-1.77812911769991,0.042,0.197,1
"RPS6",0.000183188409837168,0.351994348974015,0.982,0.97,1
"PURB",0.000183577267076052,-0.230037452106562,0.163,0.439,1
"SLC39A7",0.00018419818948258,-1.68305049088895,0.066,0.242,1
"ATRAID",0.000184556162255305,-0.642468611313455,0.229,0.545,1
"ZNF556",0.000185423640068149,-3.63871139393126,0.006,0.106,1
"ERAP1",0.000186903219619478,-0.666882934138875,0.151,0.409,1
"METTL9",0.00018878280804906,-0.83179526064011,0.181,0.439,1
"ENSG00000289331",0.000190546378454668,-2.81971139766302,0.006,0.106,1
"MAD2L1",0.000190546378454668,-2.8999468565399,0.006,0.106,1
"MAP10",0.000190546378454668,-2.25889537470327,0.006,0.106,1
"USP36",0.000191441654512838,-1.08871064569908,0.114,0.348,1
"IGF2R",0.000192769875935341,-0.582426841796465,0.307,0.636,1
"ENY2",0.000192872693314537,-0.766080575655959,0.247,0.545,1
"ZNF428",0.000194150995953774,-2.64632509893291,0.03,0.167,1
"SUMO1",0.000194291760465275,-0.481887013792018,0.169,0.439,1
"LSM1",0.000194298246677115,-1.33494369493056,0.108,0.318,1
"OS9",0.000196118516294615,-0.884834728365371,0.349,0.682,1
"H1-10",0.000196788395100743,-0.922515085930029,0.133,0.364,1
"SERPINB9P1",0.000197155879056211,3.6483192837663,0.235,0.03,1
"USP39",0.000199739393277474,-0.763095290548697,0.06,0.242,1
"NAA20",0.000202084967472557,-1.85172999484684,0.066,0.242,1
"PPP1R14B-AS1",0.000203562276860292,-1.92485131538391,0.042,0.197,1
"SLC39A10",0.000205361582777699,-0.633128654762408,0.211,0.5,1
"KDELR2",0.000207032970738387,-0.867790218094704,0.169,0.424,1
"MSL3",0.000207977426805438,-0.543406458399237,0.235,0.53,1
"RABIF",0.000208182343032937,-1.4207435868668,0.048,0.212,1
"KLHL9",0.000208401238902993,-1.51816356708944,0.066,0.242,1
"SNX4",0.000209249063573705,-1.04794583086822,0.102,0.318,1
"TUBA1C",0.000211432167924313,-1.08836432645402,0.078,0.273,1
"PIGN",0.000212021555010742,-1.11129089234488,0.054,0.227,1
"CHUK",0.000212068650109935,-1.05437160734506,0.096,0.303,1
"EEF2",0.000213131029318911,0.880931786075385,0.735,0.682,1
"DUSP7",0.000214050840656242,-2.23310001262464,0.03,0.167,1
"ENSG00000289963",0.000218936550948916,2.34840059625243,0.217,0.015,1
"APMAP",0.000219143303632951,-0.768298851148449,0.127,0.348,1
"VCP",0.000220356471122749,-0.770918742101939,0.163,0.424,1
"PLAU",0.000222534668581672,-1.86486631225869,0.03,0.167,1
"KIF20B",0.000224479478359814,-0.516048713930707,0.277,0.591,1
"CEP97",0.000226174011211852,-0.944682483321015,0.042,0.197,1
"AR",0.000228481817604368,-2.47388497982409,0.024,0.152,1
"UQCRQ",0.000230630867835742,-0.693963011315747,0.289,0.621,1
"ENSG00000257322",0.000231951843075075,-1.09363245634002,0.187,0.439,1
"CCDC28A",0.000232813621152022,-0.635737066201945,0.12,0.348,1
"DCTN4",0.000234135487236802,-1.2700742461479,0.048,0.212,1
"MT-CO2",0.000234845402921064,0.260031212198014,1,1,1
"RPS19",0.000234969018405794,0.652072168032995,0.892,0.909,1
"ZNF185",0.00023526844152841,-3.07881103124171,0.018,0.136,1
"SF3B4",0.00023607019707308,-0.676007144572388,0.307,0.636,1
"MTHFD2",0.000236307007311424,-1.22705836624822,0.096,0.303,1
"EED",0.00023664978506961,-1.17654745798509,0.09,0.288,1
"RPL7L1",0.000237236979667774,-0.731719481717758,0.247,0.561,1
"PLGRKT",0.000242536109704952,-1.43943373776522,0.042,0.197,1
"NAPA",0.000242874700604514,-0.598678436795782,0.271,0.606,1
"AP5S1",0.000243272248010593,-2.95654812361042,0.012,0.121,1
"RPL36AL",0.000244589744021184,-0.716361875911402,0.343,0.652,1
"SLC25A30",0.000245986428769516,-1.33195200182868,0.108,0.318,1
"CCDC138",0.00024707237208941,-2.42517246488724,0.072,0.242,1
"C1orf43",0.000248257186115196,-0.653753137515536,0.373,0.742,1
"NOP58",0.000248491092184746,-0.465527575841654,0.367,0.712,1
"UEVLD",0.000249817751053107,-1.41493640763835,0.072,0.258,1
"NDUFA8",0.000249919063199226,-1.88066234901423,0.03,0.167,1
"SEC22B",0.000251357647775038,-0.533687383766282,0.133,0.379,1
"CD2",0.000251393295192543,-3.1694239134725,0.018,0.136,1
"SLC9C2",0.000251393295192543,-2.6817146046735,0.018,0.136,1
"RWDD1",0.000253834803559688,-0.639525786201319,0.277,0.591,1
"RELT",0.000254573058532473,-0.5544242950805,0.247,0.561,1
"RPL18A",0.000256241143611423,0.791448479391937,0.849,0.894,1
"ATP6V1A",0.00025682075589249,-0.505460660030016,0.193,0.47,1
"FASTKD2",0.00025703926874117,-1.00199727740897,0.09,0.288,1
"RRAGC",0.000258036959055005,-1.20510846769008,0.114,0.333,1
"PLBD2",0.000259400285994229,-1.95386306953629,0.036,0.182,1
"PLCB4",0.000259509821634839,-2.53290038707246,0.048,0.197,1
"SMCO4",0.000260255089651303,-0.83788815368848,0.127,0.364,1
"DUT",0.000260784100793696,-0.428347402132247,0.295,0.621,1
"PSMD5",0.000261335941720493,-0.302808035355658,0.114,0.333,1
"CYSLTR1",0.000261814011811465,-0.64050246731979,0.404,0.712,1
"NENF",0.000262030729913556,-1.45071829966583,0.066,0.242,1
"P2RX7",0.00026271291385374,-2.52568751726179,0.018,0.136,1
"CCR7",0.000263000368949579,3.38315561579928,0.265,0.061,1
"ADPGK",0.000264000942840897,-0.606026285606398,0.361,0.712,1
"VDAC2",0.000264359802650275,-0.75976481537054,0.163,0.424,1
"NEDD8",0.000267134698021329,-0.442617630329983,0.133,0.364,1
"LYSMD2",0.000267175742612476,-0.689422328190937,0.163,0.409,1
"PAWR",0.000267240657370287,3.51259540420782,0.247,0.045,1
"GTF3C6",0.000267841091187912,-1.03144592186417,0.09,0.288,1
"AP3D1",0.000268154822357349,-0.30375597299034,0.223,0.515,1
"UCHL5",0.000268462631053589,-1.05391891117015,0.084,0.273,1
"TIMM21",0.000269010169683369,-1.56596722919258,0.036,0.182,1
"TXNDC15",0.000269876439696011,-0.621481942128864,0.078,0.273,1
"ENSG00000256448",0.00027008876085182,-1.25739896231594,0.066,0.242,1
"S1PR1",0.000271328639867945,2.22041918769606,0.241,0.03,1
"EMC6",0.000271471721606757,-0.991961000137926,0.114,0.333,1
"PIK3CD",0.000271505890355109,-0.772382029634892,0.319,0.636,1
"C5orf64",0.000274509056972287,-2.63187582926319,0.018,0.136,1
"GMPPB",0.000274509056972287,-2.13154266201511,0.018,0.136,1
"MRPL45P2",0.000274509056972287,-2.86576143628239,0.018,0.136,1
"NDUFB11",0.000279578825101378,-0.985120002435569,0.187,0.439,1
"MYD88",0.000279911306392328,-0.83150469124819,0.199,0.455,1
"H2AZ2",0.000280089352788826,-0.597642487211066,0.398,0.712,1
"GTSF1",0.000280938172467556,-1.35566811177037,0.012,0.121,1
"TOR1A",0.000281311303337494,-1.11413262562135,0.096,0.303,1
"CDK2AP1",0.000283202929272018,-0.825959632591333,0.102,0.318,1
"SH3KBP1",0.000289468293103746,-0.761461978664554,0.518,0.803,1
"SSBP1",0.000290035570565389,-0.587336283799702,0.313,0.652,1
"FRMD8",0.000290287941784188,-0.990126779338224,0.139,0.364,1
"NEXN",0.000290744253503156,-1.66174446076155,0.06,0.227,1
"FCRL3",0.000290954511549878,1.54171375943059,0.271,0.045,1
"RAB15",0.000292101952952982,-2.01703353492265,0.024,0.152,1
"RAB40B",0.000292101952952982,-1.82834412062034,0.024,0.152,1
"RING1",0.000293171984979535,-1.35634579125116,0.102,0.303,1
"NUS1",0.000293225743253592,-0.951536464683902,0.259,0.561,1
"TRPM2",0.000296080546823564,-1.98223261589451,0.054,0.212,1
"COX14",0.000296572607266171,-0.984858106557723,0.114,0.333,1
"AFTPH-DT",0.000298092449039978,-1.8997978107555,0.024,0.152,1
"ABLIM1",0.000298636641636554,4.07035075448118,0.241,0.045,1
"UQCRFS1",0.000298642827282569,-1.15038761058747,0.108,0.318,1
"BAZ2B",0.000299404376217561,-0.282560594107102,0.271,0.591,1
"HSPBP1",0.000299605528009401,-2.35229382027397,0.018,0.136,1
"PDCD2",0.000301387212687859,-0.995607187094852,0.133,0.364,1
"HELB",0.000304197859921675,-1.21669800463905,0.024,0.152,1
"TCEAL9",0.000304197859921675,-2.01944693918527,0.024,0.152,1
"LINC01781",0.000306653139393075,6.05768352696256,0.175,0,1
"KMO",0.00030870316187154,-0.664375928972991,0.271,0.561,1
"ATP5F1B",0.000309195999676296,-0.606242981584014,0.404,0.727,1
"RUNX3",0.000311002028888302,2.25389601740119,0.386,0.182,1
"NCBP2",0.000311510458953097,-0.37472514010232,0.187,0.485,1
"TRAPPC8",0.00031172656212549,-0.760339809995624,0.187,0.439,1
"CEP128",0.000312194042596778,-1.61616635761968,0.108,0.303,1
"LAMP2",0.000312766614428824,-0.815008404329946,0.217,0.485,1
"TRMT10C",0.000313738779900707,-0.574141901595648,0.12,0.348,1
"DNAJC14",0.000314428037712686,-1.45084398576583,0.03,0.167,1
"SLFN11",0.000318046910534616,-0.991243061351425,0.223,0.485,1
"ATP5MGL",0.000318055464172967,-1.80067430095895,0.072,0.242,1
"HAUS2",0.000319147765205902,-1.64792147514482,0.06,0.227,1
"ATP5MJ",0.000320068105697937,-0.571251881059912,0.355,0.697,1
"CLEC2D",0.000330873002866874,1.91761401145116,0.482,0.303,1
"ARL8A",0.000331272990331933,-0.613041516905853,0.139,0.379,1
"SCIMP",0.0003331342951058,3.12734605763856,0.205,0.015,1
"NUDT16L1",0.000334304479974085,-1.52462583144801,0.06,0.227,1
"TBX19",0.000334304479974085,-1.54435862011844,0.06,0.227,1
"VPS26B",0.000334304479974085,-1.49822045717391,0.06,0.227,1
"LINC00987",0.000343359659749557,-1.6769190526379,0.024,0.152,1
"CLNS1A",0.000343570741297272,-0.834566471629383,0.217,0.5,1
"INIP",0.000345084662357012,-1.13423313796297,0.084,0.273,1
"C6orf120",0.000348587835377185,-0.896078009434691,0.066,0.242,1
"TMSB4X",0.000352769065416575,-0.297402995353205,0.976,0.985,1
"C16orf91",0.000353241242323843,-4.0608108246709,0,0.076,1
"CASS4",0.000353241242323843,-4.74332754483236,0,0.076,1
"CSTF2",0.000353241242323843,-4.16847263796816,0,0.076,1
"ENSG00000285245",0.000353241242323843,-4.27382204214326,0,0.076,1
"LINC00923",0.000353241242323843,-5.00205748288688,0,0.076,1
"LNCATV",0.000353241242323843,-4.24646805323424,0,0.076,1
"LYSMD1",0.000353241242323843,-4.26071244656541,0,0.076,1
"PPM1K-DT",0.000353241242323843,-4.33326301879531,0,0.076,1
"ZNF579",0.000353241242323843,-4.46764763187955,0,0.076,1
"ZNF74",0.000353241242323843,-4.08189977200911,0,0.076,1
"ENSG00000285079",0.000353241242323843,-4.21462819132721,0,0.076,1
"TBCA",0.000354449788255748,-0.405349925044587,0.404,0.803,1
"CEP126",0.000355562657677775,-1.23587333684206,0.06,0.227,1
"DENND5A",0.000358246862540337,-0.670286261454068,0.127,0.348,1
"TENT4A",0.000362091304629027,-0.55936144311993,0.102,0.318,1
"FRG1",0.000363446283531518,-0.69263172611362,0.12,0.348,1
"PON2",0.000364788739216417,-0.787440108294828,0.072,0.258,1
"SPG7",0.000366042500781423,-1.22921949258973,0.102,0.303,1
"LITAF",0.000366445589764904,-0.566504090481317,0.343,0.697,1
"RAPGEF2",0.00036687059883555,-0.247921385148689,0.114,0.333,1
"CCDC112",0.000370145892323999,-1.09855578850127,0.12,0.333,1
"SND1",0.000371999506841798,-0.681717027203545,0.343,0.667,1
"UBE2A",0.000373115795208061,-0.609171698149925,0.229,0.53,1
"RPS20",0.000375316776811337,-0.310777474816748,0.976,0.97,1
"BMPR2",0.00037669676754272,-0.516883426202973,0.151,0.394,1
"RAP1GDS1",0.000380166750085376,-0.489807901084149,0.313,0.652,1
"ENSG00000282988",0.000390442021349823,-1.57631496182081,0.09,0.273,1
"UTP14A",0.000390504407897064,-1.32073046586585,0.102,0.303,1
"ENSG00000291143",0.000392149322505,3.50370001357159,0.271,0.076,1
"CHROMR",0.000392431970474024,-0.788459734749582,0.145,0.364,1
"EIF2S2",0.00039413582310533,-0.592644971137707,0.434,0.773,1
"TRNT1",0.000395893690520365,-0.773016780065894,0.096,0.288,1
"ACADM",0.000396658891184982,-1.00910208702258,0.151,0.379,1
"TMA16",0.000398807005130024,-0.64486826814773,0.181,0.439,1
"MAGED1",0.00039977673318017,-0.43591514237204,0.199,0.47,1
"BIN2",0.000399917635117008,-0.860681463216637,0.181,0.424,1
"TMEM181",0.000401242499495063,-1.58789630677608,0.054,0.212,1
"TGFBR2",0.00040128015523404,-0.45837992967911,0.41,0.758,1
"GNPDA1",0.000407645291298445,-1.0536982663817,0.054,0.212,1
"RPS27",0.000409176604215418,0.379304047110057,0.982,0.955,1
"CEBPZOS",0.000415208401958472,-0.681015984803858,0.114,0.333,1
"CLN8",0.000418844433889296,-1.05036816339932,0.163,0.394,1
"BUD23",0.000420926706136513,-0.709154442248869,0.108,0.318,1
"PSMA4",0.000425033373287325,-0.540982039515857,0.259,0.561,1
"SEC11A",0.000426650557559931,-0.454815405226503,0.205,0.485,1
"FCER1A",0.000428302279426719,-1.77989979019614,0.048,0.197,1
"MT-ND1",0.0004351373740681,0.237755525752958,1,1,1
"REPS1",0.000439860294366042,-0.82685542635269,0.096,0.303,1
"GORASP2",0.000440624742070791,-0.73904162831043,0.181,0.424,1
"PSMC3",0.000441802546549349,-1.05809273562291,0.084,0.273,1
"VPS35L",0.000447856133062946,-0.607631873970281,0.084,0.273,1
"C5orf15",0.000450081246916088,-0.763395411688856,0.12,0.333,1
"TMED7",0.000452516064702305,-0.831659279829023,0.114,0.333,1
"SHISAL2A",0.00045301232821222,2.96765040737843,0.199,0.015,1
"CLASP1-AS1",0.000453816095885248,-0.925589346279338,0.108,0.318,1
"KMT2E",0.00045989410663488,1.24442015794633,0.675,0.621,1
"MRPL57",0.000460744148954328,-0.735034963574182,0.211,0.47,1
"TMEM268",0.000461397544165946,-0.438171233737238,0.217,0.5,1
"RMDN3",0.000462967502086915,-1.03527263273696,0.127,0.333,1
"UBE2J1",0.000463982314577995,-0.616005531666608,0.47,0.788,1
"FOXO1",0.000464091749031041,3.73518365218494,0.217,0.03,1
"DHTKD1",0.000465338506554069,-0.31141551023134,0.313,0.652,1
"UTP3",0.000468542489037653,-0.863463610736713,0.229,0.5,1
"EIF3A",0.00046860400770032,-0.678774513880144,0.422,0.773,1
"SOCS4",0.000469567233592631,-1.05553587351479,0.096,0.288,1
"MALAT1",0.000475926203301141,0.393021967896448,1,1,1
"BAIAP2-DT",0.000477917917032572,-1.47497257752541,0.072,0.242,1
"H2AZ1",0.000478987914462693,-0.774197638976965,0.295,0.591,1
"NDUFA9",0.000479302510605765,-0.854159071537131,0.084,0.273,1
"MTHFD2L",0.000479693740259384,-0.818779943288427,0.078,0.258,1
"ST14",0.000484821797158752,-1.25131337357444,0.072,0.242,1
"CREM",0.000485684809860862,-0.842061208494731,0.114,0.318,1
"SRSF3",0.000490212683324778,-0.601662299699657,0.331,0.667,1
"TBCEL",0.000499220943492957,-1.72217033585349,0.042,0.182,1
"HCFC1",0.000502294837722286,-0.708141589772561,0.175,0.424,1
"SRSF7",0.000505565799424114,-1.17402108210835,0.717,0.955,1
"PSMB4",0.000506512342986456,-0.436908135574746,0.367,0.727,1
"COPG1",0.000506818405414164,-0.575118778047259,0.253,0.53,1
"VAMP7",0.000507910722487659,-1.32574544062005,0.054,0.212,1
"LINC01684",0.000509774816986712,-1.22359030203308,0.133,0.333,1
"MMADHC",0.000514224901372137,-0.630287573465856,0.205,0.47,1
"BET1",0.000516643676524226,-0.577127681693009,0.175,0.409,1
"ACP1",0.00051844887483707,-0.756237823029051,0.217,0.485,1
"RPAP2",0.000518886438110648,-0.419642748520379,0.127,0.348,1
"IMPACT",0.000520758161885813,-1.16317604391129,0.072,0.242,1
"PPARA",0.000525679687846353,-0.500603492852745,0.157,0.394,1
"IGHA1",0.000525893997068092,5.73539903587214,0.163,0,1
"AMIGO2",0.000527860883587501,-1.18784185996885,0.096,0.288,1
"SUPT20H",0.000529304564089141,-0.80698699610503,0.114,0.318,1
"RPS6KA3",0.000531899143986091,-0.491660205013513,0.373,0.682,1
"NDUFAF1",0.000532207290712475,-1.7465062132127,0.066,0.227,1
"PCBP1",0.000537838138375157,-0.469046019506062,0.699,0.894,1
"SUPT5H",0.000538533340848892,-0.631148528400765,0.229,0.515,1
"LMAN1",0.000539379530525475,-0.677995231828618,0.199,0.47,1
"PDCD5",0.000549005227441989,-1.31272367083999,0.084,0.258,1
"RNF213",0.000552022675922905,-0.424679628673494,0.47,0.833,1
"YME1L1",0.000552924713008907,-0.576786050777428,0.289,0.606,1
"MAPKAPK5-AS1",0.000553054486130986,-1.10667271538116,0.09,0.273,1
"SLC35E2B",0.000554389042718383,-0.3768942686384,0.301,0.652,1
"EMC8",0.00056018089719704,-0.736582474175975,0.06,0.227,1
"MCUB",0.000568714195623585,-0.689668378612519,0.163,0.409,1
"SNX9",0.000569818588077476,-0.460759678807743,0.301,0.621,1
"PSMG2",0.000570120144914485,-0.774185065440553,0.193,0.439,1
"ILF2",0.00057842745300079,-0.537768997174268,0.259,0.545,1
"ACTR6",0.000578651056698416,-0.825093209532632,0.084,0.273,1
"SPRED2",0.000582454533178697,-1.13946839869024,0.06,0.212,1
"POLR2B",0.000582882183526817,-0.336167251274894,0.139,0.379,1
"H2BC18",0.000585016242710041,-1.75661963722349,0.036,0.167,1
"POLR3K",0.000587075175872991,-1.41104238724122,0.102,0.288,1
"ELMOD2",0.000591288770704297,-1.01070275063045,0.042,0.182,1
"USP19",0.000594583253917292,-1.10525935608289,0.102,0.288,1
"KMT2B",0.000596984661668895,-0.63742222766442,0.169,0.424,1
"LMAN2",0.000599641737153108,-0.819044355570498,0.151,0.364,1
"ST3GAL4",0.000606100252539747,-2.29717668838288,0.036,0.167,1
"PSMC4",0.00060639572344842,-0.738681870988088,0.145,0.364,1
"LHFPL2",0.000608632011208582,-1.15081555352228,0.127,0.333,1
"COG7",0.000611503516909497,-1.73434485060386,0.042,0.182,1
"WDR41",0.00061267473162303,-0.700387652881404,0.114,0.318,1
"ARFGAP3",0.000613436379436893,-0.568355715020835,0.199,0.455,1
"TAX1BP3",0.00061458954325511,-1.08182785179174,0.09,0.273,1
"FECH",0.000621850337886797,-1.66257467319191,0.042,0.182,1
"CDH23",0.000624023944865182,-2.49937641738025,0.054,0.197,1
"P2RY1",0.000624783541979526,-2.29498840983493,0.03,0.152,1
"LARP7",0.000625028077393766,-0.70799951548694,0.301,0.606,1
"MSC-AS1",0.000625148838905365,-3.61482978393825,0.006,0.091,1
"RNLS",0.000625148838905365,-4.62576770241788,0.006,0.091,1
"IMMP1L",0.000635021029487608,-1.08981774852428,0.072,0.242,1
"FAAH",0.000639055627551098,-1.74533333341122,0.036,0.167,1
"ENTPD4",0.000642019888522801,-0.372480870220977,0.229,0.515,1
"ENSG00000269937",0.000642176609241201,-3.58384101506376,0.006,0.091,1
"GLMP",0.000642176609241201,-3.84022214917162,0.006,0.091,1
"PLTP",0.000642176609241201,-4.19935807154488,0.006,0.091,1
"SLC43A3",0.000653876365242266,-1.60363343299736,0.042,0.182,1
"DNAAF9",0.000657905308368346,-0.75877753772486,0.102,0.288,1
"ELF4",0.000665757569371409,-1.04945041923851,0.157,0.379,1
"SNX22",0.000666410512250157,3.38804764969281,0.229,0.045,1
"RPE",0.000668808450739166,-1.49438176860183,0.078,0.242,1
"AIP",0.000671203904134402,-0.445547176012006,0.127,0.348,1
"RBM4B",0.000676625469435689,-1.27404226746434,0.078,0.258,1
"LAPTM4B",0.000677533801200066,-3.11873118971208,0.006,0.091,1
"RNF7",0.000678531074190538,-0.872552019973823,0.145,0.364,1
"ZNF124",0.000681017676229885,-0.21555346264688,0.054,0.212,1
"CNTROB",0.000681195144397941,-0.793013289350191,0.072,0.242,1
"PRKD2",0.000681941660117063,3.21067503687266,0.211,0.03,1
"UBC",0.000683705515276504,-0.567185739986219,0.536,0.833,1
"DAP",0.000687913520189233,-0.765718581855074,0.133,0.348,1
"DEGS1",0.000690281384650502,-0.191090994622599,0.163,0.409,1
"H2BC4",0.000691867019509826,-1.22353904707658,0.102,0.288,1
"PARVB",0.000692455111251115,-1.05884534399407,0.127,0.333,1
"ARPC3",0.000695762158145906,-0.589732282463129,0.62,0.894,1
"ARMCX1",0.000695883284749183,-3.23745030131941,0.006,0.091,1
"POMZP3",0.000695883284749183,-3.15424242373099,0.006,0.091,1
"XAF1",0.000698858081404107,1.26072640926263,0.693,0.697,1
"ASAH1",0.000701145763123976,-1.0298517752798,0.175,0.394,1
"G6PC3",0.000704748324957697,-1.03266442679848,0.127,0.318,1
"STING1",0.000708600928308807,-3.12181029718917,0.024,0.136,1
"SLC33A1",0.000708879155332365,-0.541999969068537,0.096,0.288,1
"CADM4",0.000710023909065068,-2.0304935591449,0.036,0.167,1
"CLTB",0.000710023909065068,-1.74809709145023,0.036,0.167,1
"TOMM40L",0.000714693742733976,-2.44436121313707,0.006,0.091,1
"LYRM7",0.000717119516441664,-0.661888471870805,0.139,0.364,1
"CD82",0.000717137632861154,2.34576810238109,0.343,0.152,1
"NOP16",0.000722540898458377,-1.72714481685207,0.036,0.167,1
"LAGE3",0.000725044208201988,-2.10213381058853,0.03,0.152,1
"ASF1A",0.000725573245865064,-0.670614115044914,0.102,0.303,1
"C9orf85",0.000725777923917046,-0.597820107786561,0.12,0.333,1
"UHRF1BP1L",0.000726045214032843,-1.00451746434934,0.108,0.303,1
"C2orf88",0.000733975723512849,-2.85813338778241,0.006,0.091,1
"ENSG00000270659",0.000733975723512849,-1.07037425617693,0.006,0.091,1
"F13A1",0.000733975723512849,-2.355383332816,0.006,0.091,1
"STARD9",0.000733975723512849,-1.99066782063164,0.006,0.091,1
"TAF5",0.000733975723512849,-2.34493326759016,0.006,0.091,1
"FLOT1",0.000734117589041017,-0.586854856232392,0.187,0.424,1
"SAMM50",0.00073466243027703,-1.64949843825538,0.042,0.182,1
"CLCN3",0.000742264752972092,-0.645453242043621,0.151,0.379,1
"SLC40A1",0.000751926466100271,-2.51939423779681,0.024,0.136,1
"NCSTN",0.000752107674151475,-0.840397010813115,0.193,0.439,1
"HHLA3",0.000752345887617712,-1.95793478401602,0.03,0.152,1
"COPS5",0.0007552017828276,-1.18898840249129,0.096,0.288,1
"POLE3",0.000758482504615071,-0.617008955101936,0.235,0.515,1
"CIAO2B",0.000761157111899133,-0.682536830936904,0.175,0.409,1
"MED20",0.000761332559498419,-1.17473408674994,0.036,0.167,1
"RSL24D1",0.000761418973867359,-0.822351065541875,0.211,0.455,1
"TSEN34",0.000768889164312587,-0.775759975363961,0.127,0.333,1
"SNAPC3",0.000771786491081792,-0.334602316456562,0.102,0.303,1
"PLA2G4A",0.000774686982521315,-1.17769492701892,0.036,0.167,1
"SUPT7L",0.000777849022160982,-0.466915339998348,0.127,0.333,1
"ENSG00000284719",0.000778685662814571,-3.34606963462489,0.012,0.106,1
"ENSG00000226816",0.000782386484076037,-2.85174615262771,0.018,0.121,1
"SMIM19",0.000784250167464617,-0.773406751962426,0.145,0.364,1
"WDR64",0.000788258594539507,-1.55436674667642,0.036,0.167,1
"MOCS2",0.000788918076866508,-0.539413703403352,0.133,0.348,1
"TRAM1",0.00079681823167241,-0.502444718066006,0.428,0.788,1
"BAZ1A",0.000797166164966147,-0.597348562598337,0.404,0.712,1
"TULP4",0.000797866752784536,-0.518632615268873,0.127,0.348,1
"MDH2",0.000797928351084715,-0.765350328650915,0.133,0.348,1
"CISD2",0.000799414848013232,-1.38875554294575,0.078,0.242,1
"SMCHD1",0.000801859315052289,2.00394751947011,0.518,0.409,1
"TXN2",0.00080773695854059,-0.972860529375757,0.09,0.273,1
"NEK8",0.000808051170282815,-0.35440310870503,0.205,0.47,1
"SOX5",0.000809835785974191,-0.751172876688952,0.03,0.152,1
"ADNP",0.000810000338266552,-0.562726480637719,0.151,0.379,1
"SLC10A3",0.000816026681033713,-3.07757021062978,0.012,0.106,1
"SCAMP2",0.000823505983234462,-0.520453302235387,0.247,0.53,1
"OGA",0.000824797221062926,1.39991049495174,0.59,0.485,1
"COMMD9",0.000827613656883507,-1.35132536035167,0.072,0.242,1
"TPM4",0.000829171420616511,-0.412123819696255,0.422,0.758,1
"TNFRSF1A",0.000829814918613478,-2.0217668745884,0.048,0.182,1
"RBPMS",0.000833904254838323,-3.00133333113294,0.018,0.121,1
"ARMCX3",0.000834545317451635,-0.984693704579995,0.12,0.318,1
"CDKN2C",0.000835313974786852,-3.00263389593786,0.012,0.106,1
"EPDR1",0.000835313974786852,-2.99268406692149,0.012,0.106,1
"RTKN",0.000835313974786852,-2.79308807924086,0.012,0.106,1
"SPATA13",0.000840085204529619,-1.22295614220302,0.03,0.152,1
"POLR2L",0.000842911512681562,-0.930886615731444,0.084,0.258,1
"VBP1",0.000845087601409704,-0.971261016692767,0.151,0.364,1
"MPP1",0.000846051121432874,-2.27162226314996,0.024,0.136,1
"FAM43A",0.000849100906377079,-1.77966104637884,0.271,0.515,1
"COX5B",0.000850503643806487,-0.430510607775155,0.108,0.303,1
"GEN1",0.000854365782385653,-0.929101216522919,0.12,0.318,1
"DMAC1",0.000855599837958622,-1.46936873717409,0.03,0.152,1
"PRR34-AS1",0.000855599837958622,-2.11484509930924,0.03,0.152,1
"PGLS",0.000856979340956462,-0.689491740582748,0.114,0.318,1
"DNAJC24",0.000859150165926149,-1.37094597453298,0.06,0.212,1
"SQOR",0.000862762439408862,-1.77100189358389,0.024,0.136,1
"ALG3",0.000867354283896096,-1.51346879004264,0.078,0.242,1
"IGF2BP2",0.000869978909048991,-2.61921089236842,0.018,0.121,1
"PXN",0.000869978909048991,-2.32255178003203,0.018,0.121,1
"UBAC2",0.000871186403117639,-0.816790424280885,0.181,0.424,1
"RSKR",0.000871255185284542,-1.2674122541324,0.096,0.273,1
"SPCS2",0.000874120817102289,-0.661152795889078,0.392,0.697,1
"C11orf71",0.000874432217042331,-0.912145236028987,0.036,0.167,1
"ENSG00000286288",0.000875163377637055,-2.33220682888733,0.012,0.106,1
"CCT6A",0.000875717227632468,-0.733831071377452,0.259,0.53,1
"PALD1",0.000879151834855085,-1.19174231651486,0.133,0.333,1
"SORT1",0.000879779398208275,-1.89233797899383,0.024,0.136,1
"COX6B1",0.000881046703706095,-0.518319503392429,0.319,0.636,1
"CDR2",0.000883012849816198,-0.642831883451706,0.127,0.333,1
"ATG3",0.000883734604756464,-0.627995047157781,0.09,0.273,1
"HESX1",0.00088470007293832,-2.63183729291776,0.048,0.182,1
"ARFGAP2",0.000884834258582093,-1.46507664667355,0.06,0.212,1
"ENSG00000275119",0.000887429291419389,-1.29974988611505,0.03,0.152,1
"PPIL1",0.000887429291419389,-1.76673541821103,0.03,0.152,1
"CALCRL",0.00088855392246656,-2.51848834144072,0.018,0.121,1
"LY96",0.000888757861525058,-1.20103349900801,0.114,0.303,1
"CD59",0.000895742420504891,-2.63972129790772,0.012,0.106,1
"FUZ",0.000895742420504891,-2.54457490403516,0.012,0.106,1
"TENT5C",0.000896019199192498,5.6172744378377,0.151,0,1
"MYADM",0.000900141510431461,-1.29382264337257,0.151,0.348,1
"KIRREL3",0.000904766731142871,-1.73806562242987,0.054,0.197,1
"HTT",0.000905036519555593,-0.119701007835283,0.102,0.303,1
"ODR4",0.000906635637180231,-0.637923444240778,0.09,0.273,1
"PDXDC1",0.000906635637180231,-0.983836161488448,0.09,0.273,1
"HEMK1",0.000907496002021689,-2.09450477019682,0.018,0.121,1
"STN1",0.000907496002021689,-2.56704616142662,0.018,0.121,1
"TPST2",0.000910898388123892,-0.93737165082089,0.139,0.348,1
"THUMPD3",0.000911228591565674,-1.13537560201547,0.06,0.212,1
"ENSG00000287684",0.000920353431117521,-0.480171972754134,0.03,0.152,1
"TRMT5",0.000920721079553068,-1.05201541704303,0.036,0.167,1
"ATP6V1D",0.000924416969651299,-0.678651541556282,0.127,0.333,1
"TMEM30A",0.000925957132883896,-0.708580971976409,0.199,0.455,1
"ACCS",0.000926811731815696,-2.8686520580952,0.018,0.121,1
"SEC23B",0.000930486438644478,-0.844020377844081,0.133,0.333,1
"PABIR2",0.00093081426123809,-0.46793304399686,0.114,0.318,1
"ENSG00000291138",0.000932715263790649,-1.47199971933078,0.024,0.136,1
"RALGDS",0.000932715263790649,-2.24397592733657,0.024,0.136,1
"ATP23",0.000938252637184678,-2.55936229795713,0.012,0.106,1
"GMPR",0.000938252637184678,-2.47225844651701,0.012,0.106,1
"DHX16",0.000938350979423611,-1.33729343228725,0.06,0.212,1
"FKBP15",0.000941895336658755,-0.759413246398884,0.175,0.409,1
"ENSG00000287190",0.000942934419994813,-2.30060483700117,0.048,0.182,1
"SLC12A7",0.000942934419994813,-1.94268875947657,0.048,0.182,1
"PYCR2",0.000949077889029353,-1.12132851188326,0.12,0.318,1
"DDX21",0.000951927087625393,-0.523481528511117,0.392,0.727,1
"ENSG00000273338",0.000954406381580342,-1.647131136988,0.03,0.152,1
"MED24",0.000957182479111161,-0.529343888543334,0.127,0.348,1
"RBKS",0.000960201644645542,-2.22014857375954,0.012,0.106,1
"SPCS3-AS1",0.000960201644645542,-2.29360021845221,0.012,0.106,1
"PNP",0.000961112564277297,-0.55476855061329,0.199,0.439,1
"PSMB7",0.000965946956206399,-0.644564045364829,0.108,0.318,1
"IGF1R",0.000966590998452902,-1.62962023169708,0.018,0.121,1
"STK11",0.000966590998452902,-1.94165252315112,0.018,0.121,1
"UNC119",0.000975904781102618,-1.17752108066876,0.096,0.273,1
"HM13",0.000980365098973547,-0.381450285044431,0.199,0.439,1
"GEMIN2",0.000988589175534425,-1.88256735790453,0.024,0.136,1
"CARMIL1",0.000989623199676501,-1.02993040519269,0.03,0.152,1
"SEPTIN2",0.000991844571724279,-0.389167706416355,0.446,0.788,1
"DTX2P1-UPK3BP1-PMS2P11",0.0010079464937642,-1.40982451207369,0.018,0.121,1
"HMGCR",0.0010079464937642,-1.79183299873697,0.018,0.121,1
"PAIP2",0.00100869845458076,-0.518237805672419,0.392,0.667,1
"LTV1",0.00101181856792288,-0.909993445121802,0.145,0.348,1
"ZNF710",0.00101580508992628,-1.04386307542779,0.102,0.288,1
"ZYX",0.00101839035640989,-0.975898942109812,0.223,0.455,1
"ISG15",0.00101957257815933,-1.37908864894079,0.078,0.242,1
"BRK1",0.00102071483069811,-0.523759673380654,0.367,0.697,1
"H2BC15",0.00102071947859764,-1.94928553852799,0.048,0.182,1
"SEC61A1",0.00102179830657172,-1.60095193071641,0.054,0.197,1
"ZNF41",0.00102754320728795,-2.11513131958932,0.024,0.136,1
"RAB1A",0.00102858140977539,-0.339885500719772,0.337,0.667,1
"TMED5",0.00102863935628911,-0.506645394848077,0.253,0.545,1
"NUDCD2",0.00103331381559325,-1.07763932659576,0.078,0.242,1
"SIGLEC5",0.00104133883583774,-0.990635721071835,0.12,0.318,1
"WDR61",0.0010457008648958,-0.611437796100255,0.066,0.227,1
"BAIAP2L1",0.00105449124081118,-1.27177949900678,0.06,0.212,1
"PRRC2C",0.00106252898721941,0.773926970307721,0.801,0.788,1
"H2BC5",0.00106278424197155,-0.581855884250529,0.217,0.439,1
"MSN",0.00106363054000448,1.89341471874515,0.422,0.258,1
"HCCS",0.00106521910632876,-1.15203517327851,0.096,0.273,1
"HS3ST1",0.0010679136460943,-1.67792961556408,0.024,0.136,1
"POLR2I",0.0010679136460943,-1.86303620932345,0.024,0.136,1
"EID1",0.00107320561175435,-0.404407108203353,0.355,0.682,1
"PPP2CB",0.00107615218243389,-0.351247892430385,0.163,0.379,1
"PTTG1IP",0.00108045502932964,-1.12176567016397,0.139,0.333,1
"BTLA",0.00108505829325016,-0.125208573217845,0.253,0.53,1
"MRPL17",0.00108542945471203,-1.47546201562658,0.054,0.197,1
"FAM120AOS",0.00109051898263331,-0.931311731110588,0.12,0.318,1
"ATOX1",0.00109056383357971,-0.270060756805005,0.066,0.227,1
"CCT2",0.00109535341500251,-0.418025400758428,0.241,0.515,1
"CRY1",0.00109561392286331,-1.4684644155133,0.018,0.121,1
"COX10-DT",0.00110137201764287,-1.18200847491146,0.06,0.212,1
"ZNF212",0.00110262185352657,-0.467602476213795,0.03,0.152,1
"TBXAS1",0.00110462714718522,-0.827406745658128,0.078,0.242,1
"NT5DC1",0.00110947967808759,-0.24862479704703,0.169,0.409,1
"MRFAP1",0.00111290025345105,-0.761655848962726,0.193,0.424,1
"TSPAN31",0.00111637370889983,-0.996937366580277,0.145,0.348,1
"ADCK1",0.0011186063508702,-1.25329826154687,0.018,0.121,1
"MT-CO1",0.00112348639987705,0.207946413108846,1,1,1
"STAMBPL1",0.00112400422984986,-0.606324246603096,0.193,0.424,1
"DNAJC7",0.00112456258772861,-0.530712211690843,0.289,0.606,1
"PPP1R2",0.0011255471645197,-0.373890154602263,0.265,0.561,1
"DCTD",0.00113226681868511,-0.58206922361296,0.223,0.485,1
"LSM4",0.00113440603287675,-0.888015862997331,0.078,0.242,1
"CEP78",0.00113720118719295,-0.616716764258007,0.066,0.227,1
"WIPF2",0.00114817258485263,-0.262494745603751,0.205,0.47,1
"C11orf24",0.00114957217401596,-1.00515426439728,0.078,0.242,1
"BOLA3",0.00115017378011754,-1.18543751117376,0.06,0.212,1
"HSH2D",0.00115431802954667,1.12715627401831,0.47,0.273,1
"ENSG00000289298",0.00115762059343554,-1.2279722209521,0.048,0.182,1
"EIF2B3",0.00116020173582494,-1.58524967260407,0.042,0.167,1
"ARID2",0.00116329245345836,-0.665823845714289,0.229,0.485,1
"RASA3",0.00116688013001647,5.22865839156664,0.145,0,1
"SLC26A11",0.00116688013001647,5.02575851435089,0.145,0,1
"WWC3",0.00116688013001647,5.64328224475185,0.145,0,1
"MRPL41",0.00116762663658731,-0.244044233901968,0.175,0.409,1
"NDUFAF3",0.00116774459857762,-0.962969716188389,0.084,0.258,1
"NIPA1",0.00117012953156251,-0.83369934948041,0.163,0.379,1
"HSPB11",0.00117222922353788,-0.700029386654275,0.169,0.394,1
"VEZF1",0.00117257848592776,-0.449283503091287,0.247,0.515,1
"TPMT",0.00117551835263691,-0.929818110925655,0.066,0.212,1
"STYX",0.00118045454207035,-0.555638583129349,0.133,0.348,1
"UBE2E2",0.00118437109935682,-0.419344224252689,0.235,0.5,1
"ALG5",0.00120396587081256,-0.744202669853137,0.102,0.288,1
"NLRP1",0.00120597918993723,4.51311278129754,0.193,0.03,1
"MRPS14",0.00120912906273868,-0.635827545826292,0.12,0.318,1
"PRELID3B",0.00120912906273868,-0.668108555976541,0.12,0.318,1
"SMARCB1",0.00121454480629399,-0.526986181161905,0.193,0.439,1
"LINC00667",0.00121760788955163,-0.787021442811413,0.145,0.348,1
"UBA5",0.00122096187592268,-1.03115030732285,0.096,0.273,1
"RNASEL",0.00122300451118962,-1.19673591678452,0.09,0.258,1
"KIF1B",0.00123919436455695,-1.51151303945415,0.072,0.227,1
"EEF2K",0.00124015269865021,-1.00739298318101,0.127,0.318,1
"LPCAT4",0.0012403399261905,-1.4368642657982,0.102,0.273,1
"CTSS",0.00124125081346851,-0.44958804488359,0.717,0.909,1
"YBX3",0.00125144430878931,3.85121581443429,0.193,0.03,1
"LINC00910",0.00125617529363113,-1.16262953546075,0.072,0.227,1
"RIOX2",0.00126109573401973,-0.779561241630976,0.078,0.242,1
"DECR1",0.00126358242482775,-0.667722151393668,0.181,0.409,1
"PEF1",0.00126694762895218,-0.885436941274359,0.096,0.273,1
"SLC39A6",0.00126747381996455,-1.12792055994592,0.108,0.288,1
"GTF2A1",0.00126854820607149,-0.502969399120587,0.127,0.333,1
"IDNK",0.00127122420212944,-1.54651928487477,0.048,0.182,1
"CAMK2D",0.00127134465840397,2.88489106502727,0.253,0.076,1
"CPPED1",0.00127337084540067,-0.674436203938368,0.072,0.227,1
"PFKFB3",0.00127337084540067,-1.28339280360932,0.072,0.227,1
"NOTCH2",0.001275486999908,-0.556791114682196,0.271,0.545,1
"CCDC14",0.00128022371485611,-0.85065960702904,0.114,0.303,1
"PPHLN1",0.00128911057368541,-0.313988398661138,0.313,0.667,1
"LRRC8D",0.00129025067010153,-0.797458951945669,0.06,0.212,1
"ARCN1",0.00129174796336201,-0.666678491563151,0.157,0.379,1
"FUBP3",0.00130882666822892,-0.314495545172232,0.06,0.212,1
"CR2",0.00131381413963555,2.75439204359473,0.175,0.015,1
"TRANK1",0.00132640053289386,2.82414133304537,0.235,0.061,1
"BRI3BP",0.00132744471506093,-0.806146033292035,0.151,0.364,1
"NAA40",0.00132744471506093,-0.6587042974013,0.151,0.364,1
"TXNL4A",0.00133270546201966,-0.893614749949489,0.175,0.394,1
"ADCY3",0.00133407849780564,-1.0439442127555,0.102,0.273,1
"EIF3F",0.0013357851532892,-0.637551155840895,0.392,0.667,1
"ZCCHC7",0.00133905263488677,1.93437726656678,0.464,0.288,1
"CHAF1A",0.0013412391402955,-0.937963583080499,0.133,0.318,1
"ADA2",0.00134549945954106,-0.605986649710772,0.38,0.712,1
"EIF4ENIF1",0.00135304408345412,-0.447595339333055,0.163,0.379,1
"PIK3CG",0.00135515075559502,-0.58304111046706,0.181,0.409,1
"RASGRP2",0.00135584582863459,1.71470478031221,0.416,0.242,1
"VSIR",0.00135810499427597,-0.681797089813948,0.054,0.197,1
"SREK1IP1",0.00135991423782397,-0.542533242915092,0.175,0.394,1
"EMC2",0.00136138606314158,-0.229336786493485,0.066,0.227,1
"R3HDM1",0.00137040789732516,-0.514496584235619,0.187,0.424,1
"AUTS2",0.00138149406207179,-0.622464332298824,0.247,0.515,1
"S100PBP",0.00139421819692325,-0.763687709435901,0.205,0.439,1
"EIF2A",0.00139779221401715,-0.408226405086781,0.181,0.424,1
"RPL37",0.00140999420293683,-0.291453748646829,0.976,0.985,1
"TASP1",0.00141464124689431,-0.758851732734525,0.084,0.258,1
"TMEM19",0.00141676134573065,-0.659818404626801,0.211,0.455,1
"RWDD4",0.00142556427919567,-1.20933458227435,0.06,0.212,1
"RPL41",0.00143076666998448,-0.360349507914083,0.952,0.97,1
"AKR1C3",0.00143416085151141,-4.18547046862417,0,0.061,1
"ALDH4A1",0.00143416085151141,-4.29235449188594,0,0.061,1
"ANKRD50",0.00143416085151141,-4.22467600231011,0,0.061,1
"BICDL1",0.00143416085151141,-4.37003472654494,0,0.061,1
"BVES",0.00143416085151141,-4.05472348847426,0,0.061,1
"CACNA1F",0.00143416085151141,-4.79240193825883,0,0.061,1
"CATSPERG",0.00143416085151141,-6.26737421631679,0,0.061,1
"CCDC200",0.00143416085151141,-3.90129757190036,0,0.061,1
"DNAL1",0.00143416085151141,-3.87424564810692,0,0.061,1
"EHHADH",0.00143416085151141,-4.15260454170908,0,0.061,1
"ENSG00000226149",0.00143416085151141,-5.15555195713465,0,0.061,1
"ENSG00000262370",0.00143416085151141,-4.45228592850246,0,0.061,1
"ENSG00000268403",0.00143416085151141,-4.19773071295934,0,0.061,1
"ENSG00000290051",0.00143416085151141,-4.87508977853943,0,0.061,1
"ENSG00000290469",0.00143416085151141,-4.22115500301323,0,0.061,1
"FAM106A",0.00143416085151141,-4.1366158948387,0,0.061,1
"FAM20A",0.00143416085151141,-4.14169558873665,0,0.061,1
"FAM214B",0.00143416085151141,-3.82421642626712,0,0.061,1
"H3-7",0.00143416085151141,-3.91973572212303,0,0.061,1
"LINC01150",0.00143416085151141,-3.81992700512681,0,0.061,1
"LINC01393",0.00143416085151141,-4.17370729771885,0,0.061,1
"MKLN1-AS",0.00143416085151141,-3.74689901988814,0,0.061,1
"MZF1-AS1",0.00143416085151141,-4.03982165410371,0,0.061,1
"OBSL1",0.00143416085151141,-4.47546338615778,0,0.061,1
"RGS12",0.00143416085151141,-5.04792885744225,0,0.061,1
"SDF2L1",0.00143416085151141,-3.30685195236419,0,0.061,1
"SPRTN",0.00143416085151141,-3.85030788113041,0,0.061,1
"SPTY2D1OS",0.00143416085151141,-3.9952350352084,0,0.061,1
"TGFBR3",0.00143416085151141,-3.95811333276146,0,0.061,1
"UNC5CL",0.00143416085151141,-3.64288596924719,0,0.061,1
"SLC32A1",0.00143416085151141,-4.10785245853755,0,0.061,1
"AASDHPPT",0.00143927801393697,-0.309954848476814,0.211,0.47,1
"TTN",0.00144958586766838,3.70573290633334,0.193,0.03,1
"HNRNPA2B1",0.00145675296139663,-0.318247503256686,0.843,0.985,1
"SMIM26",0.00147280223879996,-0.698289745804024,0.163,0.394,1
"PIK3R5",0.00147692753237504,-0.539088647730634,0.199,0.439,1
"GUK1",0.00147740494374723,-0.493081830345428,0.072,0.227,1
"ENSG00000286550",0.00148102257364175,-1.63726115632149,0.042,0.167,1
"HLA-E",0.00148280758991688,0.511195103245973,0.928,0.924,1
"YIF1B",0.00148366896036047,-1.46173920327181,0.048,0.182,1
"ARPC1A",0.00149179733238189,-1.41840385673649,0.066,0.212,1
"LINC01278",0.00149179733238189,-1.22761643076222,0.066,0.212,1
"TMEM167B",0.00149295095829322,-0.407646140890564,0.139,0.364,1
"SEC23A",0.00149316709858139,-0.476808752493533,0.157,0.364,1
"RCBTB1",0.0015050787473981,-1.77474872176713,0.042,0.167,1
"EZR",0.00150630849321842,1.45603501959961,0.524,0.409,1
"HERC6",0.00151741526831604,5.23378588979352,0.139,0,1
"IGLC2",0.00151741526831604,7.26414598088763,0.139,0,1
"ZFHX3",0.00151759155892848,-0.823538257076986,0.072,0.227,1
"RIPOR2",0.00152551484816227,0.777083773014894,0.783,0.818,1
"TRAF5",0.00153364169369989,2.26262011690213,0.313,0.136,1
"SLC11A2",0.00155351118531126,-1.30852360201894,0.048,0.182,1
"HSPH1",0.00155682543085388,-0.308578488318759,0.307,0.621,1
"IFNAR1",0.00156835078785437,-0.299203435884463,0.337,0.682,1
"MEA1",0.0015829839032186,-1.11818102425015,0.084,0.242,1
"ERCC6L2",0.00158299826134139,-0.405822270139595,0.127,0.333,1
"ACLY",0.00158451876280635,-0.928819528592799,0.139,0.333,1
"UBB",0.00159012808672095,-0.459656161439999,0.536,0.848,1
"RAB18",0.00159330817994986,-0.355441936598254,0.175,0.409,1
"CAAP1",0.00160100165543429,-0.98846663110261,0.072,0.227,1
"PKIG",0.00160239214999078,2.82041868794306,0.301,0.136,1
"POMGNT1",0.00160494715906554,-1.59013223059627,0.042,0.167,1
"PAK2",0.00161689676033426,-0.513426681983379,0.398,0.712,1
"ARF4",0.00161818781461389,-0.6590764341301,0.313,0.591,1
"ZNF746",0.00162032114489243,-0.50149994173645,0.054,0.197,1
"PFDN4",0.00162264215546836,-0.367383390057454,0.108,0.288,1
"RASGRP3",0.00163004209819613,2.19648827738944,0.217,0.045,1
"LRRC26",0.00163032064775915,-1.85290756257144,0.06,0.197,1
"ZUP1",0.00163118199531356,-0.843610264714518,0.09,0.258,1
"PBRM1",0.00163617526380619,-0.35982113660669,0.265,0.545,1
"AKT1",0.00163899863063877,-0.947443020175084,0.157,0.364,1
"TMEM94",0.00164427069653163,-0.877679787024683,0.072,0.227,1
"UQCC1",0.00164427069653163,-0.789991054274509,0.072,0.227,1
"VMP1",0.00165098746198538,-0.490510128456778,0.301,0.576,1
"MRPL4",0.00165134642499228,-1.35094739962428,0.048,0.182,1
"GGNBP2",0.00166178160827875,-0.190950171874794,0.428,0.818,1
"DNAJC8",0.00167568517740178,-0.695433249435107,0.241,0.5,1
"SRD5A1",0.00167760927799453,-1.64697394600755,0.06,0.197,1
"ZNF852",0.0016869962362822,-1.06028973932312,0.084,0.242,1
"PRPF19",0.00168861350693563,-1.03326205536078,0.072,0.227,1
"COPS3",0.00168936168523028,-1.21772839523977,0.066,0.212,1
"PGM2L1",0.00169278542778696,-0.567056441646968,0.054,0.197,1
"FCF1",0.00169421747562806,-0.483866454671822,0.139,0.348,1
"ASB8",0.00169493516615181,-0.853600409439573,0.127,0.318,1
"C1D",0.00169593420487636,-0.666193793843748,0.12,0.318,1
"SETD3",0.00169989817430365,-0.986047356254697,0.108,0.288,1
"TBC1D23",0.00170236160946365,-0.854928301425409,0.048,0.182,1
"MRPL20",0.00170723513451275,-0.84283101656085,0.235,0.47,1
"GRINA",0.00171581722653572,-0.660737653270438,0.181,0.394,1
"NUBP1",0.00171759496930402,-0.529683479672784,0.054,0.197,1
"VPS37A",0.00173039039623215,-0.608580230116518,0.084,0.258,1
"DOCK2",0.00173359351892958,-0.365036067929776,0.458,0.864,1
"OSTM1",0.00173446043910724,-0.667838328272145,0.181,0.409,1
"COTL1",0.00174431704249563,1.30349071200786,0.38,0.182,1
"CD74",0.00174981779527879,-0.207804692971821,0.994,1,1
"SLC25A20",0.00176038819097423,-0.927229696464649,0.066,0.212,1
"HPS3",0.00176766845562631,-0.290251379316338,0.139,0.348,1
"TMEM128",0.00177097710686513,-0.770466272938329,0.12,0.303,1
"FASTKD1",0.00177861512075089,-1.18010206444206,0.157,0.348,1
"TMEM183A",0.00178512122465658,-0.884564402998608,0.133,0.318,1
"ANXA11",0.00180583969874774,-0.495163454118248,0.355,0.652,1
"ENSG00000291003",0.00182331412327181,-0.476917843519399,0.337,0.621,1
"TIPRL",0.00182583088600928,-0.515198593266864,0.114,0.303,1
"HINT3",0.00182832575641826,-1.19531982487419,0.072,0.227,1
"SAT2",0.00183630639342174,-1.16330751702917,0.048,0.182,1
"CD63",0.00184388527870046,-0.704894467378822,0.145,0.348,1
"PACRGL",0.00185234040121856,-0.886782098717978,0.042,0.167,1
"RRP8",0.00185234040121856,-1.45708795354403,0.042,0.167,1
"GLA",0.00185261834534763,-0.795403706795275,0.072,0.227,1
"STK38L",0.00185323219038323,-1.72890899450695,0.06,0.197,1
"LSM12",0.00185350844159349,-0.415506551511435,0.151,0.364,1
"ENSG00000261526",0.00185821809643039,-2.37006921842115,0.036,0.152,1
"COPS4",0.00185936268294955,-1.61810784057851,0.066,0.212,1
"COA4",0.00186236040316538,-0.574291880700116,0.12,0.303,1
"EXOSC3",0.00186423086884253,-0.805582680433493,0.048,0.182,1
"TRAF7",0.00186423086884253,-0.785531357321508,0.048,0.182,1
"PSMD10",0.00186431996454303,-0.687275959964736,0.133,0.318,1
"MGAT2",0.00186465297183442,-0.793173435546683,0.108,0.288,1
"RPS19BP1",0.00188189032916612,-1.38421425155072,0.042,0.167,1
"TNFRSF17",0.00188489251368909,-1.13414058684894,0.066,0.212,1
"GEMIN8",0.00188952609340049,-1.42680017892565,0.036,0.152,1
"SENP2",0.00189149642053471,-0.91258650443134,0.127,0.318,1
"AFF3",0.00189475899091061,1.45342937477342,0.608,0.53,1
"PARP10",0.00190209542603886,-0.756156748049951,0.072,0.227,1
"BSPRY",0.0019107439601157,-1.43830037717874,0.066,0.212,1
"ACSL3",0.00191563436276604,-0.5953398767103,0.12,0.318,1
"BBLN",0.00192125355479973,-1.21987416632842,0.048,0.182,1
"MRPL19",0.00193012890311323,-0.795797735615172,0.108,0.288,1
"C9orf64",0.00194229317760046,-1.07331575288613,0.042,0.167,1
"MRPL10",0.00194229317760046,-1.3507917139036,0.042,0.167,1
"AHSA1",0.00194719584181356,-0.981023285347244,0.12,0.303,1
"CLPX",0.00197129335406853,-0.514339876494438,0.151,0.364,1
"UGDH",0.00197315748936744,-1.22814797336818,0.042,0.167,1
"THEM4",0.00198543079675957,-0.785084451898702,0.09,0.258,1
"CYRIB",0.00198571320370296,-0.383359718649362,0.428,0.712,1
"TAF9",0.00199026443715037,-0.976824886793198,0.066,0.212,1
"VASH1",0.00200976014373558,-0.972092072816901,0.09,0.258,1
"MAL",0.00201966370542561,-1.19508644446083,0.036,0.152,1
"TTC31",0.00201966370542561,-1.38481723382421,0.036,0.152,1
"INSM1",0.00201966370542561,-1.72584332260483,0.036,0.152,1
"DNAJC13",0.00202023068953895,-0.814540826798117,0.151,0.348,1
"FH",0.00203735144384045,-1.72855187625802,0.078,0.227,1
"LIMD2",0.0020399562396323,1.17444735393337,0.584,0.47,1
"LETMD1",0.00204131880200155,-0.5080109196766,0.127,0.318,1
"CTNNA1",0.00204302343772472,-0.515547290707929,0.114,0.303,1
"KIAA1143",0.0020525239315998,-0.394989369267013,0.133,0.333,1
"HAGH",0.00205356522198838,-0.222053957656359,0.096,0.273,1
"GMPPA",0.00205789863855175,-0.548258953189096,0.072,0.227,1
"AP2M1",0.00205897251458039,-0.450371728210519,0.169,0.394,1
"DNAJC3",0.00207449013912822,-0.568414059194139,0.133,0.333,1
"LGALS9",0.00208876022798169,-0.703744669248552,0.241,0.485,1
"TMEM259",0.00208920991835301,-0.944538796435433,0.114,0.303,1
"FAM81A",0.00209632506528398,-0.832309897728086,0.102,0.273,1
"DCUN1D1",0.00211737279752008,-0.506353479569334,0.151,0.364,1
"AKR1A1",0.00212719349229061,-0.585450866449435,0.193,0.409,1
"LBH",0.00213248606653045,1.84572552020343,0.416,0.273,1
"CREBL2",0.0021401143341174,-0.905072070372116,0.072,0.227,1
"PDIA6",0.0021503660385588,-0.516519806778603,0.289,0.591,1
"PREB",0.00215120050539485,-0.923602151872891,0.12,0.303,1
"RNF122",0.00215848978500536,-0.762191158464936,0.066,0.212,1
"DLAT",0.00216359430458134,-1.20205099819743,0.06,0.197,1
"CHRAC1",0.00216732529714743,-0.377095094117675,0.181,0.409,1
"SLC38A10",0.00216799274778561,-0.823118072049109,0.042,0.167,1
"SPTY2D1",0.00216799274778561,-0.765584234346969,0.042,0.167,1
"EAPP",0.00217405753270907,-0.782293465695579,0.187,0.409,1
"PHF6",0.00217851619839942,-0.408539884076886,0.096,0.273,1
"SPOCK2",0.00218446826457764,1.12541743910014,0.217,0.045,1
"PDIA5",0.00219389019295089,-1.57550873037719,0.036,0.152,1
"ABCF2",0.00220212971340954,-0.867738383673144,0.042,0.167,1
"CNR2",0.00220929976433751,2.24846565259236,0.295,0.121,1
"LRRCC1",0.00221158073031138,-1.33067431497198,0.054,0.182,1
"ACSL4",0.00222694406463253,-0.335196114992615,0.169,0.394,1
"IPO4",0.00223216121944308,-2.06952546104841,0.03,0.136,1
"ANKRD44",0.00223924969833272,1.55901593522728,0.554,0.455,1
"LEO1",0.00225134901292584,-0.416405984742386,0.084,0.242,1
"HEXA",0.00225614538272112,-1.39646041757564,0.06,0.197,1
"CXCR5",0.00225754128495163,2.53411648144171,0.163,0.015,1
"PPP2R5E",0.00225961258076797,0.291121818582743,0.235,0.53,1
"KDM4C",0.00226340832517522,1.43798016499344,0.398,0.227,1
"TRIP6",0.00226882048129539,-2.09797251561136,0.048,0.167,1
"USP5",0.00227188598272463,-0.599454132071061,0.042,0.167,1
"ADH5",0.00228209169417158,-0.84766358265909,0.127,0.303,1
"LPGAT1",0.00228652301112361,-0.496345894508576,0.247,0.485,1
"CORO1B",0.0022877928203343,-1.35872120665098,0.06,0.197,1
"LINC01800",0.0022877928203343,-1.32616891743501,0.06,0.197,1
"ITCH",0.00229268003456016,-0.283054739080844,0.145,0.348,1
"IER3",0.00231168186195218,-1.84023945654275,0.03,0.136,1
"NCF2",0.00231168186195218,-1.59330294907349,0.03,0.136,1
"EFCAB14",0.00231336391552029,-0.324824847422861,0.301,0.621,1
"SMARCAL1",0.00231589436032142,-1.25119043488953,0.078,0.227,1
"MED4",0.00231976923267148,-1.10130761122675,0.157,0.348,1
"GLCE",0.00232688929822252,-1.12118846437414,0.09,0.242,1
"UFD1",0.00233966073089228,-0.94243847674946,0.066,0.212,1
"PDCD4",0.00234108820472549,-0.573448631534393,0.53,0.818,1
"ENSG00000290104",0.00234206377251172,-0.705538090287686,0.181,0.394,1
"RRP12",0.00234307485430218,-1.14507082640511,0.036,0.152,1
"GALNT7",0.00234581852208101,-0.265664661258106,0.187,0.409,1
"FAM102A",0.00235164607641869,3.10826892226302,0.199,0.045,1
"PHB2",0.0023592972215417,-0.581944451228756,0.229,0.485,1
"UBE2K",0.00236043139545101,-0.493584128568747,0.295,0.545,1
"PIGS",0.00237411109123974,-0.698444331793288,0.127,0.318,1
"LINC01580",0.00239283871709604,-2.61876144400865,0.024,0.121,1
"PAPOLG",0.00240307890139266,-0.372860019867093,0.066,0.212,1
"EMC4",0.00241284739063332,-0.503126004813572,0.247,0.515,1
"SF3B5",0.00241528746829026,-0.563799862128993,0.151,0.364,1
"CORO7",0.0024358365889785,-1.70449110673886,0.03,0.136,1
"UBFD1",0.00243676474288494,-0.693344408119016,0.078,0.227,1
"COPZ1",0.00243938030881385,-0.435878014329962,0.277,0.561,1
"MPV17",0.00244371431184742,-0.85981543206823,0.139,0.318,1
"DNAJC30",0.00245221614056252,-1.28431432294082,0.06,0.197,1
"NME1",0.00245221614056252,-1.18033121873175,0.06,0.197,1
"BZW1",0.00245360046182596,-0.471407735548823,0.253,0.515,1
"ARHGDIA",0.00246098427186546,-0.437437425007196,0.319,0.621,1
"FOXRED2",0.00246099773090481,-1.31646861129267,0.036,0.152,1
"ARHGAP23",0.00246137363160556,-3.34777487288054,0.006,0.076,1
"BNIP3",0.00246137363160556,-3.35330364967349,0.006,0.076,1
"INO80D-AS2",0.00246137363160556,-3.52019827368043,0.006,0.076,1
"RAMP2",0.00246137363160556,-3.65119132987536,0.006,0.076,1
"RHOBTB3",0.00246137363160556,-4.03821221403792,0.006,0.076,1
"SETDB1",0.00246290448307943,-0.756927738291029,0.133,0.318,1
"SNRNP27",0.00246944842629711,-0.461533663565576,0.241,0.485,1
"DPY30",0.00247572331387227,-0.317318988967025,0.163,0.379,1
"ELL",0.00248310693156877,-1.50564259181414,0.054,0.182,1
"MFAP1",0.00248310693156877,-1.80492161953732,0.054,0.182,1
"HLA-DQA2",0.00248448540133632,-2.20159876006668,0.048,0.167,1
"PCNT",0.00248508690178912,-0.699557077222295,0.084,0.242,1
"YIPF1",0.00248508690178912,-1.09178408408644,0.084,0.242,1
"PSMD2",0.00248850056448076,-0.522547180365742,0.145,0.348,1
"SIPA1L3",0.00249848145786761,2.19985456993377,0.38,0.227,1
"MRPL13",0.00250116053036871,-0.70016882782646,0.066,0.212,1
"EIF6",0.00250382165042739,-1.08979849369418,0.108,0.273,1
"TRABD",0.00251555482310572,-0.84728893174423,0.133,0.318,1
"GCHFR",0.00252196532653702,-1.68241236454667,0.03,0.136,1
"SH3BP1",0.00252221774109314,-0.974433952639933,0.12,0.288,1
"UBXN4",0.00252395756281538,-0.326029931162799,0.506,0.833,1
"SCML2",0.00252637474249615,-3.21211125173894,0.006,0.076,1
"TLDC2",0.00252637474249615,-3.0329052093982,0.006,0.076,1
"IDH1",0.00252719499945528,-0.388867162363245,0.09,0.258,1
"SCRN1",0.00252908854900935,-0.425054181037832,0.235,0.485,1
"ZNF362",0.00253921919791051,-1.39953745126334,0.072,0.212,1
"CNIH1",0.00255008154923593,-0.978191817474497,0.12,0.288,1
"ENSG00000255240",0.00255559418742704,5.28971740336389,0.127,0,1
"IGHG1",0.00255559418742704,7.97298494499197,0.127,0,1
"UGT8",0.00255559418742704,5.07618994443589,0.127,0,1
"AHNAK",0.00256687738030035,-0.167521841305832,0.349,0.667,1
"ABHD17B",0.00257628726430205,-0.28540271247833,0.139,0.333,1
"PUS3",0.00258432826009023,-0.960267084697713,0.036,0.152,1
"ARPC4",0.00258957373406708,-0.393802810769295,0.337,0.636,1
"NAA25",0.00259011109446676,-0.197091397018121,0.181,0.424,1
"NDC1",0.00259146439198853,-0.882913524881564,0.06,0.197,1
"ENSG00000288067",0.0025929424698106,-3.30784111402645,0.006,0.076,1
"MMRN1",0.0025929424698106,-3.51827172946528,0.006,0.076,1
"MYL11",0.0025929424698106,-3.1406730576913,0.006,0.076,1
"PGBD1",0.0025929424698106,-3.107256388328,0.006,0.076,1
"SLC38A9",0.00259540475956043,-1.18622982488903,0.09,0.242,1
"DIP2A",0.00260665545777984,-0.655324978007708,0.12,0.288,1
"SHC1",0.0026108714067764,-1.45211422791353,0.03,0.136,1
"VKORC1",0.002611793406771,-0.484459167000223,0.102,0.273,1
"GMPR2",0.00262009588351304,-0.908730511044536,0.108,0.273,1
"SSX2IP",0.00262667789634297,-1.15765449559878,0.036,0.152,1
"RBMS3",0.00262691035119717,-2.35905787799342,0.024,0.121,1
"UBL7",0.00262738804753817,-0.934651270164216,0.06,0.197,1
"SLC2A1",0.00263505306451437,-0.441774599005818,0.253,0.53,1
"PROC",0.00263851359929674,-2.32348421394149,0.048,0.167,1
"ENSG00000203565",0.00263955206788501,-3.02235396303522,0.018,0.106,1
"MRPS9",0.0026422366538848,-0.50326003518322,0.084,0.242,1
"SLAMF6",0.00265879729326103,3.96798373103042,0.175,0.03,1
"GOT2",0.00266226447232633,-0.632400271129081,0.078,0.227,1
"PA2G4",0.00266796967998129,-0.480420351500507,0.337,0.591,1
"PRPF8",0.00267695351312754,-0.405997703243861,0.193,0.424,1
"SURF4",0.0026847837666139,-0.687045500489788,0.139,0.318,1
"ARID3A",0.00269481904362934,-0.391307316686876,0.229,0.47,1
"AMZ2P1",0.00270263425867956,-1.54687479060491,0.03,0.136,1
"DERA",0.00270760108121234,-0.740664225601488,0.084,0.242,1
"PLEKHO1",0.00271084440786326,-0.42983458209643,0.241,0.515,1
"RLIM",0.00271432330212329,-0.264590721012132,0.09,0.258,1
"ERCC3",0.00272360204059565,-0.881808344529405,0.09,0.242,1
"CEP112",0.00272626305556324,-1.43464342258596,0.024,0.121,1
"HNRNPF",0.00272879985356137,-0.558108252266991,0.41,0.712,1
"EIF4EBP1",0.00273091245285232,-2.5654937511469,0.006,0.076,1
"ENSG00000288746",0.00273091245285232,-3.12926796686404,0.006,0.076,1
"ENSG00000290796",0.00273091245285232,-3.03533541035591,0.006,0.076,1
"PRKAG1",0.00273091245285232,-3.0162948615303,0.006,0.076,1
"VWA2",0.00273091245285232,-2.99752764232145,0.006,0.076,1
"ZNF35",0.00273091245285232,-2.4664610157478,0.006,0.076,1
"LINC00938",0.00273183400752236,-0.274349010178696,0.163,0.364,1
"SRFBP1",0.00273790765756955,-0.107737691928501,0.06,0.197,1
"STK11IP",0.00273790765756955,-0.891373849190816,0.06,0.197,1
"NAXD",0.00274557253136889,-1.37157337931827,0.072,0.212,1
"AP3M1",0.00276421487126288,-0.2760975397871,0.139,0.348,1
"NHP2",0.00276886709916909,-0.622847889386225,0.151,0.348,1
"CANT1",0.00277568094089032,-0.730545125188446,0.06,0.197,1
"KCTD19",0.00277721618672992,-2.16278530935914,0.024,0.121,1
"ATXN10",0.00277920422291285,-0.63757920367823,0.229,0.455,1
"RSU1",0.00279856436070354,-0.578451679561504,0.205,0.409,1
"ARPIN",0.00280238356703964,-2.81137895214258,0.006,0.076,1
"ENSG00000274253",0.00280238356703964,-1.97700097804702,0.006,0.076,1
"ENTPD3",0.00280238356703964,-2.33805639683232,0.006,0.076,1
"GIPC1",0.00280238356703964,-2.5873314307868,0.006,0.076,1
"GOLGA8N",0.00280238356703964,-2.48551259516184,0.006,0.076,1
"IFTAP",0.00280238356703964,-2.69271840059303,0.006,0.076,1
"RWDD2A",0.00280238356703964,-2.67556115576212,0.006,0.076,1
"KIAA0895L",0.00280458612241953,-2.87612496618399,0.018,0.106,1
"ERCC8",0.00281769006361164,-1.93685038531475,0.072,0.212,1
"ATP5F1A",0.00282009249670076,-0.447016667814367,0.289,0.561,1
"RNF144B",0.00282351821585302,-0.739798643310946,0.09,0.242,1
"LINC02256",0.00282480302884384,-1.63465639688723,0.054,0.182,1
"LTB",0.00283267301243836,-0.611921070471061,0.59,0.848,1
"ATP6V1C1",0.00284461154006778,-1.06940623937437,0.12,0.288,1
"CUEDC1",0.00284581344655612,-1.37421771099701,0.03,0.136,1
"NABP1",0.00285367148230582,-0.669112858866918,0.133,0.318,1
"CNOT10",0.00286162084777583,-0.214930501414334,0.102,0.273,1
"ZNF740",0.00286162084777583,-0.64385643330315,0.102,0.273,1
"PPCS",0.00287432979579056,-0.613720387387295,0.114,0.288,1
"SDHAF4",0.00288174077540396,-1.47608484605634,0.024,0.121,1
"UNC119B",0.00288174077540396,-1.37158584631939,0.024,0.121,1
"RO60",0.00288461652401156,-0.125773060002869,0.193,0.409,1
"RAD51AP1",0.00288597051837698,-1.34073412832142,0.048,0.167,1
"ENSG00000274383",0.00289505758448871,-1.21584044962704,0.03,0.136,1
"OLA1",0.00290288593766467,-0.420836025311234,0.193,0.439,1
"CASP6",0.00291978728684241,-1.93613012268282,0.018,0.106,1
"TOR3A",0.00292677086814399,-1.26139700020163,0.09,0.242,1
"RPL23",0.00294246143894991,-0.280224273065071,0.964,0.955,1
"NUP155",0.00294507835674514,-0.592809973610577,0.03,0.136,1
"MACO1",0.00294524855697367,-0.575561072671807,0.139,0.333,1
"ALDH1A3-AS1",0.00294592602984717,-3.01501641351074,0.012,0.091,1
"TLCD1",0.00294592602984717,-2.85023774198291,0.012,0.091,1
"LLGL2",0.00294791233795804,-1.15658450087636,0.054,0.182,1
"RCC1",0.00296504804294737,-0.878466062534764,0.036,0.152,1
"CBFA2T3",0.00297794967700823,-0.383428122820423,0.331,0.636,1
"CLPB",0.00297899284052647,-2.97388702694861,0.018,0.106,1
"TRMO",0.00298900049880365,-0.231908622066798,0.036,0.152,1
"FAR1",0.00298999089804166,-0.10346789829383,0.211,0.47,1
"E2F4",0.00299750287507296,-0.392622939977559,0.157,0.364,1
"RPLP1",0.00301433986908657,-0.308983160322277,0.94,0.955,1
"PATL2",0.00302973864329978,-0.151536839023541,0.108,0.288,1
"MIDN",0.00303634248370466,-0.47585013298627,0.253,0.515,1
"ZBTB22",0.00304527275304987,-1.66303092008582,0.024,0.121,1
"KLHL20",0.00304644343873554,-0.784975493986525,0.175,0.379,1
"SNRPE",0.00307035410495463,-0.320184240586506,0.355,0.697,1
"LYAR",0.00307589908709223,-1.75284118558776,0.054,0.182,1
"ANAPC15",0.00308031746493696,-2.37798046959523,0.012,0.091,1
"ENSG00000291015",0.00308031746493696,-1.72873553323876,0.012,0.091,1
"TDRD1",0.00308031746493696,-2.80639098884681,0.012,0.091,1
"ZNF280C",0.00308031746493696,-3.39805112200234,0.012,0.091,1
"ZNF521",0.00308031746493696,-2.62468058046181,0.012,0.091,1
"PPP1R8",0.00309436982668112,-0.207536383817155,0.127,0.318,1
"CSF1R",0.00310070199035467,-1.81147557161153,0.018,0.106,1
"SH3TC1",0.00310143687306007,-0.796558779447907,0.108,0.273,1
"C1S",0.00310163642516612,-1.3021632664723,0.024,0.121,1
"HNRNPL",0.0031287722393705,-0.29461556074822,0.458,0.788,1
"GPATCH2",0.00313308630334893,-0.333325731514274,0.102,0.273,1
"ELAVL1",0.00313451602073398,-0.677202024646318,0.175,0.379,1
"CDC42BPA",0.00314958875671591,-2.78550434065995,0.012,0.091,1
"STOML2",0.00314958875671591,-0.682697723120434,0.012,0.091,1
"METTL17",0.00314978350230398,-0.65065255176698,0.193,0.394,1
"STX11",0.00315314662280392,-0.737678754958258,0.03,0.136,1
"CDAN1",0.00315894973639034,-2.24418076115716,0.024,0.121,1
"AKIP1",0.00316324155256233,-2.04075485343984,0.018,0.106,1
"ENSG00000276216",0.00316401727739101,-1.13858452376248,0.054,0.182,1
"RNF115",0.00316658855406429,-0.312803736085989,0.133,0.318,1
"XPNPEP3",0.00320811995927834,-0.578929893280566,0.084,0.242,1
"ASPH",0.0032238901474651,-0.433600540212319,0.163,0.364,1
"APOBR",0.00322692882609961,-2.19896104453162,0.018,0.106,1
"CLEC17A",0.00326700121716099,3.27096713995879,0.151,0.015,1
"CACNB4",0.00329240859316826,-2.37894332510889,0.012,0.091,1
"GEMIN6",0.00329240859316826,-1.85187278268652,0.012,0.091,1
"PET117",0.00329240859316826,-2.29943057420107,0.012,0.091,1
"ZNF598",0.00329240859316826,-1.66248501936767,0.012,0.091,1
"MT-ND4",0.00330521860649843,0.222710312480873,1,1,1
"TFEB",0.00331032108530809,4.76467448331267,0.12,0,1
"SELENOT",0.00331456150763956,-0.40615033175271,0.331,0.621,1
"CMAS",0.00335240969234925,-0.686991752446704,0.127,0.303,1
"GNAI3",0.00338416535233946,-0.849706893071466,0.235,0.439,1
"POLR3C",0.00338965944920422,-0.473017295535751,0.102,0.273,1
"SLC10A7",0.00339798481624873,-1.60144453873445,0.024,0.121,1
"PARP14",0.00339996582241344,1.64251994832118,0.512,0.424,1
"TTC9C",0.00341936283907509,0.338602274052453,0.108,0.288,1
"ATP6V1E1",0.00342013851258626,-0.465339031624259,0.307,0.576,1
"MVB12A",0.00342506417634777,-1.85229727135117,0.018,0.106,1
"ENSG00000288983",0.00344110404023605,-1.83574874986483,0.012,0.091,1
"SLU7",0.00345708657396451,-0.217973783207067,0.181,0.379,1
"TMEM185A",0.00346026196015559,-0.542996454569267,0.024,0.121,1
"ZFAND5",0.00346568742602547,-0.290261929208958,0.193,0.409,1
"VPS36",0.00347286868772435,-0.4654300049072,0.253,0.515,1
"HDGF",0.00347683352997237,-0.515781550883346,0.277,0.53,1
"LINC02762",0.003493530822892,-1.90592463675947,0.018,0.106,1
"SEC62",0.00350035056348132,1.01325662659617,0.699,0.667,1
"LMBRD2",0.0035041704820122,-0.992183161423922,0.072,0.212,1
"SNRPB2",0.00351488967468187,-0.254629732611495,0.355,0.636,1
"ATG4A",0.00351772130616504,-1.25326366490746,0.012,0.091,1
"IFT46",0.00351772130616504,-0.828248570204457,0.012,0.091,1
"PDZD11",0.00351772130616504,-0.992803410840175,0.012,0.091,1
"TBC1D7",0.00351772130616504,-1.44324111758753,0.012,0.091,1
"SPDL1",0.00356324071916332,-1.41080000547834,0.018,0.106,1
"CWC27",0.00357164378958872,0.251346729233816,0.139,0.333,1
"SDHB",0.00357472833501056,-0.331377831907141,0.199,0.424,1
"MORF4L2",0.00357498447979398,-0.378957548860457,0.319,0.621,1
"FAM78A",0.00358448310582818,2.84436118621766,0.193,0.045,1
"YOD1",0.00358794290446488,-0.923218242867954,0.024,0.121,1
"PTP4A3",0.00359422711170539,-0.529969726176951,0.072,0.212,1
"LINC02207",0.00360954875867393,-1.99540639868444,0.072,0.197,1
"ANKMY2",0.0036400403642725,-0.501280728973694,0.072,0.212,1
"PDCD2L",0.0036400403642725,-0.833863068110378,0.072,0.212,1
"SF3B6",0.00368366642974736,-0.411878393859015,0.145,0.333,1
"NEU1",0.00368638404186121,-1.06122762088916,0.072,0.212,1
"PEX13",0.00368638404186121,-1.10826115852225,0.072,0.212,1
"ENSG00000255031",0.00370647004814522,-1.00001580576097,0.018,0.106,1
"LRRC8C",0.00370647004814522,-1.31807554472213,0.018,0.106,1
"CFAP119",0.003719950064861,-1.87786886572891,0.042,0.152,1
"FIS1",0.00372743661116232,-0.609900030586828,0.096,0.258,1
"SESN3",0.00372970679231167,2.96325511257981,0.259,0.106,1
"OSGIN2",0.00373682742546017,-0.48977754518879,0.06,0.197,1
"SRSF5",0.00374891081874156,0.640920846764874,0.789,0.848,1
"RNPEP",0.00379410304543062,-0.808780552996829,0.181,0.379,1
"EAF1",0.00379564211208725,-1.05722603892279,0.09,0.242,1
"YTHDF2",0.00381865191716585,-0.423471323921119,0.211,0.455,1
"ZC3H15",0.00389265952988068,-0.423391240873641,0.367,0.652,1
"MRPS21",0.00389293790595365,-0.191802134833186,0.163,0.379,1
"ATXN2L",0.00389978420486824,-0.368598372933677,0.512,0.833,1
"MARCKSL1",0.00390553780926367,2.57640533589836,0.301,0.152,1
"DRG1",0.00390829098242762,-0.592899006215527,0.078,0.227,1
"SUMF1",0.00391134860459721,-0.605805185905643,0.169,0.364,1
"PGAM1",0.00391304645841628,-0.943218612759071,0.163,0.348,1
"CHMP2B",0.0039277511344129,-0.409772483357424,0.133,0.318,1
"ACTR2",0.00395315072736563,-0.430297374300768,0.657,0.879,1
"MED29",0.00397589100663409,-0.922776435564787,0.072,0.212,1
"CLPTM1L",0.00398864651606327,-0.865873079517968,0.163,0.348,1
"CDK14",0.00399712015212172,1.87166840675155,0.289,0.121,1
"ATP2B1-AS1",0.00399971730864888,3.69761643578007,0.145,0.015,1
"SVIP",0.00399981271233013,-0.355040116717973,0.247,0.5,1
"PRKRA",0.00400103626256922,-0.550798280215635,0.139,0.318,1
"AREL1",0.00401118112173421,-0.170393373394589,0.054,0.182,1
"BNIP2",0.00401427875920897,-0.527085680510249,0.205,0.409,1
"CSF3R",0.00401491738711478,-1.7139630833756,0.042,0.152,1
"KYNU",0.004040718387266,-0.271747675067482,0.277,0.53,1
"SRP54",0.00404763159141998,-0.456221568454073,0.193,0.424,1
"C4orf3",0.00405685447851305,-0.535615608570536,0.488,0.697,1
"INTS7",0.00406690813621226,-0.199439124408353,0.054,0.182,1
"ID2",0.00408147875996195,-1.97150684453107,0.102,0.242,1
"ZNF394",0.00409032313294625,-0.777301254550921,0.133,0.318,1
"MYDGF",0.00409333196114728,-0.763942801342384,0.12,0.288,1
"SLC35C2",0.00409333196114728,-0.741960147453999,0.12,0.288,1
"INPP5D",0.0040951340278756,1.09401675267612,0.651,0.636,1
"SNRPD1",0.00410266656687799,-0.336565295012703,0.265,0.515,1
"SAP130",0.00410531046811884,-0.783295364612739,0.084,0.227,1
"SLC12A2",0.0041125971972503,-0.787195154078821,0.133,0.303,1
"TMEM248",0.00411875145046917,-0.248581897208267,0.259,0.515,1
"SRSF9",0.0041218437128806,-0.352558768202079,0.404,0.712,1
"SLC25A37",0.00413663882203402,2.35861505231407,0.211,0.061,1
"PFDN2",0.00414743624820847,-0.439718201483511,0.151,0.348,1
"GNLY",0.00415457172888768,-3.18403309851748,0.084,0.227,1
"SLC35A4",0.00415457172888768,-1.28622711584185,0.084,0.227,1
"KDSR",0.00416571347589257,-0.784598277454796,0.09,0.242,1
"UBR7",0.00420341519498346,-0.556981032285074,0.078,0.227,1
"SOCS3",0.00424035090639767,-1.31304138472264,0.133,0.303,1
"FCER2",0.00424397947018225,1.55762678957864,0.199,0.045,1
"SNX12",0.00426320690678743,-0.574767841180027,0.09,0.242,1
"CNR1",0.00428308540787136,5.08485366179571,0.114,0,1
"CKAP2",0.00428589550341141,-0.942168140362834,0.072,0.212,1
"STUB1",0.00429691218290106,-0.481314849303266,0.054,0.182,1
"ASCC1",0.00433964357505658,-0.599222870163126,0.072,0.212,1
"PGM1",0.00433964357505658,-0.887253937551687,0.072,0.212,1
"AGFG1",0.00435702522949109,-0.867974966303783,0.084,0.227,1
"STAT4",0.00435824193895135,-0.985508442162467,0.066,0.197,1
"ZSCAN16-AS1",0.00435843275320888,0.103425428785512,0.078,0.227,1
"MYBL2",0.00439681901206157,-1.83050277929046,0.042,0.152,1
"SBNO2",0.00439977165738828,-0.400838526076402,0.102,0.258,1
"CRELD2",0.00440773403077445,-0.996819847543691,0.048,0.167,1
"ZNF296",0.00440773403077445,-0.560362204479609,0.048,0.167,1
"CDC14A",0.00440901656518464,-0.917639557791199,0.084,0.227,1
"GLRX5",0.00446577785472823,-0.19286652071686,0.096,0.258,1
"TOX4",0.00447076748257545,-0.567122990381993,0.163,0.348,1
"INTS14",0.00447201875730969,-1.20915720726307,0.066,0.197,1
"LYN",0.00448924109920661,-0.384820734720634,0.627,0.909,1
"ARHGEF3",0.00450235245541274,-0.271844205814798,0.199,0.424,1
"ARHGAP9",0.00451323263863702,-0.459587939296729,0.452,0.742,1
"SLC27A4",0.0045290250632408,-0.538472423413502,0.325,0.591,1
"DOLPP1",0.00453125595132125,-1.37302686862127,0.042,0.152,1
"FBRSL1",0.0045393469531615,-0.450451206359401,0.277,0.53,1
"SRP72",0.0045750300081436,-0.285427254575994,0.367,0.682,1
"MED10",0.00459986125143977,-1.40283133617769,0.042,0.152,1
"ZNF512",0.00460087842733275,-0.891349725191258,0.048,0.167,1
"C15orf39",0.00462531277814397,-1.03938581858392,0.114,0.273,1
"FARSB",0.0046283466166357,-0.38129255411611,0.078,0.227,1
"RYK",0.00462897271331635,2.53396992579572,0.169,0.03,1
"DYNC1LI2",0.00467391356114466,-0.285419807639174,0.187,0.409,1
"EIF5B",0.00471108284884141,-0.521775212436099,0.392,0.697,1
"PLVAP",0.00471463734795509,-1.45566153736234,0.06,0.182,1
"FCRL5",0.00472009665700927,0.933486583795639,0.193,0.045,1
"C12orf73",0.00472055361592449,-2.44884084542933,0.036,0.136,1
"HENMT1",0.00472055361592449,-2.07268075590205,0.036,0.136,1
"NEGR1",0.00474016321333317,-0.853099788732801,0.133,0.303,1
"DOP1A",0.00477164998664379,-0.790020518380072,0.108,0.258,1
"CCDC107",0.00480441797871773,-0.588988725630085,0.108,0.273,1
"CD86",0.00480915866805294,-0.553266526504072,0.175,0.379,1
"MTSS1",0.00482371237827191,1.02596519836087,0.193,0.045,1
"VPS25",0.00482598434823696,-0.774787228504036,0.114,0.273,1
"SREK1",0.00485235260898374,-0.364635549161913,0.313,0.576,1
"UBLCP1",0.00485397849966545,-0.435546579399418,0.235,0.47,1
"OTULIN",0.00486689183269599,-1.07813340693512,0.096,0.242,1
"RPA2",0.00487619570824881,-0.434928266278824,0.271,0.515,1
"AP1M1",0.00491224925598298,-0.803572406985888,0.102,0.258,1
"RNF6",0.00491224925598298,-1.00319294710794,0.102,0.258,1
"MRPL37",0.00492195806565726,-0.964361387635319,0.096,0.242,1
"VPS37B",0.00495871134579866,1.97484505790425,0.145,0.015,1
"U2AF1",0.00498453367706904,-0.198438499229414,0.307,0.591,1
"ELMO2",0.00498635160087384,-0.426596077110941,0.163,0.364,1
"ABHD2",0.00499261204741782,-0.148816270743199,0.145,0.333,1
"SNRNP40",0.00501032989826422,-0.628281794283735,0.048,0.167,1
"XXYLT1-AS2",0.00501672040081512,-2.07794856493341,0.054,0.167,1
"ACTR1A",0.00501734096821343,-0.200546714079249,0.114,0.288,1
"ENSG00000270640",0.00502910663536773,-2.06571367170615,0.036,0.136,1
"USP25",0.00503287192363514,-0.322619611643025,0.163,0.364,1
"ANKRD12",0.00504362513453931,-0.350783817007048,0.62,0.894,1
"DPH3",0.00506292001489751,-0.41525844733953,0.09,0.242,1
"TXNDC17",0.00507619514940875,-0.916559146179214,0.102,0.258,1
"TPD52",0.00510836169875725,2.1576448157408,0.355,0.212,1
"IER3IP1",0.00511469258226068,-0.654425596174839,0.127,0.303,1
"PARL",0.00514728759058724,-0.646870021423406,0.066,0.197,1
"RHOH",0.00515428697828775,1.60534616048016,0.319,0.152,1
"LRP5",0.0051731038344281,-1.22583452412872,0.06,0.182,1
"NDUFB5",0.0051954424405781,-0.542332161761095,0.181,0.364,1
"CEP63",0.00522259869535162,-0.441147089814961,0.072,0.212,1
"RPRD2",0.00522632159861861,-0.330390576432449,0.199,0.409,1
"RMDN2",0.00526095179327488,-1.00422372145413,0.042,0.152,1
"IL6R",0.0052736770451736,-0.595413471087405,0.102,0.258,1
"RPS18",0.00528144984285927,0.394360924546586,0.976,0.955,1
"SATB1",0.00529169834473046,-0.578041259750305,0.223,0.424,1
"DENND1C",0.00531653545519954,1.61432601841108,0.343,0.197,1
"UBP1",0.00531656274863796,-0.49620700459115,0.181,0.379,1
"HIPK1",0.00534284421214465,-0.591938121217688,0.163,0.348,1
"SMURF1",0.00535821048969249,-0.238885687238726,0.09,0.242,1
"TMC8",0.00536891399370365,1.29279448370655,0.512,0.394,1
"CDC42SE1",0.00537672386409857,1.25739331146218,0.542,0.485,1
"SLC2A3",0.00539327190178792,3.21530636144354,0.181,0.045,1
"GINM1",0.00541451779745478,-0.451606646180814,0.169,0.364,1
"ATF3",0.00541852597209843,-1.08932539061218,0.151,0.318,1
"NGLY1",0.00545500280187744,-0.21933670881751,0.337,0.621,1
"SLC30A5",0.00546375163633043,-0.844481508307413,0.139,0.303,1
"COX7C",0.00546787523009578,-0.447431740684138,0.602,0.864,1
"PHF23",0.00547183976058964,-0.965714553757559,0.09,0.227,1
"GAB2",0.00550764658821092,-0.331247182551066,0.133,0.303,1
"CAST",0.00551952074341956,0.929648651199436,0.633,0.561,1
"DENND3",0.00553600405189341,4.66966165562719,0.108,0,1
"IGHG3",0.00553600405189341,10.0148937079885,0.108,0,1
"TUBA4A",0.00553600405189341,4.58471372857728,0.108,0,1
"ZC2HC1A",0.00553600405189341,5.01756854661035,0.108,0,1
"TINCR",0.00555325975743607,-0.577952049351282,0.066,0.197,1
"MCL1",0.00556457983677014,-0.527845303398271,0.663,0.818,1
"FXN",0.0055814134376461,-0.885110436263114,0.042,0.152,1
"BRD9",0.00561323234661526,-1.14840455614461,0.036,0.136,1
"PLAGL1",0.00566879455314418,-0.997819151341347,0.108,0.258,1
"CALM1",0.00567324142912849,-0.36810986171703,0.735,0.894,1
"LTK",0.00567706296051024,-1.70378504084891,0.054,0.167,1
"RILP",0.00570149875109101,-1.32002350406753,0.036,0.136,1
"COPA",0.00570643747889958,-0.353909669720341,0.428,0.727,1
"CPNE1",0.00571408264383881,-0.301222427874861,0.271,0.515,1
"INO80C",0.00574611431792624,-0.710437306110936,0.06,0.182,1
"MAP3K8",0.00576195110338167,-0.546083485374937,0.181,0.379,1
"ZNF830",0.00576963564938488,-0.596194948147963,0.114,0.273,1
"METTL25",0.00577103174161027,-1.06247621248992,0.084,0.227,1
"XRCC5",0.00579123879736065,-0.284218212793803,0.422,0.697,1
"RANBP1",0.00580113881436645,-0.141543401287226,0.199,0.439,1
"SP140L",0.00584342639392433,2.09952808705349,0.337,0.197,1
"FXYD5",0.00584368712100201,-0.372359320836261,0.319,0.591,1
"DYRK1B",0.00588179661963533,-1.40999717866759,0.036,0.136,1
"ANAPC7",0.00589803299752692,-0.786613771152926,0.06,0.182,1
"ACSBG1",0.00590051591701403,-3.86380644748076,0,0.045,1
"ADHFE1",0.00590051591701403,-3.03668145125634,0,0.045,1
"ALKBH6",0.00590051591701403,-3.64540044788344,0,0.045,1
"ARHGEF26",0.00590051591701403,-3.84731943798681,0,0.045,1
"BUB1",0.00590051591701403,-3.69698799807291,0,0.045,1
"C19orf84",0.00590051591701403,-3.77501181443757,0,0.045,1
"CALD1",0.00590051591701403,-3.84503828936768,0,0.045,1
"CCND2-AS1",0.00590051591701403,-3.90918215558213,0,0.045,1
"CENPS",0.00590051591701403,-3.93091294430532,0,0.045,1
"CHRNE",0.00590051591701403,-3.63913243066875,0,0.045,1
"CLEC9A",0.00590051591701403,-4.14163107213967,0,0.045,1
"COL5A2",0.00590051591701403,-3.80014468906029,0,0.045,1
"DYNLT2",0.00590051591701403,-3.80919707986915,0,0.045,1
"EFNA1",0.00590051591701403,-3.31579924069903,0,0.045,1
"ENSG00000230647",0.00590051591701403,-4.21968088465393,0,0.045,1
"ENSG00000236469",0.00590051591701403,-3.2954156053052,0,0.045,1
"ENSG00000237899",0.00590051591701403,-3.82563516357096,0,0.045,1
"ENSG00000248636",0.00590051591701403,-3.75310540915797,0,0.045,1
"ENSG00000253214",0.00590051591701403,-3.97620840418656,0,0.045,1
"ENSG00000266378",0.00590051591701403,-3.42578210440471,0,0.045,1
"ENSG00000268584",0.00590051591701403,-3.74313763012606,0,0.045,1
"ENSG00000272973",0.00590051591701403,-3.908094737,0,0.045,1
"ENSG00000273183",0.00590051591701403,-3.82336208987601,0,0.045,1
"ENSG00000275441",0.00590051591701403,-3.84421485431773,0,0.045,1
"ENSG00000286045",0.00590051591701403,-3.85211581857343,0,0.045,1
"ENSG00000286136",0.00590051591701403,-3.79089096395441,0,0.045,1
"ENSG00000286416",0.00590051591701403,-3.5703583408796,0,0.045,1
"ENSG00000286833",0.00590051591701403,-3.41123472515347,0,0.045,1
"ENSG00000286904",0.00590051591701403,-3.72477811859501,0,0.045,1
"FNTB",0.00590051591701403,-3.59915510985379,0,0.045,1
"FSTL1",0.00590051591701403,-4.13776666109255,0,0.045,1
"FUT8-AS1",0.00590051591701403,-4.2914132124903,0,0.045,1
"FZD1",0.00590051591701403,-3.88955714180363,0,0.045,1
"GABRR2",0.00590051591701403,-4.00054263155457,0,0.045,1
"GINS3",0.00590051591701403,-5.0265847349058,0,0.045,1
"GOLPH3-DT",0.00590051591701403,-3.17025162167931,0,0.045,1
"GPR171",0.00590051591701403,-5.34098943183517,0,0.045,1
"GPR173",0.00590051591701403,-4.56656717458023,0,0.045,1
"H2AC15",0.00590051591701403,-3.3699981973102,0,0.045,1
"HIF1A-AS3",0.00590051591701403,-4.59495588727566,0,0.045,1
"HSD17B6",0.00590051591701403,-4.1240080160321,0,0.045,1
"IGFBP2",0.00590051591701403,-3.97815172408119,0,0.045,1
"IGFBP7",0.00590051591701403,-3.76233424063244,0,0.045,1
"INCENP",0.00590051591701403,-3.97285570205003,0,0.045,1
"JAG1",0.00590051591701403,-3.36986353445545,0,0.045,1
"KRT7",0.00590051591701403,-4.22360425449441,0,0.045,1
"LIMA1",0.00590051591701403,-3.61139998810086,0,0.045,1
"LINC01807",0.00590051591701403,-4.14842832773977,0,0.045,1
"LINC01905",0.00590051591701403,-4.02547621945208,0,0.045,1
"LINC02604",0.00590051591701403,-3.86154725970186,0,0.045,1
"LIPT2",0.00590051591701403,-3.81185602563491,0,0.045,1
"LRRC63",0.00590051591701403,-3.66228815822817,0,0.045,1
"MAP3K10",0.00590051591701403,-4.01397127521014,0,0.045,1
"MEIG1",0.00590051591701403,-3.72113450254496,0,0.045,1
"MN1",0.00590051591701403,-3.18840445284668,0,0.045,1
"MTERF2",0.00590051591701403,-3.5568005295822,0,0.045,1
"MYH11",0.00590051591701403,-3.60558009877049,0,0.045,1
"NCR2",0.00590051591701403,-4.19861878323095,0,0.045,1
"NLGN4Y",0.00590051591701403,-2.92821615329593,0,0.045,1
"NOXRED1",0.00590051591701403,-3.74128353331024,0,0.045,1
"NSDHL",0.00590051591701403,-3.4911620580416,0,0.045,1
"PIDD1",0.00590051591701403,-3.2586371054362,0,0.045,1
"PKDCC",0.00590051591701403,-3.90173705126206,0,0.045,1
"POLA2",0.00590051591701403,-3.81371029758451,0,0.045,1
"PPP1R15B-AS1",0.00590051591701403,-3.72425067207851,0,0.045,1
"RBM20",0.00590051591701403,-3.49797689785067,0,0.045,1
"RDH10",0.00590051591701403,-3.83754410254978,0,0.045,1
"SPAG8",0.00590051591701403,-3.69344793983254,0,0.045,1
"STRADA",0.00590051591701403,-3.32724203380031,0,0.045,1
"SUOX",0.00590051591701403,-3.25032036861872,0,0.045,1
"SYN2",0.00590051591701403,-3.41030808543824,0,0.045,1
"TCERG1L",0.00590051591701403,-3.96565789410565,0,0.045,1
"TMEM167B-DT",0.00590051591701403,-3.19752661875294,0,0.045,1
"VCAN",0.00590051591701403,-4.51757729341544,0,0.045,1
"ZNF391",0.00590051591701403,-3.24271847160965,0,0.045,1
"ENSG00000230628",0.00590051591701403,-3.95989754798196,0,0.045,1
"ENSG00000260234",0.00590051591701403,-4.15811785701551,0,0.045,1
"NANOG",0.00590051591701403,-3.63990713784944,0,0.045,1
"GALNT3",0.00591400964080556,-1.55484478014147,0.054,0.167,1
"RNMT",0.00592917559536344,-0.100301868250726,0.09,0.242,1
"CARD11",0.00595781124041333,-0.666994441627718,0.247,0.485,1
"SLC47A1",0.00596350051816328,-1.74475432596456,0.03,0.121,1
"MZB1",0.00597048840940353,-0.280342633376573,0.181,0.379,1
"ENTPD1-AS1",0.00599588752271376,-0.262174184250332,0.09,0.242,1
"LZTR1",0.00600670936404391,-0.61704698492099,0.042,0.152,1
"PHAF1",0.00600670936404391,-0.738666721286979,0.042,0.152,1
"LY86",0.00601455901043697,3.1491364840718,0.199,0.061,1
"TCERG1",0.00602890833298721,-0.342278926620601,0.283,0.53,1
"TCL1A",0.00605095337130561,-0.350068763899624,0.289,0.53,1
"MARCHF5",0.00606869373605466,-0.520530483223031,0.127,0.288,1
"ZHX1",0.00609519306430791,-0.232860446018859,0.042,0.152,1
"RNH1",0.00610221130826876,-0.655123362792783,0.102,0.258,1
"MAPK1IP1L",0.00610502545553893,-0.346246254084647,0.325,0.591,1
"GLOD4",0.00610516612047909,-0.428279433919428,0.157,0.348,1
"CAPN1",0.00612178717486764,-0.965674995704921,0.175,0.348,1
"B4GALT3",0.00613137008554915,-1.506413889313,0.09,0.227,1
"CDIPT",0.0061316139645114,-0.213214475049997,0.169,0.379,1
"GRK5",0.00613946020886719,2.62213727523063,0.139,0.015,1
"RABL2B",0.00616188860222595,-1.27736373297008,0.036,0.136,1
"TSTD2",0.00616188860222595,-1.33094415612109,0.036,0.136,1
"YWHAZ",0.00618213334995353,0.521523566986718,0.861,0.848,1
"CD72",0.00618593350419887,2.97726921895124,0.217,0.076,1
"MPZL1",0.00620051470709914,-0.706028232655378,0.133,0.303,1
"NIN",0.00623264192520967,-0.325115083783381,0.434,0.727,1
"PDCL",0.00623384925955212,-0.619848052402399,0.078,0.212,1
"RPS8",0.00623591278343266,0.274017391836008,0.982,0.985,1
"BCAT1",0.0062437959620271,-1.34962592904526,0.054,0.167,1
"CR1",0.0062551322640267,2.0954216747962,0.163,0.03,1
"HMG20A",0.00626006527239565,-0.386326689950519,0.108,0.273,1
"FKBP5",0.00626659789182057,-0.791001836782618,0.157,0.333,1
"NCK1",0.00627285060084166,-1.60948329862695,0.072,0.197,1
"PPP1R16B",0.0062812583503305,-0.429974531008488,0.307,0.576,1
"SAMSN1",0.00628898124446746,4.45823973143183,0.133,0.015,1
"TNFRSF10A",0.00628898124446746,3.5146838096351,0.133,0.015,1
"FYTTD1",0.00628987673145197,-0.493441700929009,0.139,0.318,1
"SMIM30",0.00630154086028266,-0.149181198668131,0.102,0.258,1
"PCNX4",0.00631742738343942,-0.169884185647516,0.241,0.485,1
"TMEM43",0.00635065721484035,-0.455772793491566,0.139,0.318,1
"KTI12",0.00635523112636096,-1.22298522890538,0.036,0.136,1
"LARP1B",0.00636927494168373,-0.560485164508394,0.102,0.258,1
"SERPINB6",0.00637575132432962,-0.959924214560665,0.06,0.182,1
"PSMG3",0.00638829749161768,-0.167281906053082,0.133,0.318,1
"MLF2",0.0064486031144407,-0.187994615237614,0.301,0.591,1
"EMB",0.00647004943992364,-0.217124856951868,0.458,0.788,1
"CAPRIN1",0.0065006380052599,-0.574472751380561,0.259,0.515,1
"KLF4",0.00650872610951166,-0.4199508455597,0.127,0.288,1
"SEPTIN9",0.00651101306863023,-0.44843787573209,0.548,0.788,1
"LGALS1",0.00651270224332385,-1.08906018301028,0.169,0.333,1
"EIF1B",0.00651897236468042,-0.488904319575671,0.301,0.576,1
"MXD4",0.0065351770609487,-1.04325589070417,0.078,0.212,1
"ORAI2",0.00654551387513826,2.1162895640306,0.337,0.212,1
"FBXW2",0.00656064576963839,-0.708791161014435,0.09,0.227,1
"DNAJB12",0.00657245584865225,-0.500297690711518,0.12,0.288,1
"SIK1",0.00657713605869944,-0.532866859051596,0.217,0.439,1
"TRIP4",0.00662743206096463,-0.777036680094318,0.06,0.182,1
"MMS22L",0.0066554905838606,-1.31244581642112,0.036,0.136,1
"PDE7A",0.00666748140268044,1.60894518357829,0.416,0.288,1
"SPAG9",0.00666835055972878,-0.503537452393025,0.114,0.273,1
"PRDM2",0.00672655390114577,1.36398332014502,0.464,0.348,1
"DEF8",0.00673712269256212,-0.199986120011764,0.114,0.273,1
"MIR223HG",0.00675837543092261,-0.616841677637327,0.036,0.136,1
"STX18",0.00677736377058938,-0.897927455057825,0.102,0.242,1
"IL18BP",0.00678081369420302,-0.489548535997865,0.066,0.197,1
"SNRPA",0.00678515306365034,-0.84801570514286,0.096,0.242,1
"IER5",0.00679481941954116,0.931258091218464,0.343,0.167,1
"ERLIN2",0.00680449796148608,-2.04390335194055,0.03,0.121,1
"UBE2G2",0.00682693567896672,-0.272561138059384,0.247,0.5,1
"RBM18",0.00684038853471442,-0.855643115146066,0.127,0.288,1
"ENSG00000267787",0.00685060417781481,-1.07549549873636,0.102,0.242,1
"CLIC2",0.00686096432239224,-1.25425899149066,0.054,0.167,1
"RAC2",0.00686343639547701,-0.277713024521663,0.861,0.955,1
"CRYBG1",0.00686881083836367,1.98577591778631,0.307,0.167,1
"PPA2",0.00686949953068387,-0.416419197105513,0.241,0.455,1
"ZNF518A",0.00691059975804336,-0.300363059353684,0.12,0.288,1
"IVD",0.00695595806645058,-0.496827993735179,0.193,0.394,1
"PHF19",0.00696844384220659,-1.04339989677329,0.036,0.136,1
"SEC16A",0.00697207761756589,-0.524899548843547,0.163,0.348,1
"CDIP1",0.0069768937004671,-0.607611838967733,0.06,0.182,1
"KCNK17",0.00699855899926206,-1.10994584052608,0.072,0.197,1
"GPAA1",0.00701863062985805,-0.745470293743459,0.114,0.273,1
"CAND1",0.00703882911529323,-0.509469215136652,0.133,0.303,1
"PIK3R1",0.00706748466139805,-0.124905792812572,0.175,0.379,1
"PTK7",0.00706768533572325,-2.53702720113969,0.024,0.106,1
"DANCR",0.00709084341976013,-0.222705776849183,0.108,0.273,1
"RPL7",0.00710204439929314,-0.312130244364953,0.849,0.894,1
"CD46",0.00712480111791907,-0.228347554012727,0.223,0.439,1
"LARGE1",0.00714890326885289,5.62577058672092,0.102,0,1
"NUP54",0.00716330824251936,-0.35496898012792,0.114,0.273,1
"COQ2",0.00718435843047674,-0.96542390722664,0.036,0.136,1
"MED31",0.00718435843047674,-1.0325428327534,0.036,0.136,1
"SNU13",0.0072034687741817,-0.153565463122039,0.313,0.591,1
"ZNF318",0.00723664618659361,2.50670951225288,0.199,0.061,1
"DNTTIP1",0.00723774317109465,-1.17630918333964,0.054,0.167,1
"GOLIM4",0.00724975731061574,-0.620031886362476,0.06,0.182,1
"DIMT1",0.00726643198304275,-0.514785711796972,0.145,0.318,1
"FCRLA",0.0072887843957519,1.20072246126234,0.44,0.303,1
"EFCAB10",0.00729455160578852,-0.940792297352457,0.036,0.136,1
"AGL",0.00732072951735486,-0.554822772996526,0.096,0.242,1
"MTCL1",0.00732135099875646,-2.97366097056235,0.024,0.106,1
"NDRG1",0.00732135099875646,-2.20990440126817,0.024,0.106,1
"MRPS34",0.00733645965848054,-1.03271555359784,0.09,0.227,1
"RPL26",0.0073366065203126,0.52441100047972,0.861,0.864,1
"PTRH2",0.00734281756831313,-0.412337721077444,0.06,0.182,1
"TFB1M",0.00734464363330659,-1.43140178713765,0.072,0.197,1
"RPS6KB1",0.00736636021869369,-0.540589225029809,0.127,0.288,1
"PTPRC",0.00737683241526834,0.650535192669131,0.825,0.939,1
"PGBD4",0.00738280349102453,-1.91264627081137,0.03,0.121,1
"PQBP1",0.00739071956468709,-0.535190306270918,0.066,0.197,1
"SP110",0.00739140754377788,0.523436652183995,0.873,0.909,1
"TAF12",0.00740416102366167,-0.771148276181923,0.145,0.318,1
"CRK",0.00741025751071028,-0.455453382035366,0.12,0.288,1
"MDC1",0.00743251599682862,-0.356121583916635,0.078,0.212,1
"MSRA",0.00743251599682862,-0.78089587743342,0.078,0.212,1
"SLC2A11",0.00745467511158914,-0.45761068304199,0.108,0.258,1
"IFNG-AS1",0.00750002248412941,2.78558422830787,0.133,0.015,1
"MMP11",0.00750362185340502,-1.12807606813126,0.03,0.121,1
"MAP3K7",0.0075193348414609,-0.608324651543704,0.078,0.212,1
"DYNC1LI1",0.0075233790478334,-1.11912650274509,0.072,0.197,1
"PIGX",0.0075233790478334,-0.552208164946517,0.072,0.197,1
"QRSL1",0.00754706689280822,1.68886500768538,0.277,0.121,1
"KPNA5",0.0076151472085146,2.055458046445,0.235,0.091,1
"NUDCD1",0.00763298767427822,-1.00879989782084,0.054,0.167,1
"PCYOX1",0.00763298767427822,-1.05801363609699,0.054,0.167,1
"CDC123",0.00766402573957669,-0.285147608888581,0.151,0.333,1
"MYEF2",0.00769570545415662,-0.649832471487244,0.078,0.212,1
"DCAF16",0.0077101069948407,-0.427372429544556,0.12,0.288,1
"ABCA2",0.0077505908056031,-1.4050513979697,0.03,0.121,1
"ENSG00000269958",0.0077505908056031,-1.44926251565852,0.03,0.121,1
"FANCI",0.0077505908056031,-0.93593713999146,0.03,0.121,1
"CTC-338M12.4",0.00775064537630629,-0.536215825792915,0.036,0.136,1
"PSPC1",0.00775531224236239,-0.197948203312349,0.139,0.318,1
"KCNA3",0.00777489431536017,2.61191972998425,0.211,0.076,1
"ATG14",0.00780965852778631,-0.282960112611027,0.096,0.242,1
"P4HA1",0.00781303331556064,-0.376544605280038,0.157,0.348,1
"NAF1",0.00784606875410747,-0.577422716437196,0.084,0.227,1
"MRPS23",0.00785102540979291,-0.266545035197464,0.108,0.258,1
"DUSP5-DT",0.00785332161644463,-2.19817942303059,0.024,0.106,1
"CBX4",0.00785428522253448,-0.223714779390891,0.223,0.439,1
"MAGT1",0.00787130302516956,-0.578092985479349,0.205,0.394,1
"TUSC2",0.00792750047163293,-0.850185180733126,0.09,0.227,1
"CHD9",0.00793889204085863,-0.261269057423359,0.44,0.773,1
"RHOXF1",0.00794200345411449,-0.712711261207785,0.054,0.167,1
"DDX23",0.00794208197605173,-0.200778923492932,0.12,0.288,1
"POLR2J3",0.00794208197605173,-0.945221056364734,0.127,0.273,1
"NR4A2",0.00796721691076041,4.05925346151854,0.151,0.03,1
"ZEB2-AS1",0.00800481882047869,-1.241035932684,0.03,0.121,1
"ZNF143",0.00800481882047869,-1.32558863597452,0.03,0.121,1
"PRMT2",0.00803798842880402,-0.548111488104454,0.193,0.394,1
"AGAP4",0.00804747124732556,-0.934837698119498,0.054,0.167,1
"ENOSF1",0.00804747124732556,-1.37847272860432,0.054,0.167,1
"HNRNPC",0.00807891706706634,-0.346753688673412,0.741,0.985,1
"RBPJ",0.00809031137945134,-0.814160530335717,0.145,0.303,1
"RACK1",0.00810495615919435,0.536556444832635,0.801,0.833,1
"NUTF2",0.00810844512245531,-0.528622475690257,0.247,0.47,1
"SLC27A3",0.00813207866130298,-1.91572423398108,0.024,0.106,1
"GPD1L",0.00813471183482615,-1.1782482549372,0.03,0.121,1
"IFIT5",0.00815295876331158,3.46186640868543,0.151,0.03,1
"NR3C1",0.00815800770141109,-0.198259641828946,0.434,0.712,1
"WBP4",0.00819360335904967,-0.87119480034492,0.09,0.227,1
"TIMP2",0.00821279513014622,-1.85130863669708,0.048,0.152,1
"ADD1",0.00821376118522377,-0.387189376791421,0.458,0.758,1
"TMCC1",0.00822370884042807,-0.379294897654162,0.12,0.273,1
"TAF4",0.00822980925173666,-0.609911412871117,0.06,0.182,1
"API5",0.00823829643840777,-0.111087085658276,0.247,0.485,1
"GCLM",0.00826648828747225,-0.619164453041488,0.03,0.121,1
"COL4A3",0.00828178697703552,4.0377078706967,0.127,0.015,1
"ANAPC1",0.00828406456598815,-0.75164878144814,0.09,0.227,1
"SEC63",0.00828741341063796,-0.226521130658022,0.331,0.591,1
"ORMDL3",0.00830256540664999,-0.446139631869448,0.253,0.47,1
"STAP1",0.00834741415874416,1.71378542681592,0.398,0.288,1
"ZNF175",0.00835149396899684,-0.546743570790164,0.108,0.258,1
"GOPC",0.00835790628364068,-0.696824822478356,0.145,0.318,1
"RAB7A",0.0083705119990155,-0.593794337598413,0.452,0.712,1
"SNHG8",0.00838634771918145,-0.1484142243134,0.337,0.621,1
"PSMD8",0.0083978020575902,-0.522267152264818,0.151,0.333,1
"ABCB10",0.00840017153230249,-0.845451329478611,0.03,0.121,1
"ACVR2A",0.00840017153230249,-0.773427009636676,0.03,0.121,1
"LRIG2",0.00840017153230249,-0.653123698917335,0.03,0.121,1
"ANGEL2",0.008401644054311,-0.427525031772228,0.157,0.333,1
"GGCT",0.00841690003362932,-0.686725655038614,0.096,0.242,1
"TSNAX",0.00841705350709118,-0.26172065793779,0.163,0.348,1
"PAQR6",0.00841965962584033,-2.04693506176736,0.024,0.106,1
"PDGFC",0.00841965962584033,-1.66134664354107,0.024,0.106,1
"TFB2M",0.00841965962584033,-2.08793674873833,0.024,0.106,1
"RDH11",0.0084309064009765,-0.112054125025716,0.271,0.5,1
"HYLS1",0.00844237983410863,-1.67439944922292,0.048,0.152,1
"SUCLG1",0.00845346884409035,-0.832009174494783,0.133,0.288,1
"PABIR3",0.00846767216403139,-0.830710736875326,0.09,0.227,1
"PLAA",0.00848199244495266,-1.06201589187812,0.054,0.167,1
"TMEM168",0.00853499705569437,-0.710742004655674,0.133,0.288,1
"ARHGDIB",0.0085569884789768,0.589508786573785,0.873,0.879,1
"RORA",0.00855931071069034,-1.71918424840365,0.048,0.152,1
"ZNF780A",0.00856683331686959,-1.90712911529639,0.024,0.106,1
"KCTD13",0.00856992248681332,-0.885300971567124,0.127,0.288,1
"RAB12",0.00857538358207465,-0.372562531708134,0.187,0.379,1
"ANXA2R-OT1",0.00859384963326959,-0.988717440194679,0.054,0.167,1
"CCDC90B",0.00862368148887576,-0.160919819645539,0.157,0.348,1
"SIRT3",0.00867335293652885,-0.804078577592355,0.03,0.121,1
"RPS6KA1",0.00867711115149339,-0.538944020673147,0.114,0.273,1
"NFE2L2",0.00870238680645992,-0.100657492574914,0.301,0.576,1
"LENG1",0.00871630269158702,-1.88920510172999,0.024,0.106,1
"AKR7A2",0.00874363823132296,-0.753791755213888,0.102,0.242,1
"ST7",0.0087554530344445,-2.51230479193047,0.018,0.091,1
"B4GALT4",0.00878254775000572,-0.391880372196595,0.096,0.242,1
"ERLEC1",0.00878848812475265,-0.354159018732515,0.157,0.333,1
"ENSG00000288755",0.00882999596929309,-0.900699976156232,0.114,0.258,1
"GART",0.00883564745205089,-1.36801284493049,0.102,0.242,1
"INTS15",0.00884584068292434,-0.542334566412912,0.09,0.227,1
"GTF3C3",0.00888759674452225,-0.839974829268538,0.072,0.197,1
"SETD7",0.00893528177713524,-0.527572236990944,0.078,0.212,1
"YWHAG",0.00895759802386367,-0.289360300324901,0.235,0.47,1
"CTDNEP1",0.00896733634745165,-0.256208119099377,0.241,0.47,1
"STARD7",0.00898307269780397,-0.256301969626154,0.265,0.5,1
"USP40",0.0089930143148599,-0.714127659919269,0.072,0.197,1
"NXPE3",0.00899808217243368,-0.27267510538702,0.145,0.318,1
"AZIN1",0.00900448155664644,-0.193787152442909,0.259,0.5,1
"ZDHHC7",0.0090222648312009,-0.718374254777646,0.102,0.242,1
"FIP1L1",0.00903969978763688,-0.145900195896544,0.247,0.485,1
"TLE1",0.00904094803293136,2.99740033225065,0.127,0.015,1
"ANAPC10",0.0090416456571621,-1.3374468802768,0.048,0.152,1
"PBDC1",0.0090416456571621,-1.35050731796329,0.048,0.152,1
"PDHA1",0.00909684126873328,-0.138343786213963,0.157,0.348,1
"DAP3",0.00910712066606598,-0.238422157751887,0.217,0.439,1
"MX1",0.00914255694322622,-0.480778318227658,0.5,0.788,1
"MSRB1",0.00916595948257657,-1.35881833167454,0.048,0.152,1
"SPTBN1",0.00918703584565891,3.22078522498335,0.169,0.045,1
"RASD1",0.00918936478858201,-2.29194955310479,0.078,0.197,1
"YWHAH",0.00921133795084291,-0.603699457533975,0.114,0.273,1
"BHLHE41",0.00922441633246607,4.87644611328935,0.096,0,1
"SLC2A5",0.00922450357200433,4.63625534812318,0.096,0,1
"HOOK3",0.00924459510076371,-0.45465805590282,0.199,0.394,1
"ARL8B",0.00925385998664754,-0.343322716244547,0.223,0.424,1
"ARHGAP27",0.00928963097747639,-0.720896446840521,0.205,0.394,1
"DCP1B",0.00929179667260986,-1.33118788967154,0.048,0.152,1
"SNX16",0.00929179667260986,-1.01133716387093,0.048,0.152,1
"NR4A1",0.00930250930906626,3.0955781612512,0.229,0.091,1
"TMIGD2",0.00931599833129306,-0.9886071300351,0.072,0.197,1
"FAM102B",0.00933775267048626,-1.49102253087497,0.024,0.106,1
"PRMT6",0.00934362990565961,-0.449242135719033,0.108,0.258,1
"KCNK6",0.00936246071301954,-0.814477400462976,0.066,0.182,1
"PLEKHJ1",0.00944437482760186,-2.35281707103468,0.018,0.091,1
"LASP1",0.00945206556111447,-0.389032701894886,0.325,0.591,1
"NCOA3",0.00946726119122144,0.868247522548655,0.645,0.621,1
"LIG3",0.00947709998602779,-0.941978354845784,0.066,0.182,1
"DENND11",0.00948622950317199,2.96120086964003,0.169,0.045,1
"PRPF38B",0.00951475405557357,-0.321130774241422,0.488,0.803,1
"NUP98",0.00951959606335077,0.158199548706559,0.139,0.318,1
"ZSWIM6",0.00951990157835874,-0.140854411080763,0.235,0.455,1
"ABHD18",0.0095305983091158,-0.1284187077216,0.151,0.333,1
"PDXK",0.00954810481223653,-0.945864644631146,0.048,0.152,1
"SMG9",0.00954810481223653,-1.36104193608652,0.048,0.152,1
"ADAMTSL1",0.00959364131630126,-3.13365556710458,0.006,0.061,1
"CBR3-AS1",0.00959364131630126,-3.04369980286002,0.006,0.061,1
"ENSG00000284968",0.00959364131630126,-3.92841739678427,0.006,0.061,1
"ENSG00000288900",0.00959364131630126,-3.64966866869706,0.006,0.061,1
"MIR9-3HG",0.00959364131630126,-3.50849245659059,0.006,0.061,1
"ZNF616",0.00959364131630126,-3.87274819669899,0.006,0.061,1
"IRF1",0.009594542419986,1.51550290372001,0.434,0.333,1
"LNCAROD",0.00962398918587424,-2.47558707403082,0.018,0.091,1
"PLS3",0.00962398918587424,-1.42490394986613,0.018,0.091,1
"RAB5IF",0.00962398918587424,-2.20550713081726,0.018,0.091,1
"NRAS",0.00963968735205105,-1.00974504551483,0.084,0.212,1
"WIZ",0.00964929254894581,-0.676332493660304,0.072,0.197,1
"ZNF92",0.00965486901161874,2.90236553876929,0.205,0.076,1
"CAPZA2",0.00969031991994727,-0.238464298085044,0.247,0.47,1
"GSTP1",0.00969264846315503,-0.432811555325207,0.271,0.515,1
"TSPAN9",0.00969895486655569,-3.11745407097675,0.012,0.076,1
"PCNA",0.00976272981719415,-0.32691710740129,0.072,0.197,1
"SCOC",0.00976272981719415,-0.674490410665987,0.072,0.197,1
"DIPK2A",0.0097903782681066,-0.379259406809523,0.151,0.333,1
"PPP6C",0.00980310834321546,-0.170235559758479,0.211,0.424,1
"PUS10",0.00980664270500205,-1.79445132455604,0.018,0.091,1
"SVIL-AS1",0.00981069867676495,-0.293815383693385,0.048,0.152,1
"EPM2A",0.00982947303330051,-1.32038115567038,0.024,0.106,1
"BRF2",0.0098365627244884,-2.81308723901559,0.006,0.061,1
"CDYL2",0.0098365627244884,-3.4810757246359,0.006,0.061,1
"ENSG00000285184",0.0098365627244884,-3.10421414636099,0.006,0.061,1
"LINC01829",0.0098365627244884,-3.55006497079772,0.006,0.061,1
"LINC02307",0.0098365627244884,-2.78909985770227,0.006,0.061,1
"POP1",0.0098365627244884,-2.74116987173294,0.006,0.061,1
"VANGL1",0.0098365627244884,-2.82245575546223,0.006,0.061,1
"UQCRC2",0.00984265022184158,-0.660188098408777,0.193,0.379,1
"ENSG00000272468",0.00990681776784164,-3.507008398247,0.012,0.076,1
"PAEP",0.00990681776784164,-3.30429507173501,0.012,0.076,1
"PLXDC1",0.00990681776784164,-3.21923735263891,0.012,0.076,1
"NUAK2",0.00993850575285634,1.66158764673362,0.217,0.076,1
"PHYKPL",0.00994243427169559,-0.260855856283666,0.337,0.591,1
"PIAS3",0.0100692834094392,-0.799268541905632,0.066,0.182,1
"HYI",0.010084949996151,-2.92960666367885,0.006,0.061,1
"RBFOX1",0.010084949996151,-4.95580864548965,0.006,0.061,1
"SERPINE2",0.010084949996151,-2.82548637891441,0.006,0.061,1
"SLC25A29",0.010084949996151,-3.39002523771191,0.006,0.061,1
"SPATA33",0.010084949996151,-2.62471944748909,0.006,0.061,1
"SYF2",0.0101022363893981,-0.242610595717951,0.295,0.561,1
"POMK",0.0101102057934571,-0.458578287923758,0.072,0.197,1
"WDR7",0.0101129532404952,-0.148212280187639,0.102,0.242,1
"SMIM6",0.0101186402060189,-2.52545000828056,0.012,0.076,1
"TPP2",0.0101355477763951,-0.221674769591264,0.157,0.333,1
"PIM2",0.0101500025054986,2.29520924766838,0.271,0.136,1
"CACNA2D4",0.0101812421929637,-2.31300540382874,0.018,0.091,1
"GALK1",0.0101812421929637,-1.77646496495027,0.018,0.091,1
"MTX2",0.010190478556899,-1.36036656193413,0.078,0.197,1
"NSMAF",0.0101959939630869,-0.137603854865386,0.181,0.379,1
"DNM2",0.0101982600126222,-0.54685726851366,0.211,0.394,1
"TNFAIP8L1",0.010233242959541,2.27997572841927,0.127,0.015,1
"MYO9A",0.0103036610000039,-0.177730500041488,0.241,0.47,1
"CHPF",0.0103344860507501,-2.76471898262983,0.012,0.076,1
"EPB41L1",0.0103344860507501,-3.01722301406814,0.012,0.076,1
"LONRF2",0.0103344860507501,-3.41406490573607,0.012,0.076,1
"PLEKHG4B",0.0103344860507501,-2.98355531758598,0.012,0.076,1
"RNF213-AS1",0.0103344860507501,-2.9719593740647,0.012,0.076,1
"HLA-DPB1",0.0103348615567024,0.463944179676548,0.91,0.955,1
"NSD2",0.0103354449457338,-0.298240934034595,0.108,0.258,1
"CCDC9",0.0103389072479084,-3.34868003266711,0.006,0.061,1
"CENPX",0.0103389072479084,-2.45606603772185,0.006,0.061,1
"ENSG00000255328",0.0103389072479084,-2.6419666699085,0.006,0.061,1
"ENSG00000270022",0.0103389072479084,-2.55296629623834,0.006,0.061,1
"FAM174A",0.0103389072479084,-2.61876685397423,0.006,0.061,1
"FAM8A1",0.0103389072479084,-2.94640587582394,0.006,0.061,1
"H4C1",0.0103389072479084,-2.25685121646007,0.006,0.061,1
"P3H2-AS1",0.0103389072479084,-2.6927044738871,0.006,0.061,1
"QPRT",0.0103389072479084,-2.76406731041331,0.006,0.061,1
"SIPA1L2",0.0103389072479084,-3.07562138037315,0.006,0.061,1
"TRIM39",0.0103389072479084,-2.79830276214672,0.006,0.061,1
"BDH2",0.0103441355323189,-0.626775659869427,0.024,0.106,1
"GTPBP3",0.0103441355323189,-1.2013728547658,0.024,0.106,1
"UBA3",0.0103471820426309,-0.552263443368496,0.139,0.303,1
"ORC3",0.0103479328871934,-0.479211680748835,0.072,0.197,1
"ORMDL2",0.0103665385842534,-0.226202700086459,0.181,0.364,1
"CLASP2",0.0104612464125619,-0.328920169987772,0.223,0.409,1
"SGSM2",0.0104686516318419,-0.779869853617511,0.072,0.197,1
"PPP1CC",0.01049064110132,1.84068542875495,0.325,0.197,1
"ERCC1",0.0104923134845941,-0.204055437555253,0.211,0.424,1
"G3BP2",0.0105112994832224,0.212324795277862,0.169,0.364,1
"STRAP",0.0105157150812867,-0.59755684032409,0.133,0.288,1
"DHX35",0.0105209431552377,-0.27188137901947,0.024,0.106,1
"TIMMDC1",0.0105394896131491,-0.364151250129413,0.139,0.303,1
"FUT7",0.0105544199500217,-2.39964087226614,0.012,0.076,1
"RPP14",0.0105544199500217,-2.65690791506348,0.012,0.076,1
"ZSCAN5A",0.0105544199500217,-3.01453219805487,0.012,0.076,1
"CEP164",0.010566523441476,-0.801365850116847,0.066,0.182,1
"MED11",0.010566523441476,-0.758415173151867,0.066,0.182,1
"PRMT7",0.010566523441476,-0.634181685971011,0.066,0.182,1
"HOMER2",0.0105685279914268,-1.51184816524051,0.018,0.091,1
"HRAS",0.0105685279914268,-1.6205135191186,0.018,0.091,1
"AAK1",0.0105985400942671,-0.487078692707253,0.006,0.061,1
"DSG2",0.0105985400942671,-1.92433644566478,0.006,0.061,1
"E4F1",0.0105985400942671,-1.26810725617825,0.006,0.061,1
"ENSG00000272927",0.0105985400942671,-2.37198941373064,0.006,0.061,1
"ENSG00000283341",0.0105985400942671,-0.76271017325876,0.006,0.061,1
"ENSG00000287069",0.0105985400942671,-2.25569826489917,0.006,0.061,1
"ENSG00000288823",0.0105985400942671,-1.63557949343525,0.006,0.061,1
"ENSG00000288982",0.0105985400942671,-2.05902530093559,0.006,0.061,1
"EYS",0.0105985400942671,-1.52693299826879,0.006,0.061,1
"HTRA4",0.0105985400942671,-2.11083022580199,0.006,0.061,1
"IFI27L1",0.0105985400942671,-1.71984911739772,0.006,0.061,1
"L3MBTL2-AS1",0.0105985400942671,-1.57482313159965,0.006,0.061,1
"MARVELD1",0.0105985400942671,-2.42563188646447,0.006,0.061,1
"MYBL1",0.0105985400942671,-2.23622239806091,0.006,0.061,1
"PTCH2",0.0105985400942671,-2.55943829773176,0.006,0.061,1
"PTN",0.0105985400942671,-2.46072049785749,0.006,0.061,1
"RHBDD3",0.0105985400942671,-1.67895212894805,0.006,0.061,1
"THSD1",0.0105985400942671,-1.75231088395931,0.006,0.061,1
"UQCC3",0.0105985400942671,-2.01463823407322,0.006,0.061,1
"ZBTB48",0.0105985400942671,-2.01250161986601,0.006,0.061,1
"TSC22D3",0.0106093023038388,1.12774614350586,0.482,0.348,1
"MYC",0.0106211882655777,4.75203395726024,0.12,0.015,1
"TADA2A",0.0106375113456086,-0.915831037951916,0.048,0.152,1
"ENOPH1",0.0106491598313038,-0.390735125401309,0.084,0.212,1
"TTC33",0.0107169817937104,-1.67305331290447,0.042,0.136,1
"ENSG00000251867",0.0107670411982574,-1.34070744062634,0.018,0.091,1
"MYLK",0.0107670411982574,-1.22728400085618,0.018,0.091,1
"CD3E",0.0107785073344261,-3.04580277536245,0.012,0.076,1
"SUV39H1",0.0107785073344261,-2.14861999301191,0.012,0.076,1
"NDUFS4",0.0108339136264413,-0.296057419014022,0.139,0.303,1
"NFU1",0.010845685523137,-0.274839116709552,0.054,0.167,1
"RPL13A",0.0108809291480604,0.303135975506329,0.964,1,1
"RAB2A",0.0109172293886406,-0.160762805073207,0.319,0.591,1
"FICD",0.0109688624783672,-1.70303228709843,0.018,0.091,1
"TBC1D10B",0.0109692291048307,-0.793203287651989,0.145,0.303,1
"ANKRD23",0.0110059601920279,-0.752560731547634,0.084,0.212,1
"POC5",0.0110059601920279,-0.671408933555984,0.084,0.212,1
"C1orf54",0.0110068144213559,-2.37646489522202,0.012,0.076,1
"GPR155",0.0110068144213559,-2.45613225433038,0.012,0.076,1
"MBD3",0.0110068144213559,-2.07441838108507,0.012,0.076,1
"SLC49A4",0.0110068144213559,-2.23775852794945,0.012,0.076,1
"VAMP2",0.0110141000790465,1.03155379658139,0.578,0.576,1
"NDUFC2",0.0110244583049798,-1.29288069913999,0.042,0.136,1
"PAPLN",0.0110266724118194,-1.35212399672555,0.06,0.167,1
"TRIM8",0.0110921940411724,-0.269254815018621,0.295,0.561,1
"MTG1",0.0111740383407822,-1.5874143190176,0.018,0.091,1
"SNED1",0.0111952448266083,2.72370950706886,0.187,0.061,1
"FBP1",0.0112187132182031,-0.959686056619149,0.066,0.182,1
"CHRNA1",0.0112394082191078,-1.70934013091965,0.012,0.076,1
"ENSG00000259001",0.0112394082191078,-0.895272147265902,0.012,0.076,1
"GPR39",0.0112394082191078,-1.60839630406613,0.012,0.076,1
"ATP9B",0.0112443520203079,-0.202424033621221,0.151,0.318,1
"PHF1",0.0112443520203079,2.42767831570616,0.235,0.106,1
"CRBN",0.0112853173489864,-0.131893204329705,0.151,0.333,1
"OMA1",0.0113533608646592,-0.873884801182465,0.066,0.182,1
"CWC22",0.0113688737060863,-0.40834739601211,0.181,0.364,1
"TSR1",0.0113732642918833,-0.599340213159719,0.048,0.152,1
"GAB3",0.0113733430525301,-0.586730607833967,0.084,0.212,1
"RAB11B",0.011382598209251,-0.317994988028887,0.476,0.758,1
"MME",0.0113826157834611,-0.297099041039762,0.018,0.091,1
"FAF2",0.0113916662832727,-0.172846532966547,0.145,0.318,1
"LRRK1",0.0114452087805224,-0.303132439934167,0.235,0.439,1
"TMEM123",0.0114607194158755,1.60958219518922,0.416,0.303,1
"ENSG00000225806",0.0114763565308922,-1.98832403705626,0.012,0.076,1
"KLRF2",0.0114763565308922,-1.44939156824851,0.012,0.076,1
"LINC00706",0.0114763565308922,-2.12760207701463,0.012,0.076,1
"MFSD5",0.0114763565308922,-1.82433320765415,0.012,0.076,1
"PROSER2",0.0114763565308922,-1.75314538723529,0.012,0.076,1
"RBFA",0.0114763565308922,-1.43414217886281,0.012,0.076,1
"SP3",0.0115272523666601,-0.156384715763323,0.247,0.485,1
"STT3B",0.0115334171156241,-0.291237248320532,0.235,0.439,1
"MCTP1",0.011591160492435,-0.805108964583751,0.096,0.227,1
"CPD",0.0115946422954409,-0.440117768463426,0.018,0.091,1
"DHRS12",0.0115946422954409,-1.01127425127917,0.018,0.091,1
"PARP15",0.011598741109725,1.54590941394198,0.386,0.273,1
"ZNF326",0.0116083825796965,0.210486954862147,0.175,0.379,1
"MMP23B",0.0116133516714218,-1.7309098557711,0.054,0.152,1
"CCDC152",0.0116700413795982,-0.261144298378145,0.102,0.242,1
"SPART",0.0116895540330469,-0.846631533169247,0.127,0.273,1
"ALPK1",0.0117052300698444,-0.17494530488052,0.054,0.167,1
"CSRNP2",0.0117177279587468,-1.12961499321828,0.012,0.076,1
"ENSG00000227712",0.0117177279587468,-1.28141256793038,0.012,0.076,1
"ENSG00000285458",0.0117177279587468,-1.66563054426095,0.012,0.076,1
"EZH2",0.0117177279587468,-1.67741712199001,0.012,0.076,1
"HMBS",0.0117177279587468,-1.25980787855404,0.012,0.076,1
"MIR22HG",0.0117177279587468,-1.54278676752362,0.012,0.076,1
"SLC2A8",0.0117177279587468,-1.42966091899672,0.012,0.076,1
"ZNF382",0.0117177279587468,-1.597351449148,0.012,0.076,1
"MAFK",0.011733105606942,-1.35513777010488,0.06,0.167,1
"DHX15",0.0117444359434589,-0.399322424627235,0.295,0.53,1
"DYRK4",0.011746495041546,-0.580427043020755,0.072,0.197,1
"MED19",0.011746495041546,-0.2132784107099,0.072,0.197,1
"KIAA0232",0.0117659520494617,0.11526122991445,0.066,0.182,1
"MRPL47",0.0118276974040012,-1.08985399359363,0.042,0.136,1
"SERPINB1",0.0118304601537929,-0.166609168053321,0.295,0.545,1
"AGER",0.0118360910489886,-0.543793849010993,0.048,0.152,1
"BRMS1",0.0118360910489886,-0.875650710093239,0.048,0.152,1
"IL18",0.0118360910489886,-0.450192891065097,0.048,0.152,1
"TRPS1",0.0118360910489886,-0.996709637005192,0.048,0.152,1
"MRE11",0.0118523205467232,-0.405221205088849,0.181,0.364,1
"ATAD1",0.0118695928061078,-0.213942983329975,0.133,0.288,1
"PARM1",0.0118952309537046,5.076613385329,0.09,0,1
"TNFRSF13B",0.0118952309537046,4.56972040441612,0.09,0,1
"HADH",0.0119090332567926,-0.640548135735195,0.102,0.242,1
"IREB2",0.0119131584532728,-0.148394115999573,0.169,0.348,1
"ANKRD40",0.0119555241262657,-0.150536461128155,0.127,0.288,1
"ARHGAP32",0.0119635919073504,-1.19406912621312,0.012,0.076,1
"CEP70",0.0119635919073504,-1.84250413007461,0.012,0.076,1
"UBL4A",0.0119635919073504,-0.998355663734755,0.012,0.076,1
"ENSG00000226471",0.0119944363900165,0.183684122593501,0.042,0.136,1
"TMEM69",0.0120697750752418,-0.378751938579568,0.151,0.318,1
"COMMD3",0.0120760061697639,-0.398340005540663,0.157,0.333,1
"CERS2",0.012088525675778,-0.179910038861012,0.235,0.47,1
"RC3H2",0.0121259142875105,-0.299110396095748,0.145,0.318,1
"EIF3I",0.0121290316995913,-0.260766763804997,0.331,0.591,1
"RARA",0.0121759789696866,2.50362543225266,0.12,0.015,1
"SUCLA2",0.0121917879945432,-0.576215893108951,0.066,0.182,1
"LUC7L2",0.0122528824187951,-0.276180220519062,0.175,0.364,1
"ZNF117",0.0122732153447164,-0.593459706543249,0.084,0.212,1
"MAPKAPK5",0.0122951922246963,-0.146290619382314,0.072,0.197,1
"SEC31B",0.0123155441811713,-0.34022168392238,0.048,0.152,1
"PRDX4",0.0123268611056481,-0.796701891292875,0.06,0.167,1
"CEP85",0.0123341775412291,-0.496731837844867,0.042,0.136,1
"SLC35C1",0.0123341775412291,-1.38896300300723,0.042,0.136,1
"SEMA4B",0.0123454978286615,1.60851188440615,0.265,0.121,1
"PTPN22",0.0123475679510357,-0.434059826080728,0.247,0.47,1
"TXLNA",0.0123642431761681,-0.680131608144637,0.114,0.258,1
"AGA",0.0123826122543715,-0.234907903871162,0.096,0.242,1
"RSL1D1",0.0124176003785117,-0.358445779865072,0.361,0.606,1
"ITGAE",0.0124539460793026,-0.337385108582347,0.163,0.333,1
"BLNK",0.0124634138501292,-0.187829996288474,0.518,0.788,1
"DHX9",0.012472232559412,-0.244056637618421,0.301,0.545,1
"NAA38",0.012479142682095,-0.466231956517876,0.048,0.152,1
"TIMM23",0.012481021912201,-0.304029744349695,0.108,0.258,1
"CCND2",0.0125335593311442,-1.04061506464879,0.175,0.333,1
"GSK3A",0.0125555805397673,-0.650596668098841,0.145,0.303,1
"NIPA2",0.0125985730681131,-0.344706548144396,0.331,0.576,1
"IMP3",0.0126189025692193,-0.348656731675476,0.211,0.409,1
"CPEB3",0.0126284179675142,-1.04631243713847,0.078,0.197,1
"PIGT",0.0126284179675142,-0.937396909783836,0.078,0.197,1
"RHOF",0.0126396953962838,-0.251597600539648,0.169,0.348,1
"FAM214A",0.0126604565815796,-0.22638719100915,0.386,0.667,1
"GOLGA2P5",0.0126824157378188,-0.964747391683207,0.042,0.136,1
"ABCG1",0.0127259196487116,-0.342579266226762,0.217,0.409,1
"COMMD10",0.0127370746228921,-0.538325714571487,0.271,0.47,1
"ZFC3H1",0.0127756753002989,-0.160291276375334,0.271,0.5,1
"TMEM184C",0.0128194056146732,-0.309217968702555,0.175,0.348,1
"ASIP",0.0128597766636011,-0.731166244345939,0.042,0.136,1
"JAK2",0.0128632980226804,-0.244826188394326,0.223,0.424,1
"SPATS2",0.0128961941965569,-0.332998402253707,0.145,0.303,1
"SNHG5",0.012908958930082,-0.452660763199353,0.102,0.242,1
"HNRNPA1",0.0129149593743524,-0.319024657279241,0.759,0.955,1
"MARCHF1",0.012936090622459,0.946145104364788,0.711,0.712,1
"HACD3",0.0129690840225215,-0.529629706839941,0.12,0.273,1
"DDX3X",0.0130015727419271,-0.168944795112177,0.392,0.682,1
"ZNF302",0.0130129161933934,-0.332123854261366,0.072,0.197,1
"SPECC1",0.0130565894167658,-1.19414046677129,0.036,0.121,1
"CD40",0.0131007332854287,1.38837397017369,0.295,0.152,1
"NFYA",0.0131063862604561,-0.49066884436495,0.06,0.167,1
"YIPF4",0.0131315494972761,0.147859946678298,0.235,0.47,1
"CDC42EP3",0.0131608289428233,4.03982745078684,0.139,0.03,1
"P2RY8",0.0131608289428233,3.53401583353747,0.139,0.03,1
"ENSG00000273066",0.0132210945246967,-1.26595762176069,0.042,0.136,1
"GALNS",0.0132210945246967,-0.94149048626875,0.042,0.136,1
"NACC1",0.0132210945246967,-0.911636490310861,0.042,0.136,1
"HEXIM1",0.0132356061623832,-0.506742639799138,0.084,0.212,1
"PRRC2B",0.0132536291153916,1.5624493503786,0.41,0.303,1
"ARIH2",0.0132648092212659,-0.123965551177455,0.217,0.439,1
"TOR1AIP1",0.0133042050892998,-0.291437131296351,0.181,0.364,1
"RBBP7",0.0133294074767781,-0.31694166619943,0.355,0.621,1
"LRPPRC",0.0133447651144382,-0.267263766150221,0.139,0.303,1
"KCMF1",0.0133450898460208,-0.14474245377045,0.229,0.424,1
"FBXO42",0.013350298744008,-0.75222208297005,0.078,0.197,1
"CAPZB",0.0133634468029828,-0.344549838184871,0.56,0.879,1
"BCLAF3",0.0133657954326809,-0.163316109624214,0.108,0.258,1
"ENTPD7",0.0133787151471689,-2.07959622888965,0.054,0.152,1
"NAA50",0.0134675745651253,-0.221240784432064,0.12,0.273,1
"ERG28",0.0135224884348402,-0.497139951685225,0.084,0.212,1
"PMAIP1",0.0135342092240148,-1.02229386983108,0.181,0.348,1
"TBCC",0.013602033888812,-0.37568451419776,0.145,0.303,1
"ASNSD1",0.0136285658449323,-0.166892217946107,0.108,0.258,1
"RPS3",0.0136416114027769,0.45475297981716,0.801,0.879,1
"CCDC12",0.0136441481838147,-0.629971103538455,0.151,0.318,1
"PRIM2",0.0136680853597418,0.123326644898044,0.084,0.212,1
"RUFY3",0.0137088697414751,-0.196627721135956,0.283,0.515,1
"NDUFA10",0.0137632516297824,-0.345848223270802,0.151,0.318,1
"AKIRIN2",0.0137736811454614,-0.467052104164687,0.325,0.576,1
"CRAMP1",0.013779903517194,-0.919902224866027,0.042,0.136,1
"SLX4IP",0.013779903517194,-0.597136789814022,0.042,0.136,1
"TRERF1",0.0138007242003148,-0.55302644100066,0.078,0.197,1
"SACS",0.0138253134527164,-0.236903715502549,0.09,0.227,1
"PEA15",0.0138682242032002,-0.271290325729615,0.331,0.576,1
"TRIM38",0.0139234709380776,0.993361617725527,0.566,0.53,1
"ZFP64",0.0139291908678746,-1.09525814020544,0.06,0.167,1
"RESF1",0.0139334061969048,1.2446069590381,0.536,0.5,1
"SEPHS1",0.0139519780054103,-0.731713873556034,0.108,0.242,1
"STK25",0.0139824564930482,-0.620210165068829,0.102,0.242,1
"TERF2IP",0.0140269990513633,-0.182459427477315,0.5,0.773,1
"APOBEC3C",0.014030551354903,1.63410881758042,0.41,0.318,1
"NDUFB2",0.0140494188355591,-0.312428155674672,0.349,0.621,1
"AIMP1",0.0140743808052307,-0.443748011170291,0.229,0.424,1
"POLR2J",0.0140868398422965,-0.433980131841063,0.193,0.379,1
"MRPL27",0.01409911938224,-0.835036663912039,0.06,0.167,1
"CWC25",0.0141796084461539,-0.270225504500605,0.199,0.394,1
"SEC24A",0.0141989563751559,-0.321600484954585,0.066,0.182,1
"NIBAN3",0.0142073622726613,-0.2949045300866,0.735,0.97,1
"SCFD1",0.014227853016891,-0.426609015204213,0.229,0.394,1
"HPS4",0.0142513360879874,-0.255643384884582,0.127,0.288,1
"UTP6",0.0143391081665115,0.110250670075794,0.169,0.364,1
"RASA1",0.0143417866424093,-0.246960394129072,0.145,0.303,1
"MTMR9",0.0143591145959855,-0.574689246021765,0.127,0.273,1
"PNPT1",0.0143726455444176,-0.334185257513161,0.151,0.318,1
"DPM3",0.0144672162882482,-1.40965353236352,0.036,0.121,1
"PCBD2",0.0145323471656303,-0.445020596774726,0.066,0.182,1
"RNF126",0.0145706456202282,-0.242289900821004,0.084,0.212,1
"TBC1D13",0.0145706456202282,-0.407995445413392,0.084,0.212,1
"MSRB2",0.0146199315033802,-0.913939047437866,0.06,0.167,1
"LSM6",0.0146470309781271,-0.516787746385314,0.133,0.288,1
"PITPNB",0.0146591213128381,-0.185321120645475,0.193,0.379,1
"SCNM1",0.0147495977707577,-0.36415617876731,0.151,0.318,1
"KMT2A",0.0147540593762194,1.55820655844055,0.44,0.348,1
"POLR2E",0.0147684299906,-0.411350597469457,0.157,0.318,1
"FAM118A",0.0147798271287687,-0.432561053250572,0.133,0.288,1
"BUB3",0.0147859881311307,-0.75064590902005,0.331,0.53,1
"SLC25A44",0.0147972659053608,-1.00849429667559,0.06,0.167,1
"RPL34",0.0148101494649906,0.192713787785573,0.988,0.985,1
"FBXO7",0.014884316884674,-0.404257944188725,0.199,0.379,1
"LCN12",0.0148941931322896,-1.55269946233785,0.036,0.121,1
"THAP1",0.0148941931322896,-2.08187213726311,0.036,0.121,1
"PNO1",0.0149071009454401,-0.887123014237654,0.072,0.182,1
"EIF2AK4",0.0149361089823611,-0.292435337548243,0.169,0.348,1
"CTNNBL1",0.0149844205684841,-0.263169055317228,0.114,0.258,1
"CRIPT",0.0149870731628388,-0.707006655189602,0.096,0.227,1
"PTPN12",0.0150075549226707,3.2427836749776,0.157,0.045,1
"UBE2E1",0.0150599690674765,-0.310460812948653,0.169,0.348,1
"WDR37",0.0150660873840258,-0.308080118359394,0.12,0.273,1
"MFSD12",0.0150681057756984,-0.343774347308561,0.078,0.197,1
"TBC1D10A",0.015111815940198,-1.43604528712761,0.036,0.121,1
"RPL3",0.015118575654137,0.363514232250765,0.964,0.924,1
"RAB5B",0.0151407476364965,-0.282765039775477,0.361,0.636,1
"MCCC2",0.0151512138491333,-0.464243541954696,0.157,0.318,1
"SYAP1",0.0151846032229007,-0.266073108773387,0.133,0.288,1
"LYST",0.0152168148382625,2.17185069494561,0.289,0.167,1
"LAPTM4A",0.0152399438906683,-0.365317656727721,0.337,0.576,1
"KDELR1",0.0152636058170809,-0.401232716990803,0.265,0.485,1
"CHORDC1",0.0152915549355488,-0.223125238278051,0.229,0.424,1
"ARGLU1",0.0153008089788982,-0.253185680131959,0.602,0.864,1
"RPL35A",0.0153136713840466,0.328320844038652,0.91,0.909,1
"LPAR5",0.0153322342989618,4.74883718272031,0.084,0,1
"SMAD7",0.0153322342989618,4.70585686798543,0.084,0,1
"MT2A",0.0153406934559992,-0.582391585001716,0.06,0.167,1
"BDH1",0.0153732738124235,0.141175079650895,0.042,0.136,1
"ARL1",0.0154005428594352,-0.647577961970614,0.078,0.197,1
"TMEM106B",0.0154346228516856,3.07411700365708,0.175,0.061,1
"AEBP2",0.015499276610255,-0.512886625748185,0.151,0.303,1
"GTF3C1",0.0155257003304069,-0.709029985566153,0.06,0.167,1
"CLDND1",0.0155493105385287,-0.276170857517741,0.247,0.455,1
"FMO5",0.0155554779586701,-1.10034469731812,0.036,0.121,1
"POLR3F",0.0155554779586701,-1.55558112039373,0.036,0.121,1
"PRUNE1",0.0155834332975762,-0.696270732241759,0.042,0.136,1
"GNG7",0.0156271759905856,1.34438034427561,0.5,0.439,1
"NRBF2",0.0156554084063193,-0.217646291274653,0.139,0.303,1
"LAMTOR5",0.0156607971103999,-0.118905663345116,0.295,0.545,1
"IDI1",0.0156834145615084,2.42382909753627,0.181,0.061,1
"PSMG4",0.0157126677698348,-0.754164353639641,0.06,0.167,1
"RUFY1",0.0157694867604819,-0.442343899896686,0.259,0.47,1
"RMDN1",0.0158225973470908,-0.596450314086164,0.133,0.273,1
"RECQL",0.0158654736437755,-0.428261524944606,0.193,0.379,1
"ERO1B",0.015895412531743,-0.210863912475241,0.102,0.242,1
"SLC23A2",0.0159340151038617,-0.71837755723558,0.181,0.348,1
"NAALADL2",0.0160105613036094,-1.4582369519071,0.036,0.121,1
"AP5Z1",0.0160113486302042,-0.763213993918449,0.042,0.136,1
"PDLIM5",0.0160516749419369,-0.12737624459573,0.102,0.242,1
"GOLGA8B",0.0160674057421509,-0.414851412290336,0.145,0.303,1
"LRRFIP1",0.0161513412374606,-0.422258160543483,0.578,0.894,1
"UBXN8",0.0161665649208079,-1.12541524574814,0.054,0.152,1
"PVT1",0.0161677309819117,2.73720505529782,0.114,0.015,1
"RBM38",0.0162092861858209,2.96553549187856,0.175,0.061,1
"SNHG31",0.016242461612458,-1.34748193692995,0.036,0.121,1
"BRD3",0.0162433792884172,-0.762978855870422,0.12,0.258,1
"PCBD1",0.0162855059206941,-0.429179398154339,0.06,0.167,1
"PTK2B",0.0162978749979131,1.42388892790085,0.446,0.364,1
"CTSO",0.016324535064284,-0.341380939625682,0.175,0.364,1
"SHFL",0.0163453347766968,1.66011173172472,0.38,0.273,1
"IAH1",0.0164088179131704,-0.33799118185053,0.096,0.227,1
"SRC",0.0164743939147331,-0.59069400831175,0.09,0.212,1
"QSOX1",0.0164773084701768,-1.25607612561647,0.036,0.121,1
"RPL23A",0.0165787370397618,0.335556865452712,0.97,0.909,1
"TMSB10",0.0166706742476586,-0.216463002746009,0.771,0.985,1
"SUGP1",0.016677518854994,-0.106587759430325,0.06,0.167,1
"TAF4B",0.0167023549430054,2.34457445832703,0.193,0.076,1
"ACAD9",0.0167151327523646,-0.840410211658721,0.036,0.121,1
"DNAJB4",0.0167151327523646,-0.854367441620131,0.036,0.121,1
"FES",0.0167151327523646,-1.52652913640993,0.036,0.121,1
"EIF3H",0.0167564547053791,-0.342399754837307,0.633,0.864,1
"ZDHHC3",0.0167957148522107,-0.747021351819004,0.078,0.197,1
"AVEN",0.0168711197939341,-0.62676512627067,0.072,0.182,1
"NOMO1",0.0168766144245277,-0.8186559110224,0.06,0.167,1
"RPP25L",0.0168982726803098,-0.325094977758312,0.042,0.136,1
"HDAC9",0.0169594539446171,-0.292844253821661,0.337,0.576,1
"ICE1",0.017005619901962,-0.425124243945983,0.139,0.288,1
"METTL7A",0.0170873806950173,-0.206879077809356,0.38,0.652,1
"TSPAN3",0.0170886186718116,-0.262114899578922,0.331,0.576,1
"EDRF1",0.0171562344252354,-0.770763463614015,0.114,0.242,1
"SIGLEC10",0.0171657745417202,2.61458163878312,0.157,0.045,1
"NUDT2",0.017199838223137,-1.12117333302483,0.036,0.121,1
"SGO1",0.017199838223137,-0.947968864755833,0.036,0.121,1
"SERTAD3",0.0172031979847004,-0.875574286507904,0.054,0.152,1
"CCNI",0.0172764443080068,0.549991430450593,0.765,0.879,1
"ALAS1",0.0172810729247462,-0.928876866794837,0.06,0.167,1
"TRIM22",0.0173056667680131,-0.32231401737714,0.747,0.939,1
"SOD2",0.0173066607427913,-0.561432908293656,0.139,0.288,1
"ILRUN",0.017332014417664,2.39940508470033,0.193,0.076,1
"ELOVL1",0.0173468295286831,-0.433490680582794,0.078,0.197,1
"BLVRB",0.0173873044454214,-2.00702529822999,0.03,0.106,1
"PLCB1",0.0173873044454214,-2.1144851403322,0.03,0.106,1
"INAFM2",0.0174447221172758,-0.867731133542641,0.072,0.182,1
"TXNDC9",0.0174467822943071,-0.899369151339014,0.036,0.121,1
"HPS5",0.0174769453120082,-0.655957164667507,0.151,0.303,1
"DDIT4",0.0175114184336382,-0.547979225955631,0.193,0.364,1
"DGKD",0.0175124469402577,2.3970602880653,0.211,0.091,1
"SMC6",0.0175539299973962,-0.351178472887645,0.524,0.788,1
"SNHG14",0.0175924735821433,-0.476929017109257,0.265,0.485,1
"TRIM24",0.0176339052705744,-1.35900913964328,0.054,0.152,1
"ID3",0.0176395892156541,3.37769562727391,0.133,0.03,1
"PNPO",0.0176968295555949,-0.831763606581791,0.036,0.121,1
"BEND6",0.0177096999655479,-1.44175022420116,0.066,0.167,1
"EIF4G2",0.0178195356455317,-0.342096074005438,0.705,0.909,1
"VPS54",0.0178365584688151,-0.626093471425887,0.072,0.182,1
"RASAL2",0.0178527818936748,3.35180840543471,0.108,0.015,1
"ZBP1",0.0178527818936748,3.68669881384454,0.108,0.015,1
"MIEN1",0.0179284350263355,-0.302290693090165,0.151,0.303,1
"ABCB7",0.0179399839761328,-0.211826965466412,0.108,0.242,1
"FBXO8",0.0179500120154196,-1.38484173914331,0.036,0.121,1
"NCKIPSD",0.0179500120154196,-0.582389280155806,0.036,0.121,1
"RPL13",0.0179527558638367,0.302235283723102,0.964,0.955,1
"PTEN",0.0180522705484408,-0.107822437380357,0.349,0.621,1
"NAE1",0.0180657004268013,-0.394366047919719,0.09,0.212,1
"DDRGK1",0.0180740351646809,-0.65492787846351,0.054,0.152,1
"PYROXD1",0.0181061906161443,-0.592361653805526,0.078,0.197,1
"TNRC6B",0.018120594185113,0.920495433620977,0.657,0.636,1
"METTL5",0.0181375314785308,0.171524055075398,0.181,0.364,1
"IMP4",0.0181545393658003,-0.550687628790905,0.114,0.242,1
"C1orf162",0.0182050551231715,-0.277391768034186,0.235,0.424,1
"PCCA",0.0182063619094035,-0.559630138207365,0.036,0.121,1
"TRMT1",0.0182063619094035,-0.358175493156208,0.036,0.121,1
"SLC16A1-AS1",0.0182976862406441,-1.03493120365325,0.054,0.152,1
"C11orf58",0.0183000218771576,-0.234905452442538,0.494,0.818,1
"ATP2B1",0.0183333735218125,1.81554934327226,0.404,0.318,1
"CNOT8",0.0183767798966168,-0.144752199942875,0.211,0.409,1
"GALNT1",0.0184079511708601,-0.416224865997933,0.229,0.424,1
"ANP32A",0.0184237372127714,-0.266586067219468,0.422,0.682,1
"WDSUB1",0.0184387705892926,-0.688882575693031,0.072,0.182,1
"GMPS",0.0184589821379099,-0.539497642372693,0.108,0.242,1
"ETFB",0.0184659117005313,-0.499835539039914,0.036,0.121,1
"TRIM11",0.0184659117005313,-0.622648649509143,0.036,0.121,1
"NELFA",0.0184880520197455,-0.305774459096626,0.096,0.227,1
"PACS2",0.0185237564076678,-0.717352941020514,0.054,0.152,1
"WBP1L",0.0185237564076678,-1.06251983150648,0.054,0.152,1
"DDB1",0.0185860727939188,-0.700047503559115,0.223,0.409,1
"CTBP1",0.0186041482193477,-0.302599121285474,0.241,0.455,1
"MKNK1",0.0186693032449984,-1.0392902805954,0.096,0.212,1
"LINC00665",0.01869483032058,0.204554868446776,0.078,0.197,1
"ABHD14A",0.018728694079287,-0.591562329976388,0.036,0.121,1
"CTSZ",0.018740001639368,-0.190402653559902,0.199,0.394,1
"TIRAP-AS1",0.0187650126756797,-1.80236755999962,0.03,0.106,1
"FHIT",0.0187855765923509,-1.64082509343684,0.084,0.197,1
"PGAM5",0.0188151277382069,-0.742778375294533,0.09,0.212,1
"EFHD2",0.0188809641813073,-0.3286426663685,0.235,0.424,1
"ANKRD46",0.018894698023073,-0.488959839229275,0.078,0.197,1
"DCTPP1",0.0189947419637674,-0.830080561110426,0.036,0.121,1
"ENSG00000291215",0.0189947419637674,-1.02259885034876,0.036,0.121,1
"GCFC2",0.0189947419637674,-0.631162957494059,0.036,0.121,1
"ADCK2",0.0190517364551845,-1.48733795979092,0.03,0.106,1
"SNUPN",0.0190517364551845,-1.79959137764924,0.03,0.106,1
"KLHL5",0.0190751150962589,2.00346465183794,0.247,0.121,1
"NAAA",0.0191045535885714,-0.426758749079478,0.157,0.303,1
"E2F3",0.0191821663561685,-1.06425754938533,0.084,0.197,1
"UBA6-DT",0.0191999365823198,-0.87299810828841,0.09,0.212,1
"FBXL12",0.0192640884997713,-0.641145131691467,0.036,0.121,1
"COPS9",0.0192798601399584,-0.718648184110373,0.145,0.288,1
"NUP85",0.0192915076962313,-0.10360680637632,0.114,0.258,1
"DRAP1",0.0193154084711456,-0.456848160041245,0.187,0.364,1
"ENSG00000273448",0.0193422832021382,-1.82070008920101,0.03,0.106,1
"EFCAB13",0.0194132354369142,3.17662947105235,0.151,0.045,1
"MARCHF3",0.0194132354369142,3.64397059283132,0.151,0.045,1
"H4C3",0.0194284460154384,-0.226405750541988,0.259,0.485,1
"UBA52",0.0194435935017037,-0.259526919437898,0.886,0.985,1
"MRPL40",0.0194526582284735,-0.901918786117968,0.054,0.152,1
"PLPBP",0.0194655220758184,-0.119040505825013,0.205,0.379,1
"RNF20",0.0194661190715982,-0.751595864175157,0.102,0.227,1
"SIGLEC6",0.0194820473179266,-0.447277204079323,0.072,0.182,1
"ZCCHC8",0.0195244213387504,-0.438682659716698,0.12,0.258,1
"COX7A2",0.0196135355064926,-0.266893368464685,0.199,0.394,1
"CALCOCO2",0.0196299441420833,0.170932654070404,0.229,0.455,1
"SUPT3H",0.0196354122020067,-0.894414800973991,0.066,0.167,1
"AGPAT1",0.0196911476629783,-1.06617233924101,0.054,0.152,1
"MED7",0.0196911476629783,-0.751973372133512,0.054,0.152,1
"UROD",0.0196911476629783,-0.575298020129504,0.054,0.152,1
"CD27",0.0197574389719623,4.12971892168109,0.078,0,1
"ENSG00000253690",0.0197574389719623,4.35021011182575,0.078,0,1
"IGHG2",0.0197574389719623,3.94410464434243,0.078,0,1
"LARGE2",0.0197574389719623,4.78037084076029,0.078,0,1
"NT5E",0.0197574389719623,4.62964553589076,0.078,0,1
"PEG10",0.0197574389719623,4.70759580840187,0.078,0,1
"RGMB",0.0197574389719623,4.33386884539782,0.078,0,1
"SYTL1",0.0197574389719623,4.37273405011108,0.078,0,1
"OGFOD1",0.0197729971368169,-0.557116600910539,0.133,0.273,1
"FARSA",0.0197900459809121,-0.476980787451023,0.09,0.212,1
"GRHPR",0.0198602762657782,-1.21006554748329,0.066,0.167,1
"GLE1",0.0199135830829171,-0.734397005713627,0.072,0.182,1
"PTPN9",0.019932186618043,-0.764492549297958,0.054,0.152,1
"LINC00174",0.0199350122073937,-1.23376321953012,0.03,0.106,1
"ZDHHC16",0.0199350122073937,-1.46205547291171,0.03,0.106,1
"EP400",0.0200242697268389,-0.640717029346647,0.114,0.242,1
"IFI16",0.0200643793149867,0.69927267342507,0.687,0.788,1
"DRD4",0.0200663548321049,-1.59175062634392,0.048,0.136,1
"STAMBP",0.0200722124406337,-0.37469746804528,0.127,0.273,1
"PARP4",0.0201322649515951,-0.49585966839991,0.223,0.394,1
"SLC25A33",0.0201324633193357,-0.861718789845835,0.072,0.182,1
"FBXL5",0.0201731179666225,-0.403432373015233,0.151,0.303,1
"MRPL52",0.0202154632962563,-0.531391935166323,0.205,0.379,1
"EARS2",0.0202372785319123,-1.65917748025157,0.03,0.106,1
"GID4",0.0202372785319123,-1.34959730542641,0.03,0.106,1
"TTC3",0.0202476497868628,-0.222798902951637,0.476,0.727,1
"SMU1",0.0203319693865644,0.13829788579531,0.193,0.379,1
"PREX1",0.0203674170345703,-0.187084188602331,0.265,0.485,1
"ZNF500",0.0203751320475234,-0.169242082518656,0.036,0.121,1
"PYHIN1",0.0204308770016632,3.07258429791582,0.151,0.045,1
"SSH2",0.0204924952437226,1.55757300552214,0.488,0.439,1
"CARD16",0.020500136154254,-0.154237154770993,0.133,0.288,1
"NRDE2",0.0205435359562965,-0.347486443991204,0.03,0.106,1
"C19orf53",0.0205767831996342,-0.266907479259339,0.253,0.47,1
"HSPB1",0.0205900353354191,-0.219912038566169,0.199,0.379,1
"GALK2",0.0206014569135934,-0.391156828245644,0.09,0.212,1
"PABIR1",0.0206154402669819,-0.665619599494921,0.12,0.258,1
"RGP1",0.0206708231593219,-0.39485806370139,0.054,0.152,1
"SRP68",0.0207351830959375,-0.880262956910002,0.084,0.197,1
"RIC8A",0.0208087866612705,-0.618141606150949,0.09,0.212,1
"ACAD8",0.0209222833955661,-0.593750425118762,0.054,0.152,1
"MYO19",0.0209222833955661,0.375484628917989,0.054,0.152,1
"TEFM",0.0209222833955661,-0.898632343492085,0.054,0.152,1
"PPM1M",0.0210186378631653,-1.1516472899464,0.066,0.167,1
"CC2D1B",0.0210243155141024,-0.698249111429564,0.102,0.227,1
"PLRG1",0.0210243155141024,-0.63346372275052,0.102,0.227,1
"ANKRD36B",0.0210291132756456,-0.658009630958747,0.072,0.182,1
"TOMM20",0.0210512504204764,-0.103770471992332,0.337,0.576,1
"LINC02908",0.0211157215765054,-1.19597266949921,0.048,0.136,1
"RIOX1",0.0211157215765054,-1.48527830377284,0.048,0.136,1
"ARHGAP42",0.0211681955880244,-1.53517392215316,0.03,0.106,1
"OXNAD1",0.0211681955880244,-1.79961211380484,0.03,0.106,1
"CD1C",0.0211764053979403,2.38256585844985,0.108,0.015,1
"ARMC1",0.0212078530044726,-0.603624642344753,0.151,0.303,1
"ARL6IP5",0.0212537526224084,-0.288346550044772,0.572,0.773,1
"NONO",0.0213149103412676,-0.375583035061646,0.452,0.773,1
"EIF4G1",0.0213352242695727,-0.301247599317,0.114,0.258,1
"RPS5",0.02137781885029,0.447590660610136,0.867,0.848,1
"HECTD1",0.0214263054632738,-0.128557335777513,0.241,0.439,1
"CDC37",0.0214418741962756,-0.290564206680745,0.229,0.424,1
"TDRD3",0.0214608390790925,-0.799363700472185,0.114,0.242,1
"ANKEF1",0.0214866842981268,-0.709698785678329,0.03,0.106,1
"LINC00205",0.0214866842981268,-1.21062430289253,0.03,0.106,1
"TRABD2A",0.0214866842981268,-1.19170500504514,0.03,0.106,1
"RBL1",0.021490346317557,-0.27399870234296,0.072,0.182,1
"UBE2N",0.0215122886594865,-0.140061868066543,0.259,0.47,1
"EPRS1",0.0215235357931751,-0.185257205727516,0.223,0.409,1
"TMEM65",0.0216563991598412,-0.299119347081851,0.09,0.212,1
"DUSP12",0.0216581071111707,-1.28544045027157,0.048,0.136,1
"SMIM13",0.0216581071111707,-1.29793403336373,0.048,0.136,1
"SDCBP",0.0216588229541025,-0.437314598570395,0.175,0.333,1
"TP53INP1",0.0216649031223651,1.52468048441963,0.301,0.197,1
"ASB1",0.0216927261766347,0.291136903954654,0.054,0.152,1
"ELOA-AS1",0.0216927261766347,-0.292867129749649,0.054,0.152,1
"GSTO1",0.021742342805186,-0.316327995492041,0.151,0.303,1
"GET1",0.0218093371132754,-0.883750811419181,0.03,0.106,1
"RFX3-DT",0.0218102484644723,-0.522715484952007,0.157,0.303,1
"MTIF3",0.0218349030457019,-0.257286833869844,0.38,0.606,1
"HERC4",0.0218820874840367,1.58429122607435,0.247,0.121,1
"DCLK2",0.0219338188913645,-0.979977072408227,0.048,0.136,1
"SNHG20",0.0219549710132619,-0.499957999032533,0.054,0.152,1
"ZDHHC13",0.0219549710132619,-0.636518618846451,0.054,0.152,1
"EHMT2",0.0219603625045067,-0.313364451186458,0.072,0.182,1
"BBX",0.0219724437282347,0.934202653835186,0.584,0.561,1
"ADAM10",0.021998656686945,-0.299962734262063,0.229,0.409,1
"GLB1",0.0220234191528511,-0.342534333451198,0.211,0.379,1
"DDX52",0.0220398527966945,-0.256536904495076,0.169,0.333,1
"PPAT",0.0221361980450967,-0.726452753981991,0.03,0.106,1
"HERC1",0.0221494879388043,-0.298862089988105,0.361,0.621,1
"FRYL",0.0221595933148907,-0.193545535114489,0.277,0.485,1
"MED8",0.0221987064174085,-0.413348200240906,0.072,0.182,1
"ANAPC5",0.0222267325671361,-0.376116039768161,0.289,0.5,1
"EIF4B",0.0222853899131933,0.515099243080095,0.783,0.848,1
"SF3B3",0.0223058281329593,-0.192114910309358,0.217,0.409,1
"CNOT9",0.0223531125078598,-0.598771467852189,0.157,0.303,1
"NSMCE4A",0.0223946752492229,-0.381889101585009,0.157,0.318,1
"MAD2L2",0.0223969044116777,-0.479369554613964,0.084,0.197,1
"SC5D",0.0224448741505483,-0.440805703552517,0.127,0.258,1
"ABTB2",0.0224673114088668,-1.18747768309872,0.03,0.106,1
"POLR1A",0.022487745698531,-0.286689049817687,0.054,0.152,1
"PIP4P2",0.0225523294683414,-0.300179879879504,0.12,0.258,1
"DHX8",0.0225622440603953,3.85335643779557,0.127,0.03,1
"RRP36",0.0225725330719271,0.222120931697297,0.145,0.303,1
"NDUFC1",0.0226770893544561,-0.248026091294255,0.271,0.485,1
"FAM204A",0.022691011617736,-0.107271018589159,0.217,0.394,1
"ABCD3",0.0228027218231966,-0.876147667024429,0.03,0.106,1
"ADGRE2",0.0228027218231966,-1.10896680265858,0.03,0.106,1
"TMEM141",0.0228027218231966,-0.583312218008722,0.03,0.106,1
"UROS",0.0228027218231966,-0.872919157630156,0.03,0.106,1
"ZNHIT1",0.0228690109508013,-0.383989201906126,0.163,0.318,1
"PLEKHF2",0.0229231199676843,1.64384478362389,0.319,0.212,1
"NUTM2A-AS1",0.022929530488445,0.160715430794644,0.169,0.333,1
"ISG20L2",0.0229631767809821,-0.218368223979099,0.217,0.409,1
"NBN",0.0229924861010812,-0.176044314106184,0.241,0.439,1
"ANXA2",0.0230383630572386,-0.486297594534964,0.307,0.5,1
"OXR1",0.0230862729275989,-0.420215974087857,0.235,0.424,1
"ACSM3",0.0231104127089046,5.28080880170674,0.102,0.015,1
"GKAP1",0.0231104127089046,3.80805615970795,0.102,0.015,1
"ITPR3",0.0231104127089046,4.09206479273713,0.102,0.015,1
"JUP",0.0231104127089046,3.33499814771193,0.102,0.015,1
"TMEM273",0.0231104127089046,3.40973267038994,0.102,0.015,1
"RTF2",0.0231333838485411,-0.383901727187171,0.229,0.409,1
"SNHG17",0.0231424742096732,-0.84589280511927,0.03,0.106,1
"LAT2",0.0231483671079314,0.926012712947768,0.199,0.076,1
"BOLA2B",0.0232121669778306,-0.403830334943007,0.09,0.212,1
"VWA8",0.0232121669778306,-0.146641230520029,0.09,0.212,1
"ARSB",0.0232259767594663,-0.150744689210277,0.145,0.288,1
"GGPS1",0.0232525324326845,-0.634492317101575,0.066,0.167,1
"MTPAP",0.0232525324326845,-0.700743088559064,0.066,0.167,1
"ANXA4",0.0233528264372637,-0.754816334736185,0.127,0.258,1
"LEMD3",0.0233614407311906,0.226027897582064,0.187,0.379,1
"SMARCA2",0.0233631584178347,-0.304121526815678,0.367,0.606,1
"TAX1BP1",0.0233675133069965,-0.276168506536669,0.44,0.697,1
"SRSF10",0.0234055156328031,-0.222697493359918,0.331,0.561,1
"CWF19L2",0.0234470466540071,1.61006350656239,0.301,0.182,1
"SLC39A3",0.0234866137924581,-0.829892757434246,0.03,0.106,1
"CD300LB",0.023549973727932,-1.87347595494182,0.024,0.091,1
"SLC30A1",0.023549973727932,-2.10976578734385,0.024,0.091,1
"CUX1",0.0236268633230307,-0.613029451418535,0.349,0.545,1
"RSF1",0.0236391815824242,1.09314311406492,0.506,0.47,1
"FAM210B",0.0236467450232458,-0.633205839143397,0.096,0.212,1
"ENSG00000270055",0.0237297531636033,-0.420822239269299,0.114,0.242,1
"PUS7L",0.0237897918612689,-0.103308877701705,0.078,0.197,1
"UFSP2",0.0238691104206841,-0.515436539593226,0.054,0.152,1
"FAM91A1",0.0238770406198393,-0.660444045115665,0.096,0.212,1
"GPATCH1",0.023930979276391,-0.33252501926946,0.072,0.182,1
"IDUA",0.0239312572640422,-1.90197548465825,0.024,0.091,1
"PLCB3",0.0239312572640422,-2.24295849068153,0.024,0.091,1
"UGP2",0.0239359397633201,-0.291088883976423,0.133,0.273,1
"ARMH3",0.0239713605445261,0.34834534915472,0.108,0.242,1
"CUTC",0.0239826559813647,0.33126277734056,0.139,0.288,1
"AP5M1",0.0240004834796212,-0.361471631596146,0.12,0.258,1
"NFAT5",0.0240103980055196,-0.6128661475009,0.205,0.364,1
"PFDN6",0.0240416369125485,-0.662260678363394,0.066,0.167,1
"POP4",0.0240416369125485,-0.875717948681304,0.066,0.167,1
"ISG20",0.0241567460465467,1.85790664652628,0.307,0.197,1
"TSEN2",0.0241882369537499,-0.37193924286829,0.03,0.106,1
"LZTFL1",0.0242165188460372,-1.34096142572085,0.06,0.152,1
"FLYWCH2",0.0242515729381138,-1.28008855214497,0.048,0.136,1
"RCHY1",0.0243097823804226,-0.121382372183933,0.066,0.167,1
"CDK5R1",0.0243178831756695,-1.82458502919644,0.024,0.091,1
"VASP",0.0243302242201068,1.23147991690966,0.307,0.197,1
"BIN3",0.0244419286978001,-0.119979286822229,0.054,0.152,1
"RFC4",0.0244419286978001,-0.170026022053019,0.054,0.152,1
"SCLT1",0.024459781291512,-0.124107635702734,0.211,0.394,1
"LIN52",0.0244693928330783,-0.486439808106298,0.102,0.227,1
"EEF1A1",0.0245530456447427,-0.146764347225609,0.982,0.985,1
"SUSD3",0.0245612714304068,2.59498733040644,0.102,0.015,1
"NBPF14",0.0245816209485576,-0.296120948901091,0.247,0.439,1
"HSPA1A",0.0246128034374466,0.880992121213308,0.127,0.258,1
"NKAPD1",0.024639147191007,0.124844715650027,0.108,0.242,1
"BTBD3",0.0247099114340329,-1.51659139767391,0.024,0.091,1
"RHOC",0.0247099114340329,-1.83363183316836,0.024,0.091,1
"TNFAIP8L2",0.0247099114340329,-1.89173008965575,0.024,0.091,1
"HSD17B12",0.0247538001210592,-0.919561845590921,0.12,0.242,1
"WWOX",0.0247538001210592,-1.0569981153645,0.12,0.242,1
"STAT1",0.0247806191814424,-0.24333673791789,0.596,0.833,1
"CDC23",0.024791705731228,-0.166211376618943,0.084,0.197,1
"NAPEPLD",0.0248631589211308,-0.917346293159027,0.048,0.136,1
"DNAJA3",0.0248879567760877,2.3240377922732,0.127,0.03,1
"BZW2",0.0249382943592104,-0.19865135959283,0.181,0.348,1
"ACVRL1",0.0250317141441276,-3.16157766548109,0,0.03,1
"ADORA3",0.0250317141441276,-3.11146636573425,0,0.03,1
"ANKLE1",0.0250317141441276,-3.16408673611251,0,0.03,1
"ANKRD18A",0.0250317141441276,-3.95731859644001,0,0.03,1
"ARG2",0.0250317141441276,-2.83118616854827,0,0.03,1
"ASB14",0.0250317141441276,-2.67591748403899,0,0.03,1
"ASB9",0.0250317141441276,-3.48671145753238,0,0.03,1
"B4GALT6",0.0250317141441276,-2.55902196317841,0,0.03,1
"BAALC-AS1",0.0250317141441276,-3.18820328602544,0,0.03,1
"BIVM",0.0250317141441276,-3.06750974904463,0,0.03,1
"BOLA3-DT",0.0250317141441276,-3.05605875624557,0,0.03,1
"C2CD5-AS1",0.0250317141441276,-3.79876039254588,0,0.03,1
"C6orf132",0.0250317141441276,-3.28181964300786,0,0.03,1
"CA2",0.0250317141441276,-3.16047771290578,0,0.03,1
"CACNA1C",0.0250317141441276,-4.16785076124103,0,0.03,1
"CAMK1",0.0250317141441276,-3.45608755222438,0,0.03,1
"CAMSAP3",0.0250317141441276,-2.56406002813702,0,0.03,1
"CASTOR1",0.0250317141441276,-3.02542308228484,0,0.03,1
"CCDC13-AS2",0.0250317141441276,-3.14780011994276,0,0.03,1
"CCDC163",0.0250317141441276,-3.63465069957813,0,0.03,1
"CCDC90B-AS1",0.0250317141441276,-3.00469637325336,0,0.03,1
"CD276",0.0250317141441276,-2.75814789905673,0,0.03,1
"CD300LF",0.0250317141441276,-3.31545015167686,0,0.03,1
"CFAP43",0.0250317141441276,-3.32602376333728,0,0.03,1
"CFD",0.0250317141441276,-3.08971115687341,0,0.03,1
"CKB",0.0250317141441276,-3.95207291837071,0,0.03,1
"CLDN14",0.0250317141441276,-3.87175099064928,0,0.03,1
"COL4A2",0.0250317141441276,-3.23259859314246,0,0.03,1
"COQ3",0.0250317141441276,-3.66070790302539,0,0.03,1
"CST7",0.0250317141441276,-3.87212795361939,0,0.03,1
"CTNNA3",0.0250317141441276,-4.09763726989258,0,0.03,1
"CXADR",0.0250317141441276,-3.36094569543212,0,0.03,1
"CYP51A1",0.0250317141441276,-3.04878115199997,0,0.03,1
"DBET",0.0250317141441276,-2.89614735249158,0,0.03,1
"DBN1",0.0250317141441276,-3.74620307549847,0,0.03,1
"DDN-AS1",0.0250317141441276,-3.1402650581229,0,0.03,1
"DHRS9",0.0250317141441276,-4.51598481123102,0,0.03,1
"DNAH5",0.0250317141441276,-3.32390635953598,0,0.03,1
"DPP4-DT",0.0250317141441276,-3.17792106306273,0,0.03,1
"DUSP14",0.0250317141441276,-3.44381222688044,0,0.03,1
"EDIL3",0.0250317141441276,-2.92078888451629,0,0.03,1
"ENSG00000189229",0.0250317141441276,-4.05334584014433,0,0.03,1
"ENSG00000215765",0.0250317141441276,-3.04250113149328,0,0.03,1
"ENSG00000223786",0.0250317141441276,-3.26845761922335,0,0.03,1
"ENSG00000228434",0.0250317141441276,-2.26413332721572,0,0.03,1
"ENSG00000230379",0.0250317141441276,-3.81101204654267,0,0.03,1
"ENSG00000231704",0.0250317141441276,-3.21475413329772,0,0.03,1
"ENSG00000232072",0.0250317141441276,-5.2743348509864,0,0.03,1
"ENSG00000232306",0.0250317141441276,-3.10616168935867,0,0.03,1
"ENSG00000235726",0.0250317141441276,-3.17926074487666,0,0.03,1
"ENSG00000236255",0.0250317141441276,-3.38473874717608,0,0.03,1
"ENSG00000243155",0.0250317141441276,-3.23270094406252,0,0.03,1
"ENSG00000250751",0.0250317141441276,-2.8563730166235,0,0.03,1
"ENSG00000251249",0.0250317141441276,-2.89086146698962,0,0.03,1
"ENSG00000253619",0.0250317141441276,-3.50500906162271,0,0.03,1
"ENSG00000255046",0.0250317141441276,-2.89713182850063,0,0.03,1
"ENSG00000256206",0.0250317141441276,-3.69870673833024,0,0.03,1
"ENSG00000257058",0.0250317141441276,-3.68446753894087,0,0.03,1
"ENSG00000259564",0.0250317141441276,-2.89614735249158,0,0.03,1
"ENSG00000259678",0.0250317141441276,-3.48169841667562,0,0.03,1
"ENSG00000259891",0.0250317141441276,-3.2348982156876,0,0.03,1
"ENSG00000260167",0.0250317141441276,-3.28979521497222,0,0.03,1
"ENSG00000260816",0.0250317141441276,-3.94720562698398,0,0.03,1
"ENSG00000261159",0.0250317141441276,-3.46994937299184,0,0.03,1
"ENSG00000261766",0.0250317141441276,-3.82732928615316,0,0.03,1
"ENSG00000262050",0.0250317141441276,-3.07220638309677,0,0.03,1
"ENSG00000264895",0.0250317141441276,-3.29365699176947,0,0.03,1
"ENSG00000267047",0.0250317141441276,-3.41516022021364,0,0.03,1
"ENSG00000267547",0.0250317141441276,-3.14598919731902,0,0.03,1
"ENSG00000267838",0.0250317141441276,-3.6049684228268,0,0.03,1
"ENSG00000270000",0.0250317141441276,-3.43218403945371,0,0.03,1
"ENSG00000270720",0.0250317141441276,-3.57005610475838,0,0.03,1
"ENSG00000272040",0.0250317141441276,-3.36360835845594,0,0.03,1
"ENSG00000272092",0.0250317141441276,-3.1157876990482,0,0.03,1
"ENSG00000272638",0.0250317141441276,-3.88371478846528,0,0.03,1
"ENSG00000272986",0.0250317141441276,-3.44543920437712,0,0.03,1
"ENSG00000273375",0.0250317141441276,-2.84086177439659,0,0.03,1
"ENSG00000273456",0.0250317141441276,-2.67591748403899,0,0.03,1
"ENSG00000273669",0.0250317141441276,-2.78114585696215,0,0.03,1
"ENSG00000273759",0.0250317141441276,-2.26413332721572,0,0.03,1
"ENSG00000275426",0.0250317141441276,-2.56238449904737,0,0.03,1
"ENSG00000279073",0.0250317141441276,-3.10168237081018,0,0.03,1
"ENSG00000280571",0.0250317141441276,-3.29018618550609,0,0.03,1
"ENSG00000283913",0.0250317141441276,-3.96391522554967,0,0.03,1
"ENSG00000285835",0.0250317141441276,-4.20725868093921,0,0.03,1
"ENSG00000285920",0.0250317141441276,-4.33119968701546,0,0.03,1
"ENSG00000285923",0.0250317141441276,-3.31578341925324,0,0.03,1
"ENSG00000286001",0.0250317141441276,-2.75093667644699,0,0.03,1
"ENSG00000286153",0.0250317141441276,-3.3300335159263,0,0.03,1
"ENSG00000286634",0.0250317141441276,-3.20403498666013,0,0.03,1
"ENSG00000286787",0.0250317141441276,-4.55721723007153,0,0.03,1
"ENSG00000286909",0.0250317141441276,-2.5019473517751,0,0.03,1
"ENSG00000287033",0.0250317141441276,-3.28191771827339,0,0.03,1
"ENSG00000287878",0.0250317141441276,-3.20085380971514,0,0.03,1
"ENSG00000288710",0.0250317141441276,-3.44543920437712,0,0.03,1
"ENSG00000288826",0.0250317141441276,-3.12497371141958,0,0.03,1
"ENSG00000288990",0.0250317141441276,-3.29289111415978,0,0.03,1
"ENSG00000289319",0.0250317141441276,-3.12231735229509,0,0.03,1
"ENSG00000289440",0.0250317141441276,-2.95260221311458,0,0.03,1
"ENSG00000289528",0.0250317141441276,-2.6072724256794,0,0.03,1
"ENSG00000289725",0.0250317141441276,-2.5019473517751,0,0.03,1
"ENSG00000289865",0.0250317141441276,-2.54565950242089,0,0.03,1
"ENSG00000290767",0.0250317141441276,-2.70184108576645,0,0.03,1
"EWSAT1",0.0250317141441276,-3.72842262679311,0,0.03,1
"FAM218A",0.0250317141441276,-3.60475272307889,0,0.03,1
"FAM83D",0.0250317141441276,-3.34461910261747,0,0.03,1
"FARP1",0.0250317141441276,-4.65568917254677,0,0.03,1
"FKBP1C",0.0250317141441276,-3.19197002698486,0,0.03,1
"FLVCR2",0.0250317141441276,-2.61614485893859,0,0.03,1
"FPR3",0.0250317141441276,-3.324130887518,0,0.03,1
"GABARAP",0.0250317141441276,-3.49338038374941,0,0.03,1
"GADD45G",0.0250317141441276,-4.40386973594094,0,0.03,1
"GIMAP6",0.0250317141441276,-4.19539396834912,0,0.03,1
"GRM3-AS1",0.0250317141441276,-2.9130854487629,0,0.03,1
"GSTA4",0.0250317141441276,-4.44606700724289,0,0.03,1
"GZMA",0.0250317141441276,-6.39810061452505,0,0.03,1
"IFT140",0.0250317141441276,-3.29710061999803,0,0.03,1
"IGF1",0.0250317141441276,-3.96528380703634,0,0.03,1
"IQSEC3",0.0250317141441276,-3.12382988841397,0,0.03,1
"ITGA9",0.0250317141441276,-3.67365683339172,0,0.03,1
"ITPRID1",0.0250317141441276,-3.78806711218931,0,0.03,1
"JDP2-AS1",0.0250317141441276,-3.01610750438776,0,0.03,1
"KBTBD11-OT1",0.0250317141441276,-3.92395089768702,0,0.03,1
"KCNQ3",0.0250317141441276,-3.09149184288769,0,0.03,1
"KDM4D",0.0250317141441276,-3.54456772364285,0,0.03,1
"KIF24",0.0250317141441276,-3.80093982425479,0,0.03,1
"KIR2DS4",0.0250317141441276,-4.41663637358559,0,0.03,1
"KLRB1",0.0250317141441276,-5.49694600183545,0,0.03,1
"KLRD1",0.0250317141441276,-4.88835446143946,0,0.03,1
"LINC00200",0.0250317141441276,-3.24420463676954,0,0.03,1
"LINC00393",0.0250317141441276,-3.62183376670066,0,0.03,1
"LINC00960",0.0250317141441276,-3.94209153008502,0,0.03,1
"LINC00963",0.0250317141441276,-3.11494904172934,0,0.03,1
"LINC01091",0.0250317141441276,-3.36471463800364,0,0.03,1
"LINC01122",0.0250317141441276,-3.01698232347407,0,0.03,1
"LINC01505",0.0250317141441276,-3.68392548265816,0,0.03,1
"LINC01841",0.0250317141441276,-3.21157738964374,0,0.03,1
"LINC02367",0.0250317141441276,-3.07607461500324,0,0.03,1
"LINC02653",0.0250317141441276,-3.20379424116035,0,0.03,1
"LINC02680",0.0250317141441276,-3.3454061641772,0,0.03,1
"LINC02731",0.0250317141441276,-3.2016021008283,0,0.03,1
"LINC02958",0.0250317141441276,-3.61731376053875,0,0.03,1
"LTBP2",0.0250317141441276,-3.20688586584007,0,0.03,1
"MGST1",0.0250317141441276,-3.02542308228484,0,0.03,1
"MIR4300HG",0.0250317141441276,-2.99055100376235,0,0.03,1
"MIR503HG",0.0250317141441276,-3.44543920437712,0,0.03,1
"MNS1",0.0250317141441276,-3.40851996918597,0,0.03,1
"MSMP",0.0250317141441276,-3.63134376073972,0,0.03,1
"MTHFS",0.0250317141441276,-2.78809055783857,0,0.03,1
"MTUS2",0.0250317141441276,-2.70184108576645,0,0.03,1
"MYO16",0.0250317141441276,-3.34187139244049,0,0.03,1
"NANOS1",0.0250317141441276,-3.40637033629039,0,0.03,1
"NBEAL2",0.0250317141441276,-2.27406083939784,0,0.03,1
"NECTIN2",0.0250317141441276,-3.54656717619261,0,0.03,1
"NMNAT3",0.0250317141441276,-3.11532661573929,0,0.03,1
"ORC1",0.0250317141441276,-3.32460865355505,0,0.03,1
"OSCP1",0.0250317141441276,-3.25084912062218,0,0.03,1
"OTUD7A",0.0250317141441276,-3.29342611614489,0,0.03,1
"OVOL2",0.0250317141441276,-3.20830796382762,0,0.03,1
"PAPSS2",0.0250317141441276,-3.88161893249501,0,0.03,1
"PCDH7",0.0250317141441276,-3.38475437448286,0,0.03,1
"PCSK6",0.0250317141441276,-2.27406083939784,0,0.03,1
"PDE1A",0.0250317141441276,-3.52305747688863,0,0.03,1
"PITX1-AS1",0.0250317141441276,-2.99891679505734,0,0.03,1
"PKN3",0.0250317141441276,-3.76973503194904,0,0.03,1
"PLD5P1",0.0250317141441276,-3.87565128794456,0,0.03,1
"PMEL",0.0250317141441276,-3.42895584591385,0,0.03,1
"POC1A",0.0250317141441276,-3.08548995120104,0,0.03,1
"POLQ",0.0250317141441276,-2.90256114072755,0,0.03,1
"POLR2J2",0.0250317141441276,-3.00595512132998,0,0.03,1
"POTEJ",0.0250317141441276,-4.40866723508157,0,0.03,1
"PRF1",0.0250317141441276,-5.06992866445416,0,0.03,1
"PRKCQ-AS1",0.0250317141441276,-3.50267617232834,0,0.03,1
"PROM1",0.0250317141441276,-3.47541673543346,0,0.03,1
"PSMA2",0.0250317141441276,-2.27406083939784,0,0.03,1
"PYROXD2",0.0250317141441276,-2.96841951538344,0,0.03,1
"RAB11B-AS1",0.0250317141441276,-3.48527782451524,0,0.03,1
"RAB4A-AS1",0.0250317141441276,-2.96046458250401,0,0.03,1
"RACGAP1",0.0250317141441276,-3.13593519808625,0,0.03,1
"RAPH1",0.0250317141441276,-4.03827558340415,0,0.03,1
"RBM15-AS1",0.0250317141441276,-3.4175768230782,0,0.03,1
"REEP6",0.0250317141441276,-2.60764138377454,0,0.03,1
"RPUSD1",0.0250317141441276,-3.44734815620995,0,0.03,1
"RTKN2",0.0250317141441276,-3.73378428098977,0,0.03,1
"RTN4RL1",0.0250317141441276,-3.04826994249889,0,0.03,1
"SASH1",0.0250317141441276,-3.37723092092398,0,0.03,1
"SDSL",0.0250317141441276,-3.22271053661025,0,0.03,1
"SH3GL2",0.0250317141441276,-3.59864024556371,0,0.03,1
"SHBG",0.0250317141441276,-3.27428318310258,0,0.03,1
"SLC22A18",0.0250317141441276,-3.52575301882873,0,0.03,1
"SLC22A25",0.0250317141441276,-3.22482730857535,0,0.03,1
"SLC25A5-AS1",0.0250317141441276,-3.20830796382762,0,0.03,1
"SLC26A3",0.0250317141441276,-3.30506940556188,0,0.03,1
"SNAI1",0.0250317141441276,-3.46290970675159,0,0.03,1
"SNCAIP",0.0250317141441276,-4.25197537530378,0,0.03,1
"SND1-IT1",0.0250317141441276,-3.47589236827466,0,0.03,1
"SNX21",0.0250317141441276,-3.36420406942164,0,0.03,1
"SPACA6",0.0250317141441276,-2.9781971412935,0,0.03,1
"STK32B",0.0250317141441276,-3.50184575699776,0,0.03,1
"TAGLN",0.0250317141441276,-3.19922272203504,0,0.03,1
"TARS1-DT",0.0250317141441276,-2.94202182068494,0,0.03,1
"TAS2R20",0.0250317141441276,-3.16278426695112,0,0.03,1
"TCN2",0.0250317141441276,-3.32314608412494,0,0.03,1
"TEX29",0.0250317141441276,-3.42111166747639,0,0.03,1
"TFIP11-DT",0.0250317141441276,-3.62978471164524,0,0.03,1
"TMEM11-DT",0.0250317141441276,-3.15211107609892,0,0.03,1
"TNFRSF11A",0.0250317141441276,-2.26413332721572,0,0.03,1
"TRABD-AS1",0.0250317141441276,-3.65849065922468,0,0.03,1
"TRO",0.0250317141441276,-3.60919890995353,0,0.03,1
"UBE2V1",0.0250317141441276,-3.41215754595852,0,0.03,1
"UGT2B7",0.0250317141441276,-3.53350284072661,0,0.03,1
"UHRF1",0.0250317141441276,-3.27091153552426,0,0.03,1
"VGLL3",0.0250317141441276,-3.24803916432799,0,0.03,1
"WDR38",0.0250317141441276,-3.12202573369835,0,0.03,1
"XIRP2",0.0250317141441276,-3.95832891194615,0,0.03,1
"YTHDF3-DT",0.0250317141441276,-3.42208158154658,0,0.03,1
"ZBED8",0.0250317141441276,-3.12272388263649,0,0.03,1
"ZNF19",0.0250317141441276,-3.35261620975174,0,0.03,1
"ZNF469",0.0250317141441276,-3.95510051746548,0,0.03,1
"ZNF496-DT",0.0250317141441276,-3.27091153552426,0,0.03,1
"ZNF503",0.0250317141441276,-2.99153920523117,0,0.03,1
"ZNF619",0.0250317141441276,-3.57005610475838,0,0.03,1
"ZNF805",0.0250317141441276,-3.16687014147321,0,0.03,1
"ZXDA",0.0250317141441276,-2.89904480442714,0,0.03,1
"CSH1",0.0250317141441276,-3.12642972673703,0,0.03,1
"ENSG00000258131",0.0250317141441276,-2.6640377438451,0,0.03,1
"ENSG00000273300",0.0250317141441276,-3.13221725482401,0,0.03,1
"ENSG00000286952",0.0250317141441276,-3.34741984117094,0,0.03,1
"ENSG00000287439",0.0250317141441276,-3.23053088265116,0,0.03,1
"ENSG00000289229",0.0250317141441276,-3.84474196673309,0,0.03,1
"LINC01415",0.0250317141441276,-3.46638063907645,0,0.03,1
"NBPF4",0.0250317141441276,-3.44834929448363,0,0.03,1
"OXGR1",0.0250317141441276,-3.4208957822022,0,0.03,1
"ENSG00000287742",0.0250317141441276,-3.25666288420064,0,0.03,1
"ENSG00000233427",0.0250317141441276,-3.37668557953806,0,0.03,1
"CSN1S1",0.0250317141441276,-3.25804099442834,0,0.03,1
"ENSG00000269489",0.0250317141441276,-3.20379424116035,0,0.03,1
"TXNDC8",0.0250317141441276,-3.2148284332856,0,0.03,1
"ENSG00000266237",0.0250317141441276,-2.27406083939784,0,0.03,1
"PRKCI",0.0250429605873148,-0.470364425465891,0.084,0.197,1
"SESN2",0.0251074024352711,-1.60931860152024,0.024,0.091,1
"STOX1",0.0251074024352711,-1.76055977536456,0.024,0.091,1
"ZNF783",0.0251074024352711,-1.45489274582402,0.024,0.091,1
"RAB14",0.0251241377933164,-0.329751872170586,0.235,0.424,1
"STRADB",0.0251739295857868,-0.520789330569617,0.048,0.136,1
"COQ10B",0.0252390094655356,-0.195075713137155,0.072,0.182,1
"FXR2",0.0252411202294965,-1.24380327340541,0.078,0.182,1
"STK17B",0.0252655941718268,0.674045405820549,0.741,0.667,1
"DDX24",0.0252851785423449,-0.131844799949181,0.44,0.712,1
"JUNB",0.0254109001150495,0.440028863350165,0.627,0.47,1
"RPS21",0.0254212212355939,0.326493872746454,0.873,0.909,1
"APOL3",0.025459852232709,3.69677718696223,0.072,0,1
"CD200",0.025459852232709,4.57147923466612,0.072,0,1
"COL4A4",0.025459852232709,4.3191082125165,0.072,0,1
"PKHD1L1",0.025459852232709,4.50552850042967,0.072,0,1
"TNFRSF10A-DT",0.025459852232709,4.1840924826007,0.072,0,1
"ACADVL",0.0254663835446837,-0.271838574903859,0.193,0.364,1
"DHRS4L2",0.0254880570342626,-0.961953084741358,0.048,0.136,1
"MTERF3",0.0254880570342626,-0.383370894331642,0.048,0.136,1
"TIMM17A",0.0255079731743812,-0.427512370341987,0.114,0.242,1
"ENSG00000289315",0.0255104169994445,-0.837659232051922,0.024,0.091,1
"HAUS3",0.0255104169994445,-1.69046239564956,0.024,0.091,1
"HOXB3",0.0255104169994445,-1.68998745738853,0.024,0.091,1
"SIGMAR1",0.0255104169994445,-1.05527090460737,0.024,0.091,1
"ZNF487",0.0255104169994445,-1.64017840697472,0.024,0.091,1
"TXNL1",0.0256284719698459,-0.284402683515738,0.187,0.364,1
"YTHDF1",0.0256433211954328,0.159461841865101,0.139,0.288,1
"RIOK2",0.0257210699770315,-1.46361716776077,0.042,0.121,1
"ENSG00000291236",0.0258020716254713,-1.54267478149482,0.06,0.152,1
"GPR89A",0.0258055702123402,-0.673971671295702,0.048,0.136,1
"DCTN2",0.0258099967531182,-0.172166588794177,0.084,0.197,1
"EBAG9",0.0258129572110659,-0.543032798360005,0.139,0.273,1
"NEK10",0.0259190163694594,-1.65949746718894,0.024,0.091,1
"RIDA",0.0259190163694594,-1.19456855711992,0.024,0.091,1
"ZBED3",0.0259190163694594,-1.53001927696728,0.024,0.091,1
"ENSG00000230551",0.0259737161057731,-0.713528854310646,0.066,0.167,1
"KMT2E-AS1",0.0259737161057731,-0.541926193867779,0.066,0.167,1
"CLTA",0.0260367755676185,-0.2124125178735,0.253,0.455,1
"CPSF2",0.0260757526324458,-0.104065979150957,0.163,0.318,1
"CNOT3",0.0261264982209986,-0.472990737700389,0.048,0.136,1
"C3orf38",0.0262813994890863,-0.30688824990073,0.157,0.303,1
"KIAA0100",0.0262864243743127,-0.627019068099045,0.151,0.288,1
"PLIN3",0.026296142226029,-0.705149798733995,0.133,0.258,1
"IARS1",0.0263325688640189,-0.353603915254307,0.084,0.197,1
"MRPL21",0.0263325688640189,-0.489378166826622,0.084,0.197,1
"CD2AP-DT",0.0263332622099119,-1.49229857084594,0.024,0.091,1
"SEMA5A",0.0263332622099119,-1.13065950737427,0.024,0.091,1
"UBE2Q1",0.0263371421665214,-0.435584162222593,0.38,0.591,1
"NIT1",0.0263683570805679,-0.42213683596435,0.102,0.227,1
"TMBIM4",0.0263841068536246,-0.603319389535732,0.127,0.258,1
"ENSG00000289070",0.0264035265311819,-1.87287996334951,0.042,0.121,1
"NFATC3",0.0264108316517406,1.16405659844857,0.325,0.212,1
"NDUFAF6",0.0264395306158493,2.9622948956201,0.181,0.076,1
"PGRMC1",0.026450870316064,-0.981439804206185,0.048,0.136,1
"RPL26L1",0.026450870316064,-0.898256222922696,0.048,0.136,1
"SLC25A28",0.0264564538579902,-0.272454917101303,0.151,0.303,1
"ARHGAP24",0.0265102459031162,2.50201861567446,0.211,0.106,1
"SAR1A",0.0266769618283326,-0.47017617299879,0.114,0.242,1
"SMG7",0.0266856409181812,-0.105245120208521,0.223,0.409,1
"SNX19",0.0267052247026755,-0.291816678590898,0.157,0.303,1
"ANKS1A",0.0267400820232918,0.235972158304658,0.108,0.242,1
"ATAD3A",0.0267532166058522,-1.53308667497691,0.024,0.091,1
"CUL9",0.0267532166058522,-1.14408310219223,0.024,0.091,1
"LYSMD4",0.0267532166058522,-0.988896378820013,0.024,0.091,1
"POLR3A",0.0267787159078402,-0.322331896909492,0.048,0.136,1
"PARN",0.0268297943296658,-0.23903725914889,0.199,0.364,1
"ODF2",0.026864258630289,-1.01870298644793,0.084,0.197,1
"HLA-DRB1",0.0269219019026849,0.330002211008458,0.958,0.97,1
"ILK",0.0269587348776429,-0.440881552220943,0.145,0.288,1
"GNG11",0.027101572309541,-0.988981312386612,0.042,0.121,1
"GTF2H3",0.0271126099187811,-0.457968516197562,0.102,0.227,1
"AP2S1",0.0271369349932398,-0.511035671689873,0.066,0.167,1
"NUP93",0.0271369349932398,-0.578661282400503,0.066,0.167,1
"EIF4H",0.0271467708269853,-0.15584469933991,0.434,0.727,1
"MRPL34",0.027160474704885,-0.17085167240908,0.241,0.455,1
"RBM22",0.0271766326013325,-0.297265880955963,0.205,0.379,1
"NOD2",0.0271789420614665,-1.28321356936741,0.024,0.091,1
"PLA2G4C",0.0272052919282958,-2.4116500993184,0.018,0.076,1
"EIF1",0.027239017452246,-0.201684500666981,0.807,0.894,1
"RMND5A",0.0273556314402869,-0.148699015096391,0.157,0.318,1
"GADD45B",0.0273556314402869,-0.794364675719634,0.163,0.303,1
"RILPL2",0.0274038372808036,-0.481595291702184,0.145,0.288,1
"HAUS6",0.0274213815496372,-0.739685254732126,0.078,0.182,1
"RASA4B",0.0274213815496372,-1.00503712743545,0.078,0.182,1
"ANTXR2",0.0274270136829904,-0.196057770998261,0.337,0.545,1
"CHCHD4",0.0274449459927942,-0.174558938762221,0.048,0.136,1
"SIK3",0.0274888516294022,1.21907010083726,0.355,0.227,1
"USO1",0.0275057971100589,-0.180280504078509,0.235,0.424,1
"PTDSS2",0.0276105014986772,-1.14642871570634,0.024,0.091,1
"ARPP19",0.0276609360852313,0.18437090786731,0.223,0.439,1
"GFPT1",0.0276655527164312,-0.253828232731484,0.09,0.212,1
"ENDOD1",0.0276791654104172,2.39480427746876,0.145,0.045,1
"RFX5-AS1",0.027686459868696,-2.63673360383415,0.018,0.076,1
"CXCL16",0.0279911832056417,-0.605363344815109,0.078,0.182,1
"IL7",0.0280333680555812,1.60970880263949,0.102,0.015,1
"SNRNP70",0.0281399579107885,0.134172730123464,0.253,0.485,1
"HAT1",0.0282251411294186,0.162766889437311,0.108,0.242,1
"LRRC40",0.0283448425763098,-0.365850912293495,0.066,0.167,1
"ATP6AP1",0.0284723667645738,-0.315207630300864,0.235,0.424,1
"B3GAT3",0.0284913760852775,-0.327989370486744,0.024,0.091,1
"PPP4R3B-DT",0.0284913760852775,-0.563991559053329,0.024,0.091,1
"ZNF7",0.0284913760852775,-1.03493462280476,0.024,0.091,1
"TVP23B",0.0285153019714204,-0.308239979167526,0.084,0.197,1
"MYB",0.0285455635031574,-0.814014860004229,0.042,0.121,1
"RIMS3",0.0285711620699351,-0.715792327558711,0.078,0.182,1
"ELL2",0.0286125698809127,1.73719134571483,0.127,0.03,1
"ZNF519",0.0286708477996688,-2.51080607057693,0.018,0.076,1
"PSENEN",0.0288106752061074,-0.305700602885435,0.169,0.318,1
"PAFAH1B1",0.0288298635716199,1.37927003809431,0.367,0.258,1
"PNN",0.0289075020624089,0.613575411877449,0.711,0.788,1
"TSN",0.0289200386611084,-0.278788499945279,0.102,0.227,1
"THAP9-AS1",0.0289331056945305,-0.184473890342307,0.072,0.182,1
"KIZ-AS1",0.0291543146597212,-0.222471359015606,0.114,0.242,1
"CFAP251",0.0291742445632328,-1.50084072929826,0.018,0.076,1
"MXRA7",0.0291742445632328,-1.78350649877761,0.018,0.076,1
"OLMALINC",0.0291742445632328,-2.24455633380639,0.018,0.076,1
"CAB39",0.0292665539286255,-0.186077613048383,0.235,0.424,1
"UGGT1",0.0293610230458227,-0.678635432918597,0.157,0.288,1
"ALG10B",0.0293963520372996,-0.801046010830992,0.024,0.091,1
"LPAR6",0.0293963520372996,-0.46549490355438,0.024,0.091,1
"ZKSCAN3",0.0293963520372996,-0.586867174321561,0.024,0.091,1
"DIP2B",0.0293967551553613,1.52203740109527,0.187,0.076,1
"TADA2B",0.0294588696379722,-0.439633319886347,0.096,0.212,1
"PRR14L",0.0295089569481531,0.128784835688608,0.175,0.333,1
"MTIF2",0.0295136544696294,-0.816742876672615,0.09,0.197,1
"VTA1",0.0295144590344123,-0.249165363371232,0.193,0.348,1
"MYO1E",0.0295413171951453,-0.355980872484422,0.235,0.409,1
"LYPLA2",0.0295987906232988,-0.424090253829368,0.066,0.167,1
"RPL29",0.0296590022264369,0.34275360883103,0.892,0.924,1
"SLC30A7",0.0296645278845237,-0.3804035877836,0.187,0.333,1
"ENSG00000272913",0.0296852287602123,-2.50542535127444,0.018,0.076,1
"SLCO4C1",0.0296852287602123,-1.81000513329964,0.018,0.076,1
"TXLNB",0.0296852287602123,-1.44153189130845,0.018,0.076,1
"ZFP36L2",0.0297854327111168,0.376703945521488,0.657,0.606,1
"SYPL1",0.0298396977880553,1.63960398794684,0.331,0.242,1
"BEND4",0.0298905622230438,3.46539921829537,0.096,0.015,1
"DDX60L",0.0298905622230438,3.36648121772983,0.096,0.015,1
"WEE1",0.0298905622230438,3.26451923194286,0.096,0.015,1
"PLOD3",0.0299102279754407,-1.249794911432,0.06,0.152,1
"PIM3",0.0299131268030579,-0.473539382708969,0.151,0.288,1
"FNDC3B",0.0299196321773629,0.60953534684825,0.066,0.167,1
"THAP6",0.0299196321773629,0.150824721928354,0.066,0.167,1
"RAD54L2",0.0300179437804786,-0.571259284397484,0.096,0.212,1
"LINC00863",0.030055338314949,-1.00842942029326,0.042,0.121,1
"FLNB",0.0301152705882902,-0.456298482035057,0.108,0.227,1
"CHURC1-FNTB",0.030203890351462,-2.2761848892383,0.018,0.076,1
"DNER",0.030203890351462,-1.94832227430775,0.018,0.076,1
"RFX2",0.030203890351462,-1.88041296653121,0.018,0.076,1
"VIPR2",0.030203890351462,-1.92980855441062,0.018,0.076,1
"GOLPH3L",0.0302308980776369,-0.367893527182246,0.139,0.273,1
"TMEM38B",0.0302434588767465,-0.115143961844126,0.066,0.167,1
"TTC21A",0.0302545994604151,3.76124225252059,0.096,0.015,1
"LINC02210-CRHR1",0.0302547940333416,3.19924058536844,0.096,0.015,1
"NRDC",0.0302624544643533,-0.306297356385207,0.343,0.576,1
"GOLM2",0.0302631096209691,-0.372944813532584,0.187,0.348,1
"N4BP2L1",0.0303243147706868,-0.196286311666253,0.211,0.394,1
"KRT10",0.0304418849684563,-0.334677759270882,0.349,0.591,1
"MARCHF6",0.0304723665435562,1.61997498001303,0.361,0.273,1
"KCNQ5",0.0305513067838928,2.67990493104476,0.145,0.045,1
"APEX2",0.0305861134192079,-0.352672977292121,0.096,0.212,1
"MARF1",0.0306503212754131,1.44440488659812,0.337,0.227,1
"CPSF3",0.0306620115418295,-0.757298366337715,0.108,0.227,1
"HLA-DOA",0.0307269551220907,1.27233071312195,0.452,0.439,1
"CAPN10-DT",0.0307303199217119,-1.89914344520114,0.018,0.076,1
"ENSG00000277511",0.0307303199217119,-1.15971923777746,0.018,0.076,1
"MIR181A1HG",0.0307303199217119,-1.69559410452039,0.018,0.076,1
"PPP1R3B",0.0307303199217119,-1.93788571763926,0.018,0.076,1
"ZDHHC23",0.0307303199217119,-1.87639122273295,0.018,0.076,1
"EDF1",0.0307925779850363,-0.363174302322473,0.157,0.303,1
"TMEM126A",0.0308356250674244,-1.18336161866099,0.042,0.121,1
"BCL9L",0.0308521222996855,2.23135564293422,0.145,0.045,1
"UIMC1",0.0308843172483394,-0.12584122955539,0.151,0.288,1
"MRPL20-AS1",0.0309001551139589,-0.388880098754216,0.066,0.167,1
"GSTZ1",0.0312322479350174,-0.984031285453748,0.042,0.121,1
"BNIP1",0.0312646086760466,-0.994713864745552,0.018,0.076,1
"CUL7",0.0312646086760466,-1.65007314924273,0.018,0.076,1
"EPHX1",0.0312646086760466,-1.79108101436542,0.018,0.076,1
"LINC02021",0.0312646086760466,-1.41972065267448,0.018,0.076,1
"WDR54",0.0312646086760466,-1.33680395619355,0.018,0.076,1
"ZNRD2",0.0312646086760466,-1.11274548865675,0.018,0.076,1
"ING3",0.0313799810076305,-0.527831480951291,0.151,0.288,1
"HLA-DQB1",0.0314586950829018,0.436192287821304,0.904,0.848,1
"SORL1",0.0315125773687269,-0.149327234234408,0.217,0.394,1
"POLD3",0.0316332403547326,-1.43588182065872,0.042,0.121,1
"TMEM39B",0.0316337937158485,-0.931112858824685,0.06,0.152,1
"PNPLA6",0.0317698721106904,-0.430228929710666,0.084,0.197,1
"BRF1",0.0318068484362136,-0.933365906637492,0.018,0.076,1
"ENSG00000254536",0.0318068484362136,-1.78935640697094,0.018,0.076,1
"MUL1",0.0318068484362136,-1.77237848467119,0.018,0.076,1
"PHLDB2",0.0318068484362136,-0.632757175829806,0.018,0.076,1
"SGMS1-AS1",0.0318068484362136,-1.470450125375,0.018,0.076,1
"THAP2",0.0318068484362136,-0.685379104735693,0.018,0.076,1
"ZNF559",0.0318068484362136,-1.59506596797835,0.018,0.076,1
"RNF146",0.0318808756596429,-0.801970035782605,0.09,0.197,1
"ZNF438",0.031920544405691,-1.47578490455029,0.054,0.136,1
"SENP3",0.0319494343817491,-0.623786393577648,0.078,0.182,1
"FUNDC2",0.0319760199148784,-0.255484067603978,0.193,0.364,1
"CRKL",0.0319812799319737,-0.262991835235091,0.163,0.303,1
"IFT74",0.0319885438746434,-1.14137232320968,0.06,0.152,1
"ZNF688",0.0320386399769642,-1.21941698153205,0.042,0.121,1
"RBFOX2",0.0321105529486089,-0.233824992004382,0.301,0.515,1
"RPS2",0.0322643767120985,-0.165059718521867,0.952,0.97,1
"ACSS2",0.0323571316367598,-1.43705647653448,0.018,0.076,1
"CA5BP1",0.0323571316367598,-1.68671157645314,0.018,0.076,1
"ENSG00000282885",0.0323571316367598,-1.52166895171092,0.018,0.076,1
"EXTL3",0.0323571316367598,-1.58671108837436,0.018,0.076,1
"SH2B1",0.0323571316367598,-0.712490792767458,0.018,0.076,1
"TUSC1",0.0323571316367598,-0.781267322206479,0.018,0.076,1
"ZNF304",0.0323571316367598,-0.684334513864595,0.018,0.076,1
"CCDC18-AS1",0.0323908380814055,-0.202880348407838,0.416,0.652,1
"KPNB1",0.0324115976278121,0.934623213664368,0.62,0.682,1
"RRAGA",0.0324410735477069,-0.153425034141676,0.193,0.364,1
"CISD1",0.032448484636618,-1.26765771395467,0.042,0.121,1
"RAD18",0.032448484636618,-0.628181199507646,0.042,0.121,1
"VPS16",0.032448484636618,-0.726763426211774,0.042,0.121,1
"ZNF664",0.0324975049224204,-0.533556451652644,0.09,0.197,1
"KCNH8",0.0326432409148631,-0.416682229035996,0.108,0.227,1
"LYSMD3",0.0326480171329689,-0.431812244340769,0.096,0.212,1
"SIGLEC14",0.0326480171329689,2.49181467344639,0.157,0.061,1
"HPRT1",0.032708283709779,-0.775888997107763,0.06,0.152,1
"EIF2S3",0.0327268811486314,0.59175387503048,0.711,0.773,1
"CIRBP",0.0327763642049229,-0.2145584568762,0.47,0.727,1
"SLK",0.0327828403097438,-0.281982716713013,0.175,0.333,1
"MIF4GD",0.0327916922672768,-0.402319643031455,0.157,0.288,1
"CS",0.0328100403204249,-0.236978471505324,0.313,0.561,1
"CD70",0.0328179502971749,3.74111328255406,0.066,0,1
"IGHA2",0.0328179502971749,4.76414889375507,0.066,0,1
"IGLL5",0.0328179502971749,4.65825706144799,0.066,0,1
"TMCO4",0.0328179502971749,3.98194194688286,0.066,0,1
"ZNF821",0.0328179502971749,4.66373893684969,0.066,0,1
"SUGP2",0.0329119093017937,0.281278231481157,0.193,0.364,1
"ACOT13",0.0329155513209942,-1.01087384402309,0.018,0.076,1
"CDH13-AS2",0.0329155513209942,-1.45291044513126,0.018,0.076,1
"CPB2-AS1",0.0329155513209942,-0.927293377975946,0.018,0.076,1
"EME2",0.0329155513209942,-1.41180679340188,0.018,0.076,1
"FUOM",0.0329155513209942,-1.55583999113738,0.018,0.076,1
"H2AX",0.0329155513209942,-1.12623403085977,0.018,0.076,1
"PCMTD1-DT",0.0329155513209942,-1.44230434948859,0.018,0.076,1
"PLEKHA5",0.0329155513209942,-2.16884128237128,0.018,0.076,1
"PRKACB-DT",0.0329155513209942,-0.607017493910147,0.018,0.076,1
"RET",0.0329155513209942,-1.70753719862376,0.018,0.076,1
"ZNF773",0.0329155513209942,-1.18237236528854,0.018,0.076,1
"C18orf21",0.0329281769359775,-0.490205199480696,0.078,0.182,1
"SIPA1L1",0.0329828201419118,1.64480048014375,0.235,0.121,1
"C6orf62",0.0331039852276117,-0.119933859515024,0.422,0.712,1
"NUP160",0.0331097951949225,-0.505854703807219,0.163,0.303,1
"PDCD6IP",0.0331478907168906,-0.391911267282049,0.337,0.561,1
"PIK3AP1",0.0331822019913541,-0.148674487615841,0.446,0.712,1
"MTFMT",0.033229061572235,-0.224115789309001,0.108,0.227,1
"INVS",0.0332600781539437,0.112878414976149,0.078,0.182,1
"LMTK2",0.0332816613247851,-0.682397987246314,0.042,0.121,1
"UBE2V2",0.0333182048036924,-0.246085759659572,0.139,0.288,1
"TRIP12",0.0333534691782428,-0.205819838278775,0.253,0.455,1
"EEF1D",0.0333661296274705,0.682279704609376,0.663,0.636,1
"FOS",0.033458177575658,-0.37138318452791,0.602,0.788,1
"BBOF1",0.0334822011367759,-1.00231385165229,0.018,0.076,1
"C11orf65",0.0334822011367759,-0.908270791842745,0.018,0.076,1
"CCNY-AS1",0.0334822011367759,-1.39745548084038,0.018,0.076,1
"IPPK",0.0334822011367759,-1.36835038181528,0.018,0.076,1
"PIP4K2B",0.0334976171189008,-0.979933131497184,0.072,0.167,1
"TPRKB",0.0335253303228949,-0.394606801421173,0.108,0.227,1
"LEPR",0.0335736916259008,-2.91400103622379,0.012,0.061,1
"LIPA",0.0336335859057936,-0.20980924358332,0.235,0.409,1
"TRAPPC1",0.0336803322141168,-0.238711958350294,0.355,0.606,1
"WARS1",0.0337050699371803,-0.962493512027725,0.042,0.121,1
"ST6GAL1",0.0337190601130448,1.2774175476513,0.548,0.53,1
"UBR5-DT",0.0338294133905141,2.09592267522763,0.12,0.03,1
"SH3GLB1",0.0338617151182498,-0.370807982657563,0.235,0.409,1
"IPO8",0.0340027334797527,0.208019428321114,0.084,0.197,1
"SUGT1",0.0340243040000077,-0.157972445011109,0.187,0.348,1
"GFI1",0.034057175332124,-1.36347785297548,0.018,0.076,1
"KAT14",0.034057175332124,-0.963633950075172,0.018,0.076,1
"EFHC1",0.0341894392868049,0.28203628641155,0.06,0.152,1
"TCHP",0.0341894392868049,-0.695186327071514,0.06,0.152,1
"CHASERR",0.0341992284179715,-0.18527692820147,0.319,0.53,1
"C3AR1",0.0342369961304936,-2.38071196464085,0.012,0.061,1
"IRF4",0.0344854669230047,-0.350787741169869,0.217,0.394,1
"GLG1",0.0345117686682575,-0.214933540561018,0.38,0.636,1
"FANCF",0.0345657205144963,-0.619319731359101,0.042,0.121,1
"MIGA2",0.0345685614544365,-0.891917481401471,0.06,0.152,1
"NEPRO",0.0345685614544365,-0.86453294971842,0.06,0.152,1
"PTPA",0.0345685614544365,-0.30427399105371,0.06,0.152,1
"RNF165",0.034572224805424,-1.87965432384874,0.036,0.106,1
"SMPD4",0.0346164605333802,-0.400209024932746,0.078,0.182,1
"DPH1",0.0346405687506507,-0.737387123262931,0.018,0.076,1
"GIHCG",0.0346405687506507,-0.636190657488677,0.018,0.076,1
"HNRNPD-DT",0.0346405687506507,-1.12364957577997,0.018,0.076,1
"MT1X",0.0346405687506507,-1.2494720021704,0.018,0.076,1
"PDIK1L",0.0346405687506507,-0.859783044056463,0.018,0.076,1
"SERTAD1",0.0346405687506507,-1.38158530368965,0.018,0.076,1
"SVIL",0.0346405687506507,-0.109530813053687,0.018,0.076,1
"TBC1D12",0.0346405687506507,-0.995559759405482,0.018,0.076,1
"WBP2NL",0.0346405687506507,-0.466562849446961,0.018,0.076,1
"LRCH1",0.0347331059408251,-0.563843185996118,0.108,0.227,1
"ACO2",0.034806345238013,-0.131637613834735,0.277,0.47,1
"EIF4A2",0.0348266815249581,0.489632038524115,0.861,0.924,1
"STAU1",0.0348387303308437,-0.109298539893631,0.163,0.318,1
"ALDH7A1",0.0349114679586096,-2.5292414934335,0.012,0.061,1
"CENPW",0.0349114679586096,-2.52766133794306,0.012,0.061,1
"MICB-DT",0.0349114679586096,-2.48431525658218,0.012,0.061,1
"PITRM1",0.0349512690543259,-0.120291381143363,0.06,0.152,1
"COLGALT1",0.0350478109362385,-0.315448239388311,0.175,0.333,1
"SLC35A1",0.0351716174803581,-0.775015603508332,0.102,0.212,1
"LCT-AS1",0.0351843136879385,-1.11807306595195,0.066,0.152,1
"CHMP3",0.0352069277888141,-0.225006821354055,0.223,0.409,1
"ACTR3",0.0352457670959908,-0.127028980917278,0.602,0.909,1
"PALM2AKAP2",0.0352663996313681,1.17424985445006,0.404,0.318,1
"CNBP",0.0354285607554672,-0.215947001952044,0.488,0.773,1
"ATAD5",0.0354450747397503,-0.793059780890494,0.042,0.121,1
"B3GALT6",0.0355135122040468,-1.8907081474949,0.036,0.106,1
"RPL9",0.0355508960435683,-0.120056329967547,0.976,0.97,1
"ENSG00000270265",0.0355972524776558,-2.72479204388647,0.012,0.061,1
"ENSG00000291149",0.0355972524776558,-2.30567411148244,0.012,0.061,1
"LMNTD2-AS1",0.0355972524776558,-2.16211217594931,0.012,0.061,1
"WDHD1",0.0355972524776558,-2.24698738050819,0.012,0.061,1
"KIAA1191",0.0356728594114411,0.480799677896967,0.12,0.258,1
"TNFRSF10B",0.0357681918798971,1.55810786515293,0.096,0.015,1
"TRAC",0.0357681918798971,1.65879076329534,0.096,0.015,1
"MRPL36",0.0358200837639398,-0.506505924776772,0.108,0.227,1
"FYCO1",0.0358465869295515,-1.16304735199055,0.054,0.136,1
"NDUFA3",0.0358550724319147,-0.197725114740817,0.139,0.273,1
"KIAA0040",0.035883455709294,1.20431203278673,0.247,0.136,1
"KLHDC1",0.035891863577291,0.105026934206703,0.042,0.121,1
"ZBED5",0.0359294483135469,1.47968788823492,0.373,0.303,1
"CKS1B",0.0360198133076083,-0.34621575992338,0.078,0.182,1
"MIS12",0.0362609356923802,-1.02858843341195,0.054,0.136,1
"C2orf49-DT",0.0362944960746029,-1.92980927022942,0.012,0.061,1
"CLN8-AS1",0.0362944960746029,-1.49033820193003,0.012,0.061,1
"ENSG00000274922",0.0362944960746029,-1.72756169171164,0.012,0.061,1
"ENSG00000286863",0.0362944960746029,-2.49827569700527,0.012,0.061,1
"GABARAPL1",0.0362944960746029,-2.32771396146464,0.012,0.061,1
"GCSH",0.0362944960746029,-1.56052897335769,0.012,0.061,1
"LINC00571",0.0362944960746029,-1.31730547441726,0.012,0.061,1
"NRG1",0.0362944960746029,-1.64405807640055,0.012,0.061,1
"SLC12A4",0.0362944960746029,-1.27699532905885,0.012,0.061,1
"ZNF334",0.0362944960746029,-2.20264755933869,0.012,0.061,1
"ZNF696",0.0362944960746029,-1.55615249134703,0.012,0.061,1
"RNF19B",0.0362949116775261,-0.249693225398482,0.108,0.227,1
"GALNT11",0.0363434461067311,-0.405698027190542,0.042,0.121,1
"TGDS",0.0363434461067311,-0.836551647813641,0.042,0.121,1
"TUBGCP5",0.0363831514870632,-0.957662936180255,0.072,0.167,1
"NUDT1",0.0364598905594813,-0.478264652398983,0.096,0.212,1
"GLRX3",0.0366143534757156,-0.552272750434316,0.108,0.227,1
"SET",0.0367053436047513,-0.157290605471425,0.765,0.879,1
"PAICS",0.0367598263402101,-0.626053931810373,0.09,0.197,1
"RAP1B",0.0368018822900412,-0.149665454152785,0.38,0.636,1
"ZCRB1",0.0368066508789114,-0.299794662961745,0.223,0.379,1
"TPK1",0.0368535231798265,0.114317994598124,0.114,0.242,1
"ALDH3B1",0.0369188478879652,-2.72570890102465,0.006,0.045,1
"CCNT2-AS1",0.0369188478879652,-2.63544740413295,0.006,0.045,1
"GZF1",0.0369188478879652,-3.27690456141026,0.006,0.045,1
"LILRA1",0.0369188478879652,-2.65277769552168,0.006,0.045,1
"MIR4458HG",0.0369188478879652,-2.74656627435697,0.006,0.045,1
"NEURL1B",0.0369188478879652,-3.14924521231229,0.006,0.045,1
"RNASEH2B-AS1",0.0369188478879652,-3.0641534731614,0.006,0.045,1
"TULP2",0.0369188478879652,-3.14016399080902,0.006,0.045,1
"ZNF77",0.0369188478879652,-3.82997921889948,0.006,0.045,1
"MRPL39",0.0369195107143791,-0.414082449475519,0.06,0.152,1
"NCBP3",0.0369709134165261,0.302706110618256,0.181,0.348,1
"CCDC120",0.0370033461455193,-2.13019552053125,0.012,0.061,1
"CCR10",0.0370033461455193,-2.07554256350609,0.012,0.061,1
"ENSG00000285492",0.0370033461455193,-2.36564977025924,0.012,0.061,1
"FAM131A",0.0370033461455193,-1.75855723230944,0.012,0.061,1
"IL10RB-DT",0.0370033461455193,-1.97919053211911,0.012,0.061,1
"NLRP7",0.0370033461455193,-1.88193240445821,0.012,0.061,1
"NPIPA9",0.0370033461455193,-1.91631219229328,0.012,0.061,1
"RABAC1",0.0370033461455193,-1.28676277279825,0.012,0.061,1
"COPS2",0.0370692517027768,-0.134198980680473,0.157,0.303,1
"NOL8",0.037103155509876,-0.403148480233423,0.217,0.379,1
"ENSG00000290020",0.0371039032828014,-0.341039240975692,0.078,0.182,1
"ENSG00000260997",0.0371192844755867,3.68084804659682,0.114,0.03,1
"ARSD",0.0373242856521555,-0.282703173661907,0.06,0.152,1
"GFM1",0.0374244107911689,0.211686259082116,0.084,0.197,1
"RPS4X",0.037491599600812,-0.17206823128513,0.964,0.97,1
"AP1G2",0.0375670477203463,1.14204261518161,0.361,0.258,1
"ITPKB",0.0376173398259191,2.27070567828414,0.205,0.106,1
"CCDC59",0.0376476470113901,-0.148381301135601,0.301,0.5,1
"ACSL1",0.0377239510846762,-1.86526677720831,0.012,0.061,1
"COQ9",0.0377239510846762,-1.62313231782995,0.012,0.061,1
"DZANK1",0.0377239510846762,-1.51034895171026,0.012,0.061,1
"HCG25",0.0377239510846762,-1.7449108860837,0.012,0.061,1
"LYRM4-AS1",0.0377239510846762,-1.61944163768572,0.012,0.061,1
"MIR193BHG",0.0377239510846762,-1.89817824852455,0.012,0.061,1
"SFXN3",0.0377239510846762,-1.27424514369497,0.012,0.061,1
"SPAG16",0.0377239510846762,-1.67603478456781,0.012,0.061,1
"HACE1",0.0377273529499842,-0.374688497322038,0.042,0.121,1
"ZBTB43",0.0377273529499842,-0.141252124267455,0.042,0.121,1
"KMT5B",0.037754781596582,-0.196946953191921,0.217,0.409,1
"ABHD17C",0.0377974612226212,-2.39104139529859,0.006,0.045,1
"ARHGAP11A-DT",0.0377974612226212,-2.64114350510534,0.006,0.045,1
"C3",0.0377974612226212,-2.54638978569903,0.006,0.045,1
"CKMT2-AS1",0.0377974612226212,-2.52351516504865,0.006,0.045,1
"DNAI3",0.0377974612226212,-2.71836374241988,0.006,0.045,1
"ENSG00000265784",0.0377974612226212,-2.91527694098124,0.006,0.045,1
"ENSG00000287367",0.0377974612226212,-2.40694140559231,0.006,0.045,1
"LINC01891",0.0377974612226212,-2.85834301229193,0.006,0.045,1
"LPAR3",0.0377974612226212,-3.78391281020064,0.006,0.045,1
"OIP5",0.0377974612226212,-2.63347405813316,0.006,0.045,1
"SERPINE1",0.0377974612226212,-3.96791833047609,0.006,0.045,1
"PYM1",0.0378084229369445,-0.542866239154677,0.09,0.197,1
"BRPF1",0.0378419618033675,-0.45281182026275,0.078,0.182,1
"FAM241A",0.0378419618033675,0.424756423761402,0.078,0.182,1
"KRT5",0.0378550921154856,-1.19393300008029,0.084,0.182,1
"TTC37",0.0379214467764844,-0.163503123686688,0.283,0.485,1
"ANKRD36",0.0379919733102488,-0.304209331113203,0.145,0.273,1
"MBTD1",0.0381299034139458,0.180490677837725,0.114,0.242,1
"C12orf42",0.0381566770004672,2.42822790423794,0.157,0.061,1
"MFSD8",0.0382156503246168,0.206044351924408,0.078,0.182,1
"TCAF1",0.0382209079806161,-0.295930040352039,0.139,0.273,1
"GBE1",0.0382921189543994,-0.456708822972901,0.072,0.167,1
"VRK1",0.0382921189543994,-0.605820174392428,0.072,0.167,1
"MOB3B",0.0383232038841963,2.91406547803191,0.114,0.03,1
"A2M-AS1",0.0384564602732222,-1.34898418019122,0.012,0.061,1
"CCPG1",0.0384564602732222,-1.35947714764572,0.012,0.061,1
"DECR2",0.0384564602732222,-1.43051352617256,0.012,0.061,1
"ENSG00000259684",0.0384564602732222,-1.25812662236388,0.012,0.061,1
"ENSG00000274695",0.0384564602732222,-1.65283650948395,0.012,0.061,1
"MMAA",0.0384564602732222,-0.954181251289172,0.012,0.061,1
"PIGA",0.0384564602732222,-1.47306176368311,0.012,0.061,1
"PILRB",0.0384564602732222,-1.33149749566011,0.012,0.061,1
"TBC1D19",0.0384564602732222,-0.926084741230541,0.012,0.061,1
"ASAP2",0.0384695980466883,-0.988785498885846,0.036,0.106,1
"DACT1",0.0384695980466883,-1.18156493734655,0.036,0.106,1
"ENSG00000283294",0.0384695980466883,-1.17293214985297,0.036,0.106,1
"G6PD",0.0384695980466883,-1.13371483880964,0.036,0.106,1
"HNRNPH2",0.0384704101266543,-0.155603232215136,0.217,0.394,1
"PIKFYVE",0.0385502694685173,1.8607781678007,0.265,0.167,1
"TMEM164",0.0385613461985235,0.326280782307138,0.06,0.152,1
"SCAI",0.0385815973762592,-0.843404803607716,0.108,0.227,1
"RPP38",0.0385817238944877,-0.313460495987546,0.108,0.227,1
"SKAP1",0.0386317032304719,4.73243861785977,0.09,0.015,1
"C2orf81",0.0386937991582326,-2.3422645393725,0.006,0.045,1
"CLUAP1",0.0386937991582326,-2.57361926585595,0.006,0.045,1
"ENSG00000183154",0.0386937991582326,-2.58774073170948,0.006,0.045,1
"ENSG00000284747",0.0386937991582326,-2.36364463457014,0.006,0.045,1
"FBXL7",0.0386937991582326,-2.86186313569276,0.006,0.045,1
"FBXO16",0.0386937991582326,-2.15262696233708,0.006,0.045,1
"GPRIN3",0.0386937991582326,-1.94218136064891,0.006,0.045,1
"ITGB5",0.0386937991582326,-2.14471815819648,0.006,0.045,1
"PTGER2",0.0386937991582326,-2.4278794956069,0.006,0.045,1
"SGSH",0.0386937991582326,-2.51126789613685,0.006,0.045,1
"TIAM1",0.0386937991582326,-2.30422208967775,0.006,0.045,1
"TMED1",0.0386937991582326,-1.87002918718869,0.006,0.045,1
"TNK2-AS1",0.0386937991582326,-2.28469773504097,0.006,0.045,1
"VLDLR",0.0386937991582326,-2.3324309969263,0.006,0.045,1
"ZNF213",0.0386937991582326,-2.52628633089223,0.006,0.045,1
"HMSD",0.0386937991582326,-3.21616444900905,0.006,0.045,1
"ENSG00000290018",0.038760755705982,-0.264092621236938,0.283,0.485,1
"UBA6",0.0388249492966019,0.245774421591996,0.205,0.394,1
"CNTLN",0.038833694366814,-0.656959270096425,0.054,0.136,1
"ZCCHC2",0.0388745502622083,2.23073919719997,0.223,0.121,1
"METTL3",0.0390031304623088,0.149709234354862,0.187,0.348,1
"ENSG00000274265",0.0390981211775369,3.17251391691381,0.09,0.015,1
"APRG1",0.0392010240674218,-1.51489108097712,0.012,0.061,1
"CEBPD",0.0392010240674218,-0.641510278043941,0.012,0.061,1
"EFNA4",0.0392010240674218,-1.01390371473339,0.012,0.061,1
"ENSG00000289467",0.0392010240674218,-1.22655632228918,0.012,0.061,1
"GSTM2",0.0392010240674218,-0.426420532313817,0.012,0.061,1
"HNRNPLL",0.0392010240674218,-0.959635119939454,0.012,0.061,1
"INKA2",0.0392010240674218,-0.973424664048964,0.012,0.061,1
"NPHP4",0.0392010240674218,-0.270996905189766,0.012,0.061,1
"TCEAL1",0.0392010240674218,-0.836205689333808,0.012,0.061,1
"TMEM201",0.0392010240674218,-0.81684664001594,0.012,0.061,1
"WDR83",0.0392010240674218,-0.746040469463039,0.012,0.061,1
"ZDHHC6",0.0392424971238746,0.232441214382161,0.199,0.379,1
"PCNP",0.0392613398535549,-0.275977896116762,0.307,0.515,1
"C12orf43",0.0392772226135007,-0.982185493209399,0.054,0.136,1
"MICOS10",0.0392772226135007,-0.711546865656465,0.054,0.136,1
"TNPO1",0.0392895813687046,-0.113358925561093,0.295,0.53,1
"NKIRAS2",0.039355593525381,-0.345781125494357,0.078,0.182,1
"GGH",0.0395003373964095,-0.962467855554507,0.036,0.106,1
"SH3D19",0.0395003373964095,-1.85406239662899,0.036,0.106,1
"TGIF1",0.0395693130318566,3.37841811545924,0.09,0.015,1
"ARMCX2",0.0396081347113199,-1.56218990717024,0.006,0.045,1
"ATAD3B",0.0396081347113199,-1.67214505292468,0.006,0.045,1
"BEX3",0.0396081347113199,-1.34187283598555,0.006,0.045,1
"BUB1B",0.0396081347113199,-2.01841748274846,0.006,0.045,1
"CALN1",0.0396081347113199,-1.43161188131832,0.006,0.045,1
"CCDC17",0.0396081347113199,-1.46767378227667,0.006,0.045,1
"CCT6B",0.0396081347113199,-0.990533155819595,0.006,0.045,1
"CDC37L1-DT",0.0396081347113199,-1.46438546356304,0.006,0.045,1
"CRPPA",0.0396081347113199,-1.73139743897904,0.006,0.045,1
"DOCK5",0.0396081347113199,-1.31240253597524,0.006,0.045,1
"DUS3L",0.0396081347113199,-1.29300249620597,0.006,0.045,1
"DYNC2H1",0.0396081347113199,-0.482261752936227,0.006,0.045,1
"ENSG00000230387",0.0396081347113199,-2.33253771905036,0.006,0.045,1
"ENSG00000257390",0.0396081347113199,-0.742411911296012,0.006,0.045,1
"ENSG00000272256",0.0396081347113199,-1.57763760239502,0.006,0.045,1
"ENSG00000283201",0.0396081347113199,-0.642368722891273,0.006,0.045,1
"ENSG00000285851",0.0396081347113199,-1.69952732161563,0.006,0.045,1
"ENSG00000288723",0.0396081347113199,-1.65707872022741,0.006,0.045,1
"FEZ1",0.0396081347113199,-1.40034225268087,0.006,0.045,1
"FUT10",0.0396081347113199,-1.92652665828901,0.006,0.045,1
"FZD2",0.0396081347113199,-1.47332370903563,0.006,0.045,1
"GAS1",0.0396081347113199,-2.20091195745291,0.006,0.045,1
"GINS1",0.0396081347113199,-2.01727880396255,0.006,0.045,1
"HERPUD2-AS1",0.0396081347113199,-1.36911363197418,0.006,0.045,1
"HOXB4",0.0396081347113199,-1.37787450135546,0.006,0.045,1
"HSPB8",0.0396081347113199,-2.01760126077408,0.006,0.045,1
"JMJD4",0.0396081347113199,-1.27469877249179,0.006,0.045,1
"LINC02362",0.0396081347113199,0.154837364467188,0.006,0.045,1
"LIPE-AS1",0.0396081347113199,-1.36621163080097,0.006,0.045,1
"METTL1",0.0396081347113199,-1.69341106897736,0.006,0.045,1
"NAP1L5",0.0396081347113199,-1.25010890504362,0.006,0.045,1
"NCAPH2",0.0396081347113199,-2.12065458148222,0.006,0.045,1
"PSMD6-AS2",0.0396081347113199,-1.50175494310777,0.006,0.045,1
"RASSF8-AS1",0.0396081347113199,-1.19770087057041,0.006,0.045,1
"RBM33-DT",0.0396081347113199,-1.63791637865867,0.006,0.045,1
"SCN1A-AS1",0.0396081347113199,-1.1540398629842,0.006,0.045,1
"SLC39A8",0.0396081347113199,-1.012433937273,0.006,0.045,1
"SLIT3",0.0396081347113199,-1.04176977359192,0.006,0.045,1
"SPATA1",0.0396081347113199,-1.15960746244719,0.006,0.045,1
"TFPT",0.0396081347113199,-1.57517296327144,0.006,0.045,1
"TM6SF1",0.0396081347113199,-1.86448149043919,0.006,0.045,1
"TMUB1",0.0396081347113199,-0.992841997640311,0.006,0.045,1
"TRIM16",0.0396081347113199,-1.47917246559628,0.006,0.045,1
"UBOX5",0.0396081347113199,-1.36823445824744,0.006,0.045,1
"XACT",0.0396081347113199,-0.872946525796453,0.006,0.045,1
"ZCCHC14",0.0396081347113199,-1.80819872737981,0.006,0.045,1
"ZNF28",0.0396420972094673,-0.227841273223105,0.042,0.121,1
"NCOA2",0.0398693888713844,2.03442305194494,0.235,0.136,1
"PPCDC",0.0398799907799555,-0.262497510202263,0.072,0.167,1
"SCOC-AS1",0.0400244379300525,-1.08368323120141,0.036,0.106,1
"RUBCN",0.0400526169254096,-0.257481231567487,0.337,0.545,1
"PAK1IP1",0.0402648231604191,-0.213675471958253,0.06,0.152,1
"YPEL1",0.0402855767238501,-0.537624861558243,0.072,0.167,1
"ATP5MC1",0.0403902768132429,-0.267509608370996,0.259,0.455,1
"CACYBP",0.0403902768132429,-0.205853276321819,0.265,0.439,1
"KIF2A",0.0404690667852773,0.505279343823374,0.211,0.409,1
"FNBP1L",0.0406314002673058,-0.484360111899556,0.096,0.197,1
"VTI1A",0.040718177441012,-0.317660389027239,0.139,0.273,1
"SEH1L",0.0407298224141286,-0.189196921650901,0.09,0.197,1
"ZDHHC2",0.0410398506824267,0.317406393749946,0.139,0.273,1
"HLA-V",0.0410903510191315,-1.09611444793248,0.036,0.106,1
"MAIP1",0.0410903510191315,-1.1919756244427,0.036,0.106,1
"PCGF1",0.0410903510191315,-0.97148187766276,0.036,0.106,1
"CCDC69",0.0411329248750803,-0.399642098422347,0.343,0.545,1
"CDKN1A",0.041144656562502,-0.386930087078334,0.133,0.258,1
"KLF9",0.0413196380467294,0.313559880547985,0.078,0.182,1
"NUP107",0.0415262853270256,-0.201606859054353,0.139,0.273,1
"TRIM52",0.0415387596229821,-0.454301141792766,0.151,0.288,1
"ETS1",0.0420102185413776,0.925712467482463,0.488,0.439,1
"SMIM8",0.0420296759386959,-0.54185287392572,0.054,0.136,1
"ZNF395",0.0420929516434428,2.1796380965341,0.187,0.091,1
"TFIP11",0.042180216339324,-0.746214770779051,0.036,0.106,1
"ZNF432",0.042180216339324,-1.02834183509667,0.036,0.106,1
"SPPL2A",0.0421846169451184,-0.319080025564284,0.205,0.364,1
"BATF",0.0423309918547961,3.65124705758057,0.06,0,1
"CENPM",0.0423309918547961,3.76886659530671,0.06,0,1
"CLCF1",0.0423309918547961,4.01946950820733,0.06,0,1
"NME3",0.0423309918547961,3.3701186828249,0.06,0,1
"POC1B-AS1",0.0423309918547961,4.39455167872345,0.06,0,1
"TBCCD1",0.0423309918547961,3.99795257701327,0.06,0,1
"TNFRSF10D",0.0423309918547961,3.79759799462616,0.06,0,1
"ZNF507",0.0423309918547961,3.84377750351443,0.06,0,1
"ANKIB1",0.0424133914509755,-0.347981706387557,0.223,0.379,1
"ZBTB10",0.0424381111528385,-0.590988819158062,0.127,0.242,1
"BLMH",0.0424670449670896,-0.909750633237814,0.084,0.182,1
"ENSG00000285725",0.0424835262251244,0.139196633664736,0.06,0.152,1
"CYB5D2",0.0425039305988118,-0.745010715480375,0.054,0.136,1
"DPH6",0.0425039305988118,-0.793117048086598,0.054,0.136,1
"PIK3IP1",0.0425048140332923,2.00063822267453,0.157,0.061,1
"FAM30A",0.0425191357536579,2.30862354753106,0.151,0.061,1
"LYRM1",0.0425374467850803,2.81060684145321,0.133,0.045,1
"TNF",0.0425787401754871,-1.35638398590939,0.066,0.152,1
"PSMD4",0.0426259859172119,-0.32909894545219,0.247,0.409,1
"THUMPD2",0.0427342579407115,-0.977623451010019,0.036,0.106,1
"TSG101",0.0427608034014643,-0.178517434248312,0.265,0.439,1
"ARHGEF7",0.0427825763936766,-0.264985670856724,0.217,0.379,1
"ALAD",0.042785538708692,-0.469303687708139,0.127,0.242,1
"MCTP2",0.0429500703562275,2.74561393273989,0.133,0.045,1
"RNF2",0.0429827033393241,-0.558916581099809,0.054,0.136,1
"ZNF646",0.0432237583956293,-0.243732787040059,0.072,0.167,1
"SEMA7A",0.0432801438243943,-0.933587105905096,0.084,0.182,1
"KHDC4",0.0434194245915257,-0.119304661257664,0.253,0.424,1
"WRAP73",0.0434660266433287,-0.546615529928599,0.054,0.136,1
"PIGK",0.0435113100688248,-0.148536551518117,0.133,0.258,1
"ATP5PO",0.043586256546704,0.200422833166348,0.175,0.333,1
"UQCR11",0.0436551027075642,-0.310436687711632,0.096,0.212,1
"USP45",0.0436579298956874,-0.119428014099084,0.072,0.167,1
"BTBD6",0.0438608145215074,-0.711901142798762,0.036,0.106,1
"CZIB",0.0438608145215074,-0.345218619319023,0.036,0.106,1
"DOK1",0.0438608145215074,-0.435603580344579,0.036,0.106,1
"IFT52",0.0438637394304687,-0.126140793249903,0.06,0.152,1
"CYREN",0.0439344476334697,-0.43507244571117,0.102,0.212,1
"IMPA1",0.0439344476334697,-0.262510542956492,0.102,0.212,1
"TUBGCP3",0.0439344476334697,-0.407609476806465,0.102,0.212,1
"BRCA2",0.0440957789843629,-0.423352517704931,0.072,0.167,1
"DERL2",0.0442428995077028,-0.164465119434808,0.09,0.197,1
"TAMM41",0.0443202565948937,-0.257422055563044,0.102,0.212,1
"FAM177B",0.0443673871576231,2.62674759277128,0.277,0.197,1
"DUSP23",0.0444334323004719,-0.679741425788638,0.036,0.106,1
"MDM1",0.0444334323004719,-0.915870785401029,0.036,0.106,1
"HIP1",0.0445270954833606,-0.421184583098582,0.114,0.227,1
"LINC02397",0.0447224839088557,2.23780918555383,0.205,0.106,1
"LINC00662",0.0447347216318013,2.35341612742212,0.139,0.045,1
"SEMA3C",0.0448145120588554,-1.36600986305393,0.048,0.121,1
"DCXR",0.044921875129462,-0.730801104252108,0.127,0.242,1
"ZNF236-DT",0.0449436263950433,-0.493974056048706,0.054,0.136,1
"ZNF490",0.0449436263950433,-0.770035881229712,0.054,0.136,1
"NUDT22",0.0449458470458633,-0.639553203787291,0.084,0.182,1
"GRPEL2",0.0450123452667516,-0.801317802826725,0.036,0.106,1
"IGKC",0.0450175559539765,0.812971950232747,0.681,0.955,1
"ABCB4",0.0450782612271703,1.83425909714247,0.09,0.015,1
"SLFN5",0.0451004561065629,1.12098292891448,0.163,0.061,1
"CEMIP2",0.0451229589430685,1.77894173877865,0.193,0.091,1
"PIK3CB",0.0454316264379875,-0.457292941430809,0.072,0.167,1
"FAM76A",0.0454454789464829,-0.550589606772168,0.054,0.136,1
"SUMF2",0.0454781966351464,0.11662506343809,0.181,0.333,1
"PRKAR1A",0.0454839632371349,-0.269256979495487,0.386,0.606,1
"MCEE",0.0454948784310882,-0.110551051958432,0.102,0.212,1
"CLDN15",0.0455976053093177,-0.423581594236466,0.036,0.106,1
"GXYLT1",0.0455976053093177,-0.140689621454938,0.036,0.106,1
"IFT20",0.0456935943583794,-0.417367368892062,0.096,0.197,1
"KHDRBS2",0.0457568737167995,1.63265669054182,0.259,0.152,1
"SHARPIN",0.0458922037168052,-0.255707295421986,0.102,0.212,1
"TMED3",0.0458983010586077,-0.564253311862994,0.096,0.197,1
"SAMD8",0.0461297317544423,-0.497875419865506,0.145,0.273,1
"ACVR1",0.0461892645083603,-0.40702470327772,0.036,0.106,1
"HDGFL2",0.0461892645083603,-0.350406367775503,0.036,0.106,1
"HLCS",0.0461892645083603,-0.771463296664846,0.036,0.106,1
"OXSM",0.0461892645083603,-0.845209529560938,0.036,0.106,1
"RUVBL1",0.0461892645083603,-0.259576734628051,0.036,0.106,1
"EIF3J",0.0462909797445069,-0.366034254142738,0.175,0.318,1
"FLII",0.04629244794914,-0.211119407365828,0.102,0.212,1
"TP53RK",0.04629244794914,-0.135039062000645,0.102,0.212,1
"MICU2",0.0464230666189477,0.143122542641725,0.259,0.424,1
"AGGF1",0.0464633609419095,-0.816542634068073,0.054,0.136,1
"KLHDC4",0.0464633609419095,-0.188182666249542,0.054,0.136,1
"DHX29",0.0466222676134391,-0.282478175936036,0.175,0.318,1
"MBNL2",0.0466222676134391,-0.149809942782215,0.175,0.318,1
"EIF5AL1",0.0467873751327337,-0.336685711676578,0.036,0.106,1
"RWDD2B",0.0467873751327337,-0.165584176253281,0.036,0.106,1
"GAPVD1",0.0467913275377074,0.357634890166159,0.145,0.288,1
"NTAN1",0.0468014197776915,-0.267345561758059,0.072,0.167,1
"AAGAB",0.0469758245385754,-0.2418339597022,0.108,0.227,1
"DENND4B",0.0471192574943208,-0.343659985754405,0.217,0.379,1
"VPS26C",0.0472484400073233,0.106465323529889,0.163,0.303,1
"TTC32",0.0472656718390783,-0.462768610763438,0.072,0.167,1
"HEATR5B",0.0472861892185808,-0.298143922081827,0.235,0.394,1
"RANBP9",0.0472880985234993,0.16185471437663,0.12,0.242,1
"CEP135",0.0473535592914802,-0.221758524679967,0.169,0.303,1
"TSPAN33",0.047373189009807,2.21339341010186,0.169,0.076,1
"PGM3",0.047511430185823,-1.02257768322371,0.048,0.121,1
"MARCHF2",0.0476784763732558,-0.769160765390591,0.108,0.212,1
"XYLT1",0.0477085236718787,1.30765006572582,0.193,0.091,1
"C7orf50",0.0477305730376673,3.24531412829032,0.108,0.03,1
"ESYT2",0.0477640144342978,-0.107515309730713,0.169,0.318,1
"NFYB",0.0479909091885385,-0.363266249629304,0.084,0.182,1
"ALDH6A1",0.0480031606605287,-0.569637789564154,0.036,0.106,1
"PDLIM2",0.0480031606605287,-0.649887713765695,0.036,0.106,1
"GNE",0.0480261244860291,-0.280091894399386,0.054,0.136,1
"MIR142HG",0.0480977123571234,-0.644344743360775,0.139,0.258,1
"LFNG",0.0480977123571234,2.11724786158665,0.199,0.106,1
"FKBP3",0.048192890532749,-0.209655645530921,0.289,0.5,1
"ADAT1",0.0482058006519348,-0.13647254971676,0.072,0.167,1
"RNF10",0.0485671919694789,-0.173225664453889,0.217,0.394,1
"ZNF33A",0.0485734464639223,-0.114237427126837,0.223,0.394,1
"SIDT2",0.0486209410212797,0.225079836618509,0.036,0.106,1
"CEP250",0.0486817253807678,0.298280976902501,0.072,0.167,1
"BRD4",0.0486932034172957,0.932119592375326,0.488,0.439,1
"VCL",0.0487383779647188,-0.692356185022031,0.169,0.303,1
"NDUFS1",0.0487804369170547,0.158689233083695,0.181,0.333,1
"FBXO34",0.0488921229033827,-0.827670298494001,0.084,0.182,1
"ZNF3",0.0488921229033827,0.187492187202029,0.084,0.182,1
"DDX59",0.0490654355068205,-0.46077088270108,0.096,0.197,1
"ADAT2",0.0490923171313234,-0.703472396445415,0.054,0.136,1
"NCBP1",0.0490923171313234,-0.388763403608643,0.054,0.136,1
"DEXI",0.0491941456906349,-1.15161589354818,0.048,0.121,1
"WDR33",0.0493421354732621,0.170547437288065,0.193,0.364,1
"WASHC4",0.0493479688393689,0.855061339926076,0.482,0.424,1
"DGKZ",0.0494159166585674,-0.302636823819687,0.157,0.288,1
"QARS1",0.0494986775612683,-0.118159458050456,0.193,0.348,1
"GATD3",0.0495812374620601,-1.76611768164399,0.03,0.091,1
"BUD31",0.0496328193888895,-0.426320410100325,0.054,0.136,1
"DGKA",0.0496335167712599,1.45019760184597,0.313,0.227,1
"RSAD2",0.0496454158911314,-0.178212225057609,0.072,0.167,1
"SLAIN1",0.0497071390598652,-0.173698937351928,0.066,0.152,1
"PFAS",0.0497660484820526,-1.41951981829848,0.048,0.121,1
"TMEM106A",0.0498075003855147,-0.615689594359786,0.084,0.182,1
"ARHGEF35-AS1",0.0499000835946503,3.64475293064553,0.084,0.015,1
"PPME1",0.0499003861507418,3.72005321091318,0.084,0.015,1
"MTMR6",0.0500286550821616,-0.340459482496906,0.102,0.212,1
"CTDSP2",0.0501648054323153,-0.118140269685676,0.38,0.621,1
"NUP37",0.0501783039811817,0.519156334025539,0.054,0.136,1
"ZNF767P",0.0502346136009515,0.679648147760294,0.108,0.227,1
"AIFM1",0.050270551858537,-0.536862745997447,0.084,0.182,1
"ATPAF2",0.050270551858537,-0.42092067070055,0.084,0.182,1
"ASH2L",0.0504388017501112,-0.290387332930078,0.114,0.227,1
"TMEM156",0.0504431610772949,1.36073658752385,0.289,0.182,1
"CKAP5",0.050458976302425,-0.100889051779023,0.102,0.212,1
"TCEAL4",0.0504966082522303,3.33850121106329,0.084,0.015,1
"ENSG00000262879",0.0505299159756247,-0.159430196286752,0.145,0.273,1
"NOC2L",0.0505942746497593,-0.543947074092334,0.108,0.212,1
"BCL2L1",0.0507292325616975,-0.632030597456339,0.066,0.152,1
"ITPRIPL2",0.0507292325616975,-0.810373366972948,0.066,0.152,1
"TRAPPC2",0.0508884033697516,-0.197485086944262,0.157,0.288,1
"HAUS1",0.0510227676761894,-0.622103908655919,0.108,0.212,1
"HIVEP2",0.0510782876936219,1.92187315126145,0.169,0.076,1
"RPL22",0.0511315579349665,-0.159076562502359,0.873,0.939,1
"CCNC",0.0512074833255138,-0.267369003905337,0.084,0.182,1
"RPL18",0.0512136268281407,0.534762615525437,0.771,0.833,1
"TAF8",0.0512746134222651,0.124770501727624,0.114,0.227,1
"CTNNB1",0.0512781083756823,0.327093897923519,0.211,0.379,1
"SGK3",0.0512843558618697,-0.280485295506634,0.054,0.136,1
"TRADD",0.0513289269352902,-0.183203897021018,0.102,0.212,1
"CACNA1A",0.0513524230986323,3.18185727435802,0.127,0.045,1
"ALDH9A1",0.0514742131423479,0.155368974632806,0.181,0.348,1
"YRDC",0.0515153073777409,-0.789846500038095,0.048,0.121,1
"TRIM69",0.0515830650151678,-0.507867862301364,0.151,0.273,1
"SNRNP25",0.0516208392125028,-0.114627579695547,0.072,0.167,1
"BEND5",0.0517079016795853,2.53348471194073,0.084,0.015,1
"PDCL3",0.0517688729784061,-0.667542838997842,0.066,0.152,1
"PACS1",0.0517791748598899,1.51409726500328,0.355,0.273,1
"RIMOC1",0.0518447296643374,3.12747309397598,0.127,0.045,1
"TAF13",0.0518771081407542,-0.178906842268762,0.127,0.242,1
"USP38",0.0521589907752123,-0.386370045469043,0.084,0.182,1
"KDM4B",0.0521846779823074,-0.192239019402498,0.187,0.333,1
"MASTL",0.0522953422919829,-0.818112102060542,0.066,0.152,1
"SCAMP4",0.0523265187396467,-0.539818264296725,0.108,0.212,1
"SLC37A3",0.0523786902352588,-1.26980569166845,0.03,0.091,1
"HDDC2",0.0526329616161138,-0.164314824226893,0.072,0.167,1
"ATP6V0D1",0.0526726846567034,-0.266014528196301,0.205,0.364,1
"SRP14-DT",0.0527098396314584,-1.27330837746838,0.048,0.121,1
"DUS1L",0.0527485200075902,-0.297017037745385,0.139,0.258,1
"AGK",0.0528262812820972,-0.725549328978269,0.066,0.152,1
"UFL1",0.052903219374502,-0.120760090681658,0.187,0.333,1
"EIF4A1",0.0530983149702484,-0.842453792697501,0.03,0.091,1
"LSM14B",0.0530983149702484,-0.776675799220601,0.03,0.091,1
"PGLS-DT",0.0530983149702484,-0.521746167176559,0.03,0.091,1
"ZDHHC12",0.0530983149702484,-1.3273017005408,0.03,0.091,1
"PKN2",0.0532533368314967,0.379283087904876,0.241,0.439,1
"CHMP2A",0.0533689347750479,-0.378454645230383,0.084,0.182,1
"DNAJC15",0.0534632318209055,-0.198416027670353,0.229,0.394,1
"TTC17",0.0535099631733718,0.106713633943853,0.434,0.712,1
"KXD1",0.0535588701308357,-0.106904156834754,0.102,0.212,1
"EBNA1BP2",0.053571548618751,-0.126934787020902,0.096,0.197,1
"HVCN1",0.0536078443705603,0.892405258668082,0.554,0.576,1
"TRIM44",0.0536543784333458,-0.228423192611158,0.349,0.53,1
"PRKAR2B",0.0538261813070684,-0.553844955189867,0.03,0.091,1
"ZNF558",0.0538261813070684,-0.211102715637651,0.03,0.091,1
"TEAD1",0.0539016795010569,-0.30896359896569,0.066,0.152,1
"SIKE1",0.0540536343646065,-0.148266802874843,0.175,0.318,1
"SEPTIN6",0.0541876475923493,0.644904179264193,0.711,0.788,1
"PTPN1",0.0543120530742006,-0.18560766184424,0.416,0.667,1
"STEEP1",0.0544461944933035,-0.924280756556201,0.066,0.152,1
"MVP-DT",0.0545623581135666,-0.991382472762901,0.03,0.091,1
"NIPBL-DT",0.0545623581135666,-0.832715499129918,0.03,0.091,1
"NTMT1",0.0545623581135666,-1.2982142499095,0.03,0.091,1
"ATAD2",0.0546638546603011,3.55764766946564,0.054,0,1
"CKAP4",0.0546638546603011,3.74627418721249,0.054,0,1
"ENSG00000254802",0.0546638546603011,4.30996167764315,0.054,0,1
"ENSG00000258168",0.0546638546603011,3.78720298507262,0.054,0,1
"FCGR2C",0.0546638546603011,3.73555127926798,0.054,0,1
"GDF7",0.0546638546603011,3.46403310842169,0.054,0,1
"GTDC1",0.0546638546603011,4.16244207504308,0.054,0,1
"JAM3",0.0546638546603011,4.06163048126527,0.054,0,1
"LINC01320",0.0546638546603011,4.17064204580006,0.054,0,1
"NEPRO-AS1",0.0546638546603011,4.36472644406225,0.054,0,1
"RAB37",0.0546638546603011,4.35841916808527,0.054,0,1
"SCN3A",0.0546638546603011,4.13592707929647,0.054,0,1
"SNTB2",0.0546638546603011,3.4451313408643,0.054,0,1
"SSPN",0.0546638546603011,3.62859761940452,0.054,0,1
"STAG3",0.0546638546603011,3.8900243760165,0.054,0,1
"SYNPO",0.0546638546603011,3.68227819056412,0.054,0,1
"TEX9",0.0546638546603011,3.73830266306867,0.054,0,1
"VAV2",0.0546638546603011,3.55451143601012,0.054,0,1
"LDLRAD4",0.0547358140441554,0.187182268050558,0.187,0.333,1
"MON1B",0.0548812679221468,0.294599166325402,0.09,0.197,1
"TMEM60",0.0549889447316188,-0.29896303943931,0.096,0.197,1
"ZMYM6",0.0549952906867734,-0.462941122489466,0.066,0.152,1
"BTN3A1",0.055141453560078,1.53342780707983,0.259,0.167,1
"UBA2",0.055170023776635,-0.311064830548936,0.259,0.439,1
"ENSG00000273014",0.0553069144644454,-0.872793185426699,0.03,0.091,1
"TADA1",0.0553069144644454,-0.995003204162786,0.03,0.091,1
"WIPI2",0.0555132879194451,-0.14778562384842,0.193,0.348,1
"VAC14",0.0555489961172242,-0.401303642798041,0.066,0.152,1
"ATP13A1",0.0557888815270651,-0.356448141854036,0.169,0.303,1
"DMAC2L",0.0557906528057803,-0.338887516676417,0.133,0.242,1
"CD247",0.0560599196363963,-0.883676146520993,0.03,0.091,1
"TBCE",0.056107338880084,-0.458415960595581,0.066,0.152,1
"RBM26",0.0561195653861836,1.38385835187062,0.458,0.439,1
"TMEM9B",0.0563156140749937,-0.272930068043981,0.211,0.364,1
"CERS4",0.0564556897992222,2.54439361118327,0.127,0.045,1
"DPP9",0.0566256243791706,-0.190000129890086,0.084,0.182,1
"TBC1D9B",0.0566592505389445,-0.41900391295438,0.163,0.288,1
"F8A1",0.0566703471293455,-0.326848039914561,0.066,0.152,1
"ADAP2",0.0568214431031497,-0.852835259808082,0.03,0.091,1
"MSMO1",0.0568214431031497,-0.591091898705336,0.03,0.091,1
"TRMT44",0.0568214431031497,-0.50794815199524,0.03,0.091,1
"GHITM",0.0569066366794877,-0.366014594182235,0.325,0.5,1
"CYCS",0.0569672943717036,-0.324044532569488,0.295,0.5,1
"ALG1",0.0570744637994811,-0.5684291010961,0.048,0.121,1
"C10orf88",0.0570744637994811,-0.423098516499647,0.048,0.121,1
"ERMARD",0.0570744637994811,-0.783859959200189,0.048,0.121,1
"SURF6",0.0570744637994811,-0.211927247243473,0.048,0.121,1
"BCAS3",0.0573361866437502,2.30651321310307,0.199,0.106,1
"OSBPL3",0.0573363247891922,1.73344382925713,0.199,0.106,1
"SMARCAD1",0.0575723241139463,-0.272556361368085,0.133,0.258,1
"ATP8B2",0.0575915545304414,-0.513361404033335,0.03,0.091,1
"LRRC57",0.0575915545304414,-0.457331386911957,0.03,0.091,1
"CFAP36",0.0576602888920373,-0.345204770602406,0.084,0.182,1
"RGS19",0.0578261369031476,-0.253057757587278,0.241,0.394,1
"DDX60",0.058183486141033,0.720615317236032,0.084,0.182,1
"CRYZ",0.0583703237708967,-0.968210861654283,0.03,0.091,1
"WIPI1",0.0583703237708967,-0.658715683975994,0.03,0.091,1
"TMED4",0.0583840258424434,0.287961305416075,0.295,0.515,1
"CCNB1IP1",0.0583876471903357,-0.334253300366649,0.066,0.152,1
"SNF8",0.0583876471903357,-0.540890973101453,0.066,0.152,1
"TMEM147",0.0584181168344592,-0.485280197835947,0.096,0.197,1
"RASSF5",0.0584329949673523,-0.177838278262606,0.331,0.561,1
"VASH2",0.0586119592549712,-0.594169408262944,0.078,0.167,1
"C2CD3",0.0586142955448848,2.54481205184485,0.145,0.061,1
"MAU2",0.058954352189841,-0.216251231468376,0.187,0.333,1
"UBE3A",0.0590187553232355,0.15593420406061,0.343,0.576,1
"ATP7A",0.0591578208588285,-0.408428139193288,0.03,0.091,1
"PRKCE",0.0593343429019786,1.84834926286173,0.241,0.152,1
"RPA1",0.0596007472619695,-0.350658829210099,0.229,0.379,1
"C2orf69",0.0597154827930844,-0.777807708737541,0.078,0.167,1
"ARHGAP5",0.059720633995021,-0.130139421415883,0.277,0.47,1
"POLR2C",0.0597767933973114,-0.347174246130272,0.084,0.182,1
"SMIM14",0.0598103626003142,0.855146088386446,0.627,0.652,1
"LANCL1",0.0598424622764521,-0.326552421945494,0.12,0.227,1
"SAFB",0.0599466613971614,0.101225962443913,0.175,0.318,1
"ZNF786",0.0599541160049534,-0.522712504790257,0.03,0.091,1
"POLR1D",0.060063365510102,-0.223403174207017,0.361,0.545,1
"IFRD1",0.0603727848990738,-0.407812024492229,0.048,0.121,1
"BCL3",0.0604251061720688,-0.363675934922392,0.139,0.258,1
"USP6NL",0.0604251061720688,1.86756051261315,0.199,0.106,1
"IL4R",0.0605642110185512,1.67184959984075,0.241,0.152,1
"CHSY1",0.0606234302611522,3.03962837741191,0.102,0.03,1
"SATB1-AS1",0.0606234302611522,3.85129511881575,0.102,0.03,1
"C4BPB",0.0606314826701685,-2.45185049364508,0.024,0.076,1
"GBP4",0.0606899713851912,2.07409736651403,0.145,0.061,1
"PKP4",0.060759279591023,0.922880985185319,0.03,0.091,1
"NFKBID",0.0607714002158502,-0.117142995536547,0.114,0.227,1
"CCDC91",0.0608948844733981,-0.125319803394487,0.331,0.515,1
"WAC",0.0610394114897023,0.792524112108153,0.59,0.652,1
"DBF4B",0.0610510582158672,-0.420495394998111,0.048,0.121,1
"LNPK",0.0610510582158672,-0.100579837112981,0.048,0.121,1
"GBF1",0.0614442777859697,-0.512204311299094,0.145,0.258,1
"LINC00294",0.0614970782020473,-0.425350447545286,0.096,0.197,1
"FOXJ2",0.0617356314515308,-0.451149527347115,0.048,0.121,1
"PAXIP1-AS2",0.0617356314515308,-0.142553985880566,0.048,0.121,1
"SLC25A3",0.0618452406502839,-0.230936513634222,0.494,0.742,1
"TWSG1",0.0619742584790582,-0.779451618474438,0.078,0.167,1
"HAX1",0.0622573222406542,-0.10760095336947,0.157,0.288,1
"CDC26",0.0624265462886598,-0.322905081049149,0.048,0.121,1
"MSC",0.0624324651175003,-2.17951780801245,0.024,0.076,1
"CPEB4",0.0625498685092536,-0.246547348008479,0.078,0.167,1
"IBTK",0.0627148057954599,-0.22321942950776,0.139,0.258,1
"FOXN3",0.0629984527037643,1.55330867683113,0.259,0.167,1
"PSMD11",0.0630202933952477,-0.209773298652231,0.187,0.333,1
"LMO4",0.0631109656332603,0.14517827817888,0.373,0.621,1
"ASTE1",0.0631238444855666,-0.310764987586326,0.048,0.121,1
"FUNDC1",0.0631238444855666,-0.506281615139903,0.048,0.121,1
"GAB1",0.0631298928962058,-0.322516299204286,0.078,0.167,1
"PROSER1",0.0631298928962058,-0.627861870653086,0.078,0.167,1
"ARRB2",0.0633014885980209,-0.156352852433402,0.175,0.318,1
"HIC2",0.0633494174430753,-1.8799756277548,0.024,0.076,1
"ECHDC2",0.0637143556584313,-0.747607609408801,0.078,0.167,1
"CYP46A1",0.063820102788199,-0.443629720037453,0.06,0.136,1
"CCDC25",0.0640104369532843,-0.120208216681928,0.145,0.273,1
"C5orf34",0.0641143064833307,-0.734891284600429,0.09,0.182,1
"CBLB",0.0641302378806025,-0.119652718025791,0.223,0.379,1
"ATP11A",0.0641644240047238,-0.268924813359938,0.096,0.197,1
"BTN3A3",0.0644304195723139,2.77996059336298,0.078,0.015,1
"CORO2B",0.0644304195723139,3.65159360029212,0.078,0.015,1
"SPRY1",0.0644304195723139,3.66275538962967,0.078,0.015,1
"PPIL2",0.0644688374653161,1.92262007645308,0.145,0.061,1
"GABPA",0.0644754777908846,0.289272347093475,0.145,0.273,1
"RSRC2",0.0645371399261989,1.14453135804643,0.458,0.439,1
"PHTF1",0.0645752733184948,-0.682523763308475,0.102,0.197,1
"PBXIP1",0.0645978107581243,-0.158127073047722,0.139,0.258,1
"RBM15B",0.0647091947609937,0.153868659371692,0.096,0.197,1
"METAP2",0.0647950532377743,0.108369197904639,0.313,0.53,1
"RAB8A",0.0648433145852042,-0.257825334489164,0.217,0.364,1
"QTRT2",0.0650582344640928,0.351026031251501,0.066,0.152,1
"POP7",0.0651924151981929,-1.3537221593063,0.042,0.106,1
"GRAMD1C",0.0651924151981929,3.08530537568254,0.078,0.015,1
"DGKI",0.0652167178803591,-1.59869003425042,0.024,0.076,1
"NFKB1",0.0653751246474205,0.144378084582272,0.247,0.409,1
"PRKAR2A",0.0655566689237112,-0.174110429637199,0.139,0.258,1
"SMIM7",0.0656172021242826,-0.151918154792378,0.151,0.273,1
"SMAD4",0.0657817828183761,0.264349558220736,0.114,0.227,1
"YIF1A",0.065811779272356,-0.69015505838905,0.09,0.182,1
"RBCK1",0.0659572161391535,-0.327763576151724,0.277,0.455,1
"ZNF678",0.0659618280480947,3.08656881433138,0.078,0.015,1
"SLC26A2",0.0661250852812415,2.72154778916576,0.12,0.045,1
"PSMG1",0.0661672560449722,-2.27082222609821,0.024,0.076,1
"DNASE1L1",0.0663361680334796,-0.296008750723619,0.066,0.152,1
"ZNF267",0.0664023666675299,0.187988988111252,0.133,0.258,1
"FER",0.0664765727565657,-0.643215121507589,0.06,0.136,1
"MAN2B1",0.0665272308285734,-0.192117461162766,0.139,0.258,1
"CHMP7",0.0667440378352008,2.5277908712599,0.12,0.045,1
"FBXO38",0.0669265752205796,0.133916326858976,0.096,0.197,1
"SP2",0.0669265752205796,-0.111664621930384,0.096,0.197,1
"PCNX2",0.0669638773351028,2.96546053281908,0.139,0.061,1
"BTK",0.0669805507462059,0.209588944195237,0.283,0.485,1
"WDR48",0.0670169319923832,-0.233908507510027,0.139,0.258,1
"ANXA7",0.0670795759863689,-0.22760157509553,0.229,0.379,1
"SLBP",0.0671048388410468,0.406876779869513,0.084,0.182,1
"ENSG00000285702",0.0671291798642907,-1.28907106656141,0.024,0.076,1
"ZNF37A",0.0672911570526112,-0.256306908954216,0.12,0.227,1
"SELENOO",0.0673156872922451,-0.38483075226358,0.078,0.167,1
"PAAF1",0.0674440316260124,0.202174938268522,0.048,0.121,1
"DNASE2",0.0675231085314388,2.47931169838298,0.078,0.015,1
"REL",0.0675378102430834,0.962255992126693,0.542,0.515,1
"ADPRS",0.0675461232860665,-0.228523041130459,0.09,0.182,1
"CARS1",0.0675461232860665,-0.16732566699338,0.09,0.182,1
"FBXO3",0.0676347093455223,0.867792892885321,0.066,0.152,1
"LANCL2",0.0678385802845975,-0.649732459952222,0.06,0.136,1
"MIRLET7A1HG",0.0678385802845975,-0.295573980352264,0.06,0.136,1
"ADAM8",0.0678605266799513,1.44920997357703,0.145,0.061,1
"MED12",0.0678605266799513,1.52385591328996,0.145,0.061,1
"DTNBP1",0.068005237464976,0.105850811667168,0.139,0.258,1
"CHRNB1",0.068102584833311,-0.453674735391804,0.024,0.076,1
"FBXL15",0.068102584833311,-1.58389196963096,0.024,0.076,1
"KCNG2",0.068102584833311,-1.52304058046532,0.024,0.076,1
"ENSG00000231873",0.0681282571143359,1.08235205171974,0.217,0.121,1
"ENSG00000290476",0.0683150779133161,2.57125418120238,0.078,0.015,1
"EXOC1",0.0683396460499514,-0.571626830025735,0.12,0.227,1
"MAP3K13",0.0685527322091882,-0.544314647243871,0.078,0.167,1
"GRIPAP1",0.0686233830308604,0.165708800690654,0.175,0.318,1
"DAPK1",0.068948892698667,-0.763239849333411,0.084,0.167,1
"ENSG00000260563",0.0690875666166735,-0.949171321346589,0.024,0.076,1
"KIAA1586",0.0690875666166735,-1.33669571694363,0.024,0.076,1
"TOMM40",0.0690875666166735,-1.29764130082511,0.024,0.076,1
"ZNF335",0.0690875666166735,-1.57533921302659,0.024,0.076,1
"NSMCE3",0.0691268801793793,-0.45960060438572,0.181,0.318,1
"AURKAIP1",0.0692234576636664,0.193393456103545,0.06,0.136,1
"SRPRB",0.069497139339321,-0.469383813240151,0.114,0.212,1
"ARHGEF12",0.0696937039551473,0.452491674562206,0.048,0.121,1
"CCT7",0.0697011147519332,-0.265070137212457,0.108,0.212,1
"DDX6",0.0697608485478141,0.981130782595765,0.373,0.303,1
"ZNF101",0.0697773336564595,2.08834191039838,0.205,0.121,1
"GMIP",0.0699107565950148,2.29151573584024,0.12,0.045,1
"LRRC61",0.0699219298699504,-0.643846924091815,0.042,0.106,1
"NUDT9",0.0699245559381761,-0.146860399585394,0.06,0.136,1
"C1QBP",0.0699375295108461,-0.333431102321053,0.12,0.227,1
"MFF",0.0700834337752455,0.177882329465929,0.241,0.409,1
"ABHD4",0.0700842210385589,-1.44807999867291,0.024,0.076,1
"CPOX",0.0700842210385589,-1.15671670465846,0.024,0.076,1
"ENSG00000272667",0.0700842210385589,-1.04536689027056,0.024,0.076,1
"FNIP2",0.0700842210385589,-0.91773353720907,0.024,0.076,1
"STXBP6",0.0700842210385589,-1.47401162924036,0.024,0.076,1
"TTC7A",0.0701575045267879,-0.242927369196839,0.193,0.333,1
"ZBTB20",0.0702295746927802,1.48848814330987,0.386,0.303,1
"CSGALNACT1",0.0705407170074294,2.07237192078717,0.163,0.076,1
"SCAF11",0.0705729761128103,-0.232046132564375,0.657,0.924,1
"ADD2",0.0707131738399705,3.75588827300615,0.048,0,1
"AIG1",0.0707131738399705,3.7596323375557,0.048,0,1
"DEPDC5",0.0707131738399705,3.162192193667,0.048,0,1
"ENSG00000217702",0.0707131738399705,3.22641830054501,0.048,0,1
"ENSG00000258216",0.0707131738399705,4.03003039977427,0.048,0,1
"ENSG00000286546",0.0707131738399705,3.48505928635753,0.048,0,1
"INPP5A",0.0707131738399705,3.60218859201731,0.048,0,1
"LIG1",0.0707131738399705,3.40913421302699,0.048,0,1
"LINC02576",0.0707131738399705,3.46850658813412,0.048,0,1
"MAPK13",0.0707131738399705,3.63143849445987,0.048,0,1
"MIAT",0.0707131738399705,3.83483150994784,0.048,0,1
"MIR29B2CHG",0.0707131738399705,3.60858149374415,0.048,0,1
"MTARC2",0.0707131738399705,3.72883374625097,0.048,0,1
"NCR3",0.0707131738399705,3.6942352405302,0.048,0,1
"PLEKHG7",0.0707131738399705,3.3213730519657,0.048,0,1
"PPFIBP2",0.0707131738399705,3.50699509270997,0.048,0,1
"RASSF6",0.0707131738399705,3.66366870919062,0.048,0,1
"RFC3",0.0707131738399705,3.42633044783761,0.048,0,1
"SLC16A13",0.0707131738399705,4.15819307948182,0.048,0,1
"SPAG1",0.0707131738399705,2.87128614636825,0.048,0,1
"SWSAP1",0.0707131738399705,2.90585598347304,0.048,0,1
"SYNGAP1",0.0707131738399705,3.15518668827981,0.048,0,1
"TRAF3IP2",0.0707131738399705,3.06786989379941,0.048,0,1
"WASH2P",0.0707131738399705,3.33502666952765,0.048,0,1
"ZCCHC18",0.0707131738399705,3.33281410407867,0.048,0,1
"ZNF16",0.0707131738399705,3.36894520668823,0.048,0,1
"LY86-AS1",0.0707369146113279,2.01145657549792,0.078,0.015,1
"LIMS1",0.0709573396772184,0.295831342792948,0.096,0.197,1
"ELMO1",0.0710214728586047,0.234925850261395,0.331,0.53,1
"MRPS18C",0.0710528709265864,-0.461628855104254,0.157,0.273,1
"KCNK1",0.071092644072437,-1.44827457820546,0.024,0.076,1
"ZNF583",0.071092644072437,-0.951890664735477,0.024,0.076,1
"MSH2",0.0712115037625736,2.33759560803019,0.12,0.045,1
"TMED8",0.0714789538370143,2.12430941433712,0.229,0.152,1
"LINC00877",0.0715428506041852,-1.35833513383151,0.054,0.121,1
"FBXO21",0.0715659499653959,-0.13565396466954,0.12,0.227,1
"SIN3A",0.0716492935456949,1.48426222669721,0.181,0.091,1
"PRPF4",0.0717193415864516,-0.464027020808949,0.114,0.212,1
"DUSP11",0.0717272494713794,0.158675971415728,0.078,0.167,1
"ZKSCAN1",0.0718557531809464,0.109586706878421,0.283,0.455,1
"CEP290",0.0718940802985871,0.258830622642752,0.175,0.318,1
"U2AF1L4",0.0720628902555528,-0.300898509210187,0.06,0.136,1
"LINC02969",0.0720790129798363,0.218240210442986,0.139,0.258,1
"TMEM170A",0.0720790129798363,0.306287447042019,0.139,0.258,1
"GANC",0.0720916461955737,-0.366039920047113,0.145,0.258,1
"THAP4",0.0721129318306695,-1.27733506200962,0.024,0.076,1
"ZNF32",0.0721129318306695,-0.926120993830072,0.024,0.076,1
"HCFC1R1",0.0721898172931882,-0.466601924805289,0.072,0.152,1
"GTF2IRD2B",0.0721971405124021,0.22558915499198,0.127,0.242,1
"H4C8",0.0723011352437295,-1.06978408756267,0.054,0.121,1
"ZMAT5",0.0723902574974556,-1.08317763329034,0.042,0.106,1
"ZNF689",0.0723902574974556,-0.817900055395401,0.042,0.106,1
"OSTF1",0.0724673107905445,-0.131815148539903,0.235,0.394,1
"CCDC92",0.0725320787148121,-0.208952238936392,0.108,0.212,1
"ARID5A",0.0727874598188189,-0.515065308938255,0.06,0.136,1
"SLC46A3",0.0728452963212321,-0.293091685641443,0.187,0.318,1
"FAM107B",0.0728559698636307,0.945447766377828,0.554,0.606,1
"ASPHD2",0.0728684680733711,-0.735112608536831,0.072,0.152,1
"PRKAG2",0.0731280997283324,-0.126252289012394,0.139,0.258,1
"ARMCX5-GPRASP2",0.0731451805539652,-0.347669953531158,0.024,0.076,1
"C2orf74-DT",0.0731451805539652,-0.977892066059566,0.024,0.076,1
"CEP83",0.0731451805539652,-1.31477749128912,0.024,0.076,1
"DLGAP1-AS1",0.0731451805539652,-0.687526593233223,0.024,0.076,1
"KBTBD6",0.0731451805539652,-1.02626548397898,0.024,0.076,1
"MOSPD3",0.0731451805539652,-0.828474443414851,0.024,0.076,1
"TRIM61",0.0731451805539652,-0.6237817907566,0.024,0.076,1
"VEGFA",0.0731451805539652,-0.670344394823156,0.024,0.076,1
"XKR8",0.0731451805539652,-0.850606014656276,0.024,0.076,1
"ZNF777",0.0731451805539652,-0.518588488038573,0.024,0.076,1
"DENND6A",0.0731997618768584,2.15129601427148,0.12,0.045,1
"ZNF234",0.073228718161943,-0.835509280253893,0.042,0.106,1
"ACAA1",0.0733410517901898,-0.194951304970648,0.163,0.288,1
"FOSB",0.0734738042972117,-0.45243603053613,0.5,0.636,1
"THOC6",0.0735179809999938,-0.182056208726699,0.06,0.136,1
"SRSF2",0.0735594089143061,-0.198906722963698,0.578,0.758,1
"POLDIP2",0.0736007539095539,-0.110810698209585,0.09,0.182,1
"MRPS7",0.0737463020264593,-0.388409750585722,0.133,0.242,1
"ARL5C",0.0741894866006912,-0.634275928135612,0.024,0.076,1
"CREB3",0.0741894866006912,-0.577674022536385,0.024,0.076,1
"LMAN2L",0.0741894866006912,-0.516506552079099,0.024,0.076,1
"TMEM86B",0.0741894866006912,-0.56549737440537,0.024,0.076,1
"ZNF614",0.0741894866006912,-0.901193024552949,0.024,0.076,1
"TNFSF9",0.0742414336619781,0.106675159666776,0.072,0.152,1
"ZNF197",0.0742544873743392,-0.625242643254387,0.06,0.136,1
"SGPP1",0.0745639171981703,2.22586467158881,0.187,0.106,1
"SIT1",0.0748003517268492,-0.500391715251876,0.187,0.303,1
"HEATR5A",0.0749294746103266,-1.19860620182453,0.042,0.106,1
"PAM",0.0749970125423322,0.457395152467203,0.06,0.136,1
"NAP1L1",0.0750493685836031,0.256050068932097,0.946,0.955,1
"RAD21",0.0751069818307071,0.731126679765895,0.5,0.455,1
"BPTF",0.0752458594720863,0.848828033520276,0.608,0.727,1
"C5orf22",0.0752459464360375,-1.04772707464454,0.024,0.076,1
"CCT6P3",0.0752459464360375,-0.612657327700005,0.024,0.076,1
"ENSG00000259363",0.0752459464360375,-0.370335035282443,0.024,0.076,1
"ENSG00000261140",0.0752459464360375,-0.477995048909129,0.024,0.076,1
"PRDX1",0.0752637528439185,0.102147498210348,0.139,0.258,1
"CMC1",0.0753889231217649,-0.485546649332678,0.133,0.242,1
"SECISBP2",0.0754185225753749,0.219324824485587,0.205,0.364,1
"FAM53C",0.0756351959878334,-0.622011925138843,0.072,0.152,1
"POLR2H",0.0757455901277669,-0.186885552706586,0.06,0.136,1
"COQ6",0.0757918731997699,-0.53133073137553,0.042,0.106,1
"DAGLB",0.0757918731997699,-0.836128283065261,0.042,0.106,1
"EML4",0.0757931106894655,1.61183727857003,0.301,0.227,1
"ELK3",0.0759640197892301,1.8338153123254,0.205,0.121,1
"HEBP2",0.0761391179866815,-0.25961509568571,0.193,0.318,1
"DLD",0.0761437213713595,-0.268892659044737,0.09,0.182,1
"MS4A4E",0.076191866429943,-0.859417521797578,0.054,0.121,1
"TLE5",0.0762099040255563,0.653295497065445,0.651,0.682,1
"POLR1E",0.0763146566210374,0.240554445453046,0.024,0.076,1
"DNAJC4",0.0763792925942249,-0.536647068449022,0.127,0.227,1
"CPSF4",0.0766579476884982,-0.652016644025531,0.084,0.167,1
"AP3M2",0.0766623539690395,-0.246515034930296,0.042,0.106,1
"ZNF354A",0.0766623539690395,-0.899458199984852,0.042,0.106,1
"SS18L2",0.0766870212288177,-0.165067215541218,0.229,0.379,1
"SNHG6",0.0767150189123231,-0.247564677139238,0.506,0.712,1
"ARAP2",0.077187128022525,0.166149248223806,0.277,0.455,1
"ZDHHC14",0.0772325385872332,0.593103289514165,0.193,0.333,1
"THYN1",0.0772610371512148,-0.46904603077462,0.06,0.136,1
"COPB2",0.0772684583750469,-0.159873538747617,0.301,0.47,1
"CHFR",0.0773327801945853,-0.318979806763956,0.102,0.197,1
"EEF1AKMT2",0.0773957138014445,0.251821109242028,0.024,0.076,1
"SYNGR2",0.0774457311645366,-0.145508497765609,0.452,0.697,1
"PSKH1",0.0775409684139841,-0.180865407945497,0.042,0.106,1
"PDE8A",0.0776534860078119,2.96055775201852,0.096,0.03,1
"NIPAL2",0.0777107504817891,2.5281322987578,0.169,0.091,1
"RBM28",0.0777665053853599,-0.97045048091578,0.072,0.152,1
"APBA3",0.0780279739360785,-0.101165653353079,0.06,0.136,1
"SEC22A",0.0780279739360785,-0.117811196179061,0.06,0.136,1
"AP2A2",0.0780973790570531,-0.112640367296796,0.09,0.182,1
"C11orf54",0.0784876243659704,-0.626072333612862,0.072,0.152,1
"GPR65",0.0785535580156297,-0.483015249544326,0.139,0.242,1
"MAML3",0.0786071627949407,-0.556027559395049,0.054,0.121,1
"VKORC1L1",0.078737369109181,-0.543137511942403,0.114,0.212,1
"ENSG00000285280",0.0788010978281674,-0.344527714181508,0.06,0.136,1
"SDHA",0.0788010978281674,-0.487286961558217,0.06,0.136,1
"CCDC191",0.0790920677501577,0.274638288082474,0.108,0.212,1
"ADSS2",0.0791359363410455,0.119815752752882,0.078,0.167,1
"THOC5",0.0793228044609634,-0.218273067997011,0.042,0.106,1
"AMZ2",0.0793435978539852,0.296677656275026,0.157,0.288,1
"DNAJB11",0.0794227369788554,-0.177247346813689,0.09,0.182,1
"SREBF1",0.0799461876762909,-0.65406438379648,0.072,0.152,1
"TRAFD1",0.0799596446206132,-0.647210890273733,0.114,0.212,1
"NOL10",0.0800921240536253,-0.246716242080868,0.09,0.182,1
"MYMX",0.080157562335568,-1.19172346538009,0.078,0.152,1
"BORCS5",0.0803660417908061,0.179353829578704,0.06,0.136,1
"SEPTIN7",0.080409257411101,0.702790103471991,0.62,0.682,1
"PIP5K1A",0.0806114893872796,-0.669673099426087,0.151,0.258,1
"IP6K1",0.080766088108875,-0.138158397403607,0.09,0.182,1
"KLHL36",0.0807885346329993,1.99971016420735,0.187,0.106,1
"PAN2",0.0808509126859643,2.4132032885246,0.096,0.03,1
"BAG6",0.0811202016475745,-0.153934535507735,0.217,0.348,1
"CARNMT1",0.0811377938378315,-0.332383391736613,0.042,0.106,1
"MYBBP1A",0.0811377938378315,-0.293167371568951,0.042,0.106,1
"RPL5",0.0812684307743116,0.227517420637346,0.952,0.909,1
"DBNL",0.0813525917743227,-0.193337415595995,0.446,0.682,1
"ME2",0.0813723756684248,0.227521598952177,0.235,0.394,1
"MRI1",0.0814004025994388,-0.133504011766396,0.139,0.258,1
"ENSG00000291177",0.0814267022090402,-0.149195092204471,0.072,0.152,1
"VTI1B",0.0816691346399938,-0.181269730987259,0.133,0.242,1
"PAF1",0.0819240913492134,-0.642016411333735,0.054,0.121,1
"MOSMO",0.0822421011505853,0.62503967263335,0.096,0.197,1
"HMBOX1",0.0822529649140092,1.2825460962799,0.223,0.136,1
"ALG1L2",0.0823514451794624,-1.98022301540124,0.036,0.091,1
"RBM27",0.082552290598001,2.02225513675718,0.157,0.076,1
"DCAF13",0.0826144445703059,-0.122530804918104,0.12,0.227,1
"ZNF81",0.0827708237794498,-0.204210059577065,0.054,0.121,1
"DIAPH1",0.0828180696279277,0.15109325848565,0.235,0.394,1
"ANKRD26",0.0828553649432182,-0.193119311529422,0.133,0.242,1
"NCKAP5L",0.0828894730106084,-0.744680222662915,0.084,0.167,1
"NHSL2",0.0830870738635398,1.12503000088783,0.12,0.045,1
"CCDC141",0.0831751898652421,3.50799970033137,0.072,0.015,1
"CNKSR2",0.0831751898652421,4.03126573919072,0.072,0.015,1
"DUSP2",0.0831751898652421,4.14949489759601,0.072,0.015,1
"EPN2",0.0831751898652421,3.25599667018252,0.072,0.015,1
"RAB11FIP4",0.0831751898652421,3.70691821768343,0.072,0.015,1
"TRMT112",0.0833931541125456,-0.107329389127758,0.482,0.697,1
"G2E3",0.0835081343512055,-0.314910838722206,0.09,0.182,1
"ENSG00000291111",0.0835675235634883,-2.21649271295218,0.018,0.061,1
"ZNF467",0.0835675235634883,-2.2996159539656,0.018,0.061,1
"JMJD6",0.0836891159971587,-0.529234773637696,0.072,0.152,1
"HERC2",0.0837192378084928,0.368937699157198,0.114,0.212,1
"GNB5",0.0837541697118828,2.08935811723612,0.187,0.106,1
"KMT2C",0.0837862849239819,0.986922896822445,0.47,0.439,1
"C11orf21",0.0839233434095318,0.137551920056344,0.042,0.106,1
"ACSS1",0.0841473632353862,3.01236826205018,0.072,0.015,1
"MS4A7",0.0841473632353862,3.06947779470163,0.072,0.015,1
"B3GNT2",0.0842052984915299,-0.243602908238719,0.09,0.182,1
"SDHD",0.0843659249851097,0.155559371909781,0.157,0.273,1
"FBXL14",0.084485061712923,1.30219497866901,0.163,0.076,1
"ENSG00000288018",0.0844855644230524,-0.626930554639074,0.054,0.121,1
"DNMT1",0.0845909495343112,0.246575829791142,0.253,0.424,1
"ANKRD42-DT",0.084868883875551,-0.415872520800197,0.042,0.106,1
"MRGBP",0.0851287132127721,2.63072097967074,0.072,0.015,1
"MYPOP",0.0851287132127721,2.58327812117025,0.072,0.015,1
"AGPAT5",0.0851766277509681,0.165632755788878,0.283,0.485,1
"RAE1",0.0852254755598417,-0.477070593161537,0.072,0.152,1
"ZNF641",0.0852254755598417,-0.27635824371246,0.072,0.152,1
"PRR3",0.0853536513399863,-0.945275099126335,0.054,0.121,1
"ZMPSTE24",0.0853832497319429,-0.16125813466624,0.145,0.258,1
"METTL4",0.0857878108544458,-0.447370314628072,0.084,0.167,1
"PMS2P4",0.0857878108544458,-0.762215130429837,0.084,0.167,1
"ARPC5L",0.0858015551168188,-0.213545523436683,0.253,0.424,1
"ZFAND6",0.0858019637591109,-0.181577184805836,0.289,0.455,1
"ZSCAN12",0.0858230223470006,0.141362931902847,0.042,0.106,1
"IPO7",0.0858311956941797,0.18422375651051,0.235,0.379,1
"ZCCHC9",0.0860021633498791,-0.106402724812866,0.072,0.152,1
"ETAA1",0.0861192971055227,2.57209662019144,0.072,0.015,1
"LCNL1",0.0862136065074026,-1.93768519748453,0.018,0.061,1
"LRGUK",0.0862136065074026,-1.92427162848087,0.018,0.061,1
"SYTL2",0.0862136065074026,-2.55248938969234,0.018,0.061,1
"ENSG00000273272",0.0862289351180647,-0.967278275737067,0.054,0.121,1
"ENSG00000278133",0.0863122624193633,0.596237103757816,0.096,0.197,1
"ENSG00000235419",0.0863810137734504,-0.63481755273808,0.096,0.182,1
"RRAS2",0.0863855845513832,2.13473798702808,0.169,0.091,1
"ANKRD11",0.0864156390859413,-0.122817572421263,0.494,0.742,1
"SYNE3",0.0867969669672372,-0.306232128138901,0.139,0.242,1
"SARS1",0.0869604570123774,-0.255858992458003,0.114,0.212,1
"HSBP1",0.0870411958355529,0.114892542587117,0.09,0.182,1
"IARS2",0.0870411958355529,-0.413335903183516,0.09,0.182,1
"STAG1",0.0870597635669662,-0.206695309680936,0.247,0.394,1
"TNK2",0.0871079236180694,-0.583685103653839,0.181,0.303,1
"MTDH",0.0871805610817131,-0.173068371899027,0.627,0.879,1
"DCAF11",0.0873257952882845,0.653193542297072,0.139,0.258,1
"SEL1L3",0.0873487968585824,-0.24047833320192,0.657,0.833,1
"ACY3",0.0875618054935371,-1.68627376435087,0.018,0.061,1
"AFAP1L2",0.0875618054935371,-2.72457319947315,0.018,0.061,1
"BHLHE40-AS1",0.0875618054935371,-1.14737815590907,0.018,0.061,1
"ENSG00000269973",0.0875618054935371,-1.73224975913774,0.018,0.061,1
"TIGD2",0.0875618054935371,-1.76423193919671,0.018,0.061,1
"KLHDC2",0.087572398487314,-0.54958415861101,0.072,0.152,1
"RABL3",0.0877234567939289,0.565325351888607,0.06,0.136,1
"GDAP2",0.0880148710576912,-0.312640806678889,0.084,0.167,1
"C22orf39",0.0883665902560253,-0.254733607044622,0.072,0.152,1
"ZNF131",0.0884196025595467,0.240665896301943,0.283,0.47,1
"SDE2",0.0885102680298032,-0.541099832766792,0.096,0.182,1
"CHST14",0.0885384327020933,0.17987007871396,0.102,0.197,1
"CHAMP1",0.0886512649548783,-0.55987834730662,0.139,0.242,1
"CDCA4",0.0888983609758625,-0.593492099753955,0.054,0.121,1
"AGBL4",0.0889269619976805,-1.34089831894734,0.018,0.061,1
"MIR4435-2HG",0.0889269619976805,-1.82916514268996,0.018,0.061,1
"MITF",0.0889269619976805,-0.89338743801462,0.018,0.061,1
"SLC38A5",0.0889269619976805,-1.87426180774585,0.018,0.061,1
"SLC4A8",0.0889269619976805,-1.58641537144473,0.018,0.061,1
"DCAF6",0.0889608559635135,0.563033055951405,0.181,0.318,1
"SPI1",0.0890029030868683,2.05335763128306,0.169,0.091,1
"WASHC3",0.089057819332454,-0.212984023797887,0.163,0.288,1
"MFNG",0.089069068053794,2.54187867069956,0.133,0.061,1
"TIMM13",0.089166279116587,-0.534012320467014,0.072,0.152,1
"CHPF2",0.089236367930213,-0.122509872809455,0.102,0.197,1
"TRPT1",0.089236367930213,0.102909458057269,0.102,0.197,1
"IFI35",0.0894801272960866,-0.933935348981622,0.145,0.242,1
"DENND10",0.089802825496788,-0.718703678072707,0.054,0.121,1
"ELOVL5",0.0899284234900315,1.02470830441277,0.349,0.273,1
"MZT2A",0.0899717872574736,0.126393095927042,0.072,0.152,1
"PSMD3",0.0899717872574736,-0.116404858774658,0.072,0.152,1
"HMGB1",0.0900424710571724,0.407100285778013,0.795,0.833,1
"CTC1",0.0902308426863531,1.74931453368479,0.199,0.121,1
"DHRS4",0.0903092153146617,-0.826284111827159,0.018,0.061,1
"ENSG00000272369",0.0903092153146617,-0.38151421647964,0.018,0.061,1
"ENSG00000285130",0.0903092153146617,-1.36210301705085,0.018,0.061,1
"NCAPG2",0.0903092153146617,-1.33568543800711,0.018,0.061,1
"TIMM8A",0.0903092153146617,-1.39624656024225,0.018,0.061,1
"ARNT",0.0906816257618855,-0.652520046516549,0.096,0.182,1
"BAG4",0.0906939347363394,0.213785349331111,0.09,0.182,1
"C2orf76",0.0907146834596663,-0.65266401718555,0.054,0.121,1
"JPT1",0.0907146834596663,-0.409488798271066,0.054,0.121,1
"ENSG00000284691",0.0908280188286658,0.308909316440102,0.163,0.288,1
"TRIM41",0.0910112613237068,0.39284223733207,0.078,0.167,1
"HLA-DMA",0.0913024932884093,0.527597315191671,0.651,0.727,1
"RRP15",0.0913567948615937,0.17447746554565,0.102,0.197,1
"TOP1MT",0.0914056996154948,-1.02918848545751,0.066,0.136,1
"ZDHHC5",0.0914938456686267,-0.429050162063457,0.175,0.288,1
"CCDC62",0.0917087046419689,-0.814706011432542,0.018,0.061,1
"INPP4B",0.0917087046419689,-1.60383294594512,0.018,0.061,1
"MCAT",0.0917087046419689,-1.20541645087556,0.018,0.061,1
"MORN1",0.0917087046419689,-0.769084552725722,0.018,0.061,1
"NUDT15",0.0917087046419689,-1.40773347060506,0.018,0.061,1
"PDC-AS1",0.0917087046419689,-1.1317845590066,0.018,0.061,1
"TBC1D2",0.0917087046419689,-0.757790646283801,0.018,0.061,1
"TMEM229B",0.0917087046419689,-1.10394759856749,0.018,0.061,1
"TRIM62",0.0917087046419689,-1.24264655937189,0.018,0.061,1
"LAMP5-AS1",0.0917087046419689,-1.39348516718032,0.018,0.061,1
"BLOC1S5-TXNDC5",0.0917087046419689,3.53196077121258,0.042,0,1
"CHI3L2",0.0917087046419689,2.68634083372204,0.042,0,1
"CTPS2",0.0917087046419689,3.45125768919378,0.042,0,1
"DFFB",0.0917087046419689,3.2102928699161,0.042,0,1
"ENSG00000241490",0.0917087046419689,3.88457721544047,0.042,0,1
"ENSG00000250850",0.0917087046419689,3.17312805825877,0.042,0,1
"ENSG00000260537",0.0917087046419689,2.88661334739882,0.042,0,1
"ENSG00000285565",0.0917087046419689,3.03271204228747,0.042,0,1
"ENSG00000290698",0.0917087046419689,2.79740310981375,0.042,0,1
"ENSG00000290931",0.0917087046419689,3.79074416003398,0.042,0,1
"ENSG00000291065",0.0917087046419689,3.41341785187438,0.042,0,1
"EXD3",0.0917087046419689,4.01890265274322,0.042,0,1
"FAM234A",0.0917087046419689,3.02986776994145,0.042,0,1
"FBXO32",0.0917087046419689,3.28479743352214,0.042,0,1
"HDAC4",0.0917087046419689,3.2074173397283,0.042,0,1
"HRK",0.0917087046419689,4.02059855733488,0.042,0,1
"KCNQ1OT1",0.0917087046419689,3.32991586713928,0.042,0,1
"LINC00649",0.0917087046419689,2.98819703714853,0.042,0,1
"LINC02413",0.0917087046419689,3.44870023366813,0.042,0,1
"MAP3K9",0.0917087046419689,3.99700354793228,0.042,0,1
"MS4A14",0.0917087046419689,3.25670640385059,0.042,0,1
"MYH3",0.0917087046419689,3.1656528756039,0.042,0,1
"MYO5C",0.0917087046419689,3.28264019607042,0.042,0,1
"NAA80",0.0917087046419689,2.78268839139579,0.042,0,1
"OSTN-AS1",0.0917087046419689,3.30094554409478,0.042,0,1
"PLCXD1",0.0917087046419689,3.3982237984155,0.042,0,1
"PRAF2",0.0917087046419689,3.41963882659625,0.042,0,1
"PRCD",0.0917087046419689,3.38443723300119,0.042,0,1
"RNASEH1-DT",0.0917087046419689,3.36260091068775,0.042,0,1
"SH2B2",0.0917087046419689,3.42509057563365,0.042,0,1
"SLC16A1",0.0917087046419689,3.62542542155343,0.042,0,1
"SLC7A7",0.0917087046419689,3.93025967592942,0.042,0,1
"SMYD5",0.0917087046419689,3.22173711851356,0.042,0,1
"ST6GALNAC3",0.0917087046419689,4.45431063759251,0.042,0,1
"STK33",0.0917087046419689,3.65871449799922,0.042,0,1
"TMEM163",0.0917087046419689,3.77797749293532,0.042,0,1
"TRAP1",0.0917087046419689,3.26687121008043,0.042,0,1
"TTC12",0.0917087046419689,3.29598737720279,0.042,0,1
"TYSND1",0.0917087046419689,3.19610126811471,0.042,0,1
"USP44",0.0917087046419689,3.22297378856017,0.042,0,1
"ZKSCAN7-AS1",0.0917087046419689,3.0065570894567,0.042,0,1
"ZNF563",0.0917087046419689,2.93512718682311,0.042,0,1
"LINC00339",0.0917269647836408,-1.07833254911963,0.036,0.091,1
"MRPS35",0.0918300353777499,-0.322909994343818,0.084,0.167,1
"SETD2",0.0919429192514181,1.16841906239351,0.361,0.318,1
"CCDC57",0.0921528550682985,-0.497563933973725,0.096,0.182,1
"TNS3",0.0921528550682985,-0.693523644669135,0.096,0.182,1
"SNX13",0.0922034261228769,-0.156756294783879,0.133,0.242,1
"SEC24B",0.0922808951765012,0.865095620813455,0.175,0.091,1
"HIF1A",0.0923798027824623,0.269827034250677,0.169,0.303,1
"MKLN1",0.0924134918839823,0.127654008864254,0.355,0.576,1
"KPNA4",0.0925156446863249,0.196476135554458,0.247,0.409,1
"NCLN",0.0925607367484156,-0.371069620364169,0.054,0.121,1
"DNPH1",0.0928372907029031,1.9996237946783,0.114,0.045,1
"PATJ",0.0928533354210688,2.7220469672604,0.133,0.061,1
"RBBP8",0.0929441146172995,0.606940880742725,0.09,0.182,1
"TMEM267",0.0929441146172995,0.471929240773693,0.09,0.182,1
"ZNF330",0.092956562728096,0.292816354959479,0.12,0.227,1
"GTF2F2",0.0930554176220547,0.333047662556251,0.259,0.439,1
"CEP76",0.0931255690560409,-1.37824261600431,0.018,0.061,1
"COLQ",0.0931255690560409,-0.836208162205326,0.018,0.061,1
"DENND6B",0.0931255690560409,-0.843362268598134,0.018,0.061,1
"DGAT1",0.0931255690560409,-1.09799816883821,0.018,0.061,1
"ENSG00000255476",0.0931255690560409,-1.72080798752498,0.018,0.061,1
"ENSG00000273329",0.0931255690560409,-1.46423986212322,0.018,0.061,1
"HILPDA",0.0931255690560409,-0.901712242843174,0.018,0.061,1
"ILRUN-AS1",0.0931255690560409,-0.643626104027379,0.018,0.061,1
"LRRC34",0.0931255690560409,-1.24606475728574,0.018,0.061,1
"MIR99AHG",0.0931255690560409,-1.10105559810947,0.018,0.061,1
"NEDD4",0.0931255690560409,-0.841494972231152,0.018,0.061,1
"QPCTL",0.0931255690560409,-1.63876991020779,0.018,0.061,1
"SGO2",0.0931255690560409,-2.48236622101656,0.018,0.061,1
"ZFTA",0.0931255690560409,-1.1241544787496,0.018,0.061,1
"ZKSCAN5",0.0931255690560409,-1.47782169429057,0.018,0.061,1
"ZNF189",0.0932525640952685,-0.163349028235373,0.072,0.152,1
"SKIL",0.0933926955452267,1.38553502656012,0.392,0.348,1
"RANGAP1",0.0934950105307219,-0.441179484233864,0.054,0.121,1
"TLN1",0.0935059836054426,-0.124059883879742,0.44,0.697,1
"GIT2",0.093916187390382,0.251953232143516,0.349,0.545,1
"ZNF714",0.0939995660449867,-0.868729498738274,0.066,0.136,1
"DCTN1",0.0941821942830846,-0.124333531271254,0.084,0.167,1
"UQCRB",0.0943696009239794,-0.333515343299752,0.596,0.742,1
"ACAA2",0.0944368346620005,-0.869888752137378,0.054,0.121,1
"PTPN23",0.0944643397178985,-0.404677222612702,0.127,0.227,1
"CDC42",0.0945599474882884,-0.572369719545478,0.018,0.061,1
"CTNNBIP1",0.0945599474882884,-0.189600028588849,0.018,0.061,1
"ENSG00000258831",0.0945599474882884,-1.40575426140719,0.018,0.061,1
"ENSG00000289055",0.0945599474882884,-0.920774662700522,0.018,0.061,1
"INTS5",0.0945599474882884,-0.781782240741016,0.018,0.061,1
"MOB3C",0.0945599474882884,0.225642608468181,0.018,0.061,1
"PNISR-AS1",0.0945599474882884,-0.909902354693379,0.018,0.061,1
"TET1",0.0945599474882884,-0.435962865459485,0.018,0.061,1
"ZNF669",0.0945599474882884,-0.78664198674617,0.018,0.061,1
"ZNF823",0.0945599474882884,-1.10200920531834,0.018,0.061,1
"HDHD2",0.0948771897509996,-0.398025767044757,0.066,0.136,1
"CRCP",0.0949285846724111,0.551600037851761,0.072,0.152,1
"DYRK2",0.0949804392376011,2.15578196148644,0.151,0.076,1
"RAB9A",0.0949806728360218,0.212016203713673,0.102,0.197,1
"RPL39",0.0950205313275965,0.228197444301917,0.97,0.97,1
"RPL7A",0.0950360088061137,-0.216371794728899,0.807,0.879,1
"NXT2",0.0950363175988427,-0.930767412452385,0.036,0.091,1
"TBC1D25",0.0950363175988427,-1.14256293881459,0.036,0.091,1
"ZFAND4",0.0950363175988427,-0.77506775830707,0.036,0.091,1
"RAD17",0.0950828468952906,0.22249267341758,0.108,0.212,1
"TNIP2",0.0953862482951349,-0.404614670254774,0.054,0.121,1
"TCF7",0.0954595251571345,0.911348535723498,0.072,0.015,1
"SH3BP2",0.0957190875105332,0.236201500658492,0.102,0.197,1
"RXRA",0.0957769617763225,-0.651969557477769,0.084,0.167,1
"RPL11",0.0958217584336511,0.212326727148276,0.922,0.939,1
"ALG14",0.0960119787008484,0.148646727492686,0.018,0.061,1
"IFT172",0.0960119787008484,-0.767064397744073,0.018,0.061,1
"PPARGC1B",0.0960119787008484,-1.17870940625647,0.018,0.061,1
"ZGRF1",0.0960119787008484,-0.751378547064248,0.018,0.061,1
"FASTKD3",0.096160454296741,-1.11429358992517,0.036,0.091,1
"DNAJC25",0.0963432905475354,0.402357083659862,0.054,0.121,1
"TRIM21",0.0965824134166982,-0.423494625604485,0.084,0.167,1
"RSRP1",0.0968236794894431,0.471876780426585,0.741,0.833,1
"BICRAL",0.0972372631941518,2.32866932665242,0.181,0.106,1
"ARMCX4",0.0972952068872343,-0.700362755737161,0.036,0.091,1
"C15orf61",0.0972952068872343,-0.692094948586804,0.036,0.091,1
"DISC1",0.0972952068872343,-0.874267431720255,0.036,0.091,1
"DTYMK",0.0972952068872343,-0.404168239087799,0.036,0.091,1
"ENSG00000272822",0.0973080004981399,-0.455315424521194,0.054,0.121,1
"ZNF587B",0.0973080004981399,-0.136957897331958,0.054,0.121,1
"ACTR3C",0.097481801262076,-0.394777691739216,0.018,0.061,1
"DHX37",0.097481801262076,-0.777855980717557,0.018,0.061,1
"ENSG00000290048",0.097481801262076,0.210948394474371,0.018,0.061,1
"FAM169A",0.097481801262076,0.269007982291656,0.018,0.061,1
"GSKIP",0.097481801262076,-0.513975714651995,0.018,0.061,1
"KNSTRN",0.097481801262076,-0.58953820318367,0.018,0.061,1
"MOV10",0.097481801262076,0.110450248360342,0.018,0.061,1
"NMRAL1",0.097481801262076,-0.639837975833568,0.018,0.061,1
"NPEPPSP1",0.097481801262076,-1.13912716866599,0.018,0.061,1
"TEX264",0.097481801262076,-1.06194968509465,0.018,0.061,1
"TIGAR",0.097481801262076,-0.27204473433342,0.018,0.061,1
"CD58",0.0975495035441532,-0.657888857720689,0.066,0.136,1
"SNRNP200",0.0976231091985165,-0.10398132646018,0.319,0.5,1
"KLF6",0.0976781573285455,-0.216144868643913,0.711,0.879,1
"TNFAIP8",0.0977754145631605,0.896270485617719,0.542,0.606,1
"TM7SF3",0.0979253808017778,-0.551483359806903,0.133,0.227,1
"SOX4",0.0979619372736326,0.64631508224151,0.102,0.197,1
"UBE2G1",0.098245098755559,-0.357245009616441,0.223,0.364,1
"CNPY2",0.0982804171843946,-0.156265806611867,0.054,0.121,1
"HDAC10",0.0982804171843946,-0.21308283158448,0.054,0.121,1
"PLAGL2",0.0982804171843946,-0.338124887176358,0.054,0.121,1
"FAM168A",0.09844063906424,-0.600954285766683,0.036,0.091,1
"ZFTRAF1",0.09844063906424,-0.705259192369672,0.036,0.091,1
"RBBP4",0.0984545154737976,-0.203906481006179,0.428,0.606,1
"TTC1",0.0988250674580132,-0.14675402601577,0.223,0.348,1
"SUZ12",0.0990037681678127,0.486843294794165,0.187,0.333,1
"NUP43",0.0990122058557038,-0.270617910482076,0.096,0.182,1
"TGFBRAP1",0.0990313171015157,-0.330841795459608,0.084,0.167,1
"PITPNM1",0.0992605795992141,3.79278981417173,0.09,0.03,1
"SCML4",0.0992605795992141,2.78010465831187,0.09,0.03,1
"ZYG11B",0.0992605795992141,2.85766024131987,0.09,0.03,1
"PAN3",0.0995672374156361,-0.181929074096289,0.289,0.47,1
"EXTL2",0.0995968144362248,-1.16390660632338,0.036,0.091,1
"PLEKHG2",0.0995968144362248,-0.567565182671181,0.036,0.091,1
"PRH1",0.0995968144362248,-0.800981807624603,0.036,0.091,1
"SNHG30",0.0995968144362248,-0.652553046907061,0.036,0.091,1
"CDK13",0.0996592501851657,0.979605262494412,0.434,0.379,1
"CMTM7",0.0997152526870636,0.262613339133951,0.229,0.394,1
"OGFRL1",0.0997863720340806,0.422202109196033,0.151,0.273,1
"AP3B1",0.0997875151541745,0.130901554784819,0.319,0.485,1
"FRS2",0.0999894128131816,1.94929233528601,0.133,0.061,1
"BACH1",0.100211251245729,2.51347989865344,0.163,0.091,1
"GSPT2",0.100281636806412,-0.497406557762178,0.066,0.136,1
"GTF2H5",0.100281636806412,-0.368832154152392,0.066,0.136,1
"RNF114",0.100493794829207,0.204954576352461,0.211,0.348,1
"MRPS12",0.100763796519284,-0.609227861376865,0.036,0.091,1
"NIFK-AS1",0.100763796519284,-0.495926986230056,0.036,0.091,1
"RELA-DT",0.100763796519284,-0.777652773909572,0.036,0.091,1
"ZBTB1",0.100976648245307,0.434525557954599,0.229,0.379,1
"MED25",0.100985475277014,0.12545071240646,0.072,0.152,1
"RNF13",0.101148352306217,-0.198596660270243,0.247,0.394,1
"EPS15",0.101158511092992,1.46889486134337,0.355,0.318,1
"ADAM7-AS1",0.101244297345168,3.02189850755223,0.09,0.03,1
"DGKE",0.101244297345168,2.59337416082751,0.09,0.03,1
"PIM1",0.101244297345168,2.52557786488853,0.09,0.03,1
"USP32",0.101443659896682,0.231600831339346,0.127,0.227,1
"CSNK1A1",0.101594432582784,0.211404714323579,0.205,0.348,1
"ARHGAP21",0.101941648730164,-0.619967839365311,0.036,0.091,1
"CHCHD5",0.101941648730164,-0.481431185693492,0.036,0.091,1
"ENTPD6",0.101941648730164,-0.746395469712083,0.036,0.091,1
"ZNF587",0.101941648730164,-0.590629775426711,0.036,0.091,1
"C11orf1",0.102047409591653,-0.552689515853594,0.09,0.167,1
"UTP4",0.102188832287343,-0.282187129573291,0.096,0.182,1
"SERPINI1",0.102247930411835,0.574687154647746,0.054,0.121,1
"TREML2",0.102247930411835,0.258291860623744,0.054,0.121,1
"GSE1",0.102247930411835,2.87844520433793,0.09,0.03,1
"CREBBP",0.102265586159965,0.877812725120602,0.392,0.318,1
"JPT2",0.102373329394552,-0.185877032850727,0.084,0.167,1
"ZMYM4",0.102424694982037,-0.123311191758277,0.265,0.424,1
"ETNK1",0.102455716383801,0.105304305067599,0.271,0.439,1
"SNHG3",0.103035414326845,-0.119014010066403,0.295,0.47,1
"JMJD8",0.103130434379241,-0.377816240232007,0.036,0.091,1
"CEP95",0.103345012952279,-0.203637926062848,0.163,0.273,1
"ZNF611",0.10344369002885,-0.683777581807718,0.102,0.182,1
"BAHD1",0.103673793496462,0.335740306525758,0.072,0.152,1
"CSNK2A2",0.104024893389211,0.122921141564968,0.163,0.288,1
"SNRK",0.104077666609085,-0.431834254992673,0.084,0.167,1
"AACS",0.10413851802251,-1.12372025729922,0.048,0.106,1
"NLRC5",0.104168484807685,0.972333370329335,0.259,0.167,1
"PTS",0.1042458397842,-0.716803361006541,0.102,0.182,1
"GARIN2",0.104278938849359,-0.263846592530155,0.054,0.121,1
"SLC5A3",0.104303080837528,-0.667327322771087,0.078,0.152,1
"ASB7",0.104330216663436,-0.420634909312149,0.036,0.091,1
"ENSG00000275764",0.104330216663436,-0.860185602870466,0.036,0.091,1
"KLHL21",0.104330216663436,-0.246085098891211,0.036,0.091,1
"LGALS3BP",0.104330216663436,-0.710934328873433,0.036,0.091,1
"ZSCAN16",0.104330216663436,-0.584510159926618,0.036,0.091,1
"SLC39A9",0.104561351897093,-0.833327201116909,0.09,0.167,1
"PITHD1",0.104710157897484,0.165950708098065,0.145,0.258,1
"PIP5K1B",0.104715084286899,2.96669226720778,0.163,0.091,1
"IDE",0.104970405524708,-0.527786603556681,0.066,0.136,1
"MBTPS1",0.105143724968464,0.114509885714593,0.181,0.303,1
"LRRC23",0.105541058659087,-0.399001215915531,0.036,0.091,1
"ENSG00000274422",0.105590533367279,3.04999901321334,0.108,0.045,1
"EVI5",0.105824548045947,-0.168359414638006,0.127,0.227,1
"TOPBP1",0.105856892508364,-0.384086635498091,0.157,0.258,1
"ANKRD10",0.10586004477071,-0.253347460071983,0.211,0.333,1
"MIR155HG",0.105928720114198,-0.440751890807719,0.066,0.136,1
"TRDMT1",0.105928720114198,-0.353602556533353,0.066,0.136,1
"LIX1-AS1",0.105957238718327,2.06532194495187,0.114,0.045,1
"PDCD11",0.106075385702513,-0.22959444624041,0.12,0.212,1
"TOGARAM1",0.10627307966723,-0.146786694652259,0.096,0.182,1
"FMNL2",0.106323691677309,-1.2814711245428,0.048,0.106,1
"SFI1",0.106341861533101,2.0292951581422,0.09,0.03,1
"ZNF606",0.106341861533101,2.14977912171962,0.09,0.03,1
"PPIP5K2",0.106922857815676,0.433042427391203,0.247,0.409,1
"DGUOK",0.107325222337096,-0.297171470261877,0.199,0.318,1
"ANKRD33B",0.107378196274835,2.97645290110635,0.066,0.015,1
"DTX1",0.107378196274835,3.09112329534543,0.066,0.015,1
"H2BC12",0.107378196274835,3.36245127315658,0.066,0.015,1
"LCK",0.107378196274835,2.74743247273319,0.066,0.015,1
"YPEL2",0.107378196274835,3.33132758176034,0.066,0.015,1
"RHBDF2",0.107638626629491,-0.268717168087698,0.265,0.409,1
"MAPRE2",0.107673808501928,0.123309372628109,0.404,0.606,1
"VPS53",0.107699782686805,0.32150279964201,0.157,0.273,1
"INTS10",0.107757782981774,0.121987995171908,0.181,0.303,1
"RCSD1",0.107842042581112,1.08159586454569,0.512,0.561,1
"NAA30",0.107866156977058,-0.341147739598823,0.066,0.136,1
"C11orf68",0.108070577650532,0.1821716517306,0.127,0.227,1
"ISCA2",0.108380649683056,-0.184962734193713,0.12,0.212,1
"AAR2",0.108437006933696,0.334297160263989,0.054,0.121,1
"ENSG00000290192",0.108437006933696,1.92932285745515,0.09,0.03,1
"DENND4A",0.108534685784291,0.84006199156483,0.349,0.273,1
"CDKN2A",0.108616962651849,2.67371305075074,0.066,0.015,1
"DYNC2I2",0.108616962651849,2.54766671307098,0.066,0.015,1
"TMEM263",0.108827583717958,0.202933562759992,0.127,0.227,1
"NECTIN1",0.108838522222128,-0.736067196794846,0.078,0.152,1
"AEBP1",0.108845340725199,-0.279047905983101,0.066,0.136,1
"NEMF",0.10893189150169,0.161415491021705,0.38,0.576,1
"AKAP10",0.109001131648116,-0.299103930289168,0.139,0.242,1
"RALGAPA2",0.109158121648322,-0.383958235793263,0.12,0.212,1
"B3GALNT2",0.109326197786546,-0.144914817717793,0.084,0.167,1
"PKD2",0.109378164857417,0.270183875634444,0.114,0.212,1
"ERBIN",0.109551807365285,1.07472699069283,0.319,0.242,1
"ZNF317",0.109632782992848,-0.306482793492779,0.096,0.182,1
"ADGRA3",0.109841456949696,-2.63149383602585,0.012,0.045,1
"C17orf97",0.109841456949696,-2.15330356767876,0.012,0.045,1
"NDFIP2",0.109841456949696,-2.8899202592002,0.012,0.045,1
"OSBPL5",0.109841456949696,-2.45833962948164,0.012,0.045,1
"ZC3H6",0.110173564685931,1.4503172395819,0.301,0.242,1
"RFX1",0.110220955195485,2.27269424977403,0.127,0.061,1
"SLC25A36",0.110296061232559,0.131199472658794,0.217,0.348,1
"WDR89",0.110365293767136,2.42380654606014,0.108,0.045,1
"RRP7A",0.110482752590607,-0.277572529191398,0.145,0.242,1
"TMEM209",0.110496280659097,1.15581454066629,0.036,0.091,1
"ZBTB2",0.110496280659097,-0.204324136204872,0.036,0.091,1
"SRM",0.110641483094091,0.163001675381136,0.102,0.197,1
"SMYD4",0.110695809704589,-0.379131828051056,0.078,0.152,1
"FUCA1",0.110802991089251,-0.855412957032174,0.048,0.106,1
"ZMYM3",0.110802991089251,-0.82847649675697,0.048,0.106,1
"PCNX1",0.110907644858263,-0.38236698359039,0.211,0.333,1
"CDK6",0.110989237528377,0.17535881541106,0.133,0.227,1
"FAM153CP",0.111258225089183,1.62970921561973,0.265,0.212,1
"RAB30",0.111260407057387,1.72675641272833,0.289,0.242,1
"BICD2",0.111306432465356,0.830021639490216,0.5,0.5,1
"RAF1",0.111343235189658,0.155675460492379,0.235,0.394,1
"COQ4",0.111343833416394,-0.128332631053069,0.096,0.182,1
"LY6E",0.111482981710191,1.78434898964985,0.259,0.197,1
"TCP11L2",0.11164081451691,1.55859177628973,0.09,0.03,1
"CSNK1G1",0.111763362631276,0.413386449047814,0.036,0.091,1
"KHDC1-AS1",0.111770192572202,-2.24514792734181,0.012,0.045,1
"EFR3A",0.112025444239946,0.122401880682881,0.199,0.333,1
"ARHGAP12",0.112027818638631,-0.142048225458376,0.084,0.167,1
"IFFO1",0.112207226436786,0.386712243854514,0.096,0.182,1
"NEIL1",0.112401187948349,1.95329537017389,0.066,0.015,1
"ZFP82",0.112401187948349,2.63984057415313,0.066,0.015,1
"ZNF574",0.112401187948349,1.99572769636334,0.066,0.015,1
"PSME3",0.112423640987789,-0.37259915028237,0.193,0.303,1
"ZNF589",0.112521969899037,-0.137260047246731,0.133,0.227,1
"SERF2",0.11269800629307,-0.213701021058304,0.663,0.864,1
"SLC6A6",0.112725193841705,1.56630682367498,0.09,0.03,1
"MNDA",0.112726562576794,-0.139369829622359,0.139,0.242,1
"SERPINB9",0.112829414060324,0.250105194833595,0.265,0.424,1
"TINF2",0.112848776500185,-0.192229019520709,0.211,0.333,1
"RPAIN",0.113017574375334,0.221314080986944,0.229,0.379,1
"SLC37A1",0.113075890520036,0.16711395190528,0.096,0.182,1
"MTERF1",0.11309784697469,-0.454801387347495,0.048,0.106,1
"RIOK3",0.11343552759439,0.448619556211297,0.187,0.318,1
"HADHB",0.113440091941772,0.151788637473516,0.235,0.379,1
"TFCP2",0.113455574511083,-0.190766426433578,0.145,0.242,1
"ARL17A",0.113528563898856,-0.484796650830966,0.078,0.152,1
"ABHD11",0.113725547971153,-2.05453731275335,0.012,0.045,1
"ACVR2B",0.113725547971153,-1.83218993170056,0.012,0.045,1
"CACNB2",0.113725547971153,-2.6623689475561,0.012,0.045,1
"CFAP418-AS1",0.113725547971153,-3.21337701026066,0.012,0.045,1
"ENSG00000277283",0.113725547971153,-2.0475716358109,0.012,0.045,1
"HAPLN3",0.113725547971153,-2.41891722058081,0.012,0.045,1
"ICAM2",0.113725547971153,-2.31698185330607,0.012,0.045,1
"LINC02241",0.113725547971153,-2.47747916976386,0.012,0.045,1
"NET1",0.113725547971153,-1.74749583174212,0.012,0.045,1
"SAMD3",0.113725547971153,-2.05939009749711,0.012,0.045,1
"TDRKH-AS1",0.113725547971153,-2.24767063343279,0.012,0.045,1
"THOP1",0.113725547971153,-1.84967747194225,0.012,0.045,1
"TRHDE",0.113725547971153,-1.84765979039157,0.012,0.045,1
"ZNF793",0.113725547971153,-2.77251430918528,0.012,0.045,1
"ENSG00000258760",0.114203909529399,1.52066422691527,0.163,0.091,1
"IGKJ5",0.114259235352254,-0.679478708737008,0.048,0.106,1
"MTMR10",0.114329280582099,0.911532219399969,0.12,0.227,1
"SUN2",0.114606836674342,1.1486339575901,0.283,0.212,1
"DUSP28",0.114868884834654,-0.21706989891553,0.066,0.136,1
"GPD2",0.114868884834654,0.138824548253093,0.066,0.136,1
"NUBP2",0.114868884834654,0.317221742777205,0.066,0.136,1
"A1BG",0.114940749238712,-2.34210547098339,0,0.015,1
"A2M",0.114940749238712,-3.07369395820652,0,0.015,1
"A2ML1-AS1",0.114940749238712,-2.93057325987018,0,0.015,1
"ABCA8",0.114940749238712,-3.25305931265404,0,0.015,1
"ABCA9-AS1",0.114940749238712,-2.21456323679873,0,0.015,1
"ABCG2",0.114940749238712,-2.56290424828717,0,0.015,1
"ABLIM2",0.114940749238712,-2.57464986876559,0,0.015,1
"ABLIM3",0.114940749238712,-2.97416434828755,0,0.015,1
"ACKR2",0.114940749238712,-2.78070926610365,0,0.015,1
"ACSS3",0.114940749238712,-2.68245054484536,0,0.015,1
"ACTA1",0.114940749238712,-2.34336280338356,0,0.015,1
"ADAM11",0.114940749238712,-2.86189409123525,0,0.015,1
"ADAMTS16",0.114940749238712,-2.37478401928272,0,0.015,1
"ADAMTSL3",0.114940749238712,-2.70406344217624,0,0.015,1
"ADCY6",0.114940749238712,-2.86189409123525,0,0.015,1
"ADCY8",0.114940749238712,-1.83649186753861,0,0.015,1
"ADORA1",0.114940749238712,-2.28019676742974,0,0.015,1
"ADPGK-AS1",0.114940749238712,-2.78070926610365,0,0.015,1
"AGBL1",0.114940749238712,-2.26773506850355,0,0.015,1
"AGBL5",0.114940749238712,-2.5542481172609,0,0.015,1
"AGT",0.114940749238712,-1.82303038129141,0,0.015,1
"AK4P3",0.114940749238712,-2.67084450888203,0,0.015,1
"AKR7A3",0.114940749238712,-2.21456323679873,0,0.015,1
"ALDH1A2",0.114940749238712,-2.93057325987018,0,0.015,1
"ALOX12P2",0.114940749238712,-2.21456323679873,0,0.015,1
"ANK2",0.114940749238712,-2.56067237545953,0,0.015,1
"ANKRD24",0.114940749238712,-2.89887631737921,0,0.015,1
"ANKRD29",0.114940749238712,-2.71615538300215,0,0.015,1
"ANKRD35",0.114940749238712,-2.61075323118121,0,0.015,1
"ANKRD62",0.114940749238712,-2.57033075671857,0,0.015,1
"ANKRD66",0.114940749238712,-2.67084450888203,0,0.015,1
"ANKRD9",0.114940749238712,-2.61807161874241,0,0.015,1
"ANLN",0.114940749238712,-1.91860486832039,0,0.015,1
"ANO3",0.114940749238712,-3.19027992335359,0,0.015,1
"ANXA9",0.114940749238712,-2.2102825871164,0,0.015,1
"APBB2",0.114940749238712,-2.50469325019906,0,0.015,1
"APCDD1L",0.114940749238712,-2.56290424828717,0,0.015,1
"APP-DT",0.114940749238712,-2.54865763116454,0,0.015,1
"ARHGAP10",0.114940749238712,-1.83649186753861,0,0.015,1
"ARHGAP11A-SCG5",0.114940749238712,-2.89699948497441,0,0.015,1
"ARHGAP11B-DT",0.114940749238712,-2.44326886442597,0,0.015,1
"ARHGAP20",0.114940749238712,-3.14329899184359,0,0.015,1
"ARHGAP28",0.114940749238712,-3.83122012452389,0,0.015,1
"ARHGAP39",0.114940749238712,-1.82303038129141,0,0.015,1
"ARL9",0.114940749238712,-2.34210547098339,0,0.015,1
"ARSJ",0.114940749238712,-2.21456323679873,0,0.015,1
"ASCL2",0.114940749238712,-2.72076721618749,0,0.015,1
"ASIC2",0.114940749238712,-1.91860486832039,0,0.015,1
"ASIC3",0.114940749238712,-2.89887631737921,0,0.015,1
"ASIC4-AS1",0.114940749238712,-3.21482425431524,0,0.015,1
"ATP11B-DT",0.114940749238712,-2.5908419971591,0,0.015,1
"ATP1A3",0.114940749238712,-2.69510745071439,0,0.015,1
"ATP6V0E2-AS1",0.114940749238712,-2.67084450888203,0,0.015,1
"ATP8B3",0.114940749238712,-2.29267381447087,0,0.015,1
"AXDND1",0.114940749238712,-2.28019676742974,0,0.015,1
"B3GALNT1",0.114940749238712,-2.2102825871164,0,0.015,1
"B3GALT1",0.114940749238712,-2.29267381447087,0,0.015,1
"B4GALNT1",0.114940749238712,-1.83649186753861,0,0.015,1
"BFSP2",0.114940749238712,-2.93057325987018,0,0.015,1
"BMP2",0.114940749238712,-2.41228847233532,0,0.015,1
"BRICD5",0.114940749238712,-2.68381408712774,0,0.015,1
"BTF3-DT",0.114940749238712,-2.34210547098339,0,0.015,1
"C1QB",0.114940749238712,-2.56067237545953,0,0.015,1
"C20orf85",0.114940749238712,-2.5542481172609,0,0.015,1
"C3orf33",0.114940749238712,-2.77173877892516,0,0.015,1
"C4orf19",0.114940749238712,-3.41539555612038,0,0.015,1
"C5orf49",0.114940749238712,-2.66950880451291,0,0.015,1
"C6",0.114940749238712,-2.56067237545953,0,0.015,1
"C7orf57",0.114940749238712,-2.86011270011792,0,0.015,1
"C9orf153",0.114940749238712,-2.21456323679873,0,0.015,1
"CA3",0.114940749238712,-2.34254886420193,0,0.015,1
"CACNA2D1",0.114940749238712,-2.78070926610365,0,0.015,1
"CALCR",0.114940749238712,-1.83649186753861,0,0.015,1
"CAPN5",0.114940749238712,-2.68381408712774,0,0.015,1
"CASC2",0.114940749238712,-2.61075323118121,0,0.015,1
"CATIP-AS1",0.114940749238712,-2.34254886420193,0,0.015,1
"CCBE1",0.114940749238712,-2.50469325019906,0,0.015,1
"CCDC187",0.114940749238712,-2.89699948497441,0,0.015,1
"CCDC192",0.114940749238712,-2.41527084414291,0,0.015,1
"CCDC198",0.114940749238712,-2.50469325019906,0,0.015,1
"CCDC39",0.114940749238712,-2.86189409123525,0,0.015,1
"CCL17",0.114940749238712,-3.07369395820652,0,0.015,1
"CCNB3",0.114940749238712,-1.91860486832039,0,0.015,1
"CD109",0.114940749238712,-2.54139491577563,0,0.015,1
"CD14",0.114940749238712,-2.68245054484536,0,0.015,1
"CD209",0.114940749238712,-2.34210547098339,0,0.015,1
"CD28",0.114940749238712,-2.85780364582046,0,0.015,1
"CD3D",0.114940749238712,-2.85780364582046,0,0.015,1
"CDC20B",0.114940749238712,-3.2352203896372,0,0.015,1
"CDC45",0.114940749238712,-1.82303038129141,0,0.015,1
"CDCP1",0.114940749238712,-2.89887631737921,0,0.015,1
"CDH17",0.114940749238712,-2.80935350422135,0,0.015,1
"CDK13-DT",0.114940749238712,-1.83649186753861,0,0.015,1
"CEP55",0.114940749238712,-2.97416434828755,0,0.015,1
"CFAP157",0.114940749238712,-2.28019676742974,0,0.015,1
"CFAP20DC-AS1",0.114940749238712,-2.80935350422135,0,0.015,1
"CFAP276",0.114940749238712,-2.29267381447087,0,0.015,1
"CFAP299",0.114940749238712,-2.67084450888203,0,0.015,1
"CFAP300",0.114940749238712,-2.89699948497441,0,0.015,1
"CFAP65",0.114940749238712,-2.67084450888203,0,0.015,1
"CFAP74",0.114940749238712,-2.66950880451291,0,0.015,1
"CHN2",0.114940749238712,-1.83649186753861,0,0.015,1
"CHST7",0.114940749238712,-2.54865763116454,0,0.015,1
"CIBAR1-DT",0.114940749238712,-2.5908419971591,0,0.015,1
"CIBAR2",0.114940749238712,-2.67084450888203,0,0.015,1
"CITED4",0.114940749238712,-2.66950880451291,0,0.015,1
"CKAP2L",0.114940749238712,-2.70406344217624,0,0.015,1
"CLDN9",0.114940749238712,-3.30170532602715,0,0.015,1
"CLEC4E",0.114940749238712,-1.82303038129141,0,0.015,1
"CLEC6A",0.114940749238712,-2.44326886442597,0,0.015,1
"CLTCL1",0.114940749238712,-3.07369395820652,0,0.015,1
"CMBL",0.114940749238712,-2.57033075671857,0,0.015,1
"CMKLR2",0.114940749238712,-2.86189409123525,0,0.015,1
"CNN3-DT",0.114940749238712,-2.62597685472976,0,0.015,1
"CNTD1",0.114940749238712,-2.34336280338356,0,0.015,1
"CNTN3",0.114940749238712,-2.86189409123525,0,0.015,1
"COL1A1",0.114940749238712,-2.21456323679873,0,0.015,1
"COL22A1",0.114940749238712,-2.34254886420193,0,0.015,1
"COL27A1",0.114940749238712,-2.61075323118121,0,0.015,1
"COL6A1",0.114940749238712,-2.56290424828717,0,0.015,1
"CPAMD8",0.114940749238712,-1.91860486832039,0,0.015,1
"CPLX1",0.114940749238712,-2.78070926610365,0,0.015,1
"CPLX2",0.114940749238712,-2.21456323679873,0,0.015,1
"CPNE9",0.114940749238712,-2.5908419971591,0,0.015,1
"CPVL-AS2",0.114940749238712,-2.78070926610365,0,0.015,1
"CR1L",0.114940749238712,-3.2748258685665,0,0.015,1
"CRACDL",0.114940749238712,-3.00870729863779,0,0.015,1
"CRPPA-AS1",0.114940749238712,-3.30170532602715,0,0.015,1
"CRTAM",0.114940749238712,-2.86475376450512,0,0.015,1
"CSMD2",0.114940749238712,-1.91860486832039,0,0.015,1
"CSNKA2IP",0.114940749238712,-1.91860486832039,0,0.015,1
"CWH43",0.114940749238712,-2.45502655139055,0,0.015,1
"CYBRD1",0.114940749238712,-2.78070926610365,0,0.015,1
"CYP11A1",0.114940749238712,-2.77173877892516,0,0.015,1
"CYP1B1-AS1",0.114940749238712,-3.04639368778215,0,0.015,1
"CYP2F1",0.114940749238712,-1.83649186753861,0,0.015,1
"CYP2S1",0.114940749238712,-2.57464986876559,0,0.015,1
"CYP4Z2P",0.114940749238712,-3.41736377832661,0,0.015,1
"CYSLTR2",0.114940749238712,-1.83649186753861,0,0.015,1
"CYTL1",0.114940749238712,-1.83649186753861,0,0.015,1
"DAW1",0.114940749238712,-1.91860486832039,0,0.015,1
"DCAF4L1",0.114940749238712,-3.36840436784808,0,0.015,1
"DCDC1",0.114940749238712,-3.25305931265404,0,0.015,1
"DCLK1",0.114940749238712,-2.62597685472976,0,0.015,1
"DCLRE1A",0.114940749238712,-2.68888494949989,0,0.015,1
"DCN",0.114940749238712,-2.41228847233532,0,0.015,1
"DCT",0.114940749238712,-2.61075323118121,0,0.015,1
"DEPDC7",0.114940749238712,-2.521600332882,0,0.015,1
"DHODH",0.114940749238712,-2.86189409123525,0,0.015,1
"DIAPH2-AS1",0.114940749238712,-2.40102708296162,0,0.015,1
"DIO2",0.114940749238712,-2.41527084414291,0,0.015,1
"DIP2A-IT1",0.114940749238712,-1.83649186753861,0,0.015,1
"DKK2",0.114940749238712,-3.30170532602715,0,0.015,1
"DLG4",0.114940749238712,-2.37478401928272,0,0.015,1
"DLG5",0.114940749238712,-2.68888494949989,0,0.015,1
"DMTN",0.114940749238712,-1.83649186753861,0,0.015,1
"DNAAF1",0.114940749238712,-2.67084450888203,0,0.015,1
"DNAH10",0.114940749238712,-2.62597685472976,0,0.015,1
"DNAH3",0.114940749238712,-2.56290424828717,0,0.015,1
"DNAJC28",0.114940749238712,-2.86189409123525,0,0.015,1
"DNMT3B",0.114940749238712,-2.45502655139055,0,0.015,1
"DOCK7-DT",0.114940749238712,-3.30170532602715,0,0.015,1
"DOK4",0.114940749238712,-2.5908419971591,0,0.015,1
"DOK5",0.114940749238712,-2.80935350422135,0,0.015,1
"DPP6",0.114940749238712,-2.21456323679873,0,0.015,1
"DRAXIN",0.114940749238712,-2.2102825871164,0,0.015,1
"DSCR9",0.114940749238712,-3.30170532602715,0,0.015,1
"DSEL",0.114940749238712,-2.5908419971591,0,0.015,1
"DUOX1",0.114940749238712,-2.45502655139055,0,0.015,1
"DUS4L",0.114940749238712,-2.34254886420193,0,0.015,1
"DYNC1I1",0.114940749238712,-3.00870729863779,0,0.015,1
"DYNLRB2-AS1",0.114940749238712,-3.39472575523383,0,0.015,1
"DYRK3-AS1",0.114940749238712,-2.34336280338356,0,0.015,1
"E2F1",0.114940749238712,-2.40102708296162,0,0.015,1
"ECE1-AS1",0.114940749238712,-2.51457067052357,0,0.015,1
"ECRG4",0.114940749238712,-2.50469325019906,0,0.015,1
"ECT2",0.114940749238712,-2.69510745071439,0,0.015,1
"EDNRA",0.114940749238712,-2.5908419971591,0,0.015,1
"EFNA2",0.114940749238712,-1.83649186753861,0,0.015,1
"EGR2",0.114940749238712,-1.83649186753861,0,0.015,1
"EIF3CL",0.114940749238712,-2.68888494949989,0,0.015,1
"ELOVL2",0.114940749238712,-2.40102708296162,0,0.015,1
"ELOVL6",0.114940749238712,-1.83649186753861,0,0.015,1
"ENKD1",0.114940749238712,-2.56290424828717,0,0.015,1
"ENPEP",0.114940749238712,-2.521600332882,0,0.015,1
"ENPP1",0.114940749238712,-3.07369395820652,0,0.015,1
"ENPP3",0.114940749238712,-2.56067237545953,0,0.015,1
"ENSG00000176868",0.114940749238712,-2.62597685472976,0,0.015,1
"ENSG00000204620",0.114940749238712,-2.34336280338356,0,0.015,1
"ENSG00000212663",0.114940749238712,-2.45502655139055,0,0.015,1
"ENSG00000214559",0.114940749238712,-2.521600332882,0,0.015,1
"ENSG00000222043",0.114940749238712,-2.71615538300215,0,0.015,1
"ENSG00000223343",0.114940749238712,-2.6535696684842,0,0.015,1
"ENSG00000223720",0.114940749238712,-2.68245054484536,0,0.015,1
"ENSG00000224645",0.114940749238712,-2.84794329960365,0,0.015,1
"ENSG00000224819",0.114940749238712,-2.21456323679873,0,0.015,1
"ENSG00000225111",0.114940749238712,-2.26773506850355,0,0.015,1
"ENSG00000225187",0.114940749238712,-2.50854197229019,0,0.015,1
"ENSG00000225457",0.114940749238712,-2.89699948497441,0,0.015,1
"ENSG00000226043",0.114940749238712,-2.57033075671857,0,0.015,1
"ENSG00000226097",0.114940749238712,-2.54865763116454,0,0.015,1
"ENSG00000226197",0.114940749238712,-2.54865763116454,0,0.015,1
"ENSG00000226206",0.114940749238712,-2.29267381447087,0,0.015,1
"ENSG00000226622",0.114940749238712,-2.6535696684842,0,0.015,1
"ENSG00000226690",0.114940749238712,-2.87322197985294,0,0.015,1
"ENSG00000226699",0.114940749238712,-1.82303038129141,0,0.015,1
"ENSG00000227619",0.114940749238712,-2.68245054484536,0,0.015,1
"ENSG00000227678",0.114940749238712,-2.2102825871164,0,0.015,1
"ENSG00000228084",0.114940749238712,-2.83110274140684,0,0.015,1
"ENSG00000228274",0.114940749238712,-2.18945169847361,0,0.015,1
"ENSG00000228334",0.114940749238712,-1.83649186753861,0,0.015,1
"ENSG00000228484",0.114940749238712,-2.68381408712774,0,0.015,1
"ENSG00000228679",0.114940749238712,-3.04639368778215,0,0.015,1
"ENSG00000228737",0.114940749238712,-2.29267381447087,0,0.015,1
"ENSG00000228999",0.114940749238712,-1.83649186753861,0,0.015,1
"ENSG00000229192",0.114940749238712,-2.56290424828717,0,0.015,1
"ENSG00000229425",0.114940749238712,-2.34210547098339,0,0.015,1
"ENSG00000229588",0.114940749238712,-2.67084450888203,0,0.015,1
"ENSG00000229591",0.114940749238712,-2.18945169847361,0,0.015,1
"ENSG00000229728",0.114940749238712,-2.5908419971591,0,0.015,1
"ENSG00000230303",0.114940749238712,-2.34254886420193,0,0.015,1
"ENSG00000230648",0.114940749238712,-2.34254886420193,0,0.015,1
"ENSG00000231039",0.114940749238712,-2.85780364582046,0,0.015,1
"ENSG00000231252",0.114940749238712,-2.77173877892516,0,0.015,1
"ENSG00000232377",0.114940749238712,-2.89887631737921,0,0.015,1
"ENSG00000232807",0.114940749238712,-2.521600332882,0,0.015,1
"ENSG00000233358",0.114940749238712,-2.50469325019906,0,0.015,1
"ENSG00000233359",0.114940749238712,-2.50854197229019,0,0.015,1
"ENSG00000233862",0.114940749238712,-2.62634995346333,0,0.015,1
"ENSG00000233968",0.114940749238712,-2.96281189428513,0,0.015,1
"ENSG00000234141",0.114940749238712,-2.34336280338356,0,0.015,1
"ENSG00000234902",0.114940749238712,-4.31360738163193,0,0.015,1
"ENSG00000235743",0.114940749238712,-1.91860486832039,0,0.015,1
"ENSG00000235837",0.114940749238712,-1.83649186753861,0,0.015,1
"ENSG00000236817",0.114940749238712,-3.84029952688314,0,0.015,1
"ENSG00000239415",0.114940749238712,-2.56290424828717,0,0.015,1
"ENSG00000239462",0.114940749238712,-3.41736377832661,0,0.015,1
"ENSG00000239498",0.114940749238712,-4.31013152899207,0,0.015,1
"ENSG00000240219",0.114940749238712,-2.41228847233532,0,0.015,1
"ENSG00000240792",0.114940749238712,-2.67084450888203,0,0.015,1
"ENSG00000241860",0.114940749238712,-3.48911265948112,0,0.015,1
"ENSG00000242553",0.114940749238712,-2.86189409123525,0,0.015,1
"ENSG00000243501",0.114940749238712,-2.6751380121714,0,0.015,1
"ENSG00000243655",0.114940749238712,-2.21456323679873,0,0.015,1
"ENSG00000243762",0.114940749238712,-2.50469325019906,0,0.015,1
"ENSG00000247416",0.114940749238712,-2.54139491577563,0,0.015,1
"ENSG00000248161",0.114940749238712,-2.57033075671857,0,0.015,1
"ENSG00000248242",0.114940749238712,-1.82303038129141,0,0.015,1
"ENSG00000248373",0.114940749238712,-2.51457067052357,0,0.015,1
"ENSG00000248529",0.114940749238712,-2.56290424828717,0,0.015,1
"ENSG00000248551",0.114940749238712,-2.67084450888203,0,0.015,1
"ENSG00000248734",0.114940749238712,-2.29267381447087,0,0.015,1
"ENSG00000248774",0.114940749238712,-2.68888494949989,0,0.015,1
"ENSG00000248837",0.114940749238712,-3.30170532602715,0,0.015,1
"ENSG00000248936",0.114940749238712,-2.62597685472976,0,0.015,1
"ENSG00000249602",0.114940749238712,-2.56067237545953,0,0.015,1
"ENSG00000249631",0.114940749238712,-3.4343621623429,0,0.015,1
"ENSG00000249806",0.114940749238712,-2.85780364582046,0,0.015,1
"ENSG00000250132",0.114940749238712,-2.62597685472976,0,0.015,1
"ENSG00000250286",0.114940749238712,-3.30170532602715,0,0.015,1
"ENSG00000250791",0.114940749238712,-2.34210547098339,0,0.015,1
"ENSG00000250899",0.114940749238712,-4.37440569751688,0,0.015,1
"ENSG00000250999",0.114940749238712,-2.80935350422135,0,0.015,1
"ENSG00000251095",0.114940749238712,-1.91860486832039,0,0.015,1
"ENSG00000251143",0.114940749238712,-2.85780364582046,0,0.015,1
"ENSG00000251555",0.114940749238712,-1.91860486832039,0,0.015,1
"ENSG00000251600",0.114940749238712,-1.91860486832039,0,0.015,1
"ENSG00000253200",0.114940749238712,-2.57464986876559,0,0.015,1
"ENSG00000253666",0.114940749238712,-3.23256502506554,0,0.015,1
"ENSG00000253688",0.114940749238712,-2.70406344217624,0,0.015,1
"ENSG00000253836",0.114940749238712,-2.34254886420193,0,0.015,1
"ENSG00000253859",0.114940749238712,-2.70406344217624,0,0.015,1
"ENSG00000253880",0.114940749238712,-2.54865763116454,0,0.015,1
"ENSG00000253988",0.114940749238712,-2.61807161874241,0,0.015,1
"ENSG00000254099",0.114940749238712,-1.82303038129141,0,0.015,1
"ENSG00000254165",0.114940749238712,-2.54865763116454,0,0.015,1
"ENSG00000254343",0.114940749238712,-3.36417734840795,0,0.015,1
"ENSG00000254363",0.114940749238712,-2.37478401928272,0,0.015,1
"ENSG00000254394",0.114940749238712,-2.41527084414291,0,0.015,1
"ENSG00000254409",0.114940749238712,-2.68285929807749,0,0.015,1
"ENSG00000255114",0.114940749238712,-1.91860486832039,0,0.015,1
"ENSG00000255389",0.114940749238712,-2.61075323118121,0,0.015,1
"ENSG00000255557",0.114940749238712,-2.70406344217624,0,0.015,1
"ENSG00000255641",0.114940749238712,-1.83649186753861,0,0.015,1
"ENSG00000255680",0.114940749238712,-2.70406344217624,0,0.015,1
"ENSG00000255835",0.114940749238712,-2.71615538300215,0,0.015,1
"ENSG00000256001",0.114940749238712,-4.10487816387137,0,0.015,1
"ENSG00000256196",0.114940749238712,-2.80935350422135,0,0.015,1
"ENSG00000257452",0.114940749238712,-2.72076721618749,0,0.015,1
"ENSG00000257553",0.114940749238712,-2.50854197229019,0,0.015,1
"ENSG00000257732",0.114940749238712,-2.50469325019906,0,0.015,1
"ENSG00000257735",0.114940749238712,-2.80935350422135,0,0.015,1
"ENSG00000258365",0.114940749238712,-2.61807161874241,0,0.015,1
"ENSG00000258377",0.114940749238712,-3.04639368778215,0,0.015,1
"ENSG00000258394",0.114940749238712,-1.83649186753861,0,0.015,1
"ENSG00000258449",0.114940749238712,-2.57464986876559,0,0.015,1
"ENSG00000258534",0.114940749238712,-3.2748258685665,0,0.015,1
"ENSG00000258560",0.114940749238712,-1.83649186753861,0,0.015,1
"ENSG00000258677",0.114940749238712,-1.83649186753861,0,0.015,1
"ENSG00000258699",0.114940749238712,-2.62634995346333,0,0.015,1
"ENSG00000258864",0.114940749238712,-2.62634995346333,0,0.015,1
"ENSG00000258892",0.114940749238712,-1.91860486832039,0,0.015,1
"ENSG00000258902",0.114940749238712,-2.45502655139055,0,0.015,1
"ENSG00000259076",0.114940749238712,-2.34210547098339,0,0.015,1
"ENSG00000259314",0.114940749238712,-2.26773506850355,0,0.015,1
"ENSG00000259366",0.114940749238712,-2.56290424828717,0,0.015,1
"ENSG00000259434",0.114940749238712,-2.34210547098339,0,0.015,1
"ENSG00000259589",0.114940749238712,-2.37478401928272,0,0.015,1
"ENSG00000259713",0.114940749238712,-2.86011270011792,0,0.015,1
"ENSG00000259754",0.114940749238712,-2.34254886420193,0,0.015,1
"ENSG00000259767",0.114940749238712,-2.77173877892516,0,0.015,1
"ENSG00000259773",0.114940749238712,-2.45502655139055,0,0.015,1
"ENSG00000259802",0.114940749238712,-2.21456323679873,0,0.015,1
"ENSG00000259868",0.114940749238712,-2.83110274140684,0,0.015,1
"ENSG00000259899",0.114940749238712,-2.29267381447087,0,0.015,1
"ENSG00000260196",0.114940749238712,-1.83649186753861,0,0.015,1
"ENSG00000260267",0.114940749238712,-2.56067237545953,0,0.015,1
"ENSG00000260269",0.114940749238712,-2.71615538300215,0,0.015,1
"ENSG00000260289",0.114940749238712,-2.34210547098339,0,0.015,1
"ENSG00000260360",0.114940749238712,-1.82303038129141,0,0.015,1
"ENSG00000260757",0.114940749238712,-1.83649186753861,0,0.015,1
"ENSG00000260774",0.114940749238712,-2.50469325019906,0,0.015,1
"ENSG00000261167",0.114940749238712,-1.91860486832039,0,0.015,1
"ENSG00000261235",0.114940749238712,-2.57033075671857,0,0.015,1
"ENSG00000261312",0.114940749238712,-3.07369395820652,0,0.015,1
"ENSG00000261468",0.114940749238712,-2.89887631737921,0,0.015,1
"ENSG00000261671",0.114940749238712,-2.86189409123525,0,0.015,1
"ENSG00000262312",0.114940749238712,-2.86189409123525,0,0.015,1
"ENSG00000262823",0.114940749238712,-2.85780364582046,0,0.015,1
"ENSG00000262831",0.114940749238712,-2.68888494949989,0,0.015,1
"ENSG00000262877",0.114940749238712,-2.34336280338356,0,0.015,1
"ENSG00000263280",0.114940749238712,-2.61807161874241,0,0.015,1
"ENSG00000263657",0.114940749238712,-2.69510745071439,0,0.015,1
"ENSG00000263826",0.114940749238712,-2.68381408712774,0,0.015,1
"ENSG00000263923",0.114940749238712,-2.80935350422135,0,0.015,1
"ENSG00000264019",0.114940749238712,-1.83649186753861,0,0.015,1
"ENSG00000264187",0.114940749238712,-4.31013152899207,0,0.015,1
"ENSG00000264727",0.114940749238712,-2.21456323679873,0,0.015,1
"ENSG00000265008",0.114940749238712,-2.57464986876559,0,0.015,1
"ENSG00000265218",0.114940749238712,-1.83649186753861,0,0.015,1
"ENSG00000265334",0.114940749238712,-2.71615538300215,0,0.015,1
"ENSG00000266120",0.114940749238712,-1.83649186753861,0,0.015,1
"ENSG00000266368",0.114940749238712,-1.91860486832039,0,0.015,1
"ENSG00000266495",0.114940749238712,-2.41228847233532,0,0.015,1
"ENSG00000266573",0.114940749238712,-2.68888494949989,0,0.015,1
"ENSG00000266709",0.114940749238712,-2.26773506850355,0,0.015,1
"ENSG00000266850",0.114940749238712,-2.66950880451291,0,0.015,1
"ENSG00000267009",0.114940749238712,-2.21456323679873,0,0.015,1
"ENSG00000267074",0.114940749238712,-2.54865763116454,0,0.015,1
"ENSG00000267219",0.114940749238712,-2.6535696684842,0,0.015,1
"ENSG00000267232",0.114940749238712,-2.67084450888203,0,0.015,1
"ENSG00000267379",0.114940749238712,-1.83649186753861,0,0.015,1
"ENSG00000267439",0.114940749238712,-2.34210547098339,0,0.015,1
"ENSG00000267458",0.114940749238712,-2.68245054484536,0,0.015,1
"ENSG00000267512",0.114940749238712,-2.62597685472976,0,0.015,1
"ENSG00000267546",0.114940749238712,-2.34210547098339,0,0.015,1
"ENSG00000267633",0.114940749238712,-2.5542481172609,0,0.015,1
"ENSG00000267699",0.114940749238712,-2.51457067052357,0,0.015,1
"ENSG00000267924",0.114940749238712,-2.41228847233532,0,0.015,1
"ENSG00000268093",0.114940749238712,-2.78070926610365,0,0.015,1
"ENSG00000268189",0.114940749238712,-2.86189409123525,0,0.015,1
"ENSG00000268199",0.114940749238712,-2.50854197229019,0,0.015,1
"ENSG00000268279",0.114940749238712,-2.69510745071439,0,0.015,1
"ENSG00000268566",0.114940749238712,-2.71615538300215,0,0.015,1
"ENSG00000269082",0.114940749238712,-2.54139491577563,0,0.015,1
"ENSG00000269237",0.114940749238712,-2.84794329960365,0,0.015,1
"ENSG00000269680",0.114940749238712,-3.49241536988634,0,0.015,1
"ENSG00000269889",0.114940749238712,-2.34336280338356,0,0.015,1
"ENSG00000269906",0.114940749238712,-2.44326886442597,0,0.015,1
"ENSG00000269919",0.114940749238712,-2.93057325987018,0,0.015,1
"ENSG00000269934",0.114940749238712,-2.34336280338356,0,0.015,1
"ENSG00000269987",0.114940749238712,-4.31013152899207,0,0.015,1
"ENSG00000270031",0.114940749238712,-2.67084450888203,0,0.015,1
"ENSG00000270050",0.114940749238712,-1.82303038129141,0,0.015,1
"ENSG00000270061",0.114940749238712,-2.34254886420193,0,0.015,1
"ENSG00000270074",0.114940749238712,-1.82303038129141,0,0.015,1
"ENSG00000270083",0.114940749238712,-2.5542481172609,0,0.015,1
"ENSG00000270130",0.114940749238712,-1.82303038129141,0,0.015,1
"ENSG00000270557",0.114940749238712,-2.68381408712774,0,0.015,1
"ENSG00000270871",0.114940749238712,-2.29267381447087,0,0.015,1
"ENSG00000270894",0.114940749238712,-4.31360738163193,0,0.015,1
"ENSG00000271009",0.114940749238712,-3.4343621623429,0,0.015,1
"ENSG00000271011",0.114940749238712,-1.82303038129141,0,0.015,1
"ENSG00000271265",0.114940749238712,-2.40102708296162,0,0.015,1
"ENSG00000271553",0.114940749238712,-4.31360738163193,0,0.015,1
"ENSG00000271554",0.114940749238712,-2.62634995346333,0,0.015,1
"ENSG00000271743",0.114940749238712,-2.37478401928272,0,0.015,1
"ENSG00000271936",0.114940749238712,-2.29267381447087,0,0.015,1
"ENSG00000272079",0.114940749238712,-2.29267381447087,0,0.015,1
"ENSG00000272084",0.114940749238712,-1.83649186753861,0,0.015,1
"ENSG00000272103",0.114940749238712,-2.29267381447087,0,0.015,1
"ENSG00000272154",0.114940749238712,-2.57464986876559,0,0.015,1
"ENSG00000272243",0.114940749238712,-1.91860486832039,0,0.015,1
"ENSG00000272267",0.114940749238712,-2.89887631737921,0,0.015,1
"ENSG00000272275",0.114940749238712,-2.50469325019906,0,0.015,1
"ENSG00000272277",0.114940749238712,-2.80935350422135,0,0.015,1
"ENSG00000272338",0.114940749238712,-2.34336280338356,0,0.015,1
"ENSG00000272426",0.114940749238712,-2.51457067052357,0,0.015,1
"ENSG00000272444",0.114940749238712,-1.91860486832039,0,0.015,1
"ENSG00000272447",0.114940749238712,-2.70406344217624,0,0.015,1
"ENSG00000272461",0.114940749238712,-3.25305931265404,0,0.015,1
"ENSG00000272477",0.114940749238712,-3.41736377832661,0,0.015,1
"ENSG00000272574",0.114940749238712,-2.45502655139055,0,0.015,1
"ENSG00000272609",0.114940749238712,-2.68381408712774,0,0.015,1
"ENSG00000272754",0.114940749238712,-2.45502655139055,0,0.015,1
"ENSG00000272768",0.114940749238712,-2.5542481172609,0,0.015,1
"ENSG00000272950",0.114940749238712,-3.28738759487251,0,0.015,1
"ENSG00000272953",0.114940749238712,-2.66950880451291,0,0.015,1
"ENSG00000272980",0.114940749238712,-2.77173877892516,0,0.015,1
"ENSG00000273004",0.114940749238712,-1.82303038129141,0,0.015,1
"ENSG00000273055",0.114940749238712,-2.521600332882,0,0.015,1
"ENSG00000273064",0.114940749238712,-2.34210547098339,0,0.015,1
"ENSG00000273076",0.114940749238712,-1.82303038129141,0,0.015,1
"ENSG00000273084",0.114940749238712,-2.87322197985294,0,0.015,1
"ENSG00000273160",0.114940749238712,-1.91860486832039,0,0.015,1
"ENSG00000273192",0.114940749238712,-2.72076721618749,0,0.015,1
"ENSG00000273226",0.114940749238712,-2.21456323679873,0,0.015,1
"ENSG00000273293",0.114940749238712,-2.62634995346333,0,0.015,1
"ENSG00000273507",0.114940749238712,-2.37478401928272,0,0.015,1
"ENSG00000273637",0.114940749238712,-1.91860486832039,0,0.015,1
"ENSG00000273691",0.114940749238712,-2.41527084414291,0,0.015,1
"ENSG00000273711",0.114940749238712,-2.26773506850355,0,0.015,1
"ENSG00000274093",0.114940749238712,-2.87322197985294,0,0.015,1
"ENSG00000274105",0.114940749238712,-2.5908419971591,0,0.015,1
"ENSG00000274184",0.114940749238712,-2.40102708296162,0,0.015,1
"ENSG00000274213",0.114940749238712,-2.34210547098339,0,0.015,1
"ENSG00000274275",0.114940749238712,-3.41736377832661,0,0.015,1
"ENSG00000274364",0.114940749238712,-2.67084450888203,0,0.015,1
"ENSG00000274421",0.114940749238712,-2.37478401928272,0,0.015,1
"ENSG00000274425",0.114940749238712,-2.21456323679873,0,0.015,1
"ENSG00000274818",0.114940749238712,-2.86189409123525,0,0.015,1
"ENSG00000274898",0.114940749238712,-3.07369395820652,0,0.015,1
"ENSG00000274943",0.114940749238712,-2.86011270011792,0,0.015,1
"ENSG00000275162",0.114940749238712,-2.72076721618749,0,0.015,1
"ENSG00000275476",0.114940749238712,-2.29267381447087,0,0.015,1
"ENSG00000275479",0.114940749238712,-2.44326886442597,0,0.015,1
"ENSG00000275632",0.114940749238712,-2.521600332882,0,0.015,1
"ENSG00000275740",0.114940749238712,-2.71615538300215,0,0.015,1
"ENSG00000275759",0.114940749238712,-2.87322197985294,0,0.015,1
"ENSG00000275807",0.114940749238712,-2.72076721618749,0,0.015,1
"ENSG00000276092",0.114940749238712,-2.5908419971591,0,0.015,1
"ENSG00000276166",0.114940749238712,-3.04639368778215,0,0.015,1
"ENSG00000276174",0.114940749238712,-1.82303038129141,0,0.015,1
"ENSG00000276509",0.114940749238712,-3.30170532602715,0,0.015,1
"ENSG00000276517",0.114940749238712,-2.5542481172609,0,0.015,1
"ENSG00000276533",0.114940749238712,-2.28019676742974,0,0.015,1
"ENSG00000276698",0.114940749238712,-1.82303038129141,0,0.015,1
"ENSG00000277151",0.114940749238712,-4.31360738163193,0,0.015,1
"ENSG00000277218",0.114940749238712,-2.69510745071439,0,0.015,1
"ENSG00000277368",0.114940749238712,-3.30170532602715,0,0.015,1
"ENSG00000277543",0.114940749238712,-1.83649186753861,0,0.015,1
"ENSG00000278356",0.114940749238712,-2.61075323118121,0,0.015,1
"ENSG00000278419",0.114940749238712,-2.28019676742974,0,0.015,1
"ENSG00000279145",0.114940749238712,-2.54139491577563,0,0.015,1
"ENSG00000279342",0.114940749238712,-2.41228847233532,0,0.015,1
"ENSG00000279726",0.114940749238712,-3.23256502506554,0,0.015,1
"ENSG00000279762",0.114940749238712,-2.50854197229019,0,0.015,1
"ENSG00000282386",0.114940749238712,-2.5542481172609,0,0.015,1
"ENSG00000283031",0.114940749238712,-3.36840436784808,0,0.015,1
"ENSG00000283128",0.114940749238712,-1.91860486832039,0,0.015,1
"ENSG00000283457",0.114940749238712,-2.41527084414291,0,0.015,1
"ENSG00000284057",0.114940749238712,-2.72076721618749,0,0.015,1
"ENSG00000284946",0.114940749238712,-2.68888494949989,0,0.015,1
"ENSG00000285171",0.114940749238712,-2.34254886420193,0,0.015,1
"ENSG00000285190",0.114940749238712,-2.61075323118121,0,0.015,1
"ENSG00000285220",0.114940749238712,-2.28019676742974,0,0.015,1
"ENSG00000285402",0.114940749238712,-2.86189409123525,0,0.015,1
"ENSG00000285413",0.114940749238712,-1.83649186753861,0,0.015,1
"ENSG00000285473",0.114940749238712,-2.71615538300215,0,0.015,1
"ENSG00000285520",0.114940749238712,-2.28019676742974,0,0.015,1
"ENSG00000285530",0.114940749238712,-2.86011270011792,0,0.015,1
"ENSG00000285534",0.114940749238712,-1.82303038129141,0,0.015,1
"ENSG00000285550",0.114940749238712,-2.56290424828717,0,0.015,1
"ENSG00000285571",0.114940749238712,-2.5908419971591,0,0.015,1
"ENSG00000285635",0.114940749238712,-1.91860486832039,0,0.015,1
"ENSG00000285679",0.114940749238712,-1.83649186753861,0,0.015,1
"ENSG00000285718",0.114940749238712,-2.56290424828717,0,0.015,1
"ENSG00000285783",0.114940749238712,-2.50688444012504,0,0.015,1
"ENSG00000285884",0.114940749238712,-3.49241536988634,0,0.015,1
"ENSG00000285930",0.114940749238712,-2.89887631737921,0,0.015,1
"ENSG00000285940",0.114940749238712,-3.73542111559497,0,0.015,1
"ENSG00000285942",0.114940749238712,-3.0273735790449,0,0.015,1
"ENSG00000285968",0.114940749238712,-4.31360738163193,0,0.015,1
"ENSG00000286035",0.114940749238712,-4.37440569751688,0,0.015,1
"ENSG00000286068",0.114940749238712,-3.36417734840795,0,0.015,1
"ENSG00000286100",0.114940749238712,-2.5908419971591,0,0.015,1
"ENSG00000286171",0.114940749238712,-2.50854197229019,0,0.015,1
"ENSG00000286207",0.114940749238712,-2.45502655139055,0,0.015,1
"ENSG00000286223",0.114940749238712,-2.57033075671857,0,0.015,1
"ENSG00000286259",0.114940749238712,-2.29267381447087,0,0.015,1
"ENSG00000286271",0.114940749238712,-2.70406344217624,0,0.015,1
"ENSG00000286333",0.114940749238712,-2.2102825871164,0,0.015,1
"ENSG00000286355",0.114940749238712,-2.26773506850355,0,0.015,1
"ENSG00000286423",0.114940749238712,-2.70406344217624,0,0.015,1
"ENSG00000286482",0.114940749238712,-3.2748258685665,0,0.015,1
"ENSG00000286535",0.114940749238712,-2.28019676742974,0,0.015,1
"ENSG00000286585",0.114940749238712,-1.91860486832039,0,0.015,1
"ENSG00000286590",0.114940749238712,-1.83649186753861,0,0.015,1
"ENSG00000286623",0.114940749238712,-3.36417734840795,0,0.015,1
"ENSG00000286650",0.114940749238712,-2.26773506850355,0,0.015,1
"ENSG00000286694",0.114940749238712,-1.82303038129141,0,0.015,1
"ENSG00000286703",0.114940749238712,-3.07369395820652,0,0.015,1
"ENSG00000286802",0.114940749238712,-3.4343621623429,0,0.015,1
"ENSG00000286905",0.114940749238712,-5.21564411201632,0,0.015,1
"ENSG00000286922",0.114940749238712,-2.71615538300215,0,0.015,1
"ENSG00000286942",0.114940749238712,-1.83649186753861,0,0.015,1
"ENSG00000287117",0.114940749238712,-3.35344826151273,0,0.015,1
"ENSG00000287122",0.114940749238712,-1.82303038129141,0,0.015,1
"ENSG00000287150",0.114940749238712,-2.56290424828717,0,0.015,1
"ENSG00000287159",0.114940749238712,-2.37478401928272,0,0.015,1
"ENSG00000287255",0.114940749238712,-3.19027992335359,0,0.015,1
"ENSG00000287271",0.114940749238712,-3.07369395820652,0,0.015,1
"ENSG00000287292",0.114940749238712,-3.67051340438988,0,0.015,1
"ENSG00000287296",0.114940749238712,-2.80935350422135,0,0.015,1
"ENSG00000287351",0.114940749238712,-2.71615538300215,0,0.015,1
"ENSG00000287390",0.114940749238712,-3.73542111559497,0,0.015,1
"ENSG00000287401",0.114940749238712,-2.70406344217624,0,0.015,1
"ENSG00000287413",0.114940749238712,-2.67084450888203,0,0.015,1
"ENSG00000287476",0.114940749238712,-1.91860486832039,0,0.015,1
"ENSG00000287500",0.114940749238712,-2.37478401928272,0,0.015,1
"ENSG00000287549",0.114940749238712,-2.62634995346333,0,0.015,1
"ENSG00000287555",0.114940749238712,-3.04639368778215,0,0.015,1
"ENSG00000287574",0.114940749238712,-2.86011270011792,0,0.015,1
"ENSG00000287593",0.114940749238712,-2.68888494949989,0,0.015,1
"ENSG00000287603",0.114940749238712,-1.91860486832039,0,0.015,1
"ENSG00000287708",0.114940749238712,-1.91860486832039,0,0.015,1
"ENSG00000287725",0.114940749238712,-2.34210547098339,0,0.015,1
"ENSG00000287733",0.114940749238712,-2.78070926610365,0,0.015,1
"ENSG00000287757",0.114940749238712,-2.34254886420193,0,0.015,1
"ENSG00000287766",0.114940749238712,-1.83649186753861,0,0.015,1
"ENSG00000287780",0.114940749238712,-2.68285929807749,0,0.015,1
"ENSG00000287856",0.114940749238712,-2.68285929807749,0,0.015,1
"ENSG00000287862",0.114940749238712,-1.82303038129141,0,0.015,1
"ENSG00000287923",0.114940749238712,-3.4343621623429,0,0.015,1
"ENSG00000287934",0.114940749238712,-2.34336280338356,0,0.015,1
"ENSG00000287975",0.114940749238712,-4.31013152899207,0,0.015,1
"ENSG00000287999",0.114940749238712,-2.54139491577563,0,0.015,1
"ENSG00000288025",0.114940749238712,-2.57464986876559,0,0.015,1
"ENSG00000288612",0.114940749238712,-2.86011270011792,0,0.015,1
"ENSG00000288692",0.114940749238712,-1.91860486832039,0,0.015,1
"ENSG00000288700",0.114940749238712,-1.83649186753861,0,0.015,1
"ENSG00000288759",0.114940749238712,-2.29267381447087,0,0.015,1
"ENSG00000288813",0.114940749238712,-3.84029952688314,0,0.015,1
"ENSG00000288852",0.114940749238712,-2.71615538300215,0,0.015,1
"ENSG00000288903",0.114940749238712,-2.93057325987018,0,0.015,1
"ENSG00000288909",0.114940749238712,-2.86011270011792,0,0.015,1
"ENSG00000288973",0.114940749238712,-1.83649186753861,0,0.015,1
"ENSG00000288996",0.114940749238712,-4.31360738163193,0,0.015,1
"ENSG00000289004",0.114940749238712,-2.66950880451291,0,0.015,1
"ENSG00000289032",0.114940749238712,-1.91860486832039,0,0.015,1
"ENSG00000289100",0.114940749238712,-2.68285929807749,0,0.015,1
"ENSG00000289137",0.114940749238712,-1.83649186753861,0,0.015,1
"ENSG00000289182",0.114940749238712,-2.521600332882,0,0.015,1
"ENSG00000289188",0.114940749238712,-2.56067237545953,0,0.015,1
"ENSG00000289191",0.114940749238712,-1.83649186753861,0,0.015,1
"ENSG00000289204",0.114940749238712,-2.50469325019906,0,0.015,1
"ENSG00000289226",0.114940749238712,-2.37478401928272,0,0.015,1
"ENSG00000289284",0.114940749238712,-3.36417734840795,0,0.015,1
"ENSG00000289359",0.114940749238712,-2.75278426428326,0,0.015,1
"ENSG00000289365",0.114940749238712,-2.68381408712774,0,0.015,1
"ENSG00000289372",0.114940749238712,-2.57464986876559,0,0.015,1
"ENSG00000289394",0.114940749238712,-2.57033075671857,0,0.015,1
"ENSG00000289397",0.114940749238712,-1.83649186753861,0,0.015,1
"ENSG00000289424",0.114940749238712,-4.06324608387582,0,0.015,1
"ENSG00000289430",0.114940749238712,-3.07369395820652,0,0.015,1
"ENSG00000289456",0.114940749238712,-2.28019676742974,0,0.015,1
"ENSG00000289463",0.114940749238712,-1.91860486832039,0,0.015,1
"ENSG00000289476",0.114940749238712,-2.77173877892516,0,0.015,1
"ENSG00000289511",0.114940749238712,-2.71615538300215,0,0.015,1
"ENSG00000289540",0.114940749238712,-2.68381408712774,0,0.015,1
"ENSG00000289581",0.114940749238712,-3.07369395820652,0,0.015,1
"ENSG00000289587",0.114940749238712,-2.69510745071439,0,0.015,1
"ENSG00000289594",0.114940749238712,-2.78070926610365,0,0.015,1
"ENSG00000289702",0.114940749238712,-2.40102708296162,0,0.015,1
"ENSG00000289727",0.114940749238712,-3.04639368778215,0,0.015,1
"ENSG00000289750",0.114940749238712,-2.80935350422135,0,0.015,1
"ENSG00000289754",0.114940749238712,-3.04639368778215,0,0.015,1
"ENSG00000289938",0.114940749238712,-2.67084450888203,0,0.015,1
"ENSG00000289977",0.114940749238712,-2.93057325987018,0,0.015,1
"ENSG00000289979",0.114940749238712,-2.50854197229019,0,0.015,1
"ENSG00000290021",0.114940749238712,-2.50469325019906,0,0.015,1
"ENSG00000290114",0.114940749238712,-2.70406344217624,0,0.015,1
"ENSG00000290117",0.114940749238712,-1.82303038129141,0,0.015,1
"ENSG00000290121",0.114940749238712,-2.41527084414291,0,0.015,1
"ENSG00000290183",0.114940749238712,-3.35879635230262,0,0.015,1
"ENSG00000290427",0.114940749238712,-2.72076721618749,0,0.015,1
"ENSG00000290453",0.114940749238712,-2.57033075671857,0,0.015,1
"ENSG00000290588",0.114940749238712,-2.68245054484536,0,0.015,1
"ENSG00000290644",0.114940749238712,-2.86011270011792,0,0.015,1
"ENSG00000290705",0.114940749238712,-2.28019676742974,0,0.015,1
"ENSG00000290801",0.114940749238712,-2.71615538300215,0,0.015,1
"ENSG00000290872",0.114940749238712,-3.49241536988634,0,0.015,1
"ENSG00000290922",0.114940749238712,-1.83649186753861,0,0.015,1
"ENSG00000290940",0.114940749238712,-2.93057325987018,0,0.015,1
"ENSG00000290960",0.114940749238712,-2.5908419971591,0,0.015,1
"ENSG00000291006",0.114940749238712,-2.37478401928272,0,0.015,1
"ENSG00000291037",0.114940749238712,-2.40102708296162,0,0.015,1
"ENSG00000291166",0.114940749238712,-3.07369395820652,0,0.015,1
"ENSG00000291176",0.114940749238712,-3.30170532602715,0,0.015,1
"ENSG00000291258",0.114940749238712,-2.56067237545953,0,0.015,1
"EOGT",0.114940749238712,-1.82303038129141,0,0.015,1
"EOMES",0.114940749238712,-2.34210547098339,0,0.015,1
"EPB41L4B",0.114940749238712,-3.07369395820652,0,0.015,1
"ERBB2",0.114940749238712,-2.67084450888203,0,0.015,1
"ERG",0.114940749238712,-2.521600332882,0,0.015,1
"ERRFI1",0.114940749238712,-2.6535696684842,0,0.015,1
"EVA1C",0.114940749238712,-2.72076721618749,0,0.015,1
"EXOC3-AS1",0.114940749238712,-1.83649186753861,0,0.015,1
"EYA4",0.114940749238712,-1.83649186753861,0,0.015,1
"EZR-AS1",0.114940749238712,-2.69510745071439,0,0.015,1
"F2R",0.114940749238712,-2.68245054484536,0,0.015,1
"FAM153B",0.114940749238712,-2.26773506850355,0,0.015,1
"FAM156A",0.114940749238712,-2.29267381447087,0,0.015,1
"FAM182B",0.114940749238712,-2.28019676742974,0,0.015,1
"FAM184A",0.114940749238712,-1.91860486832039,0,0.015,1
"FAM186B",0.114940749238712,-2.56290424828717,0,0.015,1
"FAM229A",0.114940749238712,-2.87322197985294,0,0.015,1
"FAM238A",0.114940749238712,-1.91860486832039,0,0.015,1
"FAM41C",0.114940749238712,-2.61075323118121,0,0.015,1
"FAM66B",0.114940749238712,-2.62597685472976,0,0.015,1
"FAM72C",0.114940749238712,-2.37478401928272,0,0.015,1
"FASLG",0.114940749238712,-1.83649186753861,0,0.015,1
"FAT2",0.114940749238712,-2.61075323118121,0,0.015,1
"FBLN5",0.114940749238712,-2.72076721618749,0,0.015,1
"FBXL2",0.114940749238712,-2.93253967690122,0,0.015,1
"FBXL8",0.114940749238712,-2.57033075671857,0,0.015,1
"FGF10",0.114940749238712,-2.68381408712774,0,0.015,1
"FGF7",0.114940749238712,-2.54139491577563,0,0.015,1
"FJX1",0.114940749238712,-2.5908419971591,0,0.015,1
"FKBP6",0.114940749238712,-3.4343621623429,0,0.015,1
"FKBPL",0.114940749238712,-2.89887631737921,0,0.015,1
"FLRT2",0.114940749238712,-1.82303038129141,0,0.015,1
"FOXD2-AS1",0.114940749238712,-1.82303038129141,0,0.015,1
"FPR1",0.114940749238712,-2.77173877892516,0,0.015,1
"FRAS1",0.114940749238712,-1.82303038129141,0,0.015,1
"FREM3",0.114940749238712,-2.70406344217624,0,0.015,1
"FUT9",0.114940749238712,-2.86189409123525,0,0.015,1
"FYB2",0.114940749238712,-2.87322197985294,0,0.015,1
"FZR1",0.114940749238712,-2.29267381447087,0,0.015,1
"GABRA3",0.114940749238712,-2.62597685472976,0,0.015,1
"GABRQ",0.114940749238712,-2.61075323118121,0,0.015,1
"GAS5-AS1",0.114940749238712,-2.57033075671857,0,0.015,1
"GATA2-AS1",0.114940749238712,-2.50854197229019,0,0.015,1
"GCAT",0.114940749238712,-2.2102825871164,0,0.015,1
"GCNT3",0.114940749238712,-2.21456323679873,0,0.015,1
"GDPGP1",0.114940749238712,-2.57033075671857,0,0.015,1
"GFRA3",0.114940749238712,-2.80935350422135,0,0.015,1
"GGTLC2",0.114940749238712,-2.29267381447087,0,0.015,1
"GIMAP1",0.114940749238712,-2.85780364582046,0,0.015,1
"GIMAP4",0.114940749238712,-2.75278426428326,0,0.015,1
"GIMAP7",0.114940749238712,-2.75278426428326,0,0.015,1
"GIPR",0.114940749238712,-2.56290424828717,0,0.015,1
"GJB6",0.114940749238712,-3.49241536988634,0,0.015,1
"GML",0.114940749238712,-2.2102825871164,0,0.015,1
"GNAO1-DT",0.114940749238712,-3.2748258685665,0,0.015,1
"GNB1-DT",0.114940749238712,-2.28019676742974,0,0.015,1
"GNG12",0.114940749238712,-2.69510745071439,0,0.015,1
"GNGT1",0.114940749238712,-2.89699948497441,0,0.015,1
"GNRH1",0.114940749238712,-1.83649186753861,0,0.015,1
"GOLGA8J",0.114940749238712,-1.83649186753861,0,0.015,1
"GOLGA8K",0.114940749238712,-3.2748258685665,0,0.015,1
"GOLGA8R",0.114940749238712,-2.75278426428326,0,0.015,1
"GOLM1",0.114940749238712,-3.04639368778215,0,0.015,1
"GPC2",0.114940749238712,-2.93057325987018,0,0.015,1
"GPR155-DT",0.114940749238712,-2.77173877892516,0,0.015,1
"GPR19",0.114940749238712,-4.31360738163193,0,0.015,1
"GRIA1",0.114940749238712,-3.36417734840795,0,0.015,1
"GRID2IP",0.114940749238712,-1.91860486832039,0,0.015,1
"GRIK1-AS1",0.114940749238712,-2.40102708296162,0,0.015,1
"GRIK3",0.114940749238712,-2.87322197985294,0,0.015,1
"GRIN2D",0.114940749238712,-2.34254886420193,0,0.015,1
"GRM2",0.114940749238712,-2.72076721618749,0,0.015,1
"GRTP1",0.114940749238712,-3.49241536988634,0,0.015,1
"GTSE1",0.114940749238712,-2.93057325987018,0,0.015,1
"GUCA1C",0.114940749238712,-2.50854197229019,0,0.015,1
"GUCY1B1",0.114940749238712,-3.04639368778215,0,0.015,1
"GZMK",0.114940749238712,-2.50688444012504,0,0.015,1
"H1-1",0.114940749238712,-1.82303038129141,0,0.015,1
"H2AC12",0.114940749238712,-3.23256502506554,0,0.015,1
"H2BU1",0.114940749238712,-2.5542481172609,0,0.015,1
"H3C1",0.114940749238712,-1.91860486832039,0,0.015,1
"HACD1",0.114940749238712,-2.62597685472976,0,0.015,1
"HAGLR",0.114940749238712,-3.73542111559497,0,0.015,1
"HAS2-AS1",0.114940749238712,-1.91860486832039,0,0.015,1
"HAUS7",0.114940749238712,-2.50854197229019,0,0.015,1
"HCRTR2",0.114940749238712,-2.5908419971591,0,0.015,1
"HECW1",0.114940749238712,-2.54865763116454,0,0.015,1
"HECW2-AS1",0.114940749238712,-2.45502655139055,0,0.015,1
"HEMGN",0.114940749238712,-2.85780364582046,0,0.015,1
"HHIPL2",0.114940749238712,-2.54139491577563,0,0.015,1
"HILPDA-AS1",0.114940749238712,-2.6535696684842,0,0.015,1
"HLA-G",0.114940749238712,-2.21456323679873,0,0.015,1
"HMCN1",0.114940749238712,-2.521600332882,0,0.015,1
"HOXA10",0.114940749238712,-2.34210547098339,0,0.015,1
"HOXA3",0.114940749238712,-2.86189409123525,0,0.015,1
"HOXB7",0.114940749238712,-2.86011270011792,0,0.015,1
"HOXD3",0.114940749238712,-2.71615538300215,0,0.015,1
"HPGD",0.114940749238712,-3.45485782700678,0,0.015,1
"HRH1",0.114940749238712,-3.0273735790449,0,0.015,1
"HROB",0.114940749238712,-2.5542481172609,0,0.015,1
"HS3ST3A1",0.114940749238712,-2.57464986876559,0,0.015,1
"HS3ST5",0.114940749238712,-3.2748258685665,0,0.015,1
"HSD17B8",0.114940749238712,-2.61075323118121,0,0.015,1
"HSD3B1",0.114940749238712,-2.62597685472976,0,0.015,1
"HSPA2",0.114940749238712,-2.67084450888203,0,0.015,1
"HSPA6",0.114940749238712,-3.82109210726443,0,0.015,1
"IATPR",0.114940749238712,-2.72076721618749,0,0.015,1
"IDH1-AS1",0.114940749238712,-2.41527084414291,0,0.015,1
"IER3-AS1",0.114940749238712,-2.68245054484536,0,0.015,1
"IL1R1",0.114940749238712,-2.21456323679873,0,0.015,1
"IL2RB",0.114940749238712,-6.31508936897239,0,0.015,1
"INSYN1-AS1",0.114940749238712,-2.34210547098339,0,0.015,1
"INTU",0.114940749238712,-3.2748258685665,0,0.015,1
"IPO9-AS1",0.114940749238712,-3.40969439279943,0,0.015,1
"IQCD",0.114940749238712,-2.56290424828717,0,0.015,1
"IQCN",0.114940749238712,-1.83649186753861,0,0.015,1
"IRGM",0.114940749238712,-1.83649186753861,0,0.015,1
"ITGA2-AS1",0.114940749238712,-2.66950880451291,0,0.015,1
"ITGB4",0.114940749238712,-2.61075323118121,0,0.015,1
"KAZN",0.114940749238712,-3.36417734840795,0,0.015,1
"KAZN-AS1",0.114940749238712,-2.5908419971591,0,0.015,1
"KCNB2",0.114940749238712,-2.57033075671857,0,0.015,1
"KCND3",0.114940749238712,-2.56067237545953,0,0.015,1
"KCNJ15",0.114940749238712,-2.62597685472976,0,0.015,1
"KCNN1",0.114940749238712,-2.21456323679873,0,0.015,1
"KCTD1",0.114940749238712,-2.45502655139055,0,0.015,1
"KCTD15",0.114940749238712,-2.34210547098339,0,0.015,1
"KIAA1549",0.114940749238712,-3.14824144268583,0,0.015,1
"KIAA1614",0.114940749238712,-1.82303038129141,0,0.015,1
"KIAA1614-AS1",0.114940749238712,-2.68888494949989,0,0.015,1
"KIAA1671",0.114940749238712,-2.57033075671857,0,0.015,1
"KIF11",0.114940749238712,-1.91860486832039,0,0.015,1
"KIF12",0.114940749238712,-2.57464986876559,0,0.015,1
"KIF23",0.114940749238712,-2.66950880451291,0,0.015,1
"KIF23-AS1",0.114940749238712,-2.67084450888203,0,0.015,1
"KIF4A",0.114940749238712,-3.48911265948112,0,0.015,1
"KIR2DL4",0.114940749238712,-3.70903575637178,0,0.015,1
"KIR3DL1",0.114940749238712,-4.68665374202815,0,0.015,1
"KIR3DL2",0.114940749238712,-2.50688444012504,0,0.015,1
"KITLG",0.114940749238712,-2.5908419971591,0,0.015,1
"KL",0.114940749238712,-2.29267381447087,0,0.015,1
"KLHL25",0.114940749238712,-2.41228847233532,0,0.015,1
"KLHL35",0.114940749238712,-2.61075323118121,0,0.015,1
"KLHL7-DT",0.114940749238712,-2.5908419971591,0,0.015,1
"KLKP1",0.114940749238712,-2.57033075671857,0,0.015,1
"KLRC2",0.114940749238712,-2.2102825871164,0,0.015,1
"KPNA7",0.114940749238712,-3.30170532602715,0,0.015,1
"KRT86",0.114940749238712,-2.2102825871164,0,0.015,1
"KRTAP5-10",0.114940749238712,-2.21456323679873,0,0.015,1
"KRTCAP2",0.114940749238712,-2.75865902696164,0,0.015,1
"LAIR2",0.114940749238712,-2.34336280338356,0,0.015,1
"LAMA4",0.114940749238712,-2.521600332882,0,0.015,1
"LAMC3",0.114940749238712,-2.86189409123525,0,0.015,1
"LAYN",0.114940749238712,-2.34210547098339,0,0.015,1
"LBX2",0.114940749238712,-2.41228847233532,0,0.015,1
"LCDR",0.114940749238712,-2.26773506850355,0,0.015,1
"LDLRAD1",0.114940749238712,-2.78070926610365,0,0.015,1
"LDLRAD2",0.114940749238712,-2.34210547098339,0,0.015,1
"LDLRAD3",0.114940749238712,-3.87610206760351,0,0.015,1
"LEFTY2",0.114940749238712,-2.45502655139055,0,0.015,1
"LHFPL5",0.114940749238712,-3.07369395820652,0,0.015,1
"LIM2",0.114940749238712,-1.83649186753861,0,0.015,1
"LIM2-AS1",0.114940749238712,-1.83649186753861,0,0.015,1
"LINC00243",0.114940749238712,-2.34254886420193,0,0.015,1
"LINC00299",0.114940749238712,-2.2102825871164,0,0.015,1
"LINC00327",0.114940749238712,-2.40102708296162,0,0.015,1
"LINC00471",0.114940749238712,-2.2102825871164,0,0.015,1
"LINC00472",0.114940749238712,-3.84029952688314,0,0.015,1
"LINC00536",0.114940749238712,-2.56290424828717,0,0.015,1
"LINC00574",0.114940749238712,-1.91860486832039,0,0.015,1
"LINC00589",0.114940749238712,-2.41527084414291,0,0.015,1
"LINC00595",0.114940749238712,-2.61807161874241,0,0.015,1
"LINC00639",0.114940749238712,-2.93253967690122,0,0.015,1
"LINC00899",0.114940749238712,-2.34336280338356,0,0.015,1
"LINC00920",0.114940749238712,-2.68888494949989,0,0.015,1
"LINC00930",0.114940749238712,-2.40102708296162,0,0.015,1
"LINC01117",0.114940749238712,-3.30170532602715,0,0.015,1
"LINC01151",0.114940749238712,-2.68888494949989,0,0.015,1
"LINC01204",0.114940749238712,-2.72076721618749,0,0.015,1
"LINC01229",0.114940749238712,-2.67084450888203,0,0.015,1
"LINC01291",0.114940749238712,-2.70406344217624,0,0.015,1
"LINC01322",0.114940749238712,-1.83649186753861,0,0.015,1
"LINC01353",0.114940749238712,-2.77173877892516,0,0.015,1
"LINC01356",0.114940749238712,-2.5542481172609,0,0.015,1
"LINC01392",0.114940749238712,-2.54865763116454,0,0.015,1
"LINC01465",0.114940749238712,-2.62634995346333,0,0.015,1
"LINC01470",0.114940749238712,-3.36417734840795,0,0.015,1
"LINC01515",0.114940749238712,-2.54139491577563,0,0.015,1
"LINC01524",0.114940749238712,-2.34254886420193,0,0.015,1
"LINC01569",0.114940749238712,-2.70406344217624,0,0.015,1
"LINC01629",0.114940749238712,-2.85780364582046,0,0.015,1
"LINC01635",0.114940749238712,-2.34210547098339,0,0.015,1
"LINC01697",0.114940749238712,-2.41228847233532,0,0.015,1
"LINC01705",0.114940749238712,-2.18945169847361,0,0.015,1
"LINC01732",0.114940749238712,-2.56290424828717,0,0.015,1
"LINC01907",0.114940749238712,-2.71615538300215,0,0.015,1
"LINC01967",0.114940749238712,-2.80935350422135,0,0.015,1
"LINC02043",0.114940749238712,-2.89887631737921,0,0.015,1
"LINC02067",0.114940749238712,-3.04639368778215,0,0.015,1
"LINC02073",0.114940749238712,-2.62597685472976,0,0.015,1
"LINC02084",0.114940749238712,-2.37478401928272,0,0.015,1
"LINC02087",0.114940749238712,-2.45502655139055,0,0.015,1
"LINC02137",0.114940749238712,-2.69510745071439,0,0.015,1
"LINC02141",0.114940749238712,-3.41736377832661,0,0.015,1
"LINC02269",0.114940749238712,-1.82303038129141,0,0.015,1
"LINC02273",0.114940749238712,-2.85780364582046,0,0.015,1
"LINC02320",0.114940749238712,-2.34254886420193,0,0.015,1
"LINC02361",0.114940749238712,-2.66950880451291,0,0.015,1
"LINC02378",0.114940749238712,-2.62634995346333,0,0.015,1
"LINC02532",0.114940749238712,-2.57464986876559,0,0.015,1
"LINC02620",0.114940749238712,-1.82303038129141,0,0.015,1
"LINC02631",0.114940749238712,-2.67084450888203,0,0.015,1
"LINC02709",0.114940749238712,-2.56067237545953,0,0.015,1
"LINC02732",0.114940749238712,-2.41527084414291,0,0.015,1
"LINC02767",0.114940749238712,-2.21456323679873,0,0.015,1
"LINC02885",0.114940749238712,-2.41228847233532,0,0.015,1
"LINC02917",0.114940749238712,-2.97416434828755,0,0.015,1
"LINC02930",0.114940749238712,-1.82303038129141,0,0.015,1
"LINC02933",0.114940749238712,-3.07369395820652,0,0.015,1
"LINC02939",0.114940749238712,-2.54139491577563,0,0.015,1
"LINC02951",0.114940749238712,-2.28019676742974,0,0.015,1
"LINC02983",0.114940749238712,-2.41228847233532,0,0.015,1
"LINC02993",0.114940749238712,-2.21456323679873,0,0.015,1
"LINC03014",0.114940749238712,-2.71615538300215,0,0.015,1
"LIPC",0.114940749238712,-2.89699948497441,0,0.015,1
"LIPG",0.114940749238712,-3.19953744285477,0,0.015,1
"LMNB1-DT",0.114940749238712,-2.57464986876559,0,0.015,1
"LPP-AS2",0.114940749238712,-2.86189409123525,0,0.015,1
"LRFN3",0.114940749238712,-2.521600332882,0,0.015,1
"LRRC32",0.114940749238712,-2.5542481172609,0,0.015,1
"LRRC43",0.114940749238712,-1.83649186753861,0,0.015,1
"LRRC45",0.114940749238712,-4.31013152899207,0,0.015,1
"LRRC46",0.114940749238712,-2.56290424828717,0,0.015,1
"LRRC49",0.114940749238712,-2.40102708296162,0,0.015,1
"LRRC4C",0.114940749238712,-2.57464986876559,0,0.015,1
"LRRC51",0.114940749238712,-2.28019676742974,0,0.015,1
"LTBP1",0.114940749238712,-2.67084450888203,0,0.015,1
"LUCAT1",0.114940749238712,-2.37478401928272,0,0.015,1
"LUM",0.114940749238712,-2.56290424828717,0,0.015,1
"LURAP1",0.114940749238712,-1.82303038129141,0,0.015,1
"LYPLAL1-DT",0.114940749238712,-3.2748258685665,0,0.015,1
"M1AP",0.114940749238712,-2.40102708296162,0,0.015,1
"MAEL",0.114940749238712,-2.50854197229019,0,0.015,1
"MAG",0.114940749238712,-3.60836669242593,0,0.015,1
"MALL",0.114940749238712,-2.34336280338356,0,0.015,1
"MANSC1",0.114940749238712,-2.34336280338356,0,0.015,1
"MAOB",0.114940749238712,-2.54865763116454,0,0.015,1
"MAP3K19",0.114940749238712,-2.67084450888203,0,0.015,1
"MDH1B",0.114940749238712,-2.67084450888203,0,0.015,1
"ME3",0.114940749238712,-2.68285929807749,0,0.015,1
"MEDAG",0.114940749238712,-2.68285929807749,0,0.015,1
"MEG3",0.114940749238712,-2.93057325987018,0,0.015,1
"MEG8",0.114940749238712,-2.69510745071439,0,0.015,1
"MEP1A",0.114940749238712,-3.4343621623429,0,0.015,1
"METTL14-DT",0.114940749238712,-3.23256502506554,0,0.015,1
"MEX3D",0.114940749238712,-2.28019676742974,0,0.015,1
"MGAM",0.114940749238712,-3.2748258685665,0,0.015,1
"MGAT4D",0.114940749238712,-3.35344826151273,0,0.015,1
"MGC4859",0.114940749238712,-2.78070926610365,0,0.015,1
"MIDEAS-AS1",0.114940749238712,-3.30170532602715,0,0.015,1
"MIR210HG",0.114940749238712,-2.93057325987018,0,0.015,1
"MIR3677HG",0.114940749238712,-2.56290424828717,0,0.015,1
"MIR548A1HG",0.114940749238712,-2.51457067052357,0,0.015,1
"MLF1",0.114940749238712,-2.61075323118121,0,0.015,1
"MMD2",0.114940749238712,-2.34210547098339,0,0.015,1
"MMP2",0.114940749238712,-1.91860486832039,0,0.015,1
"MMP2-AS1",0.114940749238712,-2.80935350422135,0,0.015,1
"MMP20",0.114940749238712,-2.41228847233532,0,0.015,1
"MMP24",0.114940749238712,-1.83649186753861,0,0.015,1
"MOK",0.114940749238712,-1.83649186753861,0,0.015,1
"MRPS30-DT",0.114940749238712,-2.54139491577563,0,0.015,1
"MS4A8",0.114940749238712,-2.521600332882,0,0.015,1
"MSX2",0.114940749238712,-2.66950880451291,0,0.015,1
"MT1G",0.114940749238712,-2.41527084414291,0,0.015,1
"MUC16",0.114940749238712,-2.57464986876559,0,0.015,1
"MUSK",0.114940749238712,-2.86189409123525,0,0.015,1
"MYO16-AS1",0.114940749238712,-2.50688444012504,0,0.015,1
"MYO18B",0.114940749238712,-1.91860486832039,0,0.015,1
"MYOCOS",0.114940749238712,-2.62597685472976,0,0.015,1
"MYRFL",0.114940749238712,-2.87322197985294,0,0.015,1
"NAALAD2",0.114940749238712,-2.6751380121714,0,0.015,1
"NALCN-AS1",0.114940749238712,-2.62634995346333,0,0.015,1
"NALT1",0.114940749238712,-2.89887631737921,0,0.015,1
"NATD1",0.114940749238712,-2.85780364582046,0,0.015,1
"NCAPG",0.114940749238712,-3.19953744285477,0,0.015,1
"NECAB3",0.114940749238712,-2.67084450888203,0,0.015,1
"NEFH",0.114940749238712,-2.61807161874241,0,0.015,1
"NEK5",0.114940749238712,-2.67084450888203,0,0.015,1
"NELL1",0.114940749238712,-2.66950880451291,0,0.015,1
"NFILZ",0.114940749238712,-2.2102825871164,0,0.015,1
"NHSL1",0.114940749238712,-3.30170532602715,0,0.015,1
"NKAIN3",0.114940749238712,-2.69510745071439,0,0.015,1
"NKAPL",0.114940749238712,-2.34254886420193,0,0.015,1
"NLRP11",0.114940749238712,-2.70406344217624,0,0.015,1
"NLRP12",0.114940749238712,-2.26773506850355,0,0.015,1
"NMU",0.114940749238712,-2.18945169847361,0,0.015,1
"NOSTRIN",0.114940749238712,-1.82303038129141,0,0.015,1
"NPDC1",0.114940749238712,-2.34254886420193,0,0.015,1
"NPEPL1",0.114940749238712,-2.44326886442597,0,0.015,1
"NPHP3-ACAD11",0.114940749238712,-2.67084450888203,0,0.015,1
"NPTN-IT1",0.114940749238712,-2.62597685472976,0,0.015,1
"NPTX2",0.114940749238712,-2.6751380121714,0,0.015,1
"NQO1",0.114940749238712,-2.21456323679873,0,0.015,1
"NR2F2-AS1",0.114940749238712,-3.2748258685665,0,0.015,1
"NR5A2",0.114940749238712,-3.30170532602715,0,0.015,1
"NRG2",0.114940749238712,-2.89699948497441,0,0.015,1
"NRIP3",0.114940749238712,-2.87322197985294,0,0.015,1
"NRXN2",0.114940749238712,-2.5908419971591,0,0.015,1
"NSMCE1-DT",0.114940749238712,-2.29267381447087,0,0.015,1
"NT5M",0.114940749238712,-2.62597685472976,0,0.015,1
"NTSR2",0.114940749238712,-2.89699948497441,0,0.015,1
"NUDT8",0.114940749238712,-2.34210547098339,0,0.015,1
"NUGGC",0.114940749238712,-2.61075323118121,0,0.015,1
"NWD2",0.114940749238712,-2.62597685472976,0,0.015,1
"NXF2",0.114940749238712,-2.56067237545953,0,0.015,1
"NXPH1",0.114940749238712,-2.56290424828717,0,0.015,1
"OCA2",0.114940749238712,-2.21456323679873,0,0.015,1
"ODAD4",0.114940749238712,-2.67084450888203,0,0.015,1
"ODC1-DT",0.114940749238712,-3.07369395820652,0,0.015,1
"OLFM1",0.114940749238712,-2.45502655139055,0,0.015,1
"OOEP-AS1",0.114940749238712,-2.21456323679873,0,0.015,1
"OOSP3",0.114940749238712,-2.6751380121714,0,0.015,1
"OR3A2",0.114940749238712,-2.67084450888203,0,0.015,1
"OSR2",0.114940749238712,-2.44326886442597,0,0.015,1
"P4HTM",0.114940749238712,-3.07369395820652,0,0.015,1
"PAK5",0.114940749238712,-3.2748258685665,0,0.015,1
"PANK2-AS1",0.114940749238712,-1.83649186753861,0,0.015,1
"PAPPA2",0.114940749238712,-2.68245054484536,0,0.015,1
"PBX1",0.114940749238712,-2.56290424828717,0,0.015,1
"PCAT6",0.114940749238712,-1.83649186753861,0,0.015,1
"PCGF2",0.114940749238712,-2.54865763116454,0,0.015,1
"PCOLCE2",0.114940749238712,-2.50469325019906,0,0.015,1
"PCOTH",0.114940749238712,-2.21456323679873,0,0.015,1
"PCP4",0.114940749238712,-4.31360738163193,0,0.015,1
"PDCD6IP-DT",0.114940749238712,-2.5908419971591,0,0.015,1
"PDE7A-DT",0.114940749238712,-2.56290424828717,0,0.015,1
"PDGFRA",0.114940749238712,-2.6751380121714,0,0.015,1
"PDLIM7",0.114940749238712,-2.21456323679873,0,0.015,1
"PEAK3",0.114940749238712,-3.80815161188269,0,0.015,1
"PEF1-AS1",0.114940749238712,-2.51457067052357,0,0.015,1
"PFN4",0.114940749238712,-2.68285929807749,0,0.015,1
"PGF",0.114940749238712,-2.57033075671857,0,0.015,1
"PGR-AS1",0.114940749238712,-2.61075323118121,0,0.015,1
"PHLDA1",0.114940749238712,-3.82109210726443,0,0.015,1
"PHLDA2",0.114940749238712,-2.21456323679873,0,0.015,1
"PIH1D2",0.114940749238712,-2.72076721618749,0,0.015,1
"PIK3CD-AS1",0.114940749238712,-2.65796363224917,0,0.015,1
"PIK3R2",0.114940749238712,-3.07369395820652,0,0.015,1
"PIWIL2",0.114940749238712,-2.57033075671857,0,0.015,1
"PIWIL3",0.114940749238712,-2.34210547098339,0,0.015,1
"PKD1L2",0.114940749238712,-3.49241536988634,0,0.015,1
"PKD2L1",0.114940749238712,-2.57464986876559,0,0.015,1
"PLCE1",0.114940749238712,-2.57033075671857,0,0.015,1
"PLD5",0.114940749238712,-2.50469325019906,0,0.015,1
"PLIN4",0.114940749238712,-2.68285929807749,0,0.015,1
"PLIN5",0.114940749238712,-2.50469325019906,0,0.015,1
"PLPP4",0.114940749238712,-2.69510745071439,0,0.015,1
"PLPP7",0.114940749238712,-2.37478401928272,0,0.015,1
"PLSCR2",0.114940749238712,-2.71615538300215,0,0.015,1
"PLSCR4",0.114940749238712,-2.72076721618749,0,0.015,1
"PLXNB1",0.114940749238712,-2.69510745071439,0,0.015,1
"PODXL2",0.114940749238712,-2.48140376135644,0,0.015,1
"POM121L9P",0.114940749238712,-3.36417734840795,0,0.015,1
"PPP1R3G",0.114940749238712,-1.82303038129141,0,0.015,1
"PRAM1",0.114940749238712,-2.6535696684842,0,0.015,1
"PREX2",0.114940749238712,-2.61807161874241,0,0.015,1
"PRKAG2-AS1",0.114940749238712,-2.89699948497441,0,0.015,1
"PRKCZ-AS1",0.114940749238712,-2.34210547098339,0,0.015,1
"PRMT5-AS1",0.114940749238712,-2.72076721618749,0,0.015,1
"PROX1-AS1",0.114940749238712,-2.51457067052357,0,0.015,1
"PRPF19-DT",0.114940749238712,-2.71615538300215,0,0.015,1
"PRR7-AS1",0.114940749238712,-3.36417734840795,0,0.015,1
"PRRX1",0.114940749238712,-2.69510745071439,0,0.015,1
"PRSS22",0.114940749238712,-2.78070926610365,0,0.015,1
"PRSS3",0.114940749238712,-2.2102825871164,0,0.015,1
"PRSS36",0.114940749238712,-2.71615538300215,0,0.015,1
"PRSS57",0.114940749238712,-1.83649186753861,0,0.015,1
"PRSS8",0.114940749238712,-2.57464986876559,0,0.015,1
"PTGFR",0.114940749238712,-2.45502655139055,0,0.015,1
"PTGR2",0.114940749238712,-2.54139491577563,0,0.015,1
"PTPN20",0.114940749238712,-2.34336280338356,0,0.015,1
"PTPN23-DT",0.114940749238712,-3.04639368778215,0,0.015,1
"PTPRB",0.114940749238712,-2.89699948497441,0,0.015,1
"PTPRQ",0.114940749238712,-2.34254886420193,0,0.015,1
"PYDC2-AS1",0.114940749238712,-2.56290424828717,0,0.015,1
"QRICH1",0.114940749238712,-2.45502655139055,0,0.015,1
"RAB23",0.114940749238712,-2.28019676742974,0,0.015,1
"RAB32",0.114940749238712,-2.72076721618749,0,0.015,1
"RAB3IL1",0.114940749238712,-2.34254886420193,0,0.015,1
"RALYL",0.114940749238712,-3.2748258685665,0,0.015,1
"RANBP3-DT",0.114940749238712,-2.57464986876559,0,0.015,1
"RANBP3L",0.114940749238712,-2.21456323679873,0,0.015,1
"RASEF",0.114940749238712,-2.54865763116454,0,0.015,1
"RASGRF2",0.114940749238712,-2.67084450888203,0,0.015,1
"RBM12B-DT",0.114940749238712,-3.04639368778215,0,0.015,1
"RBP1",0.114940749238712,-2.62634995346333,0,0.015,1
"RDH16",0.114940749238712,-2.21456323679873,0,0.015,1
"REEP1",0.114940749238712,-1.82303038129141,0,0.015,1
"RELN",0.114940749238712,-2.68888494949989,0,0.015,1
"RERG",0.114940749238712,-2.86011270011792,0,0.015,1
"RFLNA",0.114940749238712,-1.91860486832039,0,0.015,1
"RGPD1",0.114940749238712,-1.91860486832039,0,0.015,1
"RGPD2",0.114940749238712,-3.49241536988634,0,0.015,1
"RHOJ",0.114940749238712,-2.93253967690122,0,0.015,1
"RNF207",0.114940749238712,-1.82303038129141,0,0.015,1
"RNF32-AS1",0.114940749238712,-2.29267381447087,0,0.015,1
"RPL37A-DT",0.114940749238712,-2.50854197229019,0,0.015,1
"RPS6KB2",0.114940749238712,-2.80935350422135,0,0.015,1
"RSF1-IT1",0.114940749238712,-2.6751380121714,0,0.015,1
"RSPH1",0.114940749238712,-2.56290424828717,0,0.015,1
"RSPO2",0.114940749238712,-3.4343621623429,0,0.015,1
"RSPO4",0.114940749238712,-2.37478401928272,0,0.015,1
"SCAND1",0.114940749238712,-2.40102708296162,0,0.015,1
"SCARF1",0.114940749238712,-2.21456323679873,0,0.015,1
"SCGB1D2",0.114940749238712,-2.45502655139055,0,0.015,1
"SCHIP1",0.114940749238712,-2.68285929807749,0,0.015,1
"SCN4A",0.114940749238712,-2.6751380121714,0,0.015,1
"SCN7A",0.114940749238712,-1.82303038129141,0,0.015,1
"SCNN1A",0.114940749238712,-2.34254886420193,0,0.015,1
"SDAD1-AS1",0.114940749238712,-2.86189409123525,0,0.015,1
"SDS",0.114940749238712,-2.62597685472976,0,0.015,1
"SEC14L2",0.114940749238712,-2.29267381447087,0,0.015,1
"SEPTIN4",0.114940749238712,-2.41527084414291,0,0.015,1
"SERPINB11",0.114940749238712,-2.69510745071439,0,0.015,1
"SF1-DT",0.114940749238712,-2.66950880451291,0,0.015,1
"SFN",0.114940749238712,-2.41228847233532,0,0.015,1
"SH2D2A",0.114940749238712,-2.50688444012504,0,0.015,1
"SHCBP1",0.114940749238712,-2.37478401928272,0,0.015,1
"SHISA9",0.114940749238712,-4.31360738163193,0,0.015,1
"SHOX",0.114940749238712,-2.57464986876559,0,0.015,1
"SHROOM2",0.114940749238712,-2.44326886442597,0,0.015,1
"SHROOM3",0.114940749238712,-2.67084450888203,0,0.015,1
"SIAE",0.114940749238712,-2.77173877892516,0,0.015,1
"SLC12A8",0.114940749238712,-3.70903575637178,0,0.015,1
"SLC14A2",0.114940749238712,-2.85780364582046,0,0.015,1
"SLC25A48",0.114940749238712,-2.521600332882,0,0.015,1
"SLC26A5",0.114940749238712,-2.5908419971591,0,0.015,1
"SLC27A5",0.114940749238712,-2.51457067052357,0,0.015,1
"SLC39A14",0.114940749238712,-2.56067237545953,0,0.015,1
"SLC46A1",0.114940749238712,-2.5908419971591,0,0.015,1
"SLC5A2",0.114940749238712,-2.68285929807749,0,0.015,1
"SLC6A12",0.114940749238712,-2.78070926610365,0,0.015,1
"SLCO1C1",0.114940749238712,-1.83649186753861,0,0.015,1
"SLFNL1",0.114940749238712,-2.34336280338356,0,0.015,1
"SLFNL1-AS1",0.114940749238712,-2.37478401928272,0,0.015,1
"SLITRK2",0.114940749238712,-2.34336280338356,0,0.015,1
"SMARCA1",0.114940749238712,-2.54139491577563,0,0.015,1
"SMC2-DT",0.114940749238712,-2.68381408712774,0,0.015,1
"SMG1-DT",0.114940749238712,-2.45502655139055,0,0.015,1
"SNAP25",0.114940749238712,-2.40102708296162,0,0.015,1
"SNAP25-AS1",0.114940749238712,-2.21456323679873,0,0.015,1
"SNORC",0.114940749238712,-2.93057325987018,0,0.015,1
"SNPH",0.114940749238712,-1.91860486832039,0,0.015,1
"SNX33",0.114940749238712,-2.50469325019906,0,0.015,1
"SOD1-DT",0.114940749238712,-2.29267381447087,0,0.015,1
"SORBS2",0.114940749238712,-3.35344826151273,0,0.015,1
"SOX15",0.114940749238712,-2.6751380121714,0,0.015,1
"SOX2-OT",0.114940749238712,-1.82303038129141,0,0.015,1
"SP9",0.114940749238712,-3.4343621623429,0,0.015,1
"SPACA9",0.114940749238712,-2.2102825871164,0,0.015,1
"SPARCL1",0.114940749238712,-2.54139491577563,0,0.015,1
"SPATA4",0.114940749238712,-2.56067237545953,0,0.015,1
"SPDYE21",0.114940749238712,-3.4343621623429,0,0.015,1
"SPIN2A",0.114940749238712,-1.83649186753861,0,0.015,1
"SPNS2",0.114940749238712,-2.69510745071439,0,0.015,1
"SPOCK1",0.114940749238712,-2.68285929807749,0,0.015,1
"SPON1-AS1",0.114940749238712,-2.2102825871164,0,0.015,1
"SPRED3",0.114940749238712,-2.51457067052357,0,0.015,1
"SPRY2",0.114940749238712,-2.75278426428326,0,0.015,1
"SPTLC3",0.114940749238712,-2.54865763116454,0,0.015,1
"SPTSSB",0.114940749238712,-3.82109210726443,0,0.015,1
"ST6GALNAC5",0.114940749238712,-2.68285929807749,0,0.015,1
"STIMATE",0.114940749238712,-1.83649186753861,0,0.015,1
"STK24-AS1",0.114940749238712,-3.4343621623429,0,0.015,1
"STKLD1",0.114940749238712,-2.51457067052357,0,0.015,1
"STRA6",0.114940749238712,-2.54865763116454,0,0.015,1
"STX1B",0.114940749238712,-1.83649186753861,0,0.015,1
"STX5-DT",0.114940749238712,-2.45502655139055,0,0.015,1
"STXBP5-AS1",0.114940749238712,-3.58292519434784,0,0.015,1
"SUSD5",0.114940749238712,-2.67084450888203,0,0.015,1
"SV2C",0.114940749238712,-2.6535696684842,0,0.015,1
"SVEP1",0.114940749238712,-2.56290424828717,0,0.015,1
"SVOP",0.114940749238712,-2.41527084414291,0,0.015,1
"SVOPL",0.114940749238712,-2.5908419971591,0,0.015,1
"SYCP3",0.114940749238712,-2.57033075671857,0,0.015,1
"SYNDIG1L",0.114940749238712,-2.68245054484536,0,0.015,1
"TBC1D3P1-DHX40P1",0.114940749238712,-2.62634995346333,0,0.015,1
"TBX2",0.114940749238712,-2.69510745071439,0,0.015,1
"TCTE1",0.114940749238712,-2.5908419971591,0,0.015,1
"TDRD12",0.114940749238712,-2.87322197985294,0,0.015,1
"TECTA",0.114940749238712,-2.34336280338356,0,0.015,1
"TEKT2",0.114940749238712,-2.72076721618749,0,0.015,1
"TFCP2L1",0.114940749238712,-1.82303038129141,0,0.015,1
"THAP3",0.114940749238712,-3.4343621623429,0,0.015,1
"THEGL",0.114940749238712,-2.521600332882,0,0.015,1
"THNSL2",0.114940749238712,-2.61075323118121,0,0.015,1
"THOC1-DT",0.114940749238712,-2.28019676742974,0,0.015,1
"THSD7B",0.114940749238712,-2.56067237545953,0,0.015,1
"TIPARP-AS1",0.114940749238712,-2.29267381447087,0,0.015,1
"TKTL1",0.114940749238712,-2.56290424828717,0,0.015,1
"TLN2",0.114940749238712,-3.45144038335491,0,0.015,1
"TLR4",0.114940749238712,-3.23256502506554,0,0.015,1
"TMC4",0.114940749238712,-2.45502655139055,0,0.015,1
"TMEM132D",0.114940749238712,-3.36417734840795,0,0.015,1
"TMEM178A",0.114940749238712,-2.80935350422135,0,0.015,1
"TMEM198",0.114940749238712,-2.6751380121714,0,0.015,1
"TMEM200A",0.114940749238712,-1.83649186753861,0,0.015,1
"TMEM212",0.114940749238712,-2.28019676742974,0,0.015,1
"TMEM45A",0.114940749238712,-2.68381408712774,0,0.015,1
"TMEM63B",0.114940749238712,-3.30170532602715,0,0.015,1
"TMEM74",0.114940749238712,-2.86011270011792,0,0.015,1
"TMPRSS2",0.114940749238712,-2.68381408712774,0,0.015,1
"TMPRSS3",0.114940749238712,-1.83649186753861,0,0.015,1
"TNFRSF11B",0.114940749238712,-4.72913533142148,0,0.015,1
"TNFRSF19",0.114940749238712,-2.75278426428326,0,0.015,1
"TNFSF14",0.114940749238712,-2.85780364582046,0,0.015,1
"TNNC2",0.114940749238712,-2.37478401928272,0,0.015,1
"TNS4",0.114940749238712,-3.07369395820652,0,0.015,1
"TRAIP",0.114940749238712,-4.31360738163193,0,0.015,1
"TRARG1",0.114940749238712,-1.82303038129141,0,0.015,1
"TRBC1",0.114940749238712,-2.50688444012504,0,0.015,1
"TRGC1",0.114940749238712,-2.50688444012504,0,0.015,1
"TRIM17",0.114940749238712,-2.77173877892516,0,0.015,1
"TRIM36",0.114940749238712,-2.89887631737921,0,0.015,1
"TRIM46",0.114940749238712,-2.85780364582046,0,0.015,1
"TROAP-AS1",0.114940749238712,-2.67084450888203,0,0.015,1
"TSC22D1-AS1",0.114940749238712,-4.37440569751688,0,0.015,1
"TSKS",0.114940749238712,-3.2748258685665,0,0.015,1
"TSPAN15",0.114940749238712,-1.83649186753861,0,0.015,1
"TTC29",0.114940749238712,-2.56067237545953,0,0.015,1
"TTC30A",0.114940749238712,-2.56290424828717,0,0.015,1
"TTC30B",0.114940749238712,-2.45502655139055,0,0.015,1
"TTK",0.114940749238712,-2.54865763116454,0,0.015,1
"TTLL4",0.114940749238712,-2.21456323679873,0,0.015,1
"TUBA4B",0.114940749238712,-2.78070926610365,0,0.015,1
"TWIST2",0.114940749238712,-3.67051340438988,0,0.015,1
"UBASH3A",0.114940749238712,-2.85780364582046,0,0.015,1
"UBTD1",0.114940749238712,-2.67084450888203,0,0.015,1
"UCKL1-AS1",0.114940749238712,-1.91860486832039,0,0.015,1
"UHRF1BP1L-DT",0.114940749238712,-2.34336280338356,0,0.015,1
"UNC5C",0.114940749238712,-2.77173877892516,0,0.015,1
"UNC5D",0.114940749238712,-2.521600332882,0,0.015,1
"USP35",0.114940749238712,-2.34210547098339,0,0.015,1
"USP46-DT",0.114940749238712,-1.83649186753861,0,0.015,1
"VGF",0.114940749238712,-2.45502655139055,0,0.015,1
"VSNL1",0.114940749238712,-2.68381408712774,0,0.015,1
"VSTM2L",0.114940749238712,-2.71615538300215,0,0.015,1
"VWC2L",0.114940749238712,-2.86189409123525,0,0.015,1
"WASL-DT",0.114940749238712,-2.85780364582046,0,0.015,1
"WDFY3-AS2",0.114940749238712,-3.58787272153768,0,0.015,1
"WDR24",0.114940749238712,-2.6535696684842,0,0.015,1
"WNK3",0.114940749238712,-2.87322197985294,0,0.015,1
"WNT10B",0.114940749238712,-2.21456323679873,0,0.015,1
"WTIP",0.114940749238712,-2.34254886420193,0,0.015,1
"WWTR1",0.114940749238712,-2.68285929807749,0,0.015,1
"XCR1",0.114940749238712,-3.07369395820652,0,0.015,1
"XKR4",0.114940749238712,-2.34254886420193,0,0.015,1
"XPC-AS1",0.114940749238712,-2.86011270011792,0,0.015,1
"ZAP70",0.114940749238712,-2.85780364582046,0,0.015,1
"ZBBX",0.114940749238712,-2.56067237545953,0,0.015,1
"ZBTB42",0.114940749238712,-2.6751380121714,0,0.015,1
"ZFY-AS1",0.114940749238712,-1.83649186753861,0,0.015,1
"ZHX1-C8orf76",0.114940749238712,-2.68381408712774,0,0.015,1
"ZKSCAN8P1",0.114940749238712,-2.6535696684842,0,0.015,1
"ZMIZ1-AS1",0.114940749238712,-2.41527084414291,0,0.015,1
"ZNF114",0.114940749238712,-1.83649186753861,0,0.015,1
"ZNF22-AS1",0.114940749238712,-2.34210547098339,0,0.015,1
"ZNF239",0.114940749238712,-2.21456323679873,0,0.015,1
"ZNF341-AS1",0.114940749238712,-2.68381408712774,0,0.015,1
"ZNF343",0.114940749238712,-2.41527084414291,0,0.015,1
"ZNF492",0.114940749238712,-2.6751380121714,0,0.015,1
"ZNF547",0.114940749238712,-2.29267381447087,0,0.015,1
"ZNF575",0.114940749238712,-2.80935350422135,0,0.015,1
"ZNF674-AS1",0.114940749238712,-3.04639368778215,0,0.015,1
"ZNF704",0.114940749238712,-2.40102708296162,0,0.015,1
"ZNF850",0.114940749238712,-1.83649186753861,0,0.015,1
"ZNF98",0.114940749238712,-2.57033075671857,0,0.015,1
"ZSCAN20",0.114940749238712,-2.57464986876559,0,0.015,1
"ZWINT",0.114940749238712,-2.93057325987018,0,0.015,1
"ACTL6B",0.114940749238712,-1.83649186753861,0,0.015,1
"BCAR4",0.114940749238712,-2.54865763116454,0,0.015,1
"CPT1B",0.114940749238712,-2.51457067052357,0,0.015,1
"CSH2",0.114940749238712,-2.56290424828717,0,0.015,1
"CSPG5",0.114940749238712,-2.45502655139055,0,0.015,1
"CYYR1-AS1",0.114940749238712,-2.34210547098339,0,0.015,1
"ENSG00000224541",0.114940749238712,-1.82303038129141,0,0.015,1
"ENSG00000226872",0.114940749238712,-2.34210547098339,0,0.015,1
"ENSG00000227050",0.114940749238712,-2.50854197229019,0,0.015,1
"ENSG00000229269",0.114940749238712,-2.50854197229019,0,0.015,1
"ENSG00000232413",0.114940749238712,-3.04639368778215,0,0.015,1
"ENSG00000238232",0.114940749238712,-3.07369395820652,0,0.015,1
"ENSG00000244063",0.114940749238712,-2.86011270011792,0,0.015,1
"ENSG00000249971",0.114940749238712,-2.54139491577563,0,0.015,1
"ENSG00000250390",0.114940749238712,-3.36417734840795,0,0.015,1
"ENSG00000254694",0.114940749238712,-1.83649186753861,0,0.015,1
"ENSG00000255440",0.114940749238712,-2.34210547098339,0,0.015,1
"ENSG00000256982",0.114940749238712,-4.25594334738081,0,0.015,1
"ENSG00000257222",0.114940749238712,-2.50469325019906,0,0.015,1
"ENSG00000259442",0.114940749238712,-2.21456323679873,0,0.015,1
"ENSG00000260272",0.114940749238712,-2.41527084414291,0,0.015,1
"ENSG00000260447",0.114940749238712,-1.82303038129141,0,0.015,1
"ENSG00000260922",0.114940749238712,-2.61075323118121,0,0.015,1
"ENSG00000265091",0.114940749238712,-1.82303038129141,0,0.015,1
"ENSG00000265399",0.114940749238712,-2.66950880451291,0,0.015,1
"ENSG00000267197",0.114940749238712,-2.6535696684842,0,0.015,1
"ENSG00000267695",0.114940749238712,-2.45502655139055,0,0.015,1
"ENSG00000268056",0.114940749238712,-2.21456323679873,0,0.015,1
"ENSG00000268375",0.114940749238712,-1.82303038129141,0,0.015,1
"ENSG00000271828",0.114940749238712,-1.83649186753861,0,0.015,1
"ENSG00000272905",0.114940749238712,-3.49241536988634,0,0.015,1
"ENSG00000273212",0.114940749238712,-2.68888494949989,0,0.015,1
"ENSG00000273233",0.114940749238712,-2.89699948497441,0,0.015,1
"ENSG00000273367",0.114940749238712,-2.71615538300215,0,0.015,1
"ENSG00000273493",0.114940749238712,-2.6535696684842,0,0.015,1
"ENSG00000273687",0.114940749238712,-2.6535696684842,0,0.015,1
"ENSG00000277684",0.114940749238712,-2.5908419971591,0,0.015,1
"ENSG00000278153",0.114940749238712,-2.62597685472976,0,0.015,1
"ENSG00000286034",0.114940749238712,-3.49241536988634,0,0.015,1
"ENSG00000286839",0.114940749238712,-2.89699948497441,0,0.015,1
"ENSG00000287234",0.114940749238712,-3.2748258685665,0,0.015,1
"ENSG00000287485",0.114940749238712,-3.36417734840795,0,0.015,1
"ENSG00000288767",0.114940749238712,-1.83649186753861,0,0.015,1
"ENSG00000288799",0.114940749238712,-2.56290424828717,0,0.015,1
"ENSG00000288984",0.114940749238712,-3.30170532602715,0,0.015,1
"ENSG00000289599",0.114940749238712,-2.28019676742974,0,0.015,1
"ENSG00000289640",0.114940749238712,-2.86475376450512,0,0.015,1
"ENSG00000290510",0.114940749238712,-2.87322197985294,0,0.015,1
"HLTF-AS1",0.114940749238712,-1.82303038129141,0,0.015,1
"KCNK7",0.114940749238712,-3.07369395820652,0,0.015,1
"LINC01065",0.114940749238712,-2.40102708296162,0,0.015,1
"LINC01780",0.114940749238712,-2.77173877892516,0,0.015,1
"LINC02126",0.114940749238712,-2.50469325019906,0,0.015,1
"MYCNUT",0.114940749238712,-3.00870729863779,0,0.015,1
"PHEX-AS1",0.114940749238712,-1.91860486832039,0,0.015,1
"POU4F3",0.114940749238712,-2.5542481172609,0,0.015,1
"PRDM10-DT",0.114940749238712,-2.86011270011792,0,0.015,1
"USP7-AS1",0.114940749238712,-2.26773506850355,0,0.015,1
"ELFN2",0.114940749238712,-2.44326886442597,0,0.015,1
"ENSG00000253389",0.114940749238712,-2.68285929807749,0,0.015,1
"ENSG00000289788",0.114940749238712,-1.82303038129141,0,0.015,1
"H2AC7",0.114940749238712,-1.91860486832039,0,0.015,1
"TAB2-AS1",0.114940749238712,-2.57464986876559,0,0.015,1
"ENSG00000253865",0.114940749238712,-2.68888494949989,0,0.015,1
"SPACA3",0.114940749238712,-2.29267381447087,0,0.015,1
"CDH8-AS1",0.114940749238712,-2.41527084414291,0,0.015,1
"ENSG00000237713",0.114940749238712,-2.85780364582046,0,0.015,1
"ENSG00000285614",0.114940749238712,-2.69510745071439,0,0.015,1
"ENSG00000289630",0.114940749238712,-2.57464986876559,0,0.015,1
"ENSG00000253399",0.114940749238712,-2.45502655139055,0,0.015,1
"ENSG00000278467",0.114940749238712,-1.82303038129141,0,0.015,1
"ENSG00000286249",0.114940749238712,-1.83649186753861,0,0.015,1
"LINC01333",0.114940749238712,-2.28019676742974,0,0.015,1
"ENSG00000248544",0.114940749238712,-3.35344826151273,0,0.015,1
"ENSG00000275512",0.114940749238712,-1.91860486832039,0,0.015,1
"ENSG00000285540",0.114940749238712,-3.73542111559497,0,0.015,1
"FOXD4L1",0.114940749238712,-3.49241536988634,0,0.015,1
"LINC02821",0.114940749238712,-1.82303038129141,0,0.015,1
"CLLU1-AS1",0.114940749238712,-3.35178367784101,0,0.015,1
"ENSG00000284825",0.114940749238712,-2.28019676742974,0,0.015,1
"ENSG00000289388",0.114940749238712,-2.68245054484536,0,0.015,1
"EPGN",0.114940749238712,-2.62634995346333,0,0.015,1
"ALG13-AS1",0.114940749238712,-1.83649186753861,0,0.015,1
"LINC02816",0.114940749238712,-1.82303038129141,0,0.015,1
"SSBP2",0.114965431524527,1.98055554319157,0.193,0.121,1
"PCF11",0.115009302928655,0.595384029636911,0.608,0.667,1
"GON4L",0.115009549404931,0.14762535774915,0.139,0.242,1
"MICOS13",0.115429990912829,-0.924781723652241,0.048,0.106,1
"ACAP3",0.115707743272712,-1.21024103107648,0.012,0.045,1
"ADAMTSL4",0.115707743272712,-1.66817499711354,0.012,0.045,1
"ADARB2",0.115707743272712,-1.46578830277336,0.012,0.045,1
"BCL2L14",0.115707743272712,-1.1624887404778,0.012,0.045,1
"CHIT1",0.115707743272712,-1.78576878666305,0.012,0.045,1
"CLDN23",0.115707743272712,-1.78867926270211,0.012,0.045,1
"CREB3L4",0.115707743272712,-1.5402831553453,0.012,0.045,1
"ENSG00000283633",0.115707743272712,-1.74650690510618,0.012,0.045,1
"FLVCR1-DT",0.115707743272712,-1.51404603199581,0.012,0.045,1
"HTR3A",0.115707743272712,-2.36388546773408,0.012,0.045,1
"MGAT4B",0.115707743272712,-1.1288355488053,0.012,0.045,1
"NOTCH3",0.115707743272712,-1.15274192688965,0.012,0.045,1
"PIGV",0.115707743272712,-1.00295818335178,0.012,0.045,1
"PINLYP",0.115707743272712,-1.30133666492644,0.012,0.045,1
"PKN2-AS1",0.115707743272712,-1.61170969824293,0.012,0.045,1
"TIMM23B-AGAP6",0.115707743272712,-1.27094496679235,0.012,0.045,1
"TIMP3",0.115707743272712,-0.618004504824749,0.012,0.045,1
"TTC36-AS1",0.115707743272712,-1.84815179057249,0.012,0.045,1
"HERC5",0.115711570463438,2.24599210629014,0.127,0.061,1
"FOXP1",0.115779131055694,0.938424497641415,0.5,0.53,1
"COMMD1",0.115880404154074,0.951260560271651,0.163,0.273,1
"SLC43A2",0.115897833143082,-0.358009352029803,0.066,0.136,1
"UBR2",0.116020574509187,-0.146284281551133,0.265,0.409,1
"ENSG00000273734",0.116028194735227,1.40864945111665,0.09,0.03,1
"SRPK2",0.116175982237312,0.220588087747233,0.277,0.455,1
"GGT7",0.116288608601811,1.80316445473303,0.066,0.015,1
"DNTTIP2",0.116352570577258,0.144901370767639,0.169,0.288,1
"ENSG00000291203",0.116491049986676,-0.331805565536728,0.145,0.242,1
"RNF125",0.116610158674169,-0.440373097741478,0.048,0.106,1
"APOL6",0.116647227753671,2.40067493584211,0.127,0.061,1
"NUDT3",0.116811292133086,0.126263306554818,0.211,0.333,1
"HEATR3",0.116934011984302,-0.301481860190517,0.066,0.136,1
"UVSSA",0.116934011984302,-0.114088456934749,0.066,0.136,1
"RAB22A",0.117018298044956,0.458926651622474,0.157,0.273,1
"KAT6A",0.117030029575881,1.07032924262541,0.386,0.348,1
"ERC1",0.11707242758547,0.284251327568676,0.169,0.288,1
"NOLC1",0.117112230796593,0.252328883192859,0.205,0.333,1
"CSDE1",0.117335801636883,-0.105633488440421,0.614,0.833,1
"WDR74",0.117513114195959,0.23635768078483,0.114,0.212,1
"ENSG00000262089",0.117571271496319,-1.73358123015081,0.03,0.076,1
"NPR2",0.117571271496319,-1.73201729678625,0.03,0.076,1
"ANK1",0.117716997609247,-0.930426039524527,0.012,0.045,1
"C4orf46",0.117716997609247,-0.600754786137905,0.012,0.045,1
"CD320",0.117716997609247,-1.54903786989516,0.012,0.045,1
"CNPY2-AS1",0.117716997609247,-1.5583699452727,0.012,0.045,1
"ENSG00000259138",0.117716997609247,-1.10640906387972,0.012,0.045,1
"ENSG00000262265",0.117716997609247,-1.83085159670356,0.012,0.045,1
"ENSG00000272330",0.117716997609247,-1.47075360259323,0.012,0.045,1
"ENSG00000289952",0.117716997609247,-1.13733719156746,0.012,0.045,1
"GARNL3",0.117716997609247,-1.36347616206045,0.012,0.045,1
"GNGT2",0.117716997609247,-1.251311621337,0.012,0.045,1
"KLHL15",0.117716997609247,-0.915111525370014,0.012,0.045,1
"LINC00326",0.117716997609247,-1.49722570000705,0.012,0.045,1
"LINC01422",0.117716997609247,-1.65118623388113,0.012,0.045,1
"LINC03011",0.117716997609247,-1.50087657117886,0.012,0.045,1
"NRXN1",0.117716997609247,-0.911331488200761,0.012,0.045,1
"PIWIL4",0.117716997609247,-1.20623647928937,0.012,0.045,1
"PJVK",0.117716997609247,-0.562358095109392,0.012,0.045,1
"PTGES3L",0.117716997609247,-1.28080236694268,0.012,0.045,1
"RDH5",0.117716997609247,-1.02843169567507,0.012,0.045,1
"RNF32-DT",0.117716997609247,-1.69914674979915,0.012,0.045,1
"RPUSD2",0.117716997609247,-1.08043509013806,0.012,0.045,1
"SLC25A51",0.117716997609247,-0.898465211361267,0.012,0.045,1
"SORCS2",0.117716997609247,-0.797533984765634,0.012,0.045,1
"TEX22",0.117716997609247,-1.86560262747647,0.012,0.045,1
"THBS2-AS1",0.117716997609247,-1.3029828727522,0.012,0.045,1
"TMEM30A-DT",0.117716997609247,-1.4270042348627,0.012,0.045,1
"TPX2",0.117716997609247,-1.6163407419384,0.012,0.045,1
"ZNF551",0.117716997609247,-1.30147759595199,0.012,0.045,1
"ZNF790",0.117716997609247,-1.45468948116348,0.012,0.045,1
"PALB2",0.117799783526977,-0.915578779125488,0.048,0.106,1
"ZNF605",0.117799783526977,-0.66684166010482,0.048,0.106,1
"NUDC",0.118001648128157,-0.272858363867979,0.12,0.212,1
"FBH1",0.118109923187741,-0.305116639710659,0.139,0.242,1
"RABGAP1",0.118141437438178,0.150575340362913,0.211,0.348,1
"ZNF623",0.118272126015661,1.16154943983814,0.09,0.03,1
"MRPL24",0.118376356729922,-0.462362237137983,0.078,0.152,1
"VAMP3",0.118376356729922,-0.212266891011172,0.078,0.152,1
"FUBP1",0.118416798338911,0.242256532293795,0.416,0.652,1
"CNOT6",0.118536361733753,0.163196725616096,0.084,0.167,1
"MTPN",0.118913296288374,0.558642648187796,0.687,0.773,1
"ARL3",0.118998910230383,-0.359869008453189,0.048,0.106,1
"ZNF66",0.118998910230383,-1.01721424768612,0.048,0.106,1
"BAZ1B",0.119232376849367,-0.263982128534948,0.325,0.47,1
"AKAP5",0.119376612726366,3.08615505273198,0.036,0,1
"AKAP7",0.119376612726366,3.63134767782918,0.036,0,1
"ANKS3",0.119376612726366,1.63276211164761,0.036,0,1
"APBB1",0.119376612726366,2.93605949653901,0.036,0,1
"BCL10-AS1",0.119376612726366,3.56620213939411,0.036,0,1
"C21orf62-AS1",0.119376612726366,3.21078661709757,0.036,0,1
"CCDC28B",0.119376612726366,2.83279820477587,0.036,0,1
"CERNA1",0.119376612726366,3.16130016940546,0.036,0,1
"CFAP418",0.119376612726366,3.344321867539,0.036,0,1
"CSKMT",0.119376612726366,2.78216523755749,0.036,0,1
"CYB5RL",0.119376612726366,2.85918422724651,0.036,0,1
"ENSG00000228037",0.119376612726366,3.09200293673618,0.036,0,1
"ENSG00000254777",0.119376612726366,3.0862871837889,0.036,0,1
"ENSG00000261386",0.119376612726366,3.70724799750398,0.036,0,1
"ENSG00000268163",0.119376612726366,2.91328804042649,0.036,0,1
"ENSG00000268797",0.119376612726366,3.48025088766768,0.036,0,1
"FAM111B",0.119376612726366,3.0477219912398,0.036,0,1
"FAM216A",0.119376612726366,3.26735622219262,0.036,0,1
"GIN1",0.119376612726366,2.08669772540203,0.036,0,1
"GNPNAT1",0.119376612726366,3.01413614021802,0.036,0,1
"HECTD2",0.119376612726366,3.2190179848492,0.036,0,1
"IBA57",0.119376612726366,2.7088109489295,0.036,0,1
"KCNN4",0.119376612726366,3.26393298790938,0.036,0,1
"MDGA1",0.119376612726366,3.84337725048323,0.036,0,1
"MGAT3",0.119376612726366,2.90703910298933,0.036,0,1
"NAV2",0.119376612726366,3.83889696252715,0.036,0,1
"NFIX",0.119376612726366,3.47551975750543,0.036,0,1
"PSMC3IP",0.119376612726366,2.00135246341146,0.036,0,1
"PTPRN2",0.119376612726366,3.07499151473625,0.036,0,1
"SGK1",0.119376612726366,2.72561379306452,0.036,0,1
"SMN2",0.119376612726366,2.99003647628196,0.036,0,1
"SPINT1",0.119376612726366,2.877921414743,0.036,0,1
"SYT1",0.119376612726366,4.86978307554365,0.036,0,1
"SYT17",0.119376612726366,3.29470478183791,0.036,0,1
"TCTN2",0.119376612726366,2.68639578443197,0.036,0,1
"TNR",0.119376612726366,3.45781568703349,0.036,0,1
"WDR11-DT",0.119376612726366,2.73103622508374,0.036,0,1
"ZNF232",0.119376612726366,3.0903234374511,0.036,0,1
"FAM228B",0.119684504043851,0.245225085635093,0.139,0.242,1
"ENSG00000227627",0.119753529056554,-0.371593330806759,0.012,0.045,1
"ENSG00000272221",0.119753529056554,-0.977182011181001,0.012,0.045,1
"ENSG00000273472",0.119753529056554,-0.785434265607362,0.012,0.045,1
"ENSG00000275964",0.119753529056554,-0.681720585303645,0.012,0.045,1
"ENSG00000286548",0.119753529056554,-1.02925016974202,0.012,0.045,1
"ENSG00000287387",0.119753529056554,-1.22479755291518,0.012,0.045,1
"ENSG00000290535",0.119753529056554,-1.14822558989478,0.012,0.045,1
"GNG5",0.119753529056554,-1.00201796058036,0.012,0.045,1
"OVCH1-AS1",0.119753529056554,-0.64783042913052,0.012,0.045,1
"RRAGD",0.119753529056554,-0.762851532036263,0.012,0.045,1
"SNAI3",0.119753529056554,-1.1461051931029,0.012,0.045,1
"SPAG5",0.119753529056554,-1.132799486884,0.012,0.045,1
"TELO2",0.119753529056554,-1.19384104326601,0.012,0.045,1
"TTLL1",0.119753529056554,-0.684477697502773,0.012,0.045,1
"TTLL3",0.119753529056554,-1.1608476415143,0.012,0.045,1
"ZNF699",0.119753529056554,-0.831887159075078,0.012,0.045,1
"CPSF6",0.119901443305532,0.198537097815034,0.259,0.439,1
"SPPL3",0.120196182759454,0.25496726238295,0.145,0.258,1
"PRANCR",0.120217274825062,0.207375285568348,0.096,0.182,1
"PPP3R1",0.120366003680982,0.147921161076005,0.193,0.333,1
"DDX10",0.120477936740636,0.358323949589494,0.139,0.242,1
"BIK",0.120488510128481,-1.67134528633887,0.03,0.076,1
"RBM45",0.120488510128481,-1.04421534183766,0.03,0.076,1
"RTCA",0.120897112185606,0.121547230286871,0.114,0.212,1
"UBE2D1",0.120897112185606,0.360622755269788,0.114,0.212,1
"RAD23A",0.121341314761835,0.228982301637338,0.355,0.591,1
"ICAM3",0.121349555782903,1.74580146278325,0.145,0.076,1
"C20orf96",0.121425847540398,-0.762722667713879,0.048,0.106,1
"KIF21B",0.121469483544056,1.4290083151939,0.108,0.045,1
"SEC22C",0.121518833801457,0.312545284891902,0.127,0.227,1
"EPB41L4A-AS1",0.121518833801457,2.27512533776716,0.175,0.106,1
"BCDIN3D",0.121817554570542,-0.953765875381283,0.012,0.045,1
"BTBD19",0.121817554570542,-0.619758698831211,0.012,0.045,1
"C8orf88",0.121817554570542,-1.42175716346263,0.012,0.045,1
"ENSG00000224746",0.121817554570542,-0.741680720212283,0.012,0.045,1
"ENSG00000225450",0.121817554570542,-0.865562824732371,0.012,0.045,1
"ENSG00000288756",0.121817554570542,-0.725529883725319,0.012,0.045,1
"ENSG00000291180",0.121817554570542,-0.895655577237537,0.012,0.045,1
"FITM2",0.121817554570542,-0.606092164332183,0.012,0.045,1
"FLG-AS1",0.121817554570542,-1.24890123947586,0.012,0.045,1
"GPLD1",0.121817554570542,0.307872410436354,0.012,0.045,1
"GZMH",0.121817554570542,-0.786925751704942,0.012,0.045,1
"HDAC8",0.121817554570542,-0.571367610616409,0.012,0.045,1
"INSYN2A",0.121817554570542,-1.13545614078807,0.012,0.045,1
"IRF2-DT",0.121817554570542,-1.08822900282368,0.012,0.045,1
"MED14OS",0.121817554570542,-0.170061943064983,0.012,0.045,1
"MPIG6B",0.121817554570542,-1.15570581777065,0.012,0.045,1
"NR2C2AP",0.121817554570542,-0.582096847089871,0.012,0.045,1
"POLE2",0.121817554570542,-0.752621355551168,0.012,0.045,1
"POMT2",0.121817554570542,-1.33307141506745,0.012,0.045,1
"RAMAC",0.121817554570542,-0.631144273986891,0.012,0.045,1
"ROR2",0.121817554570542,-1.48136958538949,0.012,0.045,1
"RTL6",0.121817554570542,-0.837567176438062,0.012,0.045,1
"SLC22A23",0.121817554570542,-0.636326870515186,0.012,0.045,1
"SPRY3",0.121817554570542,-0.845593625451019,0.012,0.045,1
"SUGT1-DT",0.121817554570542,-0.489813679240352,0.012,0.045,1
"TBC1D22B",0.121817554570542,-0.873480082034745,0.012,0.045,1
"TPPP3",0.121817554570542,-1.21081974983775,0.012,0.045,1
"TSSC4",0.121817554570542,-0.183062389584509,0.012,0.045,1
"ZFHX2-AS1",0.121817554570542,-0.804578594936547,0.012,0.045,1
"ZMYND19",0.121817554570542,-1.08328018135243,0.012,0.045,1
"ZNF17",0.121817554570542,-0.310337569309945,0.012,0.045,1
"ZNF841",0.121817554570542,0.416513539777739,0.012,0.045,1
"CNOT4",0.121913642135769,0.101853514345338,0.205,0.333,1
"ZNF684",0.121968223893948,-1.26007754115562,0.03,0.076,1
"RHOT1",0.122202892830139,0.32563936860347,0.12,0.212,1
"PCED1B-AS1",0.122237634411213,-0.133924612044096,0.319,0.485,1
"MARCHF9",0.122267632227047,-0.171140319632409,0.187,0.303,1
"TTC28",0.122370267514895,0.214553033653815,0.078,0.152,1
"LARP4",0.122547845980298,0.424583027278145,0.145,0.258,1
"ENSG00000265749",0.12265374696644,-0.21823352051435,0.048,0.106,1
"FHIP1B",0.123304606817907,0.297084391377744,0.066,0.136,1
"GPRC5C",0.123462105699101,-1.12903241674923,0.03,0.076,1
"ZNF549",0.123462105699101,-0.333950638534429,0.03,0.076,1
"SSNA1",0.123533441466847,-0.468191608707714,0.06,0.121,1
"TAF5L",0.123533441466847,-0.818644671322355,0.06,0.121,1
"ITGB1BP1",0.123709487010775,0.186941238633214,0.169,0.288,1
"EMC1-AS1",0.123891325872757,-0.255843050406328,0.048,0.106,1
"MTLN",0.123891325872757,-0.727550924745412,0.048,0.106,1
"SLC12A9",0.123891325872757,-0.719791082321086,0.048,0.106,1
"HDAC6",0.124029824935542,0.213036818127897,0.108,0.197,1
"SRSF1",0.124094467529346,-0.597704331758397,0.102,0.182,1
"GPBP1",0.124201561213426,0.769637720117526,0.512,0.53,1
"USP4",0.12454986641155,0.137585978319752,0.271,0.455,1
"TRIM25",0.124608145080746,0.175173229315036,0.157,0.273,1
"GPS1",0.124676685029218,-0.85813061454461,0.06,0.121,1
"TRMT10A",0.124970233943112,-1.13673947704677,0.03,0.076,1
"ALDH5A1",0.125028837868968,0.117376345745848,0.151,0.258,1
"TOLLIP",0.125028837868968,-0.26892530208027,0.151,0.258,1
"ADRM1",0.125138628292084,-0.298798581724755,0.048,0.106,1
"SSR2",0.125428727114248,-0.134812739792302,0.38,0.576,1
"EXOSC8",0.125503301460793,-0.4293559770182,0.09,0.167,1
"BPNT2",0.125654877317886,0.181529705763125,0.163,0.273,1
"STIP1",0.125654877317886,0.242186060019839,0.163,0.273,1
"PEX6",0.125828162870393,-0.910517593888865,0.06,0.121,1
"HHAT",0.12583268768281,0.333691795653804,0.108,0.197,1
"CUL4B",0.126081989691043,0.161570736942127,0.229,0.364,1
"SBNO1",0.126301008398344,1.49490892750698,0.271,0.212,1
"CDK7",0.126395698098019,-0.321485045692661,0.048,0.106,1
"DMAC2",0.126395698098019,-0.337903852563255,0.048,0.106,1
"SHQ1",0.126395698098019,-0.163239949314545,0.048,0.106,1
"PPM1F",0.126492686685928,-1.31416971911235,0.03,0.076,1
"NFIC",0.126589936930911,0.371623183993234,0.066,0.136,1
"TRAPPC14",0.126974450686968,0.292565884244631,0.139,0.242,1
"IFRD2",0.127662579000353,-0.281629030085398,0.048,0.106,1
"MCMBP",0.127662579000353,-0.495389125261883,0.048,0.106,1
"MSTO1",0.127662579000353,-0.26825571227336,0.048,0.106,1
"ENSG00000267002",0.127700063524212,0.29624375577355,0.066,0.136,1
"ZNF43",0.127707041818447,0.725183938556687,0.096,0.182,1
"SAMD4A",0.127837363544055,2.39210509578664,0.084,0.03,1
"KIF3B",0.127884417319933,-1.05327684781567,0.072,0.136,1
"ABHD5",0.128029541636111,-0.663577872214351,0.03,0.076,1
"CDH1",0.128029541636111,-1.15965166779154,0.03,0.076,1
"ANO8",0.128155957152965,-0.629794167049635,0.06,0.121,1
"FNDC3A",0.128311402700893,0.47812279093641,0.205,0.333,1
"MFN2",0.128557623073249,0.297057202167739,0.078,0.152,1
"PREP",0.128557623073249,0.546152598774993,0.078,0.152,1
"KLC1",0.128668239680467,0.300089075381413,0.096,0.182,1
"PRPSAP2",0.128782128765887,-0.122288201334824,0.133,0.227,1
"DOP1B",0.129032093608349,-0.133090273499939,0.157,0.258,1
"IL15",0.129077458579296,2.74672523276204,0.084,0.03,1
"ENSG00000291100",0.129332341176588,-0.521441976677099,0.06,0.121,1
"TSPAN14",0.129458142915684,-0.164345373084921,0.09,0.167,1
"ZNF195",0.129458142915684,-0.444533816746993,0.09,0.167,1
"ACACA",0.129499595811219,0.576763782813612,0.108,0.197,1
"KAT6B",0.129499595811219,-0.110049108855901,0.108,0.197,1
"BOP1",0.129580876138615,-1.02256551110438,0.03,0.076,1
"IL27RA",0.130120565869584,2.58496144312738,0.139,0.076,1
"RAD52",0.130225948086241,-0.312866545156551,0.048,0.106,1
"MTRES1",0.130461818676721,-0.194138892700935,0.09,0.167,1
"NCAPD3",0.130517094637306,-0.281409874144152,0.06,0.121,1
"PHKG2",0.130624557938505,-1.08009868904111,0.084,0.152,1
"PPP4R1",0.130673250823278,0.251348313983795,0.078,0.152,1
"TMEM199",0.130673250823278,0.103036109410637,0.078,0.152,1
"PCDH9",0.130687566413099,2.55726244327858,0.145,0.076,1
"ARID4B",0.131033902865627,0.756220796828578,0.614,0.667,1
"CIP2A",0.131146767162504,-0.449925097587231,0.03,0.076,1
"COPRS",0.131146767162504,-0.845906031029696,0.03,0.076,1
"CXCR2",0.131146767162504,-0.509375790204478,0.03,0.076,1
"ETS2",0.131146767162504,-1.16054529291536,0.03,0.076,1
"ZBTB49",0.131146767162504,-0.888791882488175,0.03,0.076,1
"ZC3H3",0.131146767162504,-0.870911551008493,0.03,0.076,1
"SKI",0.131171197607528,0.262420744541762,0.139,0.242,1
"FLNA",0.131189169906761,1.19468831862125,0.108,0.045,1
"ATP6V1F",0.131325400683226,0.224404592262015,0.241,0.394,1
"NPIPA1",0.131363901599818,0.161447717983813,0.108,0.197,1
"COX20",0.131581332367838,-0.276570473744769,0.253,0.379,1
"MARK4",0.131585662344217,2.5741417606908,0.084,0.03,1
"PDP1",0.131585662344217,2.38182923768033,0.084,0.03,1
"FAAH2",0.131710251012669,-0.756004717821546,0.06,0.121,1
"CD44",0.131792980329061,0.982334628228964,0.482,0.5,1
"ATP6V0A2",0.131856545839075,0.404690266281081,0.12,0.212,1
"LRRC58",0.131956762658985,0.469165248210029,0.181,0.318,1
"PLEKHA3",0.132243202175517,0.110535994177989,0.133,0.227,1
"RPA3",0.13231558634606,0.170350037605894,0.145,0.258,1
"CASC3",0.13231558634606,-0.451828045157223,0.151,0.242,1
"PMS1",0.132340020918418,0.345823970924772,0.151,0.258,1
"CMIP",0.132462813389128,1.64220580981428,0.289,0.242,1
"ALS2",0.132727291288604,-0.422927963911958,0.03,0.076,1
"ENSG00000259408",0.132727291288604,-0.65924057708614,0.03,0.076,1
"HIRIP3",0.132727291288604,-0.366686909082538,0.03,0.076,1
"SARNP",0.132727291288604,-0.654801114942568,0.03,0.076,1
"ZNF138",0.132815787396167,0.621750461035487,0.078,0.152,1
"MRPL50",0.132829081773469,-0.521702479653465,0.048,0.106,1
"SGPL1",0.132829081773469,-0.215439691460605,0.048,0.106,1
"CHP1",0.13291184364921,-0.48740408665173,0.06,0.121,1
"ENSG00000259628",0.133357902118269,-0.104707341960088,0.114,0.197,1
"LY75",0.133364633329487,0.456188130274177,0.066,0.136,1
"RPRD1B",0.133364633329487,0.451117831765148,0.066,0.136,1
"KCTD3",0.133428869230605,-0.677567171378508,0.072,0.136,1
"NSUN4",0.133786196478596,-0.639082448590709,0.084,0.152,1
"APOBEC3F",0.134055647526713,1.95576771764584,0.139,0.076,1
"CCDC97",0.134121905759327,-0.175002762925889,0.06,0.121,1
"EEF1E1",0.134121905759327,-0.510763659247183,0.06,0.121,1
"PPIEL",0.134322524697115,-0.51056888038777,0.03,0.076,1
"SLC4A3",0.134322524697115,-0.985247865122991,0.03,0.076,1
"TIMM22",0.134322524697115,-0.621171751143151,0.03,0.076,1
"TMEM192",0.134417350903185,0.433743032427138,0.163,0.273,1
"KMT2D",0.134626880963711,0.147949880985244,0.199,0.333,1
"HLA-F",0.134763330992046,0.876747447764556,0.476,0.485,1
"DEF6",0.134849327645002,-0.355230177468338,0.151,0.258,1
"NUDCD3",0.134853130205199,2.8358134559611,0.12,0.061,1
"DEDD",0.135361251837509,-0.210656681420325,0.169,0.273,1
"RAB4A",0.135509949117151,0.203092807483424,0.12,0.212,1
"STARD4",0.135684170885476,2.66835397040542,0.102,0.045,1
"RPL35",0.135776486753414,-0.134485014531106,0.789,0.955,1
"SDHAF2",0.135932543155148,-0.49954156259072,0.03,0.076,1
"TXNL4B",0.135932543155148,-0.289600052523514,0.03,0.076,1
"WDR3",0.135932543155148,0.185138327873346,0.03,0.076,1
"ZNF526",0.135932543155148,0.207088552980898,0.03,0.076,1
"APTX",0.136187319816982,-0.466902883237473,0.114,0.197,1
"NUB1",0.13621141545294,0.138852395392088,0.361,0.576,1
"PPP3CB-AS1",0.13656757056041,-0.677245184219308,0.06,0.121,1
"STK40",0.136624685403102,0.100939619951433,0.187,0.303,1
"HSCB",0.136809091066051,0.270383294672488,0.048,0.106,1
"TPCN1",0.137182347763353,0.343655001468635,0.078,0.152,1
"KAT2B",0.137487486643144,0.287328415067928,0.289,0.47,1
"CHKA",0.137557422004227,-0.49654172368082,0.03,0.076,1
"SEPSECS",0.137803238977266,-0.532430320063173,0.06,0.121,1
"MRPS15",0.137963999533742,-0.355798124243877,0.163,0.258,1
"OAS3",0.13803474288033,2.64387522968756,0.102,0.045,1
"PIAS1",0.138048373694709,0.182349393938308,0.44,0.727,1
"POLR1F",0.138291101872889,0.120792375479796,0.078,0.152,1
"GPATCH2L",0.138456512607767,-0.184255766843977,0.205,0.318,1
"NBPF12",0.138559042407647,-0.143825454174348,0.181,0.288,1
"BACE2",0.138669205209342,3.31993450076598,0.06,0.015,1
"CFAP210",0.138669205209342,2.57432134581435,0.06,0.015,1
"ENSG00000260803",0.138669205209342,2.78489505670763,0.06,0.015,1
"PRKAA1",0.13899539395074,0.553103599910346,0.139,0.242,1
"BHLHA15",0.139109554032321,-2.41083866291049,0.006,0.03,1
"C6orf141",0.139109554032321,-2.43992458402424,0.006,0.03,1
"CADPS2",0.139109554032321,-2.27109065337747,0.006,0.03,1
"CD163L1",0.139109554032321,-2.45626239280255,0.006,0.03,1
"CHAC2",0.139109554032321,-2.82292217676206,0.006,0.03,1
"COL3A1",0.139109554032321,-2.65812944997151,0.006,0.03,1
"CRIM1-DT",0.139109554032321,-2.47397323987766,0.006,0.03,1
"DCTN6-DT",0.139109554032321,-2.43939067159036,0.006,0.03,1
"DNAJC12",0.139109554032321,-2.45783494297108,0.006,0.03,1
"DPY19L2P3",0.139109554032321,-2.28564330740546,0.006,0.03,1
"ENSG00000249624",0.139109554032321,-2.06502688626802,0.006,0.03,1
"ENSG00000250057",0.139109554032321,-2.26584100664113,0.006,0.03,1
"ENSG00000267042",0.139109554032321,-2.28060521408648,0.006,0.03,1
"ENSG00000275645",0.139109554032321,-2.8505197066799,0.006,0.03,1
"ENSG00000289242",0.139109554032321,-2.81104283866797,0.006,0.03,1
"ERI2",0.139109554032321,-2.06502688626802,0.006,0.03,1
"HIF1A-AS1",0.139109554032321,-2.52825029317814,0.006,0.03,1
"HSPB6",0.139109554032321,-2.49968425488617,0.006,0.03,1
"LINC01012",0.139109554032321,-2.22423094321304,0.006,0.03,1
"LTB4R",0.139109554032321,-3.43417109405751,0.006,0.03,1
"LYG1",0.139109554032321,-2.47057157356891,0.006,0.03,1
"MMP25",0.139109554032321,-2.90350253588681,0.006,0.03,1
"MORN2",0.139109554032321,-2.22253696108422,0.006,0.03,1
"MXD3",0.139109554032321,-3.31715887554133,0.006,0.03,1
"MYL9",0.139109554032321,-2.6198354372439,0.006,0.03,1
"NLGN2",0.139109554032321,-2.30079655057974,0.006,0.03,1
"NPIPB2",0.139109554032321,-2.18292617658076,0.006,0.03,1
"OAF",0.139109554032321,-2.57570935599836,0.006,0.03,1
"PAPPA",0.139109554032321,-2.53104018463164,0.006,0.03,1
"RYR1",0.139109554032321,-2.55098179680049,0.006,0.03,1
"TARID",0.139109554032321,-2.45520712298574,0.006,0.03,1
"TSIX",0.139109554032321,-2.51197988409631,0.006,0.03,1
"VPS11-DT",0.139109554032321,-2.24446411045736,0.006,0.03,1
"ZNF396",0.139109554032321,-2.80503375188657,0.006,0.03,1
"ZNF530",0.139109554032321,-2.39936593489986,0.006,0.03,1
"CCT4",0.139186270152383,0.188602525195096,0.319,0.5,1
"HELLS",0.139197236147726,-0.160257493795787,0.03,0.076,1
"MPV17L2",0.139197236147726,-0.636483672102108,0.03,0.076,1
"PADI4",0.139197236147726,-0.529745033314645,0.03,0.076,1
"RMND1",0.139197236147726,0.228016906453078,0.03,0.076,1
"PTBP1",0.139197336359372,0.164619657236078,0.361,0.545,1
"STAT6",0.139229197807126,0.741985290941754,0.44,0.409,1
"MOB3A",0.139272997140387,1.56848351681881,0.265,0.212,1
"RAB8B",0.139558365224145,1.12707087876235,0.193,0.121,1
"BTF3",0.139566272356048,-0.132530182989721,0.747,0.879,1
"PLEKHA2",0.140043660749443,0.772390037599589,0.633,0.712,1
"BLM",0.140245542269414,2.305683031803,0.06,0.015,1
"STK16",0.140245542269414,2.58776996015226,0.06,0.015,1
"ZFYVE16",0.140300411062659,-0.487323937294905,0.06,0.121,1
"ARMC8",0.14032587969267,0.56452974158329,0.205,0.333,1
"SPIN1",0.140529310467927,0.122438053894076,0.078,0.152,1
"ENSG00000286104",0.140852060038267,0.297877899339346,0.03,0.076,1
"SMC3",0.14142773866439,0.165871748951169,0.307,0.485,1
"ENSG00000290823",0.14150133599053,-0.530904350135359,0.072,0.136,1
"MPG",0.141561979567238,-0.577787972104612,0.06,0.121,1
"MTMR3",0.141593016179076,-0.420219956092292,0.102,0.182,1
"RUSC1",0.141619284773258,1.79761821669015,0.102,0.045,1
"WARS2-AS1",0.141619284773258,2.04404391094927,0.102,0.045,1
"SAE1",0.141658811297711,0.292423274442928,0.078,0.152,1
"PTGS1",0.141835627308599,2.10590670243645,0.06,0.015,1
"ZCWPW1",0.141835627308599,2.16164720399663,0.06,0.015,1
"ADAMTS1",0.142094555666968,-1.95756474260292,0.006,0.03,1
"ADGRL2",0.142094555666968,-2.08402692795416,0.006,0.03,1
"ALDH1A1",0.142094555666968,-2.07799042527525,0.006,0.03,1
"ANKHD1",0.142094555666968,-2.30419540712871,0.006,0.03,1
"ARHGEF17",0.142094555666968,-1.80134836747585,0.006,0.03,1
"ARRB1",0.142094555666968,-1.8739638538692,0.006,0.03,1
"ATRIP",0.142094555666968,-2.44945493064832,0.006,0.03,1
"C14orf178",0.142094555666968,-1.86678006645312,0.006,0.03,1
"CALCRL-AS1",0.142094555666968,-2.54713597734352,0.006,0.03,1
"CBX8",0.142094555666968,-1.9766586710357,0.006,0.03,1
"CD2BP2-DT",0.142094555666968,-1.67911701186805,0.006,0.03,1
"CDH4",0.142094555666968,-2.15228668515812,0.006,0.03,1
"CHAD",0.142094555666968,-1.9918121206996,0.006,0.03,1
"CLHC1",0.142094555666968,-1.5709967689219,0.006,0.03,1
"CPXM1",0.142094555666968,-2.04089742953515,0.006,0.03,1
"EDNRB-AS1",0.142094555666968,-1.65395225195121,0.006,0.03,1
"ENSG00000159239",0.142094555666968,-2.19554324861299,0.006,0.03,1
"ENSG00000223646",0.142094555666968,-1.88894821846743,0.006,0.03,1
"ENSG00000224228",0.142094555666968,-2.67503989168659,0.006,0.03,1
"ENSG00000225407",0.142094555666968,-2.04007576697014,0.006,0.03,1
"ENSG00000226310",0.142094555666968,-1.63202940296008,0.006,0.03,1
"ENSG00000232855",0.142094555666968,-1.84969299829703,0.006,0.03,1
"ENSG00000235111",0.142094555666968,-2.43393304153727,0.006,0.03,1
"ENSG00000236069",0.142094555666968,-1.96458743778165,0.006,0.03,1
"ENSG00000239300",0.142094555666968,-3.04426983594301,0.006,0.03,1
"ENSG00000271855",0.142094555666968,-2.14775820316082,0.006,0.03,1
"ENSG00000271971",0.142094555666968,-1.87140557698471,0.006,0.03,1
"ENSG00000272908",0.142094555666968,-2.0371570834325,0.006,0.03,1
"ENSG00000273474",0.142094555666968,-2.55619514942761,0.006,0.03,1
"ENSG00000275457",0.142094555666968,-2.07790239448781,0.006,0.03,1
"ENSG00000283411",0.142094555666968,-2.84837476425583,0.006,0.03,1
"ENSG00000284959",0.142094555666968,-1.92680447670828,0.006,0.03,1
"ENSG00000288855",0.142094555666968,-1.92424957812784,0.006,0.03,1
"ENSG00000289149",0.142094555666968,-2.00668611316507,0.006,0.03,1
"ENSG00000290457",0.142094555666968,-1.85446128898294,0.006,0.03,1
"ENSG00000290839",0.142094555666968,-2.07381770050281,0.006,0.03,1
"FKBP14-AS1",0.142094555666968,-2.03479865314924,0.006,0.03,1
"FOXP1-IT1",0.142094555666968,-2.16341536285945,0.006,0.03,1
"GDPD3",0.142094555666968,-1.81378808911528,0.006,0.03,1
"IQCH",0.142094555666968,-2.21735186173821,0.006,0.03,1
"KCNIP2-AS1",0.142094555666968,-2.01797108653328,0.006,0.03,1
"LINC01182",0.142094555666968,-1.88209103734598,0.006,0.03,1
"LINC02008",0.142094555666968,-1.56568003083874,0.006,0.03,1
"LRRC75A",0.142094555666968,-2.29255388007561,0.006,0.03,1
"MCM3AP-AS1",0.142094555666968,-1.81251002844384,0.006,0.03,1
"MIRLET7BHG",0.142094555666968,-2.01107270071175,0.006,0.03,1
"NEB",0.142094555666968,-2.12340071905852,0.006,0.03,1
"PLCG1-AS1",0.142094555666968,-1.91793292538952,0.006,0.03,1
"PTH2R",0.142094555666968,-1.62155835680508,0.006,0.03,1
"PXN-AS1",0.142094555666968,-1.94717631825464,0.006,0.03,1
"RAB20",0.142094555666968,-1.70206380760493,0.006,0.03,1
"RHOU",0.142094555666968,-2.18716766332089,0.006,0.03,1
"SETD9",0.142094555666968,-1.92790150361056,0.006,0.03,1
"SLC26A6",0.142094555666968,-1.82404653495363,0.006,0.03,1
"VWA3B",0.142094555666968,-2.3958346492491,0.006,0.03,1
"WDFY3",0.142094555666968,-2.25057126572461,0.006,0.03,1
"WEE2-AS1",0.142094555666968,-2.23303511550374,0.006,0.03,1
"ZNF311",0.142094555666968,-2.03672202503901,0.006,0.03,1
"ZNF416",0.142094555666968,-2.28508664624514,0.006,0.03,1
"ATF7IP",0.142268728420159,1.10369922103052,0.5,0.545,1
"ENSG00000290537",0.142521967665067,-0.601669101457075,0.03,0.076,1
"ALG6",0.142646600247724,-1.09112819029457,0.042,0.091,1
"DHFR2",0.142646600247724,-1.52252021231614,0.042,0.091,1
"MAP4K3-DT",0.142646600247724,-0.706976468735276,0.042,0.091,1
"ENSG00000250155",0.142795273879052,0.389947320688964,0.078,0.152,1
"AAAS",0.142832246012134,-0.403519951241412,0.06,0.121,1
"DNAJC5",0.142832246012134,-0.579954493227339,0.06,0.121,1
"JRKL",0.142832246012134,-0.216687958595948,0.06,0.121,1
"ACBD6",0.143122889862347,-0.201616493997859,0.145,0.242,1
"FGGY",0.143439524628952,2.93469491662367,0.06,0.015,1
"PSD3",0.143439524628952,2.67660271550232,0.06,0.015,1
"VAT1",0.143439524628952,1.81662952362894,0.06,0.015,1
"RABEP2",0.143626770843284,1.86630322536693,0.12,0.061,1
"PIN1",0.144134455017636,-0.885311800540454,0.042,0.091,1
"STX3",0.144207032541237,-0.125818514776765,0.03,0.076,1
"AKAP9",0.144254416452531,0.100114807186208,0.578,0.848,1
"TAF1D",0.144300509320344,0.743563437984347,0.566,0.606,1
"MRTFA",0.144685351256099,0.262077454938566,0.102,0.182,1
"SVBP",0.144685351256099,-0.381858935222324,0.102,0.182,1
"ODF2L",0.14492632133411,0.251542451153126,0.133,0.227,1
"FUT8",0.144931036628423,1.29151107720242,0.193,0.121,1
"SMARCA5",0.14494158219874,0.253320345330859,0.295,0.439,1
"KLF16",0.145001887646704,0.148994453416395,0.108,0.197,1
"DCAF4",0.145057298129331,2.51479917424524,0.06,0.015,1
"ZNF860",0.145057298129331,2.16620209620914,0.06,0.015,1
"ADM2",0.145128505205492,-0.760877562524588,0.006,0.03,1
"ADSL",0.145128505205492,-1.58277751166783,0.006,0.03,1
"ANKFN1",0.145128505205492,-1.43371825843815,0.006,0.03,1
"ANKRD20A5P",0.145128505205492,-1.22610584103632,0.006,0.03,1
"ANOS1",0.145128505205492,-1.3303306234082,0.006,0.03,1
"ARRDC1-AS1",0.145128505205492,-1.38807646550497,0.006,0.03,1
"ASMTL-AS1",0.145128505205492,-1.05403804787705,0.006,0.03,1
"ATP13A3-DT",0.145128505205492,-0.342451165349861,0.006,0.03,1
"ATP6AP1-DT",0.145128505205492,-0.753611282757425,0.006,0.03,1
"B3GALT9",0.145128505205492,-0.885638222224168,0.006,0.03,1
"BCAR3-AS1",0.145128505205492,-1.38353212814767,0.006,0.03,1
"BMP6",0.145128505205492,-0.6997884179435,0.006,0.03,1
"BTBD8",0.145128505205492,-1.69044168407626,0.006,0.03,1
"C1orf216",0.145128505205492,-0.692265124930864,0.006,0.03,1
"CACNA1D",0.145128505205492,-1.30717258828049,0.006,0.03,1
"CAPN10",0.145128505205492,-1.21163002745956,0.006,0.03,1
"CATSPER2P1",0.145128505205492,-1.39284713374692,0.006,0.03,1
"CCNA2",0.145128505205492,-1.0477001347325,0.006,0.03,1
"CCNJ",0.145128505205492,-0.937727348009019,0.006,0.03,1
"CDH18",0.145128505205492,-0.784068899669937,0.006,0.03,1
"CDK11A",0.145128505205492,-0.83335194514135,0.006,0.03,1
"CLDN12",0.145128505205492,-1.55830874539722,0.006,0.03,1
"COL6A2",0.145128505205492,-1.32067117575622,0.006,0.03,1
"CTIF",0.145128505205492,2.07038217556587,0.006,0.03,1
"CTNND1",0.145128505205492,-1.67918021580267,0.006,0.03,1
"CYB561",0.145128505205492,-1.38718770029404,0.006,0.03,1
"CYP19A1",0.145128505205492,-1.34461786327375,0.006,0.03,1
"CYP2B7P",0.145128505205492,-1.63651353806041,0.006,0.03,1
"DDR2",0.145128505205492,-1.34931138765173,0.006,0.03,1
"DENND3-AS1",0.145128505205492,-1.06526447296795,0.006,0.03,1
"DIAPH3",0.145128505205492,-0.213328333326145,0.006,0.03,1
"DLL1",0.145128505205492,-1.88827459771804,0.006,0.03,1
"DOLK",0.145128505205492,-1.39981314213607,0.006,0.03,1
"EBF4",0.145128505205492,-1.62773964125743,0.006,0.03,1
"EDA",0.145128505205492,-1.16345547734239,0.006,0.03,1
"EID3",0.145128505205492,-0.66864772602272,0.006,0.03,1
"ENSG00000222042",0.145128505205492,-1.23954137282633,0.006,0.03,1
"ENSG00000228509",0.145128505205492,-0.899361387243235,0.006,0.03,1
"ENSG00000230615",0.145128505205492,-1.33186499504504,0.006,0.03,1
"ENSG00000230732",0.145128505205492,-0.514722375627415,0.006,0.03,1
"ENSG00000231918",0.145128505205492,-1.17674582777923,0.006,0.03,1
"ENSG00000244459",0.145128505205492,-1.2874350757508,0.006,0.03,1
"ENSG00000245768",0.145128505205492,-0.593633186941239,0.006,0.03,1
"ENSG00000253503",0.145128505205492,-0.447154983995225,0.006,0.03,1
"ENSG00000256948",0.145128505205492,-1.3525162508932,0.006,0.03,1
"ENSG00000258337",0.145128505205492,-1.06862848651714,0.006,0.03,1
"ENSG00000260371",0.145128505205492,-0.776730628347188,0.006,0.03,1
"ENSG00000264112",0.145128505205492,-1.72437713110875,0.006,0.03,1
"ENSG00000264666",0.145128505205492,-1.60418067424536,0.006,0.03,1
"ENSG00000267248",0.145128505205492,-1.75621983016851,0.006,0.03,1
"ENSG00000269176",0.145128505205492,-0.802110164042284,0.006,0.03,1
"ENSG00000272010",0.145128505205492,-0.796522941975118,0.006,0.03,1
"ENSG00000272112",0.145128505205492,-1.24352557062601,0.006,0.03,1
"ENSG00000273447",0.145128505205492,-0.915092899041001,0.006,0.03,1
"ENSG00000274104",0.145128505205492,-0.984429887435978,0.006,0.03,1
"ENSG00000275674",0.145128505205492,-1.30864924638416,0.006,0.03,1
"ENSG00000276718",0.145128505205492,-1.39414584221013,0.006,0.03,1
"ENSG00000285999",0.145128505205492,-1.30428970298377,0.006,0.03,1
"ENSG00000287124",0.145128505205492,-0.841032569545541,0.006,0.03,1
"ENSG00000287284",0.145128505205492,-0.503460857389548,0.006,0.03,1
"ENSG00000288033",0.145128505205492,-0.402060010984266,0.006,0.03,1
"ENSG00000288877",0.145128505205492,0.149903760736546,0.006,0.03,1
"ENSG00000289084",0.145128505205492,-0.711112068824884,0.006,0.03,1
"ENSG00000289085",0.145128505205492,-0.667327711968092,0.006,0.03,1
"ENSG00000289516",0.145128505205492,0.156967680366922,0.006,0.03,1
"ENSG00000290036",0.145128505205492,-0.458579762237407,0.006,0.03,1
"ENSG00000290460",0.145128505205492,-1.67197330631821,0.006,0.03,1
"ENSG00000291042",0.145128505205492,-0.961653893494033,0.006,0.03,1
"EOGT-DT",0.145128505205492,-0.824085363514083,0.006,0.03,1
"EPS8",0.145128505205492,-1.44031410175582,0.006,0.03,1
"ETFBKMT",0.145128505205492,-1.7178690805746,0.006,0.03,1
"EVC2",0.145128505205492,0.229456105529766,0.006,0.03,1
"EYA2",0.145128505205492,-1.42770463006931,0.006,0.03,1
"FAM86EP",0.145128505205492,-1.53860921826287,0.006,0.03,1
"FANK1",0.145128505205492,-1.04472066706306,0.006,0.03,1
"FBLN1",0.145128505205492,-1.02698565970111,0.006,0.03,1
"GARIN1A",0.145128505205492,-0.600488745230981,0.006,0.03,1
"GATA3",0.145128505205492,-0.867287060452732,0.006,0.03,1
"GGACT",0.145128505205492,-1.31367729765552,0.006,0.03,1
"GNAI1",0.145128505205492,-1.63640666138504,0.006,0.03,1
"H2AC16",0.145128505205492,-1.94789198151178,0.006,0.03,1
"H2AW",0.145128505205492,-0.874833816816859,0.006,0.03,1
"HAAO",0.145128505205492,-1.59915543593662,0.006,0.03,1
"HAS3",0.145128505205492,-0.457899536927687,0.006,0.03,1
"HDAC4-AS1",0.145128505205492,0.322465722045218,0.006,0.03,1
"INO80B",0.145128505205492,-1.13945851953833,0.006,0.03,1
"INSL3",0.145128505205492,-1.85842299372135,0.006,0.03,1
"JOSD2",0.145128505205492,-1.89912926572528,0.006,0.03,1
"KAT5",0.145128505205492,-0.742862456995256,0.006,0.03,1
"LENG8-AS1",0.145128505205492,-1.04099023176935,0.006,0.03,1
"LIFR",0.145128505205492,-0.721961351859559,0.006,0.03,1
"LINC01001",0.145128505205492,-0.728481930543444,0.006,0.03,1
"LINC01019",0.145128505205492,-0.860592374269561,0.006,0.03,1
"LINC02035",0.145128505205492,-0.54703073222492,0.006,0.03,1
"LINC02482",0.145128505205492,-0.59545538536826,0.006,0.03,1
"LINC02773",0.145128505205492,-1.44127788923338,0.006,0.03,1
"LINC02901",0.145128505205492,-1.20632196381823,0.006,0.03,1
"LRRC56",0.145128505205492,-1.91353014211315,0.006,0.03,1
"MIEF2",0.145128505205492,-0.86210581537817,0.006,0.03,1
"MIR3681HG",0.145128505205492,-1.21465681759315,0.006,0.03,1
"MPST",0.145128505205492,-0.993276859779203,0.006,0.03,1
"MRC1",0.145128505205492,-1.69429486708287,0.006,0.03,1
"MRPL12",0.145128505205492,-1.25002808455685,0.006,0.03,1
"MRPS24",0.145128505205492,-0.583399064529598,0.006,0.03,1
"MTTP",0.145128505205492,-1.73834518280666,0.006,0.03,1
"MYO5B",0.145128505205492,-1.59123573077384,0.006,0.03,1
"NEURL1",0.145128505205492,-1.73639566043148,0.006,0.03,1
"NGB",0.145128505205492,-1.06802888987096,0.006,0.03,1
"NOTUM",0.145128505205492,-0.839285120169716,0.006,0.03,1
"NUDT12",0.145128505205492,-1.4150437784531,0.006,0.03,1
"NUP107-DT",0.145128505205492,-1.40940452191315,0.006,0.03,1
"ODF3B",0.145128505205492,-1.91400667531734,0.006,0.03,1
"PCF11-AS1",0.145128505205492,-0.556345576044591,0.006,0.03,1
"PHETA2",0.145128505205492,-1.55156114317865,0.006,0.03,1
"PLD1",0.145128505205492,-1.40568255525373,0.006,0.03,1
"PLEKHA6",0.145128505205492,-1.61614958206871,0.006,0.03,1
"POLR3G",0.145128505205492,-1.43264158210585,0.006,0.03,1
"POMGNT2",0.145128505205492,-0.729322274349747,0.006,0.03,1
"PPP1R32",0.145128505205492,-1.63365747906262,0.006,0.03,1
"PSMD6-AS1",0.145128505205492,-0.143097074324411,0.006,0.03,1
"PTH",0.145128505205492,-1.87143068869149,0.006,0.03,1
"RBM34",0.145128505205492,-0.939526091493752,0.006,0.03,1
"RCN3",0.145128505205492,-1.14946205422695,0.006,0.03,1
"RFPL3S",0.145128505205492,-1.10527085213095,0.006,0.03,1
"RGS9",0.145128505205492,-1.22011767573855,0.006,0.03,1
"RUNDC3B",0.145128505205492,-1.15673026568538,0.006,0.03,1
"RWDD3-DT",0.145128505205492,-0.126168034546583,0.006,0.03,1
"SAMD13",0.145128505205492,-1.52727308388132,0.006,0.03,1
"SENCR",0.145128505205492,-1.55409778626572,0.006,0.03,1
"SHC4",0.145128505205492,-0.875250663324762,0.006,0.03,1
"SLC31A2",0.145128505205492,-1.68337660044355,0.006,0.03,1
"SLC8A1-AS1",0.145128505205492,-1.79030589893213,0.006,0.03,1
"SLC9A3R2",0.145128505205492,-1.85979297201657,0.006,0.03,1
"SMIM35",0.145128505205492,-1.76980337470353,0.006,0.03,1
"SNURF",0.145128505205492,-0.925740908930241,0.006,0.03,1
"SOX6",0.145128505205492,-1.75103308186225,0.006,0.03,1
"SPIN2B",0.145128505205492,-1.42419647573378,0.006,0.03,1
"STAG2-AS1",0.145128505205492,-1.19178392916631,0.006,0.03,1
"STPG2",0.145128505205492,-1.31765735336593,0.006,0.03,1
"STX1A",0.145128505205492,-0.966966364640474,0.006,0.03,1
"SYNC",0.145128505205492,-1.74376822623765,0.006,0.03,1
"TEF",0.145128505205492,-0.985796497384662,0.006,0.03,1
"THBS4",0.145128505205492,-1.13230704798938,0.006,0.03,1
"TIMP1",0.145128505205492,-1.48859640289143,0.006,0.03,1
"TRPM4",0.145128505205492,-0.223790941402371,0.006,0.03,1
"TSNAX-DISC1",0.145128505205492,-1.16029373531848,0.006,0.03,1
"ULK2",0.145128505205492,-1.17773073002748,0.006,0.03,1
"URB1-AS1",0.145128505205492,-1.84787132224262,0.006,0.03,1
"USP30",0.145128505205492,-1.0822764427536,0.006,0.03,1
"USP30-AS1",0.145128505205492,-1.65763510021238,0.006,0.03,1
"ZNF30",0.145128505205492,-0.703471051830293,0.006,0.03,1
"ZNF415",0.145128505205492,-1.58843144634297,0.006,0.03,1
"ZNF446",0.145128505205492,-1.03621841578489,0.006,0.03,1
"ZNF624",0.145128505205492,-1.47192438634266,0.006,0.03,1
"ZNF713",0.145128505205492,-1.73466687186733,0.006,0.03,1
"ZRANB2-AS1",0.145128505205492,-1.07439558323517,0.006,0.03,1
"ZNF75D",0.145399000663334,0.72305580416124,0.06,0.121,1
"MRPL22",0.145634177970184,-1.25021668452511,0.042,0.091,1
"POFUT1",0.145634177970184,-1.06378364458877,0.042,0.091,1
"TRRAP",0.145641674561699,0.284423869325054,0.193,0.318,1
"CENPC",0.145641674561699,1.371009414391,0.247,0.182,1
"DFFA",0.145724214882817,0.157710987482981,0.175,0.288,1
"ARHGAP25",0.145930275009037,0.261720157175798,0.307,0.485,1
"ADIPOR2",0.145960145293623,0.434741836068638,0.12,0.212,1
"PRR5L",0.146279778122261,-0.56947576192293,0.072,0.136,1
"PDK3",0.146279778122261,0.692511885933051,0.108,0.045,1
"MKNK2",0.146423874336057,0.93512908686053,0.476,0.485,1
"DAB1",0.146509389070192,2.51219150971334,0.102,0.045,1
"RPL27A",0.146879475686835,0.180433052019908,0.94,0.939,1
"INO80E",0.147027490040732,1.92814333793789,0.12,0.061,1
"WDR45B",0.147041536348434,-0.126561049441533,0.139,0.227,1
"CCDC82",0.147172043088832,-0.254567997484442,0.151,0.242,1
"PPP1R18",0.147501442697907,-0.141677225049389,0.572,0.803,1
"GID8",0.147761597396503,0.326597112007374,0.133,0.227,1
"TRIM27",0.147967728776437,0.365931802811015,0.169,0.288,1
"CCNY",0.147967810025159,-0.154212060098783,0.271,0.409,1
"ZNF320",0.148000929251359,-0.361789777742911,0.06,0.121,1
"POLE4",0.148015662697305,-0.102337422759538,0.169,0.273,1
"IGFLR1",0.148049706122656,-0.477374546938966,0.096,0.167,1
"INSR",0.148669427864226,-1.2035814960773,0.042,0.091,1
"CEP170",0.148851344194622,1.78027955040114,0.235,0.182,1
"FAM193A",0.14889039471604,1.38950147343919,0.217,0.152,1
"NBPF10",0.14889039471604,1.46787387613052,0.217,0.152,1
"CDS2",0.149002386197215,1.83875435213312,0.102,0.045,1
"ENSG00000258181",0.149002386197215,1.73978266232028,0.102,0.045,1
"SREBF2",0.14930806503917,1.19593749061733,0.253,0.182,1
"MAGEH1",0.149315162483204,-0.251313976682144,0.06,0.121,1
"TRIM52-AS1",0.149328618834862,1.95627467868235,0.12,0.061,1
"MTERF4",0.149339137770233,1.59292536108281,0.241,0.182,1
"ANKRD13A",0.149632894653798,1.12562793382093,0.289,0.227,1
"GTF3A",0.14985460437283,-0.103697228338756,0.416,0.621,1
"ATF1",0.149953879166637,0.369616655303294,0.102,0.182,1
"SOCS7",0.150213558946989,0.885585651712752,0.084,0.03,1
"GOLGA4",0.150581301989291,0.391598895946819,0.313,0.5,1
"GCH1",0.150638283305873,-0.269114162050343,0.06,0.121,1
"RBM7",0.15069953096429,0.19936293991048,0.09,0.167,1
"SINHCAF",0.150734273174318,0.276878479781631,0.247,0.409,1
"TERF2",0.150881418465534,0.274003425697376,0.175,0.288,1
"MLH3",0.151180726606764,-0.203951511871412,0.072,0.136,1
"CDC5L",0.151203610499353,0.580718315303262,0.229,0.379,1
"UBE2Z",0.151445305800073,0.489697925644755,0.187,0.318,1
"ECI1",0.151668417226085,1.18926940263654,0.06,0.015,1
"REXO1",0.151668417226085,1.14971629813025,0.06,0.015,1
"VPS11",0.151752745657874,-0.516143670995888,0.042,0.091,1
"ALOX12-AS1",0.151813452058142,1.71738818039913,0.139,0.076,1
"MTRFR",0.151874215893264,1.58557718182116,0.187,0.121,1
"ATG4B",0.151917612577806,-0.206069041944906,0.127,0.212,1
"IFNGR2",0.151944921849577,1.35958807356864,0.259,0.197,1
"GTF3C4",0.151970322720897,-0.172148698622534,0.06,0.121,1
"ENTR1",0.15210179850469,0.227686031030926,0.102,0.182,1
"KCTD10",0.152425295339787,-0.206936452994698,0.072,0.136,1
"LILRA5",0.15331255226591,-1.02678108697209,0.042,0.091,1
"TP53I13",0.15331255226591,-0.509970063860303,0.042,0.091,1
"AHCYL1",0.153627755857924,0.256568367406906,0.217,0.348,1
"SLC35A5",0.154013194199086,-0.562948310744542,0.084,0.152,1
"PLD3",0.154085353624276,1.74178768888927,0.102,0.045,1
"KRBOX4",0.154102745912972,0.351039118595149,0.09,0.167,1
"SLC30A6",0.154661280420725,0.554165730028665,0.06,0.121,1
"ZNF813",0.154661280420725,0.243497699311004,0.06,0.121,1
"ANAPC16",0.15475577825552,0.796787333079279,0.59,0.682,1
"GPR107",0.154960206820558,0.367822116464488,0.12,0.212,1
"KDM1A",0.155037997113528,-0.14847587740678,0.157,0.258,1
"WDTC1",0.155125142454166,1.43115652853484,0.139,0.076,1
"GCNT1",0.155250035964907,0.296833587376099,0.09,0.167,1
"NPAT",0.155529493571324,0.220167913488249,0.133,0.227,1
"HGS",0.156020259785427,0.124424124987333,0.06,0.121,1
"FAM219B",0.156205796241412,-0.24553579428187,0.072,0.136,1
"ANAPC1P2",0.156220573227324,2.76152510130344,0.03,0,1
"ANO9",0.156220573227324,2.51475909776589,0.03,0,1
"ARHGAP6",0.156220573227324,2.83407404018987,0.03,0,1
"C1orf21",0.156220573227324,2.46341100612053,0.03,0,1
"CAPS2",0.156220573227324,3.42475296152733,0.03,0,1
"COL6A3",0.156220573227324,2.14862053026692,0.03,0,1
"CRIP3",0.156220573227324,2.75482618738424,0.03,0,1
"DOK7",0.156220573227324,2.56583338723577,0.03,0,1
"DRAM1",0.156220573227324,3.25912996112392,0.03,0,1
"ENSG00000224848",0.156220573227324,2.99145740822478,0.03,0,1
"ENSG00000229151",0.156220573227324,3.19872142786439,0.03,0,1
"ENSG00000262580",0.156220573227324,2.95043722535929,0.03,0,1
"ENSG00000265100",0.156220573227324,2.00782778686147,0.03,0,1
"ENSG00000274322",0.156220573227324,3.25471609139995,0.03,0,1
"ENSG00000281039",0.156220573227324,2.76740743977056,0.03,0,1
"ENSG00000286724",0.156220573227324,2.83701964290875,0.03,0,1
"ENSG00000287625",0.156220573227324,3.34751975784786,0.03,0,1
"ENSG00000289564",0.156220573227324,2.55247715082252,0.03,0,1
"ENSG00000290870",0.156220573227324,3.00003912874187,0.03,0,1
"FAM66C",0.156220573227324,2.69344792947746,0.03,0,1
"FAM86DP",0.156220573227324,3.33728903086314,0.03,0,1
"GPRASP1",0.156220573227324,3.01301620944777,0.03,0,1
"GRAPL",0.156220573227324,3.01911671104178,0.03,0,1
"IGF2BP3",0.156220573227324,2.52825406242354,0.03,0,1
"IGHG4",0.156220573227324,7.02578230971321,0.03,0,1
"IRAK2",0.156220573227324,3.04305909402621,0.03,0,1
"ITGB2-AS1",0.156220573227324,3.24102554621052,0.03,0,1
"KLHDC7B",0.156220573227324,2.31340071015497,0.03,0,1
"KRT10-AS1",0.156220573227324,2.83927784407179,0.03,0,1
"LIMS2",0.156220573227324,2.92079813027285,0.03,0,1
"LINC00921",0.156220573227324,2.39888739768399,0.03,0,1
"LIPE",0.156220573227324,2.78019142844782,0.03,0,1
"MAST2",0.156220573227324,2.24153421937951,0.03,0,1
"MCF2L2",0.156220573227324,2.09304971025213,0.03,0,1
"P2RX5-TAX1BP3",0.156220573227324,3.14869037528116,0.03,0,1
"PAGR1",0.156220573227324,2.4484421760313,0.03,0,1
"PLEKHB1",0.156220573227324,2.34354477104548,0.03,0,1
"PPIL6",0.156220573227324,2.62527039581782,0.03,0,1
"PPIP5K1",0.156220573227324,4.03476687173003,0.03,0,1
"PRAMENP",0.156220573227324,2.51013130077478,0.03,0,1
"RAB4B",0.156220573227324,3.1189540056113,0.03,0,1
"RASGRF1",0.156220573227324,2.42723725065512,0.03,0,1
"RPS17",0.156220573227324,2.44369089296442,0.03,0,1
"SIGLEC1",0.156220573227324,2.76075647838223,0.03,0,1
"SLC30A4",0.156220573227324,3.04884173325898,0.03,0,1
"SLCO5A1-AS1",0.156220573227324,3.25797976335953,0.03,0,1
"SMAGP",0.156220573227324,2.8566517174154,0.03,0,1
"SPATA2L",0.156220573227324,3.69849649627016,0.03,0,1
"SPICE1",0.156220573227324,2.30185241097062,0.03,0,1
"SYCP2",0.156220573227324,2.01752840931063,0.03,0,1
"TAF9B",0.156220573227324,1.8117384868033,0.03,0,1
"THAP7-AS1",0.156220573227324,2.46093323062336,0.03,0,1
"TNFAIP2",0.156220573227324,2.20787500039796,0.03,0,1
"VASH1-AS1",0.156220573227324,2.81269856604989,0.03,0,1
"ZNF831",0.156220573227324,2.82303766387265,0.03,0,1
"ZNNT1",0.156220573227324,2.28657877152198,0.03,0,1
"CLPP",0.15646870246074,-0.538586667095767,0.042,0.091,1
"ZNF609",0.156578634057125,0.313585737863342,0.187,0.303,1
"USP21",0.156675750116575,1.02870466634671,0.102,0.045,1
"PPP1R7",0.156978711195957,-0.67367409271947,0.096,0.167,1
"SNRPD2",0.157168311963531,-0.128355323470277,0.482,0.712,1
"DNAJC21",0.157243769527217,-0.201143030901057,0.295,0.424,1
"ECH1",0.157519064088706,0.26244362653193,0.133,0.227,1
"GUF1",0.157574004000079,0.154020250174167,0.102,0.182,1
"KDM5B",0.157979260377163,-0.247528773634178,0.127,0.212,1
"DARS2",0.158065141628226,-0.477684899134552,0.042,0.091,1
"ENSG00000237356",0.158065141628226,-1.06293940221732,0.042,0.091,1
"LTBR",0.158065141628226,-0.813338261832255,0.042,0.091,1
"SLC8B1",0.158065141628226,-0.56222309820858,0.042,0.091,1
"FLI1",0.158465285563517,1.08504447788396,0.386,0.348,1
"STX4",0.158765370810526,0.150666115543393,0.06,0.121,1
"NARS2",0.158808632931715,-0.824962430773398,0.084,0.152,1
"MRPL43",0.158874664776997,0.381322098721737,0.199,0.333,1
"ICOSLG",0.159129119393717,1.94333166614049,0.181,0.121,1
"PNPLA8",0.159215111415478,0.398426128648239,0.187,0.318,1
"AKR1B1",0.159273491990729,2.35403919159748,0.133,0.076,1
"ENSG00000228427",0.159673886634489,-0.467529098639705,0.042,0.091,1
"ENSG00000290043",0.160723896316192,-1.81567717894663,0.024,0.061,1
"TCF20",0.160790429251132,2.08421090855708,0.151,0.091,1
"TSPOAP1-AS1",0.160805949902575,0.437275196027975,0.205,0.333,1
"ATG5",0.161078352303579,0.254881649853994,0.127,0.212,1
"NLRC3",0.161121353098623,2.54605205796843,0.078,0.03,1
"PPM1A",0.161186209941853,-0.430375856661783,0.12,0.197,1
"SMDT1",0.161283913393144,1.16937908131788,0.422,0.424,1
"ABITRAM",0.1612949843668,-0.249760329598744,0.042,0.091,1
"ENPP4",0.1612949843668,-0.482563640993383,0.042,0.091,1
"ENSG00000290461",0.1612949843668,-0.340311324525226,0.042,0.091,1
"PLA2G6",0.1612949843668,-0.723454402139892,0.042,0.091,1
"PUM3",0.161412199234435,0.242992288857078,0.181,0.303,1
"ARL17B",0.16210954516702,-0.106471160183857,0.042,0.091,1
"OAZ2",0.16212143582341,-0.218190300668553,0.127,0.212,1
"RBM10",0.162270354950936,0.272148967590202,0.09,0.167,1
"TMEM251",0.162466657291913,-0.196692993979391,0.054,0.106,1
"TUBG2",0.162466657291913,-0.98550824727514,0.054,0.106,1
"PFKL",0.162478750536192,-0.372294747376406,0.084,0.152,1
"ENSG00000261218",0.162647140323704,2.51032989950505,0.078,0.03,1
"WDR47",0.162928481338608,-0.886968190341779,0.042,0.091,1
"PJA1",0.164183801909793,2.55854802130204,0.078,0.03,1
"ZNF420",0.164183801909793,2.1019949925391,0.078,0.03,1
"APIP",0.164222622510743,0.313943513007592,0.127,0.212,1
"DUSP1",0.164287157634235,0.511304958894764,0.657,0.576,1
"PABPC4",0.164383383570486,0.117431899873293,0.392,0.591,1
"APLF",0.164574423682533,0.175873611587116,0.042,0.091,1
"SLC25A4",0.164574423682533,-0.670213265143132,0.042,0.091,1
"ENSG00000290057",0.164856069814269,-1.57260810954521,0.024,0.061,1
"DHX40",0.164872669176875,0.197875863315877,0.114,0.197,1
"TLR1",0.16501158995854,1.29760144178232,0.241,0.182,1
"MVP",0.165455123082639,-0.142181195043891,0.169,0.258,1
"KDM7A",0.16572069605944,1.31769684594342,0.289,0.242,1
"FHIP2B",0.165731375320181,2.31145469898365,0.078,0.03,1
"MIOS",0.165731375320181,1.95544948395141,0.078,0.03,1
"ELK4",0.165758030254277,1.29821333393159,0.301,0.258,1
"NIPBL",0.166161829020846,0.946338012063843,0.53,0.561,1
"ANK3",0.166212500003764,1.29065759981424,0.12,0.061,1
"LINC01003",0.166232857143347,-0.400481334014057,0.042,0.091,1
"NOTCH2NLC",0.166232857143347,-0.180834182756658,0.042,0.091,1
"POLR2F",0.166589798263147,-0.470659934437675,0.12,0.197,1
"RNFT1",0.166634578715535,0.179049955938615,0.072,0.136,1
"PCYT1A",0.166711114014208,0.471401043836384,0.133,0.227,1
"SOS2",0.167042994946248,1.68588704170836,0.259,0.212,1
"KIAA1328",0.167289897717572,2.42368263154873,0.078,0.03,1
"DDX55",0.167379446722141,0.35147627794707,0.163,0.273,1
"CAMLG",0.167885364963087,0.217942737861716,0.199,0.318,1
"ALKBH8",0.167903827070948,-0.329406306937044,0.042,0.091,1
"TMEM63A",0.16819766955912,0.238995618848453,0.114,0.197,1
"ENSG00000287092",0.168859405959063,2.57932722550313,0.078,0.03,1
"USF1",0.168859405959063,1.8190834290834,0.078,0.03,1
"ITFG1",0.168931201938427,0.297938814525368,0.163,0.258,1
"ATG4D",0.169067726821915,-0.998511792738404,0.024,0.061,1
"ERMP1",0.169067726821915,-1.69894211413441,0.024,0.061,1
"GIMAP8",0.169067726821915,-1.4616631399038,0.024,0.061,1
"HSPD1",0.169221640998293,0.191600218668345,0.319,0.485,1
"TUBA1A",0.16924192816023,2.03162683342326,0.163,0.106,1
"RANBP3",0.169321771522085,0.124767743848938,0.072,0.136,1
"RGS2",0.169602827521641,-0.430671259841607,0.217,0.303,1
"BANF1",0.169651178015225,0.108502544409299,0.38,0.591,1
"WBP2",0.169754620604126,0.149621158480462,0.283,0.455,1
"BRIX1",0.169914927173482,-0.176015930257821,0.096,0.167,1
"DDX19A",0.170010409346877,-0.272601296664406,0.084,0.152,1
"IFT88",0.170010409346877,-0.359787155138439,0.084,0.152,1
"ARHGAP45",0.170136144231137,0.388209022876421,0.102,0.182,1
"HLA-DRA",0.170265858888953,0.109338711190754,0.982,0.985,1
"SERINC1",0.170501761854959,0.155344039401142,0.373,0.561,1
"POLD2",0.170677495420181,0.318399991199419,0.072,0.136,1
"SLC25A25",0.170677495420181,0.120054924268818,0.072,0.136,1
"IL16",0.171043947077224,1.53356663995332,0.283,0.242,1
"MIA2",0.171086957888946,0.266870732006089,0.169,0.273,1
"MINPP1",0.17120358766045,-1.22448874110968,0.024,0.061,1
"NAV1",0.17120358766045,-1.32652811289395,0.024,0.061,1
"NEK11",0.17120358766045,-0.883807191320094,0.024,0.061,1
"EMILIN2",0.171283555709542,0.155917501620352,0.042,0.091,1
"WASF1",0.171283555709542,0.470645182985469,0.042,0.091,1
"NSMCE1",0.171290726631379,-0.107005532834763,0.084,0.152,1
"MAPK1",0.171303836906452,0.12307808027983,0.307,0.47,1
"CD27-AS1",0.171559850369052,-0.623799596525393,0.054,0.106,1
"PDE6D",0.171572759185071,0.181905498519658,0.114,0.197,1
"WIPF1",0.172180427721161,0.732468297261382,0.542,0.591,1
"DHX36",0.172303525774076,0.308595341846887,0.289,0.455,1
"PRPSAP1",0.172350469279936,-0.229507050710469,0.096,0.167,1
"RRP1B",0.172350469279936,-0.119505048994279,0.096,0.167,1
"GOLGA2",0.172634352950128,-0.427513866768763,0.151,0.227,1
"ENSG00000235192",0.172992403082654,-0.113451661782061,0.042,0.091,1
"LINC03036",0.172992403082654,-0.538996675730827,0.042,0.091,1
"RPL10A",0.173024906548515,0.187247281719507,0.88,0.909,1
"DRAM2",0.173048338248156,1.21535764703045,0.373,0.364,1
"GAL3ST4",0.173359588533739,-1.28547154584229,0.024,0.061,1
"KEAP1",0.173359588533739,-0.874804656387842,0.024,0.061,1
"KLHL3",0.173359588533739,-1.06070763844393,0.024,0.061,1
"H1-4",0.173510808822989,2.12383777531336,0.096,0.045,1
"MGA",0.173593754451131,0.580944165210503,0.193,0.318,1
"PPIF",0.173872996052084,0.171400728430934,0.084,0.152,1
"DTWD1",0.173933892563448,0.223286999618912,0.127,0.212,1
"LYRM2",0.174135345968955,0.50027521060306,0.133,0.227,1
"ATP13A3",0.174215538198784,0.537550617020009,0.12,0.212,1
"THAP12",0.174215538198784,0.499721493503607,0.12,0.212,1
"BARD1",0.174674057004893,-0.456412719475177,0.054,0.106,1
"ZNF319",0.174713964232704,-0.269296257145489,0.042,0.091,1
"ZXDB",0.174713964232704,0.232932005310841,0.042,0.091,1
"PPP1R14A",0.174793449154479,-0.142942401410494,0.072,0.136,1
"PRKX",0.174873046776609,1.10569924904048,0.295,0.242,1
"TMEM175",0.174885646487014,0.333982550142289,0.102,0.182,1
"MCPH1",0.174932297079455,1.58363062883153,0.253,0.197,1
"WDR81",0.174956154332239,-0.470756061360675,0.066,0.121,1
"OTUD1",0.174977696698124,0.845460352888126,0.199,0.136,1
"INO80D",0.175215763161739,0.453236218736288,0.133,0.227,1
"TADA3",0.17549587543083,1.45189396171886,0.151,0.091,1
"ENSG00000241962",0.175535816970601,-0.730362757372288,0.024,0.061,1
"GGTA1",0.175535816970601,-1.03455076532655,0.024,0.061,1
"MAP3K5-AS2",0.175535816970601,-0.256520459962381,0.024,0.061,1
"MIB2",0.175535816970601,-0.688143811303281,0.024,0.061,1
"MIIP",0.175535816970601,-0.296398164613446,0.024,0.061,1
"ROR1",0.175535816970601,-1.14393970504642,0.024,0.061,1
"TRPV1",0.175535816970601,-1.09824236323818,0.024,0.061,1
"ZNF692",0.175535816970601,-1.03955854097626,0.024,0.061,1
"WDFY4",0.175736103163499,0.193739286476704,0.386,0.561,1
"RPL36A",0.176149004176568,1.34198299854483,0.169,0.106,1
"NECAP1",0.176151401413659,0.309441398171013,0.114,0.197,1
"KIFC2",0.176246897187058,-0.498434071572778,0.054,0.106,1
"EFCAB2",0.176410466589761,0.557262496567938,0.066,0.121,1
"NPM3",0.176448282429655,0.200711918364742,0.042,0.091,1
"TP53TG1",0.176448282429655,0.11998926286207,0.042,0.091,1
"GGA1",0.176457699342202,-0.137063231929446,0.108,0.182,1
"BOD1L1",0.177070701554903,0.641521302408646,0.59,0.652,1
"UBAP2L",0.177405904186612,-0.135916727870945,0.235,0.348,1
"WDR26",0.177478292675427,0.998633225723504,0.452,0.47,1
"CLEC12A",0.177732359408994,-0.460229580565025,0.024,0.061,1
"CLSTN3",0.177732359408994,-1.07601500632246,0.024,0.061,1
"FBXL19-AS1",0.177732359408994,-0.790969733054024,0.024,0.061,1
"GHRLOS",0.177732359408994,-0.719850427307,0.024,0.061,1
"LDOC1",0.177732359408994,-0.3652202569418,0.024,0.061,1
"REPS2",0.177732359408994,-0.911888767938805,0.024,0.061,1
"TMEM97",0.177732359408994,-0.880558631813873,0.024,0.061,1
"PRIMPOL",0.177830271404225,-0.525605342061678,0.054,0.106,1
"EXOSC7",0.177873770803293,-0.297307428433916,0.066,0.121,1
"ING2",0.177873770803293,-0.487575088940023,0.066,0.121,1
"ENSG00000226571",0.177873770803293,1.98690615483663,0.096,0.045,1
"ZNF622",0.178195400506345,0.415283021379241,0.042,0.091,1
"ATXN1L",0.178385080453989,0.322699571362759,0.127,0.212,1
"SLC12A2-DT",0.178801546445474,0.213435771846344,0.181,0.288,1
"PAFAH1B2",0.179011314727146,0.20690169631667,0.169,0.273,1
"CIAO3",0.179196999948909,2.92041694792736,0.054,0.015,1
"ENSG00000291060",0.179196999948909,3.1572662229721,0.054,0.015,1
"GYPC",0.179196999948909,3.54152008542139,0.054,0.015,1
"LAX1",0.179196999948909,2.98190624075044,0.054,0.015,1
"MAGEF1",0.179196999948909,2.45128724487317,0.054,0.015,1
"PDXDC2P-NPIPB14P",0.179196999948909,3.2852364444034,0.054,0.015,1
"PEBP4",0.179196999948909,3.0439785227344,0.054,0.015,1
"TMEM161A",0.179196999948909,2.55159641996951,0.054,0.015,1
"ZNF202",0.179196999948909,2.94809558248598,0.054,0.015,1
"UBXN2A",0.179466409546062,0.363042427782206,0.139,0.227,1
"TGS1",0.179604363655172,0.362238364399676,0.151,0.242,1
"AAMDC",0.179949301173546,-0.453970531080841,0.024,0.061,1
"DHX34",0.179949301173546,-0.639386645812879,0.024,0.061,1
"ENSG00000243176",0.179949301173546,-2.01021259886849,0.024,0.061,1
"ENSG00000258824",0.179949301173546,-0.339612785118792,0.024,0.061,1
"ENSG00000270127",0.179949301173546,-0.499547856068695,0.024,0.061,1
"ENSG00000272669",0.179949301173546,-0.249302677438911,0.024,0.061,1
"LINC01409",0.179949301173546,-0.558774650739803,0.024,0.061,1
"MGRN1",0.179949301173546,-0.125098765451191,0.024,0.061,1
"MINCR",0.179949301173546,-0.289160489536315,0.024,0.061,1
"SCML1",0.179949301173546,-0.307243457446519,0.024,0.061,1
"TAFA2",0.179949301173546,-0.640959446922924,0.024,0.061,1
"POLR1G",0.179955360851439,0.103546209809974,0.042,0.091,1
"HIP1R",0.180156596777535,1.46874793087174,0.078,0.03,1
"MICAL3",0.180156596777535,0.969804295700899,0.078,0.03,1
"SRGAP2",0.180527044765407,-0.362175175660785,0.175,0.258,1
"SOS1",0.180545480213234,1.5595638921455,0.253,0.197,1
"EIF2B1",0.180642210354374,0.299928283841305,0.127,0.212,1
"ENSG00000284024",0.181028748516995,-0.349481511963389,0.054,0.106,1
"ORMDL1",0.181034400489369,0.468104563611897,0.169,0.273,1
"ENSG00000271254",0.181199800374883,2.24408215885958,0.054,0.015,1
"GBP3",0.181199800374883,1.95872271040613,0.054,0.015,1
"LTBP4",0.181199800374883,2.26170856929383,0.054,0.015,1
"ZNF347",0.181199800374883,2.4005370311396,0.054,0.015,1
"ZNF701",0.181199800374883,2.41286791041906,0.054,0.015,1
"ZNF141",0.181541090773368,1.90647865120843,0.205,0.152,1
"WDR53",0.18172820540238,0.449955522391761,0.042,0.091,1
"RBM6",0.181767808776499,0.751868016841147,0.524,0.561,1
"CNIH4",0.181794216362149,0.206522934589275,0.084,0.152,1
"SRBD1",0.181794216362149,-0.259760119674316,0.084,0.152,1
"ZNF608",0.181815280293327,1.31368733537082,0.078,0.03,1
"FGD5-AS1",0.181839599229977,0.396842579201222,0.199,0.318,1
"RPS3A",0.181958247026922,-0.115339558615613,0.928,0.924,1
"APOM",0.1821867264531,-0.713361119876288,0.024,0.061,1
"ARSG",0.1821867264531,-0.534034638809643,0.024,0.061,1
"CENPJ",0.1821867264531,-0.159861875237584,0.024,0.061,1
"ENSG00000229628",0.1821867264531,-0.48969391499243,0.024,0.061,1
"GRAMD2B",0.1821867264531,-0.840970371982583,0.024,0.061,1
"PINK1",0.1821867264531,0.37495768663112,0.024,0.061,1
"RNFT2",0.1821867264531,-0.367938185398124,0.024,0.061,1
"TMEM67",0.1821867264531,0.660159929791097,0.024,0.061,1
"LINC03009",0.182317883952433,2.16033715466695,0.096,0.045,1
"HIPK2",0.182354103342331,1.85286985471865,0.133,0.076,1
"CCDC18",0.182693793143589,-0.155031143326121,0.187,0.288,1
"KIAA1109",0.182764279174603,1.4544074622128,0.223,0.167,1
"YBX1",0.182778376012608,-0.169916095857619,0.819,0.939,1
"ROMO1",0.182797544134511,0.170125317497433,0.151,0.242,1
"CDKL1",0.183219168989271,2.31956088353558,0.054,0.015,1
"PAK4",0.183219168989271,2.11561540893745,0.054,0.015,1
"TCTA",0.183246868560084,0.524954016421304,0.072,0.136,1
"RNF41",0.183369199390927,1.48854730200187,0.301,0.273,1
"RTCB",0.183401742470046,0.119518096216718,0.205,0.318,1
"ZNF580",0.183541595512563,-0.33719629241869,0.133,0.212,1
"PAPOLA",0.183631228453542,0.614137658264215,0.548,0.561,1
"LINC01500",0.183634229427039,0.191626793184401,0.096,0.167,1
"NCOR1",0.183814257949752,-0.100045011623595,0.416,0.606,1
"RPF1",0.184209212817145,0.135936771201556,0.235,0.348,1
"LSM8",0.184428879950368,0.218307225512582,0.265,0.409,1
"ACTR5",0.184444718278247,0.344384849121087,0.024,0.061,1
"ANAPC2",0.184444718278247,0.168207466027775,0.024,0.061,1
"AP1G2-AS1",0.184444718278247,0.360388617762896,0.024,0.061,1
"AQP3",0.184444718278247,-0.15371821351838,0.024,0.061,1
"COMMD5",0.184444718278247,-0.585890432704251,0.024,0.061,1
"ENSG00000286313",0.184444718278247,-0.208829407643195,0.024,0.061,1
"GATB",0.184444718278247,-0.70733053210643,0.024,0.061,1
"HLA-L",0.184444718278247,-0.412852643468248,0.024,0.061,1
"IQCH-AS1",0.184444718278247,-0.29637860899882,0.024,0.061,1
"PCYT2",0.184444718278247,-0.298397078387584,0.024,0.061,1
"PGBD2",0.184444718278247,0.624284932918077,0.024,0.061,1
"RALY-AS1",0.184444718278247,-0.688951320264799,0.024,0.061,1
"TMEM120A",0.184444718278247,-0.430522022220402,0.024,0.061,1
"TMA7",0.184649970811226,-0.100667844951968,0.56,0.788,1
"GPALPP1",0.184678022286344,-0.111167410402677,0.133,0.212,1
"MYO15B",0.184678022286344,-0.230820034080033,0.133,0.212,1
"SNX25",0.184920999970615,1.73609384158457,0.133,0.076,1
"TAOK1",0.185154656507296,0.27468775415542,0.241,0.394,1
"NUP210",0.185308959163726,0.228716803630486,0.259,0.424,1
"UNC45A",0.185326037977451,-0.601823389490943,0.066,0.121,1
"ZC3H7B",0.185326037977451,-0.175896236599387,0.066,0.121,1
"IRAG2",0.18588224735864,1.01909526123988,0.367,0.348,1
"PARP9",0.185884435640918,1.18942685722705,0.313,0.273,1
"LRRC37A3",0.185906252439272,-0.330497582444298,0.054,0.106,1
"XRCC4",0.185906252439272,0.115830351892037,0.054,0.106,1
"ENSG00000290927",0.186130941568183,0.807386790791871,0.072,0.136,1
"DUSP18",0.186214429852739,-0.203332783696819,0.096,0.167,1
"ALKBH2",0.186723358498887,-0.337518123030749,0.024,0.061,1
"BORCS8",0.186723358498887,-0.398547913737068,0.024,0.061,1
"ENSG00000272807",0.186723358498887,-0.473830015423813,0.024,0.061,1
"PTPN14",0.186723358498887,0.462330282018439,0.024,0.061,1
"FBXL4",0.187127774326762,1.78686584175195,0.114,0.061,1
"PTOV1",0.187127774326762,1.75302842200973,0.114,0.061,1
"NBPF25P",0.187307849054544,1.72691784332533,0.054,0.015,1
"NAB1",0.187553486156001,-0.12341219990961,0.054,0.106,1
"NAGPA",0.187553486156001,-0.177360256096279,0.054,0.106,1
"CCT3",0.187555879411077,-0.312999433781477,0.169,0.258,1
"FAM168B",0.187822028143086,0.112669575857262,0.175,0.273,1
"LPCAT1",0.188370745757997,1.48349999037128,0.096,0.045,1
"ENSG00000291131",0.188563377537204,0.336296042670665,0.078,0.03,1
"C2CD2L",0.189022727761797,-0.376896978100514,0.024,0.061,1
"ERLIN1",0.189022727761797,0.496181164818259,0.024,0.061,1
"ERMAP",0.189022727761797,0.131555521788092,0.024,0.061,1
"FOCAD",0.189022727761797,0.335714377723714,0.024,0.061,1
"GPR55",0.189022727761797,-0.41839445127365,0.024,0.061,1
"PKD2L2-DT",0.189022727761797,0.26661034753843,0.024,0.061,1
"TPM1",0.189022727761797,-0.779379244597423,0.024,0.061,1
"TTLL12",0.189022727761797,-0.328734813239726,0.024,0.061,1
"UFL1-AS1",0.189022727761797,0.394124139498506,0.024,0.061,1
"VARS1",0.189022727761797,0.312510025600151,0.024,0.061,1
"UBE2J2",0.189211469391235,0.329776636653226,0.054,0.106,1
"MAEA",0.189255780907587,-0.194180831187795,0.157,0.242,1
"UNG",0.189377277688803,1.61821136385269,0.054,0.015,1
"ZNF430",0.189668278846171,0.667767177225669,0.163,0.273,1
"CLEC16A",0.189790667611654,1.586018609066,0.163,0.106,1
"RBM14",0.190411612883223,0.241904485380899,0.151,0.242,1
"C12orf57",0.19052856988909,0.471930873530991,0.223,0.364,1
"GTPBP6",0.190880231639645,-0.386406096483687,0.054,0.106,1
"POLR1B",0.190880231639645,-0.199199858521056,0.054,0.106,1
"SCAF1",0.191172544540472,-0.170692982877047,0.108,0.182,1
"MAN2A2",0.191807417024223,-0.525830043004441,0.078,0.136,1
"EXT2",0.192559802060762,-0.325466911183823,0.054,0.106,1
"ZMYND11",0.192950809431092,0.110118349007766,0.247,0.379,1
"RNF170",0.19300675577065,0.177648819727586,0.066,0.121,1
"SAMD9L",0.193146863476835,0.70998704489434,0.44,0.424,1
"TRAPPC11",0.193263450849039,-0.349433481123633,0.078,0.136,1
"AMZ1",0.193566599124603,1.20263881534973,0.054,0.015,1
"APLP2",0.194108273012757,1.78158781952632,0.217,0.167,1
"MPLKIP",0.19411567254755,0.81113916448372,0.096,0.167,1
"NELFCD",0.19411567254755,0.322144053193791,0.096,0.167,1
"POU2F1",0.194161215105744,1.26622738496992,0.253,0.197,1
"MTCH1",0.194256015608768,0.104190876160074,0.38,0.591,1
"GSS",0.194570570447514,-0.242734797375259,0.066,0.121,1
"TIPARP",0.194570570447514,-0.332945544172376,0.066,0.121,1
"PPP3CC",0.194675330557016,1.29670119795939,0.367,0.364,1
"SLC66A2",0.194866046382744,0.3233269590337,0.151,0.242,1
"RBM42",0.195291906085982,-0.430556783984227,0.09,0.152,1
"C6orf226",0.195355480415654,-0.45452557022519,0.066,0.121,1
"ASXL2",0.195625122704327,0.186274935616041,0.235,0.364,1
"DCAF17",0.195951482357677,0.232033802691301,0.054,0.106,1
"HTATSF1",0.196077930905956,0.150558780619945,0.211,0.333,1
"MRPL15",0.196143661645572,-0.331506265254016,0.066,0.121,1
"SLC44A1",0.196210166109363,-0.414004491996423,0.114,0.182,1
"WARS2",0.196233357928437,-1.1757504152254,0.036,0.076,1
"RAB11FIP2",0.196272820399875,1.84958963841208,0.145,0.091,1
"GRK6",0.196703877299141,1.54850233002799,0.175,0.121,1
"TAP1",0.197380946434305,-0.179928634233453,0.614,0.818,1
"SCAMP3",0.19762125601021,0.157098201589772,0.241,0.364,1
"CHM",0.197663648838051,0.134773678307955,0.054,0.106,1
"MAK16",0.197663648838051,-0.33003995931911,0.054,0.106,1
"RPGR",0.197663648838051,0.222653201376214,0.054,0.106,1
"MRPL9",0.197884601630697,0.4236994470971,0.157,0.258,1
"NSF",0.198130953172876,0.455632513136799,0.163,0.258,1
"ZKSCAN8",0.19815736104452,0.389887902839579,0.096,0.167,1
"DYM",0.198189718526082,0.95925524506084,0.229,0.167,1
"MBD4",0.198596072401751,1.29531946863704,0.373,0.379,1
"TTC13",0.198720729702734,0.4974482163441,0.139,0.227,1
"SH3BGRL3",0.199074740577554,0.172203208403995,0.837,0.833,1
"CASP10",0.199168793629046,0.285189431024412,0.078,0.136,1
"PBX2",0.199168793629046,-0.531273829510894,0.078,0.136,1
"ACER3",0.199317761874692,0.473167947794977,0.066,0.121,1
"SLC35F5",0.199389000990146,2.13941146162005,0.157,0.106,1
"VPS13A",0.199391165387422,0.7060627482521,0.175,0.288,1
"TBL1X",0.200162943379709,2.26360702582882,0.145,0.091,1
"TOMM7",0.200185886639236,-0.150617851782225,0.675,0.818,1
"PPP2R5D",0.200340504342495,-0.837089544182994,0.036,0.076,1
"ZNF644",0.200443711656308,0.873504947471056,0.307,0.242,1
"ECD",0.200620267563218,0.629934450277109,0.145,0.242,1
"LDAF1",0.200642009281279,0.139887810010128,0.12,0.197,1
"REEP4",0.20066552123167,-0.525466516293204,0.078,0.136,1
"ENSG00000290396",0.200998946242578,2.40958971413775,0.127,0.076,1
"EHD4",0.20112077333784,0.137452869630408,0.054,0.106,1
"RPL31",0.201206167433051,-0.122117017231812,0.976,0.985,1
"TTF1",0.201247734246527,0.455702336946208,0.157,0.258,1
"CMTM6",0.201925986780928,-0.100280067871915,0.5,0.712,1
"RNGTT",0.201936916451942,1.38982297561878,0.235,0.182,1
"ZNF655",0.202365805129321,0.111286888359986,0.301,0.455,1
"NSRP1",0.202724410443719,-0.232322705210782,0.211,0.318,1
"MICU1",0.202865726243429,1.26009247492586,0.181,0.121,1
"ABHD13",0.202865785834838,0.213849223241858,0.054,0.106,1
"VCPKMT",0.20297203064952,0.42039338033715,0.114,0.197,1
"TENT5A",0.203165247211058,0.268738821474072,0.12,0.197,1
"ARHGEF6",0.203303411258445,-0.230194333512144,0.211,0.303,1
"ENTPD1",0.204003317584882,1.41846597099419,0.193,0.136,1
"TUBGCP2",0.204149031006096,-0.106669466928722,0.066,0.121,1
"PTDSS1",0.204381163727966,-0.253974691556387,0.349,0.5,1
"DBT",0.204435497059312,0.18004741573158,0.12,0.197,1
"KIAA0753",0.204510052865414,-1.23045649157404,0.036,0.076,1
"NAT9",0.204510052865414,-0.648612043610682,0.036,0.076,1
"ZNF230",0.204510052865414,-0.715375001894873,0.036,0.076,1
"LRRC8B",0.204551201967148,2.71281159590158,0.072,0.03,1
"SAAL1",0.204621800875812,0.182972354407014,0.054,0.106,1
"ARHGEF18",0.204638427387828,0.981725772509478,0.355,0.318,1
"AHCY",0.204661999413926,-0.330247019214545,0.102,0.167,1
"ATMIN",0.205204925560431,-0.290967394844465,0.078,0.136,1
"CXXC1",0.205204925560431,-0.182032866375516,0.078,0.136,1
"PPP6R2",0.205241346750578,-0.412780255611624,0.114,0.182,1
"STXBP5",0.205476982058137,0.709242213727565,0.102,0.182,1
"ZBTB25",0.205711514134648,2.17420741013097,0.157,0.106,1
"MBNL3",0.206000202821043,0.379380821607495,0.265,0.212,1
"HUS1",0.206033109216461,-0.385453568423047,0.102,0.167,1
"ACKR3",0.206051718473342,2.54919196345712,0.024,0,1
"AGMAT",0.206051718473342,2.2313430216676,0.024,0,1
"ALDH3A2",0.206051718473342,2.78721502542662,0.024,0,1
"ALPL",0.206051718473342,2.37154130465525,0.024,0,1
"ANKRD30B",0.206051718473342,1.91853517708945,0.024,0,1
"APBA2",0.206051718473342,2.62779899041755,0.024,0,1
"ARHGAP33",0.206051718473342,1.89006022967085,0.024,0,1
"C17orf113",0.206051718473342,1.59922695366417,0.024,0,1
"C2orf27A",0.206051718473342,2.49893970296752,0.024,0,1
"CAMKK1",0.206051718473342,1.3338351822501,0.024,0,1
"CBWD3",0.206051718473342,1.82944370672717,0.024,0,1
"CCDC144NL-AS1",0.206051718473342,2.43312684988668,0.024,0,1
"CHD1L",0.206051718473342,2.57209582838328,0.024,0,1
"COL1A2",0.206051718473342,1.90922932666869,0.024,0,1
"COL9A2",0.206051718473342,3.13151124039207,0.024,0,1
"CX3CR1",0.206051718473342,3.21728169740372,0.024,0,1
"CYP2C8",0.206051718473342,1.35462585461125,0.024,0,1
"CYTH3",0.206051718473342,2.79380635011445,0.024,0,1
"DEGS2",0.206051718473342,2.61254518004558,0.024,0,1
"DLG3",0.206051718473342,2.14025316164885,0.024,0,1
"DNAH8",0.206051718473342,3.00893577229863,0.024,0,1
"DOCK4",0.206051718473342,1.50977719540628,0.024,0,1
"ECSIT",0.206051718473342,2.12724662388331,0.024,0,1
"ENSG00000215022",0.206051718473342,1.85049412497833,0.024,0,1
"ENSG00000225057",0.206051718473342,1.84823078490651,0.024,0,1
"ENSG00000230325",0.206051718473342,3.06403242547318,0.024,0,1
"ENSG00000234261",0.206051718473342,3.6663846583185,0.024,0,1
"ENSG00000240553",0.206051718473342,2.35958737494957,0.024,0,1
"ENSG00000246225",0.206051718473342,3.51814718389702,0.024,0,1
"ENSG00000248367",0.206051718473342,3.40128527544984,0.024,0,1
"ENSG00000249141",0.206051718473342,2.60273725045204,0.024,0,1
"ENSG00000255723",0.206051718473342,2.24982783518198,0.024,0,1
"ENSG00000258740",0.206051718473342,1.93606452139804,0.024,0,1
"ENSG00000260719",0.206051718473342,2.27678925278419,0.024,0,1
"ENSG00000267581",0.206051718473342,2.24809728775388,0.024,0,1
"ENSG00000268836",0.206051718473342,2.67108470742494,0.024,0,1
"ENSG00000269825",0.206051718473342,1.67857007873904,0.024,0,1
"ENSG00000271109",0.206051718473342,2.47282774946061,0.024,0,1
"ENSG00000272341",0.206051718473342,2.52683591314311,0.024,0,1
"ENSG00000273221",0.206051718473342,2.28241074805292,0.024,0,1
"ENSG00000274561",0.206051718473342,2.40670943930798,0.024,0,1
"ENSG00000278384",0.206051718473342,2.81454968693321,0.024,0,1
"ENSG00000286145",0.206051718473342,2.42910866330422,0.024,0,1
"ENSG00000286681",0.206051718473342,3.49587303139292,0.024,0,1
"ENSG00000288587",0.206051718473342,2.84904945930808,0.024,0,1
"ENSG00000288994",0.206051718473342,2.29407665835179,0.024,0,1
"ENSG00000289401",0.206051718473342,2.15581315914019,0.024,0,1
"ENSG00000289437",0.206051718473342,2.10584386361106,0.024,0,1
"ENSG00000289523",0.206051718473342,2.81791248662357,0.024,0,1
"ENSG00000289567",0.206051718473342,2.27559769182186,0.024,0,1
"ENSG00000289956",0.206051718473342,2.7453893452623,0.024,0,1
"ENSG00000290830",0.206051718473342,1.98746068544658,0.024,0,1
"ENSG00000290890",0.206051718473342,1.71408341680355,0.024,0,1
"ENSG00000291174",0.206051718473342,2.77279642217488,0.024,0,1
"EOLA2",0.206051718473342,1.49225466584515,0.024,0,1
"FAIM",0.206051718473342,1.42804993980156,0.024,0,1
"FALEC",0.206051718473342,2.98977862333652,0.024,0,1
"FDXR",0.206051718473342,2.86537933882761,0.024,0,1
"FGFRL1",0.206051718473342,2.65243150812931,0.024,0,1
"FLT1",0.206051718473342,3.11649934968258,0.024,0,1
"GAA",0.206051718473342,1.88679064582271,0.024,0,1
"GLYCTK",0.206051718473342,1.95040418198653,0.024,0,1
"HAND2-AS1",0.206051718473342,1.60844190488234,0.024,0,1
"HK2",0.206051718473342,2.28155059409322,0.024,0,1
"HMOX1",0.206051718473342,2.19014400404291,0.024,0,1
"IL9R",0.206051718473342,2.72113661082414,0.024,0,1
"INPP1",0.206051718473342,3.0978495575965,0.024,0,1
"IRAK3",0.206051718473342,2.83052887923667,0.024,0,1
"IRS1",0.206051718473342,2.60568366784735,0.024,0,1
"ITGA2",0.206051718473342,2.18920598163793,0.024,0,1
"KCNMB4",0.206051718473342,2.34988305535614,0.024,0,1
"LGR4",0.206051718473342,3.04535845498317,0.024,0,1
"LINC01342",0.206051718473342,3.0904732526456,0.024,0,1
"LINC01933",0.206051718473342,2.86590955732537,0.024,0,1
"LINC02175",0.206051718473342,2.85512745781546,0.024,0,1
"LINC02652",0.206051718473342,1.59716433388382,0.024,0,1
"LINC02916",0.206051718473342,1.30019451843246,0.024,0,1
"LRP2BP-AS1",0.206051718473342,3.55756475198384,0.024,0,1
"MAGI3",0.206051718473342,2.78914841393656,0.024,0,1
"MALINC1",0.206051718473342,1.84746586801867,0.024,0,1
"MATN1-AS1",0.206051718473342,2.39017563876095,0.024,0,1
"MDS2",0.206051718473342,2.8041155087268,0.024,0,1
"METAP1D",0.206051718473342,2.86399844989726,0.024,0,1
"MFSD4A",0.206051718473342,2.67525624055595,0.024,0,1
"MORN3",0.206051718473342,1.59687909667976,0.024,0,1
"MSANTD2-AS1",0.206051718473342,2.16105619963144,0.024,0,1
"MTHFSD",0.206051718473342,3.3126017911308,0.024,0,1
"NEBL",0.206051718473342,1.92648124358437,0.024,0,1
"PDE7B",0.206051718473342,2.95134137106,0.024,0,1
"PMFBP1",0.206051718473342,3.52477335173268,0.024,0,1
"POLL",0.206051718473342,2.43188720616069,0.024,0,1
"POU2F2-AS1",0.206051718473342,2.5899885602616,0.024,0,1
"PPAN",0.206051718473342,2.4233952941941,0.024,0,1
"PRR7",0.206051718473342,2.7132433033134,0.024,0,1
"PRUNE2",0.206051718473342,1.67255959408279,0.024,0,1
"PTAFR",0.206051718473342,2.31092832799073,0.024,0,1
"PWP2",0.206051718473342,2.24641642390938,0.024,0,1
"PXDC1",0.206051718473342,2.89940119021407,0.024,0,1
"RGS3",0.206051718473342,2.25982701300683,0.024,0,1
"RYR2",0.206051718473342,2.86061655750529,0.024,0,1
"S1PR1-DT",0.206051718473342,2.99613256991949,0.024,0,1
"SCN11A",0.206051718473342,1.99595394055922,0.024,0,1
"SLC16A6",0.206051718473342,2.79629873226994,0.024,0,1
"SLC36A1",0.206051718473342,3.05782081493563,0.024,0,1
"SLC43A1",0.206051718473342,2.21396340420773,0.024,0,1
"SLC48A1",0.206051718473342,2.87318906514372,0.024,0,1
"STARD10",0.206051718473342,2.20007620244416,0.024,0,1
"TIGD7",0.206051718473342,3.0121764825958,0.024,0,1
"TMEM176B",0.206051718473342,2.12778896790491,0.024,0,1
"TNK1",0.206051718473342,2.76355214616196,0.024,0,1
"TNKS1BP1",0.206051718473342,2.53476063108216,0.024,0,1
"TP53INP2",0.206051718473342,1.83758094899059,0.024,0,1
"TRAF2",0.206051718473342,2.08995166533133,0.024,0,1
"TTC39B",0.206051718473342,2.50077078457235,0.024,0,1
"USP13",0.206051718473342,2.77222391360351,0.024,0,1
"USP27X",0.206051718473342,2.34872760768916,0.024,0,1
"USP54",0.206051718473342,2.35040660359968,0.024,0,1
"WDR17",0.206051718473342,2.5094766482055,0.024,0,1
"ZBTB20-AS5",0.206051718473342,3.01554451560838,0.024,0,1
"ZNF341",0.206051718473342,2.65728477874622,0.024,0,1
"ZNF460-AS1",0.206051718473342,2.80180219907285,0.024,0,1
"ZNF581",0.206051718473342,2.34494970322957,0.024,0,1
"ZNF582-DT",0.206051718473342,3.07287555921196,0.024,0,1
"ZNF599",0.206051718473342,2.13498598097083,0.024,0,1
"ZNF763",0.206051718473342,3.1619564174801,0.024,0,1
"ZNF768",0.206051718473342,2.86633872421956,0.024,0,1
"ZNF79",0.206051718473342,2.93856285564142,0.024,0,1
"ZNF792",0.206051718473342,2.59625644793507,0.024,0,1
"ZSWIM4",0.206051718473342,2.05895810025305,0.024,0,1
"GBP2",0.206431859120566,2.91855834547832,0.072,0.03,1
"MYO1C",0.206431859120566,2.01202867295314,0.072,0.03,1
"ZNF441",0.206431859120566,2.24367216236883,0.072,0.03,1
"KDM3A",0.206640893606717,-0.665366001584008,0.09,0.152,1
"TIRAP",0.206734524513849,-0.281786526190855,0.078,0.136,1
"RPSA",0.206754701107996,0.394289417569022,0.705,0.818,1
"GPANK1",0.207416868941945,-0.216595675492597,0.066,0.121,1
"KCTD18",0.207416868941945,-0.191016855283537,0.066,0.121,1
"ZNF529-AS1",0.207502420482716,2.27914387797852,0.108,0.061,1
"INTS8",0.207777050171187,0.556052181070155,0.229,0.364,1
"ZER1",0.207876338114187,-0.503732695604824,0.114,0.182,1
"MPHOSPH8",0.207988378451955,0.828831652171761,0.548,0.621,1
"MT-ND6",0.208092512796579,-0.491276355895952,0.09,0.152,1
"RCE1",0.208092512796579,-0.360655427186392,0.09,0.152,1
"PCGF6",0.20816694351063,0.401755977989581,0.054,0.106,1
"IPMK",0.208272383538617,-0.134046711238235,0.078,0.136,1
"WASHC2A",0.208272383538617,-0.293381694962433,0.078,0.136,1
"SLC7A1",0.208325040283974,2.29935841305356,0.072,0.03,1
"ZDHHC18",0.208325040283974,2.16473836369308,0.072,0.03,1
"HNRNPH3",0.208344988149323,0.258125618440422,0.325,0.5,1
"NOP56",0.208364377876611,0.228938562861819,0.313,0.47,1
"TMUB2",0.208555221652912,0.165437683779418,0.199,0.303,1
"C1RL",0.208742364713206,-0.820398156812356,0.036,0.076,1
"ENSG00000273576",0.208742364713206,-0.853812242800172,0.036,0.076,1
"PHF5A",0.208742364713206,-0.265180379263192,0.036,0.076,1
"SLC4A2",0.209759074042636,0.160311539375665,0.133,0.212,1
"CIAPIN1",0.209818519108698,-0.285610989520584,0.078,0.136,1
"PHKA2",0.210230776264402,2.85084617854797,0.072,0.03,1
"RMI2",0.210230776264402,2.28794114853768,0.072,0.03,1
"NOL11",0.21041975492684,0.683946881642372,0.157,0.258,1
"FAM98A",0.210722491474877,0.217114404222037,0.066,0.121,1
"PRPF18",0.21077991497186,0.637464975915096,0.157,0.242,1
"ABCF3",0.210882166464856,-0.873025717972526,0.036,0.076,1
"RNF227",0.210882166464856,-0.919954003622575,0.036,0.076,1
"UPRT",0.210882166464856,-0.535706317871883,0.036,0.076,1
"YEATS4",0.210882166464856,-0.516136228009308,0.036,0.076,1
"AHDC1",0.211372947484726,0.336871475525417,0.078,0.136,1
"SURF1",0.211372947484726,0.131998336257301,0.078,0.136,1
"PSMB8",0.211446454339885,0.221218142257802,0.175,0.288,1
"TRAPPC13",0.211756407321549,0.813882120336814,0.054,0.106,1
"USP53",0.211756407321549,0.412731412973018,0.054,0.106,1
"ETFDH",0.212038302791722,2.475611756349,0.09,0.045,1
"PUF60",0.21207370974737,0.16253273104371,0.096,0.167,1
"ENSG00000225889",0.212149097377916,1.96474711576565,0.072,0.03,1
"PCMTD1",0.212715440131104,0.14841022768408,0.392,0.606,1
"SLC25A24",0.212988798290078,-0.174136876127025,0.102,0.167,1
"CASZ1",0.213037789003879,-0.783651366386787,0.036,0.076,1
"CHMP6",0.213037789003879,-0.635059080416859,0.036,0.076,1
"SGSM3",0.213037789003879,-0.422837652758912,0.036,0.076,1
"SLC39A4",0.213037789003879,-0.708578462269331,0.036,0.076,1
"PRPF3",0.213102476469669,-0.130417811996282,0.187,0.288,1
"RPS12",0.213236970235603,-0.134164766809809,0.934,0.924,1
"ZNHIT3",0.213489272767755,0.223433772670223,0.12,0.197,1
"WRN",0.213536145298405,0.35981125441304,0.108,0.182,1
"L3MBTL2",0.213720174099573,1.78062830496266,0.108,0.061,1
"ABCF1",0.213824557554137,0.296236385418725,0.205,0.318,1
"VPS35",0.213868636287526,0.260396249973497,0.229,0.364,1
"MED30",0.21449943751582,0.62142568625874,0.127,0.212,1
"ZNF654",0.214506746618334,0.264897721946599,0.078,0.136,1
"TBC1D9",0.214539107174794,0.293054466875922,0.277,0.424,1
"ENSG00000268027",0.214549774575152,0.313762925560212,0.181,0.288,1
"GCN1",0.214549774575152,0.458875231671597,0.181,0.288,1
"NAA16",0.214805930441511,0.359861889523222,0.12,0.197,1
"DPYD",0.214908113292915,1.6565807841703,0.145,0.091,1
"CCDC22",0.215209274025975,-0.241454454678496,0.036,0.076,1
"ENSG00000288953",0.215209274025975,-0.38987033774632,0.036,0.076,1
"HNRNPUL1",0.215347302803789,-0.116662904340213,0.524,0.712,1
"RPS15",0.215734990374165,0.455820538277063,0.711,0.788,1
"TRNAU1AP",0.21581802450127,-0.358724360466352,0.102,0.167,1
"APH1B",0.216023613779073,1.71382588928382,0.072,0.03,1
"RPLP0",0.216047628544681,-0.132499872197136,0.771,0.894,1
"STK4",0.21608221056806,0.63669113783168,0.542,0.621,1
"EPS15L1",0.216128431222091,0.297229591597574,0.12,0.197,1
"ATRX",0.216162079232162,0.373429051347663,0.651,0.697,1
"ARHGEF1",0.21684873299458,0.948246426785875,0.416,0.409,1
"TSTD1",0.216878982334208,1.86483479814216,0.108,0.061,1
"SYNE1",0.217325000540927,1.43069144492623,0.217,0.167,1
"NCAM1",0.217396662429883,-0.992197988397386,0.036,0.076,1
"RHNO1",0.217396662429883,-0.279490557900138,0.036,0.076,1
"WASL",0.217396662429883,-0.447327159955819,0.036,0.076,1
"KLF13",0.21742720222391,0.474005874020892,0.253,0.394,1
"RAB31",0.21743069246675,0.194953565138945,0.211,0.318,1
"ZNF816-ZNF321P",0.217447721168398,0.299773911808032,0.066,0.121,1
"LYPLAL1",0.217490180714303,0.34226829304845,0.145,0.227,1
"C1orf122",0.217979867192217,1.85793379255925,0.072,0.03,1
"JAK1",0.21840384163596,0.61147046303732,0.602,0.682,1
"NDEL1",0.218461233953869,-0.335031833819929,0.09,0.152,1
"ENSG00000258077",0.218470923740401,2.29281541850256,0.108,0.061,1
"NLRP2",0.219152886652789,0.18234835816862,0.066,0.121,1
"SYNRG",0.219263853474179,0.756631361577442,0.404,0.379,1
"IQSEC2",0.219599994307264,-0.835810913895746,0.036,0.076,1
"DIDO1",0.219946394892086,0.25877601109639,0.163,0.258,1
"ARAP1",0.219948821978005,-0.598173395282006,0.048,0.091,1
"MPDU1",0.219948821978005,-0.801742841339685,0.048,0.091,1
"TSPYL5",0.219948821978005,-0.998878449603362,0.048,0.091,1
"SPRING1",0.219972264940049,0.150843269717792,0.09,0.152,1
"IPO5",0.220131081696839,0.389955374369918,0.12,0.197,1
"ACOX1",0.220146417145923,-0.961300709872857,0.06,0.106,1
"ATRN",0.220146417145923,-1.1271814993857,0.06,0.106,1
"SUFU",0.220722274113304,2.00297851376127,0.09,0.045,1
"ZNF331",0.221221422013701,1.46405477955943,0.127,0.076,1
"PPIH",0.221557460020577,-0.275149614430414,0.102,0.167,1
"BIN1",0.221679956383955,1.70558744072551,0.108,0.061,1
"CLUH",0.221819308932619,-0.140993432571523,0.036,0.076,1
"ENSG00000257221",0.221930505911534,-0.631068089981041,0.048,0.091,1
"RARS1",0.221979647378298,0.504935892661955,0.139,0.227,1
"NVL",0.22215193092913,0.364968081601639,0.12,0.197,1
"CYB561D1",0.222487464840203,-0.155268960665865,0.078,0.136,1
"DYNC1I2",0.222495761171343,0.234211358146124,0.253,0.394,1
"GABPB2",0.222533632246523,0.172390141775355,0.133,0.212,1
"ENSG00000285756",0.22259197623417,0.451319652033751,0.066,0.121,1
"NFATC2",0.22282889301669,1.90996301478322,0.157,0.106,1
"JUND",0.22332180684658,0.473430620555834,0.898,0.97,1
"PTP4A2",0.223419207527542,0.661516575006605,0.608,0.742,1
"BRD8",0.223705012301417,0.4260584242785,0.096,0.167,1
"EXD2",0.224054644753252,-0.398160595135901,0.036,0.076,1
"NEMP2",0.224054644753252,-0.385385527174063,0.036,0.076,1
"KLHL7",0.224108794778082,-0.101351562252602,0.078,0.136,1
"ATP6V0D1-DT",0.224325935986156,0.556905724869805,0.066,0.121,1
"LRRC41",0.224467842263821,-0.25215315344095,0.102,0.167,1
"CAMK2G",0.224550314301107,-0.37678204901789,0.09,0.152,1
"HACD2",0.224690023083481,0.294192450433121,0.108,0.182,1
"UTP23",0.2247508151086,0.275398393549556,0.163,0.258,1
"ZXDC",0.2250074309126,-0.227069329560698,0.205,0.288,1
"TRAF3",0.225061181567582,1.18916456474449,0.301,0.273,1
"SMAD3",0.225189062525635,1.23152231510011,0.223,0.167,1
"NKTR",0.225231157616571,0.902340795788862,0.434,0.439,1
"SHMT2",0.225356599793574,1.34762146424547,0.205,0.152,1
"SETBP1",0.22551586960001,0.32076270171743,0.319,0.47,1
"CNN2",0.225600221188278,0.355804487269703,0.669,0.788,1
"PTGES2",0.225738553933721,0.487903387001607,0.078,0.136,1
"TMEM165",0.225963549599433,0.277915400177525,0.163,0.258,1
"ENSG00000223393",0.226091356645878,0.377814257260526,0.09,0.152,1
"ANKRD54",0.226306039379264,-0.421680819823685,0.036,0.076,1
"ENTPD3-AS1",0.226306039379264,0.439240506817847,0.036,0.076,1
"GAN",0.226306039379264,-0.232207860618971,0.036,0.076,1
"HERC2P7",0.226306039379264,-0.228850462842154,0.036,0.076,1
"MRPS5",0.226306039379264,0.100314302551702,0.036,0.076,1
"ZNF555",0.226306039379264,0.405484053835098,0.036,0.076,1
"RABGGTB",0.22634379910022,0.311224231906632,0.271,0.424,1
"TMX2",0.227010291466859,-0.159109557245247,0.114,0.182,1
"DNAJA2",0.227151106065846,0.232220413865127,0.181,0.288,1
"UCHL3",0.227454108818323,-0.37655969394194,0.06,0.106,1
"U2SURP",0.227614270469746,0.423057696105063,0.41,0.652,1
"BST1",0.227629125232938,-1.65849513168631,0.018,0.045,1
"MAN2B2",0.227636666297076,0.575498435718705,0.127,0.212,1
"DCAKD",0.227639931685698,0.148066260771746,0.09,0.152,1
"EXOC8",0.227639931685698,-0.121756126289684,0.09,0.152,1
"SLC38A4-AS1",0.227726851263936,-1.20492939216643,0.084,0.136,1
"ENSG00000290989",0.227850857796475,1.94806320342778,0.09,0.045,1
"EPB41",0.227910192837653,1.07878190693944,0.373,0.379,1
"LRPAP1",0.227952202436258,-0.619466590459521,0.048,0.091,1
"UNC13D",0.227952202436258,0.867967597504911,0.072,0.03,1
"SCYL2",0.228130651346085,-0.138421822415629,0.181,0.273,1
"CNPY4",0.228573529573606,-0.138156214491213,0.036,0.076,1
"MACC1",0.228573529573606,0.155553361486273,0.036,0.076,1
"PSTK",0.228573529573606,0.100126453535249,0.036,0.076,1
"SLC29A3",0.228573529573606,0.133108338341817,0.036,0.076,1
"SURF2",0.228573529573606,-0.203931025161616,0.036,0.076,1
"ZBTB34",0.228573529573606,0.52011830310685,0.036,0.076,1
"MAML2",0.229056823453159,1.66707832279476,0.217,0.167,1
"MCM6",0.229130689483217,-0.58277886679546,0.12,0.182,1
"DDOST",0.229150198811079,-0.351875761097237,0.139,0.212,1
"RNF44",0.229703019601182,1.23255709798261,0.295,0.258,1
"IMPA2",0.229985070121213,-0.596129524120201,0.048,0.091,1
"STX12",0.230677632244889,0.39426457942412,0.181,0.288,1
"CEP19",0.23068230336765,-1.90424115789315,0.018,0.045,1
"LATS2",0.23068230336765,-1.8987049726832,0.018,0.045,1
"DOCK11",0.230761106267889,1.14240107784796,0.295,0.258,1
"AFMID",0.230857151242167,-0.132801786208506,0.036,0.076,1
"CDC7",0.230857151242167,0.190350329931814,0.036,0.076,1
"GAS5",0.230885172050585,0.756382535961,0.548,0.621,1
"ZNF275",0.231801176441103,0.140841424338925,0.133,0.212,1
"ALDOC",0.231815229307735,2.34368262342492,0.048,0.015,1
"B3GNT7",0.231815229307735,2.38307056043269,0.048,0.015,1
"C9orf40",0.231815229307735,2.98986694081253,0.048,0.015,1
"EHD3",0.231815229307735,2.61646068317087,0.048,0.015,1
"ENO2",0.231815229307735,2.86981201516502,0.048,0.015,1
"EPB41L5",0.231815229307735,2.24568783573926,0.048,0.015,1
"FAM111A-DT",0.231815229307735,2.7142678793789,0.048,0.015,1
"FBXO30",0.231815229307735,2.26875420608679,0.048,0.015,1
"FHIP2A",0.231815229307735,2.72561993159327,0.048,0.015,1
"FRAT1",0.231815229307735,2.68924274344496,0.048,0.015,1
"GBP5",0.231815229307735,2.17004188143309,0.048,0.015,1
"LINC00426",0.231815229307735,2.15461502471678,0.048,0.015,1
"LINC02202",0.231815229307735,2.4119665733318,0.048,0.015,1
"MYO1D",0.231815229307735,2.48663839007559,0.048,0.015,1
"TCEA2",0.231815229307735,2.34323412192939,0.048,0.015,1
"WDR91",0.231815229307735,1.91059652844389,0.048,0.015,1
"ZNF322",0.231815229307735,2.11195962357467,0.048,0.015,1
"GNPTG",0.231841370324546,0.166017057568707,0.199,0.303,1
"ZNF107",0.231861523151448,1.56308894575618,0.223,0.182,1
"PSME4",0.231955486466323,1.28144237149099,0.229,0.182,1
"PTPRM",0.232030797837294,-0.733378530614106,0.048,0.091,1
"TUBGCP6",0.232030797837294,-0.747219137886498,0.048,0.091,1
"UBXN1",0.232132895885937,-0.149348164645714,0.127,0.197,1
"ZBTB6",0.232342159515889,0.174796930803165,0.078,0.136,1
"DLGAP4",0.232457369032747,0.802635711250421,0.12,0.197,1
"PPIE",0.232700889865688,-0.267458960479084,0.114,0.182,1
"N4BP1",0.232757082051132,0.327524251198996,0.145,0.227,1
"IQSEC1",0.232865637078173,0.11106964366342,0.355,0.515,1
"CLCN6",0.233176717373924,1.27620970782066,0.108,0.061,1
"AXL",0.233764475701574,-1.62098218387956,0.018,0.045,1
"ZDHHC12-DT",0.233764475701574,-0.829182176103974,0.018,0.045,1
"NRIR",0.23385660884953,1.53005996379907,0.157,0.106,1
"RUNX1",0.233974735428886,-0.131364250625691,0.205,0.303,1
"CHID1",0.234089410123517,-0.716208248739398,0.048,0.091,1
"MOXD1",0.234089410123517,-0.27586305620573,0.048,0.091,1
"EIF1B-AS1",0.234354986396864,3.4223539419718,0.048,0.015,1
"ENSG00000269918",0.234354986396864,2.20461152305507,0.048,0.015,1
"FAM234B",0.234354986396864,2.24196896067595,0.048,0.015,1
"IL2RA",0.234354986396864,2.92781131853641,0.048,0.015,1
"KCTD2",0.234354986396864,2.58166154639977,0.048,0.015,1
"LINC01934",0.234354986396864,2.57762314344814,0.048,0.015,1
"LINC03034",0.234354986396864,1.87032003750902,0.048,0.015,1
"EIF2B4",0.234498680362009,0.442213824350293,0.133,0.212,1
"AATF",0.234786012792073,1.15884512345495,0.145,0.091,1
"APAF1",0.234869067105677,-0.145377611333277,0.102,0.167,1
"STX7",0.234984186231804,0.54364617122247,0.512,0.773,1
"ZNF316",0.235472928281085,0.493869529518202,0.036,0.076,1
"ZNF45",0.235472928281085,0.410771875347375,0.036,0.076,1
"MAP9",0.236382373022546,0.344010226603741,0.102,0.167,1
"DDX1",0.236641325821571,0.813872530674896,0.229,0.167,1
"LYRM4",0.23682972600022,0.355358739182938,0.06,0.106,1
"ABCC3",0.236875724107017,-1.47462174894392,0.018,0.045,1
"BAHCC1",0.236875724107017,-1.31654848947288,0.018,0.045,1
"ENSG00000284634",0.236875724107017,-1.32137330397841,0.018,0.045,1
"ENSG00000290921",0.236875724107017,-1.68338361411537,0.018,0.045,1
"KLRF1",0.236875724107017,-1.64939056109565,0.018,0.045,1
"PPP1R3F",0.236875724107017,-2.12198361418294,0.018,0.045,1
"RCAN1",0.236875724107017,-1.60851200352159,0.018,0.045,1
"BRD3OS",0.236914392923918,2.2825648338617,0.048,0.015,1
"C14orf28",0.236914392923918,1.66831372795903,0.048,0.015,1
"IFIT1",0.236914392923918,1.66482906867057,0.048,0.015,1
"MVB12B",0.236914392923918,1.9679724877246,0.048,0.015,1
"PTCD2",0.236914392923918,2.35054534085325,0.048,0.015,1
"HINFP",0.237090203079111,0.589672579813781,0.09,0.152,1
"TFAM",0.237184854606587,0.272724099845141,0.205,0.318,1
"BPNT1",0.237327477976238,0.570705674538118,0.096,0.167,1
"MSL1",0.237677225812027,0.123129654140608,0.307,0.455,1
"NDUFA11",0.238245383762698,0.179698034055989,0.048,0.091,1
"SRSF8",0.238264759853183,0.506142811598224,0.247,0.379,1
"CYP4V2",0.238277121866815,-0.399649072915593,0.108,0.167,1
"C11orf80",0.238277121866815,1.88384892020656,0.139,0.091,1
"IL13RA1",0.238495434285123,0.545415197796947,0.187,0.288,1
"FAM199X",0.238545805485799,0.360004504164957,0.066,0.121,1
"MT-ND5",0.238644243152539,0.13566862935911,1,1,1
"CLVS1",0.238737170750526,-0.462850348686767,0.06,0.106,1
"FAM50A",0.238737170750526,-0.378120032765938,0.06,0.106,1
"ENSG00000291136",0.238929378383765,0.672529030767311,0.145,0.242,1
"SART1",0.239081711035055,0.160731423422355,0.078,0.136,1
"MTHFR",0.23911878603844,1.55034101694744,0.211,0.167,1
"EPSTI1",0.239273281401607,0.281113883040142,0.337,0.515,1
"ENSG00000240291",0.239493492587515,1.9974371255379,0.048,0.015,1
"SGCE",0.239493492587515,2.17340528270618,0.048,0.015,1
"ZNF232-AS1",0.239493492587515,2.02170520316817,0.048,0.015,1
"GTPBP2",0.239586909310941,1.10711432276883,0.187,0.136,1
"PIK3C2A",0.23995549141462,-0.177831111243525,0.114,0.182,1
"ACSF2",0.240016127595706,-0.703454495093806,0.018,0.045,1
"CACNA2D3",0.240016127595706,-1.25563388228103,0.018,0.045,1
"COQ10A",0.240016127595706,-1.15635660399212,0.018,0.045,1
"ENSG00000259088",0.240016127595706,-0.674001192253316,0.018,0.045,1
"ENSG00000291054",0.240016127595706,-0.721426022433903,0.018,0.045,1
"GTF2H2",0.240016127595706,-1.13348014522715,0.018,0.045,1
"NOMO3",0.240016127595706,-1.49871854231985,0.018,0.045,1
"PIGW",0.240016127595706,-0.877893600440276,0.018,0.045,1
"RELL2",0.240016127595706,-0.769918847546608,0.018,0.045,1
"SRRD",0.240016127595706,-0.977168679956693,0.018,0.045,1
"TMEM150A",0.240016127595706,-1.18547452767697,0.018,0.045,1
"ENSG00000236283",0.240342791377446,-0.230276554306294,0.048,0.091,1
"ERV3-1",0.240342791377446,-0.346473515513655,0.048,0.091,1
"MRPL55",0.240342791377446,-0.388017810718074,0.048,0.091,1
"INTS4",0.240787935219189,0.504392967722542,0.078,0.136,1
"MAPK6",0.240942337365005,0.446516178502741,0.12,0.197,1
"RPS6KA2",0.240963618005677,0.305909567851829,0.102,0.167,1
"RHBDD2",0.241644256038639,1.45359334046519,0.108,0.061,1
"YEATS2",0.241917924169,0.339857789999102,0.09,0.152,1
"ZNF787",0.241917924169,0.197435784723377,0.09,0.152,1
"CBL",0.24206457389935,0.306589740632078,0.211,0.318,1
"ENSG00000224610",0.242092327761966,1.66888089211128,0.048,0.015,1
"FANCC",0.242092327761966,1.70060195046514,0.048,0.015,1
"PELI2",0.242092327761966,2.02299775458844,0.048,0.015,1
"MRPS18B",0.242191417728657,0.944866222905554,0.145,0.091,1
"GDI1",0.242477372118316,0.87444625869121,0.367,0.364,1
"ACOT8",0.242584522288104,-0.525056528876183,0.06,0.106,1
"ACOX3",0.242584522288104,-0.418373954207645,0.06,0.106,1
"PKN1",0.242592084336239,-0.378403866045535,0.139,0.212,1
"FDFT1",0.242628920996534,1.13186368509352,0.295,0.258,1
"CPQ",0.242813726392101,-0.443805557706617,0.108,0.167,1
"SNAP23",0.243069907121374,0.241552592327131,0.259,0.379,1
"ADNP2",0.243185762277084,-0.27752853928547,0.018,0.045,1
"C19orf47",0.243185762277084,-1.10162774017326,0.018,0.045,1
"C8orf58",0.243185762277084,-0.927162042099337,0.018,0.045,1
"CFAP298-TCP10L",0.243185762277084,0.472071101874321,0.018,0.045,1
"CKAP2-DT",0.243185762277084,0.347253613932728,0.018,0.045,1
"COX16",0.243185762277084,-0.512178590968804,0.018,0.045,1
"ENSG00000267283",0.243185762277084,-0.754079828292343,0.018,0.045,1
"ENSG00000267745",0.243185762277084,-0.741409932221563,0.018,0.045,1
"ENSG00000276334",0.243185762277084,-0.949537902846471,0.018,0.045,1
"ENSG00000289194",0.243185762277084,-1.35387115130437,0.018,0.045,1
"ENSG00000291202",0.243185762277084,-0.927144598705397,0.018,0.045,1
"ITK",0.243185762277084,-0.814212261930741,0.018,0.045,1
"PROSER3",0.243185762277084,-0.578541426377837,0.018,0.045,1
"ZBTB3",0.243185762277084,-1.14764191623628,0.018,0.045,1
"ZNF471",0.243185762277084,0.351649469067822,0.018,0.045,1
"LRRK2",0.243348375362728,1.55458592727164,0.181,0.136,1
"PARP6",0.243363322405861,1.17482103201463,0.108,0.061,1
"EIF2AK2",0.243551983671361,0.886774776460976,0.542,0.606,1
"SENP1",0.243558890910801,0.327874869691256,0.151,0.227,1
"NLK",0.244052307380281,0.304189853986042,0.102,0.167,1
"ZDHHC20",0.244114794234988,1.85741057800443,0.169,0.121,1
"YKT6",0.244252011210103,-0.75779258514052,0.084,0.136,1
"TRAPPC12",0.244348128333454,0.195557311900221,0.199,0.288,1
"HMGB2",0.244463641191386,0.99583854125257,0.404,0.409,1
"CROCC",0.244524462455678,-0.157801322774666,0.06,0.106,1
"CCDC7",0.244576559545355,-0.31181875448954,0.048,0.091,1
"COASY",0.244576559545355,0.262151848886628,0.048,0.091,1
"SH3BP5",0.244685205157656,1.13325707746567,0.337,0.318,1
"GPM6A",0.24471093948175,2.1086649425508,0.048,0.015,1
"RAB39B",0.24471093948175,1.4074744084458,0.048,0.015,1
"CDKAL1",0.244764564457549,0.699292838421674,0.127,0.197,1
"PLPP5",0.245089354187773,1.9433679381353,0.229,0.197,1
"SLAMF1",0.24517458671714,1.8717115381799,0.12,0.076,1
"STK24",0.245242986833782,0.818892658999228,0.361,0.348,1
"CSNK1G3",0.245389483778638,1.58441862039477,0.211,0.167,1
"ZZZ3",0.245558644527494,-0.157614339618157,0.133,0.197,1
"ANO10",0.246384701316946,-0.635674538843339,0.018,0.045,1
"DBR1",0.246384701316946,0.462780087696972,0.018,0.045,1
"GADD45GIP1",0.246384701316946,-0.431758002257433,0.018,0.045,1
"H2AC20",0.246384701316946,-0.822647502700442,0.018,0.045,1
"LINC01772",0.246384701316946,-0.506665139763861,0.018,0.045,1
"LINC01806",0.246384701316946,-0.183699677385039,0.018,0.045,1
"MAD2L1-DT",0.246384701316946,-0.597678852507964,0.018,0.045,1
"NCK1-DT",0.246384701316946,-0.686460939875438,0.018,0.045,1
"SGTA",0.246384701316946,0.149840568563493,0.018,0.045,1
"SH3BP5-AS1",0.246384701316946,-0.334447457174351,0.018,0.045,1
"UBE2F-SCLY",0.246384701316946,-0.213859748270703,0.018,0.045,1
"DESI1",0.246712962892455,-0.423094815913767,0.048,0.091,1
"PRMT3",0.246712962892455,-0.178367279562115,0.048,0.091,1
"KRBOX5",0.246718779051852,0.184113434224642,0.12,0.197,1
"TMOD3",0.246746540516483,0.583576929719786,0.211,0.318,1
"OOEP",0.246792885741232,0.345334416453106,0.765,0.833,1
"RABL6",0.246814401374359,0.125945204741051,0.09,0.152,1
"BCLAF1",0.247077841849841,0.648417408999399,0.59,0.652,1
"APPL2",0.247168695436659,0.108413620939079,0.102,0.167,1
"PXMP4",0.247349367426101,1.21592752542664,0.048,0.015,1
"STARD3NL",0.247368064076759,0.119655605115713,0.114,0.182,1
"PCGF3",0.247500498455808,1.3784429830839,0.199,0.152,1
"YTHDC1",0.247641549731545,1.04184501435659,0.361,0.333,1
"THUMPD3-AS1",0.247729780163095,0.456983241646473,0.205,0.318,1
"ERI1",0.247768073763016,-1.06804020972677,0.072,0.121,1
"MAST4",0.248295832308817,0.925684885842893,0.09,0.045,1
"COPS8",0.248461883961003,0.200865298854061,0.09,0.152,1
"DPEP2",0.248862406628788,0.441282688563484,0.072,0.03,1
"LLPH",0.249369829698444,-0.413849857526337,0.084,0.136,1
"ENSG00000176593",0.249613014896415,-0.256489941858602,0.018,0.045,1
"ENSG00000214558",0.249613014896415,0.141051976907975,0.018,0.045,1
"MAPK7",0.249613014896415,-0.352243767105508,0.018,0.045,1
"PEX1",0.249613014896415,-0.19056566196153,0.018,0.045,1
"PXDNL",0.249613014896415,0.105731039678382,0.018,0.045,1
"ZFP57",0.249613014896415,-0.602879786560707,0.018,0.045,1
"ZRANB2-DT",0.249613014896415,-0.162360397337483,0.018,0.045,1
"ZSWIM3",0.249613014896415,0.541781512925402,0.018,0.045,1
"GARS1-DT",0.249805112229099,0.776964457368058,0.193,0.303,1
"FOXO3",0.249831343904644,0.226506970209218,0.133,0.197,1
"EML4-AS1",0.250007649903708,0.6780147245356,0.048,0.015,1
"CHMP1B",0.250037845425557,-0.208214660068559,0.325,0.455,1
"WDR45",0.250377528476998,0.290060379042001,0.114,0.182,1
"CDKN2AIP",0.250409532259912,-0.287837628605233,0.06,0.106,1
"PSMA5",0.250883965421868,0.419317908233388,0.169,0.258,1
"PAIP2B",0.251205406040089,1.22698851882947,0.078,0.136,1
"CTSD",0.251431331611461,-0.421602469249559,0.072,0.121,1
"SEC23IP",0.251511001992354,0.379038273925552,0.145,0.227,1
"HSPA4",0.251677374658991,0.37660857264502,0.223,0.333,1
"HECA",0.252000446012878,0.326736638591796,0.199,0.303,1
"C1orf50",0.252685823837522,0.150714894749735,0.048,0.015,1
"ARMCX5",0.252870770171293,-0.314667960720326,0.018,0.045,1
"CDIN1",0.252870770171293,0.331036957243457,0.018,0.045,1
"DGAT2",0.252870770171293,-0.251780908545713,0.018,0.045,1
"ENSG00000247679",0.252870770171293,-0.103185683160948,0.018,0.045,1
"ENSG00000259692",0.252870770171293,1.88186135440621,0.018,0.045,1
"ENSG00000272156",0.252870770171293,0.999342099451576,0.018,0.045,1
"ENSG00000276853",0.252870770171293,-0.105883888033365,0.018,0.045,1
"ENSG00000277476",0.252870770171293,-0.135015220286806,0.018,0.045,1
"GIPC2",0.252870770171293,0.52994239232935,0.018,0.045,1
"GNMT",0.252870770171293,-0.496232597543481,0.018,0.045,1
"H1-5",0.252870770171293,-0.354131644529614,0.018,0.045,1
"H2AC4",0.252870770171293,-0.461724120779842,0.018,0.045,1
"HEG1",0.252870770171293,-0.154134068921686,0.018,0.045,1
"JAKMIP2",0.252870770171293,0.496567640177071,0.018,0.045,1
"KDM8",0.252870770171293,-0.209862902910206,0.018,0.045,1
"LGALS3",0.252870770171293,-0.60698979881043,0.018,0.045,1
"LINC02798",0.252870770171293,-0.501671570710423,0.018,0.045,1
"LINC02980",0.252870770171293,-0.429830091663104,0.018,0.045,1
"LRP1B",0.252870770171293,-0.493569967224697,0.018,0.045,1
"MCM8",0.252870770171293,-0.462718188575296,0.018,0.045,1
"NDC80",0.252870770171293,0.158751559549876,0.018,0.045,1
"PRSS21",0.252870770171293,-0.564756036808368,0.018,0.045,1
"SGCB",0.252870770171293,-0.809644241333203,0.018,0.045,1
"TMEM232",0.252870770171293,0.354782282179084,0.018,0.045,1
"ZFP62",0.252870770171293,0.326516580246247,0.018,0.045,1
"ZNF25",0.252870770171293,-0.297233106012772,0.018,0.045,1
"RPRD1A",0.253070466676185,2.0079233649481,0.151,0.106,1
"HCP5",0.25316666556312,1.2709458120355,0.319,0.303,1
"DDX20",0.253200494330061,-0.119811794911559,0.048,0.091,1
"GATM",0.253200494330061,-0.170676605880146,0.048,0.091,1
"SFPQ",0.253221812143649,-0.156332095208241,0.62,0.818,1
"ITPA",0.253484819753636,0.1716731734289,0.102,0.167,1
"GMDS-DT",0.253856950736992,0.826869335128843,0.175,0.273,1
"SLC6A16",0.253858195408429,0.913931540904531,0.108,0.061,1
"DNAJC27",0.254387438013277,-0.221034527795005,0.06,0.106,1
"EXOSC2",0.254387438013277,-0.114480885268391,0.06,0.106,1
"PGM2",0.254387438013277,-0.18715140162731,0.06,0.106,1
"HLA-C",0.254461410008545,0.147767336379366,0.91,0.97,1
"R3HCC1L",0.254746776429258,0.36428607189159,0.078,0.136,1
"CSTF3",0.254939502816382,0.265173239112575,0.114,0.182,1
"TRMT6",0.255081258778497,0.141598421273071,0.102,0.167,1
"SYNJ2BP",0.255128670433725,2.47995673557044,0.12,0.076,1
"SMIM11",0.255389176315091,0.284009071254165,0.048,0.091,1
"BRAF",0.256422873559781,1.10162508578609,0.337,0.318,1
"STAM2",0.25742527851098,0.46965199469797,0.169,0.258,1
"HEATR6",0.25759097471906,0.743422766739176,0.048,0.091,1
"JARID2",0.257790505870028,0.200194150793544,0.301,0.455,1
"KIAA2026",0.258018781379196,1.04723635076576,0.325,0.303,1
"GALNT10",0.258327170439937,1.62124347995927,0.169,0.121,1
"MYCBP2",0.25871751421521,0.640805491892419,0.482,0.5,1
"PPP1R10",0.258799593209722,0.259401170368287,0.217,0.318,1
"CUL3",0.258981534587922,0.446826248316207,0.283,0.424,1
"MACROD2",0.259006191936162,2.70225834314661,0.066,0.03,1
"RNPEPL1",0.259006191936162,2.23945409037569,0.066,0.03,1
"PIP4P1",0.259442289591215,0.170210722912798,0.139,0.212,1
"RPS14",0.259658474274129,0.228742854846557,0.837,0.879,1
"PNISR",0.259791343746283,0.337529210510163,0.825,0.939,1
"LONP1",0.259805907018151,-0.111409416060174,0.048,0.091,1
"TRMT11",0.259805907018151,-0.144157685220937,0.048,0.091,1
"TTF2",0.259829159684214,-0.105624364943234,0.084,0.136,1
"UBAP2",0.259966107855588,-0.127363896270945,0.108,0.167,1
"SIN3B",0.259966107855588,1.77956929773998,0.139,0.091,1
"OPTN",0.260040788148916,-0.438656677202752,0.096,0.152,1
"BCL2L11",0.260209693554271,0.400340410190068,0.09,0.152,1
"ENOX2",0.260436369417649,-0.285475709578969,0.06,0.106,1
"CYTH1",0.260462494846768,0.920722964997401,0.313,0.288,1
"TRA2A",0.260688230915148,0.513843699508544,0.482,0.5,1
"DYNC2I1",0.261235661051186,-0.133010763065381,0.157,0.227,1
"LARS2",0.26130864118613,2.59783770340856,0.066,0.03,1
"FGD3",0.2617196593135,-0.398498673234089,0.096,0.152,1
"CNNM2",0.262033990065703,1.20860327932299,0.048,0.091,1
"SMC5",0.262381429084999,0.520276123721536,0.223,0.333,1
"COX18",0.26247461889226,0.20611715874687,0.06,0.106,1
"ENSG00000261799",0.26247461889226,0.165230156892157,0.06,0.106,1
"IFI27L2",0.26247461889226,-0.320722533143565,0.06,0.106,1
"CELSR1",0.26247461889226,2.01926048243959,0.084,0.045,1
"TMTC4",0.26247461889226,2.46587347774686,0.084,0.045,1
"ZNF385C",0.263598123252859,-1.45274384293721,0.03,0.061,1
"ARL14EP",0.263778561569138,0.974218989087785,0.175,0.121,1
"MCFD2",0.263849572380711,0.481783590623239,0.127,0.197,1
"MRPS16",0.264236061307066,0.160334308447405,0.114,0.182,1
"DNAAF2",0.264275240087106,0.679366616768585,0.048,0.091,1
"GTPBP8",0.264275240087106,0.248069269213252,0.048,0.091,1
"USP46",0.264275240087106,0.107501606154204,0.048,0.091,1
"PRPS2",0.264523858656806,0.227948651330021,0.06,0.106,1
"TMEM53",0.264523858656806,-0.160100326997063,0.06,0.106,1
"ZNF263",0.264523858656806,0.118824593671416,0.06,0.106,1
"ENSG00000291147",0.264523858656806,1.88830169469092,0.084,0.045,1
"ORC4",0.264627631401014,0.737654698537391,0.12,0.197,1
"TPR",0.264650362859839,0.209178360180687,0.452,0.652,1
"GAPDH",0.265006425157379,0.685248550593514,0.482,0.53,1
"NEK1",0.265099836661596,-0.139362911969522,0.096,0.152,1
"METTL14",0.265360321518218,0.969287606618456,0.09,0.152,1
"NSUN5",0.265360321518218,0.698741649211002,0.09,0.152,1
"PRNP",0.265360321518218,0.354605390147661,0.09,0.152,1
"ZNF84",0.265578634520626,0.779137993042269,0.078,0.136,1
"TARDBP",0.266478605170017,0.165998749994662,0.446,0.682,1
"DNAJA4",0.266584100522978,-0.154585886387569,0.06,0.106,1
"TMEM182",0.266584100522978,0.622845178918204,0.06,0.106,1
"ENSG00000291063",0.266584100522978,2.32554738726443,0.084,0.045,1
"MAP4K2",0.26678190313981,1.20273055250348,0.223,0.182,1
"CYBC1",0.267124842163026,1.27586609486788,0.169,0.121,1
"USP34",0.268190538975668,0.570796464840189,0.458,0.455,1
"HAUS5",0.268300730723267,1.76402985496303,0.066,0.03,1
"ZNF346",0.268300730723267,2.05761345927287,0.066,0.03,1
"FAM126A",0.268362118976431,1.25976481318651,0.187,0.136,1
"GOLGA5",0.268509971305207,-0.133600127730587,0.096,0.152,1
"FAM117B",0.268610918966563,1.70939200426431,0.169,0.121,1
"KLHL42",0.268655355857765,0.130552280454878,0.06,0.106,1
"DTWD2",0.268797302782932,0.237651749593506,0.048,0.091,1
"OSGEP",0.268832837942911,1.56172672456724,0.12,0.076,1
"AASDH",0.268945257339257,-0.201328414612227,0.133,0.197,1
"MECR",0.269174477332778,-1.32048864018355,0.03,0.061,1
"LRRC37A2",0.269462624616331,1.71754559636019,0.102,0.061,1
"RNF169",0.270084646897944,0.463114099904142,0.157,0.242,1
"RIOK1",0.270562112062307,0.20180391400026,0.114,0.182,1
"UBALD1",0.270659730478028,1.54678848281543,0.066,0.03,1
"KANSL1",0.270698897071622,1.2772589968032,0.295,0.273,1
"CD81",0.270794647247639,1.34239162234925,0.301,0.288,1
"EPC1",0.270834827965124,0.703435077593979,0.47,0.485,1
"SRRM2",0.27087061903198,0.562686289070103,0.614,0.727,1
"GNL3L",0.270872698009833,0.152000245569553,0.181,0.273,1
"SLC22A5",0.271078144722995,0.562827188418321,0.048,0.091,1
"THOC1",0.271116261277289,0.132623682987338,0.139,0.212,1
"CTSA",0.271308233867246,-0.321765133676809,0.108,0.167,1
"TK2",0.271992805768668,-1.13256019707315,0.03,0.061,1
"C14orf119",0.271994941164776,0.24202273941045,0.145,0.212,1
"HTATIP2",0.272410818186615,-0.387049813292733,0.084,0.136,1
"TMEM135",0.272410818186615,0.131869053747005,0.084,0.136,1
"HSPA8",0.27263403920287,-0.109433492251534,0.614,0.818,1
"ACAD10",0.273032907996585,1.82261816828766,0.066,0.03,1
"C19orf25",0.273032907996585,2.25321129374946,0.066,0.03,1
"PRICKLE3",0.273032907996585,1.43436960889915,0.066,0.03,1
"GIGYF1",0.273350643200533,0.187712874197747,0.199,0.303,1
"DCAF5",0.273379782855151,0.174153530619965,0.187,0.273,1
"CLOCK",0.274090135807372,0.263416569316699,0.139,0.212,1
"NHLRC3",0.27410166695541,0.479270259779662,0.151,0.227,1
"SEMA4D",0.274281638113181,0.35225831339696,0.265,0.394,1
"GEMIN7",0.274630258557323,-0.229396506047102,0.163,0.242,1
"CETN2",0.274831269376721,-0.170098100739536,0.03,0.061,1
"MYO1F",0.274851220903676,-0.100233463600945,0.169,0.242,1
"LINC01480",0.274935309606846,1.96366047107706,0.084,0.045,1
"ACP6",0.275126770006798,1.58340337481098,0.018,0,1
"ACRBP",0.275126770006798,2.28673957757537,0.018,0,1
"ADAMTS3",0.275126770006798,1.33632859170641,0.018,0,1
"AIFM3",0.275126770006798,1.81951061750604,0.018,0,1
"ARHGEF40",0.275126770006798,2.40388698978156,0.018,0,1
"ARL4D",0.275126770006798,2.31926390080804,0.018,0,1
"ATP10B",0.275126770006798,1.1721599758349,0.018,0,1
"ATRNL1",0.275126770006798,0.449456985256417,0.018,0,1
"BATF2",0.275126770006798,1.62635984477964,0.018,0,1
"BBS12",0.275126770006798,1.07403889791578,0.018,0,1
"BCAS1",0.275126770006798,2.58384878586928,0.018,0,1
"BMPR1A",0.275126770006798,1.42031628123201,0.018,0,1
"BMS1P1",0.275126770006798,1.80756331968303,0.018,0,1
"BRPF3-AS1",0.275126770006798,2.04765465962383,0.018,0,1
"BTG2-DT",0.275126770006798,1.05738144432604,0.018,0,1
"C19orf38",0.275126770006798,1.51161437320343,0.018,0,1
"C19orf44",0.275126770006798,1.59459869039891,0.018,0,1
"C1orf56",0.275126770006798,2.2996919339112,0.018,0,1
"C2CD2",0.275126770006798,1.99108454329354,0.018,0,1
"C5AR1",0.275126770006798,2.67693292151062,0.018,0,1
"CA5A",0.275126770006798,0.632355790488193,0.018,0,1
"CASTOR2",0.275126770006798,1.74767225696404,0.018,0,1
"CAV2",0.275126770006798,2.84408658962368,0.018,0,1
"CBR3",0.275126770006798,3.02137524511969,0.018,0,1
"CC2D1A",0.275126770006798,1.46281061344875,0.018,0,1
"CCDC71",0.275126770006798,1.22273376290603,0.018,0,1
"CCHCR1",0.275126770006798,2.38042462680739,0.018,0,1
"CDH22",0.275126770006798,1.80258541656657,0.018,0,1
"CEACAM1",0.275126770006798,1.65493385067968,0.018,0,1
"CENPF",0.275126770006798,1.8666478006097,0.018,0,1
"CFAP47",0.275126770006798,2.62070832487027,0.018,0,1
"CFAP52",0.275126770006798,2.64957278865514,0.018,0,1
"CNN3",0.275126770006798,2.12407618653508,0.018,0,1
"CORO2A",0.275126770006798,1.14664127943722,0.018,0,1
"CTH",0.275126770006798,2.39068211704452,0.018,0,1
"CTSF",0.275126770006798,2.55986281154941,0.018,0,1
"CXCL2",0.275126770006798,2.11070521275094,0.018,0,1
"CXCL8",0.275126770006798,1.80847689737146,0.018,0,1
"DDX28",0.275126770006798,1.86616890399992,0.018,0,1
"DENND5B-AS1",0.275126770006798,2.26537492024824,0.018,0,1
"DLEU2L",0.275126770006798,1.74076355989262,0.018,0,1
"DNAH6",0.275126770006798,2.02139163300942,0.018,0,1
"DPP3-DT",0.275126770006798,2.2837826442152,0.018,0,1
"E2F5-DT",0.275126770006798,0.944383276205691,0.018,0,1
"EEF2KMT",0.275126770006798,1.72228574830983,0.018,0,1
"EFCAB13-DT",0.275126770006798,2.70843041805181,0.018,0,1
"ENSG00000197670",0.275126770006798,1.173691088747,0.018,0,1
"ENSG00000225963",0.275126770006798,1.91938588880866,0.018,0,1
"ENSG00000227240",0.275126770006798,2.80490060043097,0.018,0,1
"ENSG00000228862",0.275126770006798,2.35783998523353,0.018,0,1
"ENSG00000230333",0.275126770006798,2.02715748533628,0.018,0,1
"ENSG00000234185",0.275126770006798,2.32434200584344,0.018,0,1
"ENSG00000246250",0.275126770006798,1.72952860097294,0.018,0,1
"ENSG00000249207",0.275126770006798,1.81825357614858,0.018,0,1
"ENSG00000249685",0.275126770006798,2.33671935237474,0.018,0,1
"ENSG00000250101",0.275126770006798,2.12991803374143,0.018,0,1
"ENSG00000251598",0.275126770006798,3.38606644282483,0.018,0,1
"ENSG00000253100",0.275126770006798,1.70528447542428,0.018,0,1
"ENSG00000253125",0.275126770006798,2.7550864009007,0.018,0,1
"ENSG00000254929",0.275126770006798,2.42578459967276,0.018,0,1
"ENSG00000255432",0.275126770006798,2.07413893765893,0.018,0,1
"ENSG00000257475",0.275126770006798,1.68319961683687,0.018,0,1
"ENSG00000258561",0.275126770006798,2.64820183561822,0.018,0,1
"ENSG00000260077",0.275126770006798,1.60398591566484,0.018,0,1
"ENSG00000260271",0.275126770006798,2.45239308847382,0.018,0,1
"ENSG00000260805",0.275126770006798,1.68051841426703,0.018,0,1
"ENSG00000260912",0.275126770006798,1.85976887801579,0.018,0,1
"ENSG00000262151",0.275126770006798,2.30615931753294,0.018,0,1
"ENSG00000263331",0.275126770006798,3.04110903289387,0.018,0,1
"ENSG00000264207",0.275126770006798,2.39879484817509,0.018,0,1
"ENSG00000265408",0.275126770006798,2.30794599780716,0.018,0,1
"ENSG00000266088",0.275126770006798,2.57087109161003,0.018,0,1
"ENSG00000266844",0.275126770006798,2.13896040781032,0.018,0,1
"ENSG00000267436",0.275126770006798,2.47336985966675,0.018,0,1
"ENSG00000268081",0.275126770006798,2.32352153692338,0.018,0,1
"ENSG00000268583",0.275126770006798,1.05896749212433,0.018,0,1
"ENSG00000269243",0.275126770006798,2.28221612897108,0.018,0,1
"ENSG00000269553",0.275126770006798,2.36939490744466,0.018,0,1
"ENSG00000269967",0.275126770006798,1.99442363658621,0.018,0,1
"ENSG00000270179",0.275126770006798,1.85660381097643,0.018,0,1
"ENSG00000272255",0.275126770006798,2.06740414569124,0.018,0,1
"ENSG00000272305",0.275126770006798,1.544769262454,0.018,0,1
"ENSG00000272379",0.275126770006798,2.06995859077475,0.018,0,1
"ENSG00000272742",0.275126770006798,1.38933114632514,0.018,0,1
"ENSG00000273270",0.275126770006798,2.14161450669277,0.018,0,1
"ENSG00000273284",0.275126770006798,1.91598834775833,0.018,0,1
"ENSG00000273674",0.275126770006798,2.23637096937139,0.018,0,1
"ENSG00000273784",0.275126770006798,2.49176966946232,0.018,0,1
"ENSG00000275418",0.275126770006798,2.18430519523588,0.018,0,1
"ENSG00000275769",0.275126770006798,2.65347910943123,0.018,0,1
"ENSG00000278390",0.275126770006798,2.15931606491213,0.018,0,1
"ENSG00000280007",0.275126770006798,2.04152658928144,0.018,0,1
"ENSG00000283897",0.275126770006798,1.58137737452063,0.018,0,1
"ENSG00000284624",0.275126770006798,1.69300829849554,0.018,0,1
"ENSG00000284685",0.275126770006798,2.8171919393157,0.018,0,1
"ENSG00000285329",0.275126770006798,2.5409020207121,0.018,0,1
"ENSG00000286619",0.275126770006798,1.57282842184017,0.018,0,1
"ENSG00000288253",0.275126770006798,1.78781635456259,0.018,0,1
"ENSG00000288684",0.275126770006798,2.5744767015625,0.018,0,1
"ENSG00000288730",0.275126770006798,2.20512615818846,0.018,0,1
"ENSG00000288934",0.275126770006798,2.30747888167666,0.018,0,1
"ENSG00000289045",0.275126770006798,2.52982455591382,0.018,0,1
"ENSG00000289056",0.275126770006798,2.02456383408486,0.018,0,1
"ENSG00000289106",0.275126770006798,1.20432014990868,0.018,0,1
"ENSG00000289135",0.275126770006798,2.48272321504388,0.018,0,1
"ENSG00000289347",0.275126770006798,2.01415981237329,0.018,0,1
"ENSG00000289449",0.275126770006798,0.894529298602471,0.018,0,1
"ENSG00000289588",0.275126770006798,1.49676399620556,0.018,0,1
"ENSG00000289899",0.275126770006798,1.65876726859675,0.018,0,1
"ENSG00000289974",0.275126770006798,2.6493130356349,0.018,0,1
"ENSG00000290115",0.275126770006798,1.19626798237126,0.018,0,1
"ENSG00000290397",0.275126770006798,2.36854308398593,0.018,0,1
"ENSG00000291170",0.275126770006798,2.64360007347486,0.018,0,1
"ENSG00000291188",0.275126770006798,1.71207074196306,0.018,0,1
"FA2H",0.275126770006798,1.70033470888049,0.018,0,1
"FAM161B",0.275126770006798,1.79544070254482,0.018,0,1
"FAM209B",0.275126770006798,1.81403727340544,0.018,0,1
"FAM226B",0.275126770006798,1.56370182989811,0.018,0,1
"FAM78B",0.275126770006798,1.75428284597001,0.018,0,1
"FAM89A",0.275126770006798,3.45994775103631,0.018,0,1
"FBXO2",0.275126770006798,1.94537643698897,0.018,0,1
"FGF9",0.275126770006798,1.95690415491784,0.018,0,1
"FGFBP3",0.275126770006798,2.01948769730524,0.018,0,1
"FMO1",0.275126770006798,2.45916475596241,0.018,0,1
"GASK1A",0.275126770006798,1.58829998741817,0.018,0,1
"GDAP1",0.275126770006798,2.39076757533342,0.018,0,1
"GLB1L",0.275126770006798,1.85216005414834,0.018,0,1
"GPATCH3",0.275126770006798,1.76237120579212,0.018,0,1
"GPC5",0.275126770006798,1.19773553609144,0.018,0,1
"GYPE",0.275126770006798,2.62874995172746,0.018,0,1
"HAND2",0.275126770006798,2.13316300122857,0.018,0,1
"HEATR6-DT",0.275126770006798,1.94000731603143,0.018,0,1
"HFE",0.275126770006798,2.1680540796326,0.018,0,1
"HOMER1",0.275126770006798,2.95027871013425,0.018,0,1
"HOOK1",0.275126770006798,2.89355300803417,0.018,0,1
"IGFBP4",0.275126770006798,0.847891644196038,0.018,0,1
"IGHV1OR15-1",0.275126770006798,2.20520583900625,0.018,0,1
"IL12A",0.275126770006798,2.64913768345887,0.018,0,1
"IL15RA",0.275126770006798,2.23293767530363,0.018,0,1
"IL4I1",0.275126770006798,1.99648836720987,0.018,0,1
"IL6",0.275126770006798,2.25777372073099,0.018,0,1
"ITGA3",0.275126770006798,1.56839748227468,0.018,0,1
"ITGA9-AS1",0.275126770006798,2.02439894005954,0.018,0,1
"ITGB3",0.275126770006798,2.50972568445249,0.018,0,1
"KCNJ3",0.275126770006798,1.92780863155065,0.018,0,1
"LDB2",0.275126770006798,1.68036508688742,0.018,0,1
"LEAP2",0.275126770006798,1.8105622893925,0.018,0,1
"LINC00539",0.275126770006798,1.81960269244301,0.018,0,1
"LINC00685",0.275126770006798,1.97141639642888,0.018,0,1
"LINC01135",0.275126770006798,2.11478945620598,0.018,0,1
"LINC01266",0.275126770006798,1.42680500770812,0.018,0,1
"LINC01311",0.275126770006798,1.78503482983784,0.018,0,1
"LINC02156",0.275126770006798,2.21410830616823,0.018,0,1
"LINC02324",0.275126770006798,1.9963710177472,0.018,0,1
"LINC02608",0.275126770006798,1.99578146806607,0.018,0,1
"LINC02669",0.275126770006798,1.72535562180976,0.018,0,1
"LINC02694",0.275126770006798,2.55556472103433,0.018,0,1
"LINC02963",0.275126770006798,2.33263295083617,0.018,0,1
"LINC02966",0.275126770006798,2.14373540374857,0.018,0,1
"LMCD1-AS1",0.275126770006798,2.16719450801874,0.018,0,1
"LOXL4",0.275126770006798,1.1260489142551,0.018,0,1
"LRRK2-DT",0.275126770006798,1.79788700925225,0.018,0,1
"LSM11",0.275126770006798,2.15018245779844,0.018,0,1
"MEF2C-AS2",0.275126770006798,1.44656149991537,0.018,0,1
"MEI1",0.275126770006798,1.78197978315145,0.018,0,1
"MID2",0.275126770006798,2.09229894853974,0.018,0,1
"MLLT11",0.275126770006798,1.17224287342878,0.018,0,1
"MYH9-DT",0.275126770006798,1.96083494640755,0.018,0,1
"MYL5",0.275126770006798,1.92870455057989,0.018,0,1
"N4BP3",0.275126770006798,2.74791706553822,0.018,0,1
"NAT14",0.275126770006798,1.62823129952891,0.018,0,1
"NCMAP",0.275126770006798,1.60960212945555,0.018,0,1
"NDOR1",0.275126770006798,2.12137030070113,0.018,0,1
"NIPAL4",0.275126770006798,2.49676132655692,0.018,0,1
"NLRX1",0.275126770006798,1.73993237606795,0.018,0,1
"NPHP1",0.275126770006798,1.85587762560708,0.018,0,1
"NRCAM",0.275126770006798,2.55465922472016,0.018,0,1
"NRSN2",0.275126770006798,2.40784921802443,0.018,0,1
"NT5C3B",0.275126770006798,2.49627852637855,0.018,0,1
"NTNG1",0.275126770006798,1.95864992465135,0.018,0,1
"OBI1-AS1",0.275126770006798,1.24597470323994,0.018,0,1
"OVGP1",0.275126770006798,1.54346291721245,0.018,0,1
"P2RY11",0.275126770006798,2.25648532615477,0.018,0,1
"PANK1",0.275126770006798,1.82378082763444,0.018,0,1
"PANX1",0.275126770006798,1.93177447096666,0.018,0,1
"PCNX4-DT",0.275126770006798,2.25560318486994,0.018,0,1
"PDGFD",0.275126770006798,2.41003082746918,0.018,0,1
"PEMT",0.275126770006798,1.45328748785876,0.018,0,1
"PERP",0.275126770006798,0.917946047164703,0.018,0,1
"PHF13",0.275126770006798,1.76855898467668,0.018,0,1
"PLEKHH2",0.275126770006798,3.04720413191303,0.018,0,1
"POLD1",0.275126770006798,1.58027334105907,0.018,0,1
"PPM1L",0.275126770006798,3.3548902357885,0.018,0,1
"PPP1R9A",0.275126770006798,2.57386965224975,0.018,0,1
"PPT2",0.275126770006798,0.805073886693298,0.018,0,1
"PSMD14-DT",0.275126770006798,2.17728301957653,0.018,0,1
"PTCH1",0.275126770006798,2.55471622709553,0.018,0,1
"PTTG1",0.275126770006798,2.53209649441248,0.018,0,1
"PYGM",0.275126770006798,1.97334024415377,0.018,0,1
"RAB33A",0.275126770006798,2.17405589235602,0.018,0,1
"RAPGEF5",0.275126770006798,3.6448344150474,0.018,0,1
"ROBO1",0.275126770006798,1.93685670135511,0.018,0,1
"RPL34-DT",0.275126770006798,2.65183189077236,0.018,0,1
"S1PR2",0.275126770006798,2.65764745039461,0.018,0,1
"SEMA3D",0.275126770006798,2.4690774522138,0.018,0,1
"SLC13A3",0.275126770006798,2.64707331325062,0.018,0,1
"SLC16A4",0.275126770006798,2.27291218610131,0.018,0,1
"SLC18A2",0.275126770006798,2.24222915641422,0.018,0,1
"SLC4A4",0.275126770006798,2.37302872249831,0.018,0,1
"SOX7",0.275126770006798,2.53364713084945,0.018,0,1
"SPINT1-AS1",0.275126770006798,1.51126279384756,0.018,0,1
"SPOPL-DT",0.275126770006798,2.17859148964277,0.018,0,1
"SPRED1",0.275126770006798,1.82689310058745,0.018,0,1
"STOML1",0.275126770006798,1.36303105758219,0.018,0,1
"STX16-NPEPL1",0.275126770006798,2.45582343609069,0.018,0,1
"SYBU",0.275126770006798,2.49536821824826,0.018,0,1
"SYT3",0.275126770006798,1.92718578903883,0.018,0,1
"TBXA2R",0.275126770006798,2.79528352900788,0.018,0,1
"TENM2",0.275126770006798,1.58499322528539,0.018,0,1
"THBS1",0.275126770006798,2.02645109380212,0.018,0,1
"THNSL1",0.275126770006798,1.66564221420558,0.018,0,1
"TIGD3",0.275126770006798,1.5814831881309,0.018,0,1
"TMED2-DT",0.275126770006798,2.1239405432369,0.018,0,1
"TMEM108",0.275126770006798,1.0155378884522,0.018,0,1
"TRIB3",0.275126770006798,1.97523254744817,0.018,0,1
"TRIM3",0.275126770006798,2.92183908014213,0.018,0,1
"TRPC6",0.275126770006798,0.799045391465465,0.018,0,1
"TUNAR",0.275126770006798,1.79996874451975,0.018,0,1
"TXNDC16",0.275126770006798,1.69697193039945,0.018,0,1
"VAV3-AS1",0.275126770006798,2.94600591692934,0.018,0,1
"VSIG1",0.275126770006798,1.79433483155403,0.018,0,1
"XRCC3",0.275126770006798,2.78633174658819,0.018,0,1
"ZBTB47-AS1",0.275126770006798,1.06648979959591,0.018,0,1
"ZDHHC11",0.275126770006798,1.18170792816917,0.018,0,1
"ZFAND2B",0.275126770006798,2.37461370265929,0.018,0,1
"ZFHX3-AS1",0.275126770006798,2.44325249359587,0.018,0,1
"ZFP2",0.275126770006798,1.75801819758499,0.018,0,1
"ZFP69B",0.275126770006798,1.42841680039999,0.018,0,1
"ZKSCAN2",0.275126770006798,2.08964480416811,0.018,0,1
"ZNF215",0.275126770006798,2.61609738088219,0.018,0,1
"ZNF337-AS1",0.275126770006798,2.91319885173109,0.018,0,1
"ZNF34",0.275126770006798,1.91548008751119,0.018,0,1
"ZNF404",0.275126770006798,2.22015299015507,0.018,0,1
"ZNF451-AS1",0.275126770006798,1.627612532036,0.018,0,1
"ZNF691",0.275126770006798,2.21934816226074,0.018,0,1
"ZNF71",0.275126770006798,2.09550241497242,0.018,0,1
"ZNF844",0.275126770006798,1.83919612627185,0.018,0,1
"PPP4R2",0.275128191037964,0.427149732974509,0.187,0.288,1
"KIZ",0.275170692466036,1.79242397212727,0.102,0.061,1
"TBC1D10C",0.275170692466036,1.76095100442784,0.102,0.061,1
"ABAT",0.275420277843727,1.88754476906582,0.066,0.03,1
"CEBPB",0.275420277843727,1.5363499699068,0.066,0.03,1
"DVL3",0.275478688721748,0.176022823512112,0.12,0.197,1
"DESI2",0.275627536231733,2.27680251609124,0.133,0.091,1
"TANGO6",0.276163144248763,0.232300719955463,0.072,0.121,1
"POLG",0.276366630362591,0.26674245319348,0.169,0.258,1
"PHTF2",0.276788579540971,0.693185268193509,0.235,0.182,1
"PDE4DIP",0.276991209709444,0.1689123166516,0.114,0.182,1
"MED13",0.277018039756516,0.231624325892001,0.289,0.409,1
"RANBP6",0.277050723481592,0.143244605026157,0.06,0.106,1
"SNX27",0.277050723481592,1.7423184510563,0.084,0.045,1
"GTPBP1",0.277052965407411,0.912709928897429,0.157,0.106,1
"ATL1",0.277689891945886,-1.04080625285223,0.03,0.061,1
"CCDC30",0.277689891945886,-1.10349222803536,0.03,0.061,1
"ENSG00000285040",0.277689891945886,-1.05760533315091,0.03,0.061,1
"FEN1",0.277689891945886,-0.985779533480401,0.03,0.061,1
"MIATNB",0.277821853828925,1.51554153932045,0.066,0.03,1
"PMM2",0.277928548233262,-0.217096063551528,0.084,0.136,1
"COA6",0.277939138986363,-0.337495089998442,0.108,0.167,1
"ZMYM5",0.278112177151386,0.492457682609599,0.193,0.288,1
"ANXA2R",0.27813204288432,0.166357713326554,0.072,0.121,1
"TCP1",0.278465314195911,0.237596501255649,0.259,0.379,1
"PPP6R1",0.278614618119118,0.24660662957448,0.114,0.182,1
"CNPPD1",0.278725428368694,0.358337410536937,0.211,0.318,1
"SLC44A2",0.278796394084649,0.603506433237347,0.482,0.515,1
"TSC22D4",0.278801841531759,0.256861807831317,0.229,0.333,1
"POC1B",0.279016901477619,2.14786235300111,0.133,0.091,1
"KLHL14",0.279021606621066,2.04057002445028,0.102,0.061,1
"TRIM4",0.279035711086399,0.256446305390926,0.253,0.379,1
"MAST3",0.279052753689587,-0.215846386613697,0.169,0.242,1
"RCL1",0.279177200879343,0.130247928998234,0.06,0.106,1
"SUPV3L1",0.279177200879343,1.67896071838194,0.084,0.045,1
"SIPA1",0.279439856761513,1.46091068783522,0.229,0.197,1
"MALSU1",0.279784584889646,-0.209633316873626,0.084,0.136,1
"CCDC88C",0.280241202454725,1.20331969743581,0.295,0.273,1
"HMGN1",0.28024820350369,-0.122799148823093,0.717,0.864,1
"CENPP",0.280568695734736,-0.812774333357415,0.03,0.061,1
"RETSAT",0.280568695734736,-1.78905158534504,0.03,0.061,1
"ZNF70",0.280568695734736,-0.462848106687078,0.03,0.061,1
"VAMP1",0.280772060271422,0.276419566248993,0.193,0.288,1
"WDR36",0.281231655211151,0.553683887508842,0.09,0.152,1
"CEP295",0.281231655211151,1.55205621226019,0.12,0.076,1
"HECTD4",0.281288906198593,-0.115291066549781,0.253,0.348,1
"YIPF3",0.281296160671719,0.958004496637133,0.139,0.091,1
"PGGHG",0.281314750433199,1.65692480561774,0.084,0.045,1
"NPTN",0.281393278258073,0.237268406359981,0.151,0.227,1
"RNASEH2C",0.281880823448378,0.33878975608592,0.114,0.182,1
"LINC00623",0.281922075147571,-0.400651400591863,0.12,0.182,1
"TBC1D22A",0.282000212706749,1.13180255593027,0.295,0.258,1
"TOP3A",0.282098447370508,0.147478357659921,0.072,0.121,1
"FAM53B",0.282434503219501,1.7338567567466,0.133,0.091,1
"ERGIC3",0.282505335670235,0.189725224661768,0.217,0.318,1
"TANK",0.282527514027757,0.34818781285036,0.325,0.47,1
"PKIA",0.282667675640459,0.699191581745244,0.066,0.03,1
"PEAK1",0.283293319522333,0.568900642821982,0.102,0.167,1
"METTL18",0.283463380309906,1.74706948881941,0.084,0.045,1
"PITPNC1",0.283463380309906,2.20335635832283,0.084,0.045,1
"SLC2A4RG",0.283467701457828,-0.638327576480487,0.03,0.061,1
"TPTE2",0.283467701457828,-1.29602617763655,0.03,0.061,1
"NORAD",0.283545756215421,0.158491390929792,0.392,0.561,1
"FNTA",0.283884902287175,0.286590913121578,0.211,0.318,1
"PHACTR1",0.284264809463154,0.373844647003358,0.398,0.576,1
"SLC9A3R1",0.285016254593315,0.463172359960266,0.102,0.167,1
"AP2B1",0.285066981539678,1.50078667427594,0.271,0.258,1
"SPOPL",0.285140780874798,0.432930107812803,0.199,0.303,1
"C1GALT1",0.285196877428947,0.260519030697218,0.307,0.455,1
"CNST",0.285332627069664,1.03919648964142,0.169,0.121,1
"SIK2",0.285403153197081,0.645361060758894,0.084,0.136,1
"FBXO5",0.285623098206861,0.502178586839705,0.06,0.106,1
"RALY",0.286043025582763,0.221282698507375,0.271,0.394,1
"SEPTIN1",0.286043373314867,0.842901058441984,0.313,0.288,1
"IGSF8",0.286240446590218,-0.213996902239383,0.157,0.227,1
"MEMO1",0.286386928272205,-0.509492820887805,0.03,0.061,1
"OXLD1",0.286386928272205,-0.89511690194097,0.03,0.061,1
"PHYHD1",0.286386928272205,-0.559972432309788,0.03,0.061,1
"TPTEP2-CSNK1E",0.286386928272205,-0.622710068428725,0.03,0.061,1
"ZNF280D",0.286629485411244,0.860873110138798,0.12,0.197,1
"NBAS",0.286803057028876,-0.245124989523452,0.12,0.182,1
"CAPRIN2",0.286832955918136,1.21350211574544,0.102,0.061,1
"TAF11",0.287116879579169,0.401179981268436,0.127,0.197,1
"ENSG00000291113",0.287459052954362,-0.358270499279497,0.133,0.197,1
"TRPC4AP",0.287685892997725,-0.288428665607473,0.199,0.288,1
"LRCH3",0.287806831415034,-0.183458390712127,0.205,0.288,1
"SRGAP2B",0.288091754926493,0.240091887115681,0.108,0.167,1
"VPS26A",0.288119667801608,0.139838915089003,0.072,0.121,1
"SIDT1",0.288552843858593,0.545991398502723,0.301,0.455,1
"MITD1",0.288567325119469,0.951409969371669,0.265,0.227,1
"HMGXB4",0.288808643660461,1.64871989129293,0.102,0.061,1
"RAP2C",0.288980966787094,0.957344460224,0.259,0.212,1
"CYB5R3",0.289146142406106,-0.106074827690725,0.205,0.288,1
"AHR",0.289326393764085,-0.887854505806246,0.03,0.061,1
"ARMC6",0.289326393764085,-0.741482658235267,0.03,0.061,1
"ARPP21",0.289326393764085,-0.692135666633039,0.03,0.061,1
"CARD6",0.289326393764085,-0.170469442150821,0.03,0.061,1
"ENSG00000276256",0.289326393764085,-0.549393080352677,0.03,0.061,1
"ENSG00000285596",0.289326393764085,-0.64729975098895,0.03,0.061,1
"HOXB-AS1",0.289326393764085,-0.301307070307753,0.03,0.061,1
"PROCA1",0.289326393764085,-0.724761469482762,0.03,0.061,1
"ZDHHC9",0.289326393764085,-0.175898781792829,0.03,0.061,1
"SLC35F2",0.289975826486641,0.956447697261426,0.084,0.045,1
"ZMIZ1",0.290159598890052,0.24434894182104,0.114,0.182,1
"POLR2M",0.290315526881016,0.473807673134058,0.151,0.227,1
"BMI1",0.291101888095662,1.48768146485767,0.133,0.091,1
"SAMD1",0.291530733234726,0.829534704815114,0.139,0.091,1
"SBDSP1",0.292163587228405,0.753666531305105,0.12,0.076,1
"MAGED2",0.292181623456677,-0.121546777694315,0.072,0.121,1
"SNHG9",0.292181623456677,-0.124253887165143,0.072,0.121,1
"CA13",0.292286113935708,-0.243782312734527,0.03,0.061,1
"DVL1",0.292286113935708,-0.606647046557074,0.03,0.061,1
"SLC35B3",0.292286113935708,-0.50571607325092,0.03,0.061,1
"TMCC1-DT",0.292286113935708,-0.812469191481725,0.03,0.061,1
"CSNK2A1",0.292955123894697,0.366448860315888,0.295,0.439,1
"TPRG1L",0.294226958802685,0.254624820484314,0.072,0.121,1
"TNFRSF1B",0.294778492472124,-0.423618731833606,0.127,0.182,1
"FAM149B1",0.294935915462861,0.283970678662726,0.084,0.136,1
"CYP20A1",0.294989505157009,0.132640045506274,0.253,0.364,1
"COG6",0.294997198113574,-0.202334544993709,0.108,0.167,1
"SAP30-DT",0.295266103192372,-0.616540356443352,0.03,0.061,1
"SARM1",0.295266103192372,-0.264053924906872,0.03,0.061,1
"SFR1",0.295266103192372,-0.740206703493384,0.03,0.061,1
"TANC2",0.295266103192372,-0.376724542856121,0.03,0.061,1
"PELI1",0.295538338164912,1.99789001442945,0.114,0.076,1
"STX17",0.295595323581329,0.403008189532377,0.181,0.273,1
"MAN1A2",0.296036378650109,0.156902270776819,0.44,0.636,1
"SAP30L",0.29673530924026,0.119589622466189,0.12,0.182,1
"SPEN",0.296743412998661,1.10932484302894,0.386,0.394,1
"SYVN1",0.296761489804499,1.13067427314059,0.313,0.303,1
"TCL6",0.29680041950911,1.26173086623874,0.127,0.197,1
"LSM10",0.296899315224419,0.776684110204556,0.114,0.182,1
"NADSYN1",0.296899315224419,0.472161628823411,0.114,0.182,1
"LRRC59",0.297031177832326,-0.261016751439385,0.133,0.197,1
"CARM1",0.297436251064264,2.33562442387877,0.114,0.076,1
"ENSG00000250075",0.298266374329634,0.220861520946461,0.03,0.061,1
"ENSG00000260177",0.298266374329634,-0.489363716691765,0.03,0.061,1
"MAP3K20",0.298266374329634,-0.438560865879952,0.03,0.061,1
"PRMT5",0.298266374329634,-0.608507523299056,0.03,0.061,1
"SDHAF1",0.298266374329634,-0.596417165481602,0.03,0.061,1
"TNNI2",0.298266374329634,-0.517185029646334,0.03,0.061,1
"ZSCAN21",0.298266374329634,-0.543650831370475,0.03,0.061,1
"FAM177A1",0.298711785487425,0.547062286720113,0.096,0.152,1
"ABCA5",0.298808083056111,0.213575681051435,0.084,0.136,1
"TASOR2",0.299233533914536,1.02637661274999,0.199,0.152,1
"TAF2",0.299253897744426,1.3542502188468,0.151,0.106,1
"PPRC1",0.299947100740437,1.36603071896513,0.133,0.091,1
"LCOR",0.299959374903347,0.68677226819522,0.217,0.333,1
"ABI3",0.300346338254976,2.18389134335529,0.042,0.015,1
"ADAL",0.300346338254976,1.6069753419387,0.042,0.015,1
"CAMK4",0.300346338254976,2.32848285608489,0.042,0.015,1
"CD1D",0.300346338254976,1.92143073158422,0.042,0.015,1
"CD99P1",0.300346338254976,2.84501008419333,0.042,0.015,1
"ENSG00000262039",0.300346338254976,1.86622245839024,0.042,0.015,1
"ENSG00000283977",0.300346338254976,2.36324500950765,0.042,0.015,1
"FADS3",0.300346338254976,2.60213804373662,0.042,0.015,1
"HCG27",0.300346338254976,3.02769068138128,0.042,0.015,1
"LRRC8A",0.300346338254976,2.30175752813522,0.042,0.015,1
"MAPK3",0.300346338254976,2.10310655065679,0.042,0.015,1
"MMD",0.300346338254976,2.90551376697453,0.042,0.015,1
"OSER1-DT",0.300346338254976,2.22017355978763,0.042,0.015,1
"PNPLA4",0.300346338254976,2.13973522269358,0.042,0.015,1
"RNF26",0.300346338254976,2.24019378025751,0.042,0.015,1
"SH2D3A",0.300346338254976,2.17034799775342,0.042,0.015,1
"SLC25A1",0.300346338254976,2.10511931958438,0.042,0.015,1
"SPPL2B",0.300346338254976,2.76535481777315,0.042,0.015,1
"TNIK",0.300346338254976,3.03105342812526,0.042,0.015,1
"ZNF681",0.300346338254976,2.11176680841794,0.042,0.015,1
"ZNF782",0.300346338254976,1.78871134548627,0.042,0.015,1
"SNX2",0.300417939497653,0.971533638764442,0.355,0.348,1
"SLC35A2",0.3005563640535,0.226399055848276,0.096,0.152,1
"CCNT1",0.300666453694786,0.378782766832211,0.205,0.303,1
"FBXO33",0.30075683620568,0.288829134623786,0.084,0.136,1
"PSMC6",0.300963000908407,0.433435455617174,0.151,0.227,1
"UBE2M",0.300963000908407,0.34172379747019,0.151,0.227,1
"TIMM29",0.301207553699022,-0.740403337245559,0.042,0.076,1
"ARMC2",0.301286938520708,0.743033385513886,0.03,0.061,1
"ENSG00000272106",0.301286938520708,-0.607513838038442,0.03,0.061,1
"ENSG00000278784",0.301286938520708,-0.248209770011397,0.03,0.061,1
"FEM1B",0.30172317755145,0.418294119620439,0.127,0.197,1
"SH3GLB2",0.30173735241226,1.68306815217303,0.133,0.091,1
"UBE2B",0.301918035597522,0.477124842608731,0.289,0.455,1
"CENPL",0.302529440775634,-0.432437576443787,0.042,0.076,1
"FBL",0.302558847649032,0.407213265441908,0.241,0.364,1
"TMBIM1",0.302744338412297,1.22780007572836,0.169,0.121,1
"AMN1",0.303240272205283,1.45025063056676,0.175,0.136,1
"ZBTB38",0.303529694019134,1.44235115063051,0.163,0.121,1
"ABCB8",0.303558586543118,1.2146451348227,0.042,0.015,1
"ATP6V0E2",0.303558586543118,1.69042101107201,0.042,0.015,1
"CDC34",0.303558586543118,1.92763116475339,0.042,0.015,1
"DEAF1",0.303558586543118,1.78971407849611,0.042,0.015,1
"DIPK1B",0.303558586543118,2.43462043511788,0.042,0.015,1
"FANCB",0.303558586543118,2.67928571587171,0.042,0.015,1
"NCDN",0.303558586543118,1.6086010875986,0.042,0.015,1
"PRKAB2",0.303558586543118,2.23843461616366,0.042,0.015,1
"SNAPC1",0.303558586543118,1.72688778107889,0.042,0.015,1
"ZNF570",0.303558586543118,2.31052865125163,0.042,0.015,1
"CHIC2",0.303559879426731,1.6078036036747,0.205,0.167,1
"PUDP",0.303856762851692,-0.280005277489918,0.042,0.076,1
"ZNF627",0.303856762851692,-0.640775524616809,0.042,0.076,1
"ADK",0.303911703748901,0.700095000481959,0.386,0.591,1
"CSTB",0.304161888246387,1.00094282803554,0.217,0.182,1
"ENSG00000270062",0.304327805304043,0.368704204680077,0.03,0.061,1
"GAR1",0.304327805304043,0.713896329674693,0.03,0.061,1
"PRKAB1",0.304327805304043,0.381884590204267,0.03,0.061,1
"UBE2Q2P13",0.304327805304043,-0.387452422265103,0.03,0.061,1
"MRPL44",0.304597370004228,0.406197385253851,0.072,0.121,1
"EID2",0.304679694011802,0.153554638121182,0.084,0.136,1
"TPGS2",0.304679694011802,0.267743540887036,0.084,0.136,1
"YWHAQ",0.305170293137027,0.563505687555785,0.307,0.455,1
"BISPR",0.305185927806454,0.113085372705577,0.12,0.182,1
"RSBN1",0.305360813162327,0.720270350959702,0.187,0.288,1
"MLH1",0.305955302613951,0.589892768284055,0.157,0.242,1
"HSD17B10",0.306653802933109,0.118596861459887,0.084,0.136,1
"ATP6V1E2",0.306793582577171,1.72912703520938,0.042,0.015,1
"CDHR3",0.306793582577171,1.53191450287554,0.042,0.015,1
"ENSG00000285667",0.306793582577171,2.51852548959866,0.042,0.015,1
"MICALL1",0.306793582577171,2.09241510265139,0.042,0.015,1
"PRXL2B",0.306793582577171,2.02268355833848,0.042,0.015,1
"SLC45A3",0.306793582577171,2.03067152837491,0.042,0.015,1
"SUPT6H",0.306798074063104,-0.39424386100416,0.139,0.197,1
"RNF19A",0.306940753166391,1.03618747983007,0.349,0.333,1
"PHKB",0.306972093624516,-0.223293001681834,0.229,0.318,1
"THSD4-AS1",0.30702756344725,1.17427091272383,0.211,0.167,1
"KYAT3",0.307346553088293,0.272893386653522,0.108,0.167,1
"OGFOD3",0.307388982571095,0.201580576804161,0.03,0.061,1
"BNIP3L",0.307657898840081,0.70434591903571,0.193,0.303,1
"HOPX",0.30775281547557,0.131039528707779,0.066,0.03,1
"FAM89B",0.307809925626315,-0.584131140489669,0.054,0.091,1
"TRMT2B",0.308010449493952,0.188697329249156,0.096,0.152,1
"VIRMA",0.308249898858551,0.831828860221939,0.157,0.242,1
"RAB3GAP1",0.308322732684049,1.6522216766211,0.229,0.197,1
"GM2A",0.308766704685223,0.477596398665799,0.235,0.333,1
"ZSCAN18",0.308812667919357,0.349077719579612,0.072,0.121,1
"PIP5K1C",0.309069432535426,-0.397404043066448,0.078,0.121,1
"ANXA1",0.309201485454439,-1.3763550944054,0.042,0.076,1
"RPS29",0.309220500392709,0.126728792698554,0.988,0.97,1
"GNG2",0.309697713165774,1.66099318139439,0.187,0.152,1
"PICALM",0.309908320955495,0.501214957984917,0.229,0.333,1
"ACBD4",0.310051334185322,1.31146349973839,0.042,0.015,1
"ENSG00000272335",0.310051334185322,1.26153934640085,0.042,0.015,1
"KCTD6",0.310051334185322,1.12405794368588,0.042,0.015,1
"WRAP53",0.310051334185322,1.32094207894845,0.042,0.015,1
"SMNDC1",0.310406352803091,0.109837867717868,0.145,0.212,1
"MRPS26",0.310470476554294,0.496507561810586,0.03,0.061,1
"NDUFB7",0.310470476554294,0.500873834080664,0.03,0.061,1
"PDE6B",0.310470476554294,0.935670599905052,0.03,0.061,1
"STOM",0.310470476554294,-0.25894339815554,0.03,0.061,1
"ZNF569",0.310470476554294,0.882845931343123,0.03,0.061,1
"ATXN7L3",0.310627389318743,0.24414020583478,0.084,0.136,1
"BCL10",0.310927423138451,0.200825186050587,0.187,0.273,1
"DSTYK",0.310934711588705,2.47972914340376,0.096,0.061,1
"TXLNG",0.310949393908662,1.92383438929697,0.114,0.076,1
"RPS9",0.311120545124352,0.235646943369082,0.723,0.818,1
"CD38",0.311172935768046,0.747768886436232,0.193,0.288,1
"MFSD11",0.311782589163191,0.15225020514851,0.096,0.152,1
"NPIPB11",0.311782976748848,0.347882925334595,0.096,0.152,1
"YBEY",0.311782976748848,0.333869520975364,0.096,0.152,1
"GRIP1",0.311897006681035,-0.566873777584995,0.042,0.076,1
"RASSF7",0.311897006681035,-0.313986359914299,0.042,0.076,1
"TEX30",0.311897006681035,-0.783761379249038,0.042,0.076,1
"AFF1",0.312654105591413,0.389845505802266,0.289,0.424,1
"DDT",0.312912400747678,-0.174942539870231,0.09,0.136,1
"FBXO46",0.312912400747678,1.6963421967021,0.114,0.076,1
"CDK2",0.313066353609177,0.386682696463474,0.072,0.121,1
"PIK3IP1-DT",0.313331847102314,1.76940446362389,0.042,0.015,1
"RERE",0.313353713744518,0.731204499962812,0.476,0.515,1
"FAU",0.313391724507739,0.350804373563363,0.747,0.864,1
"CARF",0.313419869980632,0.411744859345006,0.127,0.197,1
"ENSG00000288899",0.313419869980632,0.590551164596849,0.127,0.197,1
"LDAH",0.314203368786761,0.892343340392084,0.114,0.182,1
"FBXL20",0.314467954299973,1.53042361773135,0.133,0.091,1
"PUM1",0.314521035127142,0.330317354056629,0.38,0.561,1
"ENSG00000291067",0.314607971431327,-0.846758706529488,0.042,0.076,1
"MRTO4",0.314607971431327,-0.70420488180851,0.042,0.076,1
"EIF2B2",0.314634808392997,0.9319371042202,0.084,0.136,1
"PDS5B",0.315092803900288,-0.126785360484465,0.229,0.318,1
"PRDX6-AS1",0.315104445922828,-0.493085030632377,0.054,0.091,1
"TCEAL3",0.315104445922828,-0.572778860113355,0.054,0.091,1
"ZNF224",0.315535449167764,0.269906323442172,0.12,0.182,1
"FGD2",0.316035731197213,0.130355438404365,0.428,0.591,1
"ING4",0.316056640460003,1.41527959000957,0.175,0.136,1
"DNAJC16",0.316058848800954,-0.238925946990372,0.102,0.152,1
"PIK3CA",0.316315029927847,1.3921460474841,0.133,0.091,1
"KDM3B",0.316457757132686,1.26772860950027,0.247,0.212,1
"SASS6",0.316635124953956,1.10691251237054,0.042,0.015,1
"KNOP1",0.316651207081676,0.633042050529922,0.084,0.136,1
"GLS",0.317318743730262,-0.16136611124101,0.307,0.424,1
"METRNL",0.317334381168637,-0.358300462429737,0.042,0.076,1
"TBC1D16",0.317334381168637,-0.339383984903496,0.042,0.076,1
"TSPOAP1",0.317334381168637,-0.48220956456748,0.042,0.076,1
"HS2ST1",0.317358436078989,1.13640328795149,0.072,0.121,1
"FAM135A",0.317560991438324,-0.576096658192131,0.054,0.091,1
"USP16",0.317830795155313,0.355561857348146,0.223,0.333,1
"FBRS",0.318059618513556,0.247496150845559,0.187,0.258,1
"PIGL",0.31903592980097,0.220928973999064,0.12,0.182,1
"SMIM20",0.31910951992601,-0.179740372044061,0.157,0.227,1
"GPBP1L1",0.319688204349855,0.419688524275168,0.265,0.409,1
"CNTNAP2",0.319961169241928,0.412307757274119,0.042,0.015,1
"ENSG00000290366",0.319961169241928,0.609814214899804,0.042,0.015,1
"ENSG00000290968",0.319961169241928,0.439206139754636,0.042,0.015,1
"KCNG1",0.319961169241928,1.0809062119332,0.042,0.015,1
"PPP1R13B",0.319961169241928,1.25191350335068,0.042,0.015,1
"HEBP1",0.320030057294539,-0.508255990282432,0.054,0.091,1
"XPO5",0.320030057294539,-0.376445404117253,0.054,0.091,1
"APOOL",0.320033431773419,0.701844327272368,0.108,0.167,1
"C5orf63",0.320076236375942,-0.389533709161024,0.042,0.076,1
"MIR3936HG",0.320076236375942,0.424253861069914,0.042,0.076,1
"OCRL",0.320076236375942,0.320358860730065,0.042,0.076,1
"FTO",0.320291444585122,0.726740184286833,0.181,0.273,1
"WBP11",0.320386006820527,0.30556917129108,0.301,0.424,1
"COIL",0.320727780853755,0.679168268816042,0.12,0.076,1
"PARP1",0.32080095682707,1.09395436823229,0.38,0.409,1
"ST3GAL5",0.320845860496745,1.7069537673906,0.114,0.076,1
"FYN",0.321109525263655,-0.206955180039965,0.205,0.288,1
"SCAPER",0.321454859263353,0.898366771912653,0.271,0.227,1
"FMN1",0.321731658664779,-0.409621709672927,0.066,0.106,1
"NRF1",0.32187340961414,0.619375666888661,0.108,0.167,1
"FAM126B",0.32188982617195,-0.2635481315096,0.127,0.182,1
"WDR82",0.321997671736766,0.250578795682242,0.259,0.364,1
"NOA1",0.322128511782027,0.22250991137774,0.163,0.242,1
"RPS10",0.322816766139893,1.56112563762359,0.157,0.121,1
"KATNIP",0.322833536550263,0.114331914863461,0.042,0.076,1
"RFNG",0.322833536550263,-0.658291580558847,0.042,0.076,1
"SLC9A9",0.322849583837619,1.89876088030486,0.114,0.076,1
"PHF11",0.322933551325936,0.122309879711734,0.452,0.652,1
"ENSG00000290832",0.323029223576923,0.637997221112481,0.151,0.227,1
"ENSG00000290993",0.323037663161795,0.635866898284207,0.139,0.212,1
"TIMM10B",0.323282573586413,0.297788900121203,0.096,0.152,1
"ENSG00000291214",0.323419894260399,0.153588313286291,0.145,0.212,1
"ATG16L2",0.323635025759387,1.61700535032436,0.127,0.091,1
"ZNF513",0.323798032705887,-0.649825256372488,0.078,0.121,1
"RNF38",0.324165940627541,0.327260605560725,0.187,0.273,1
"YY1",0.3241766196007,0.584976431443438,0.53,0.576,1
"OSBP",0.324706122806059,0.496437737361306,0.139,0.212,1
"HK1",0.324801398410055,0.477548066913285,0.084,0.136,1
"ANKH",0.325486989885771,0.279936242894606,0.157,0.227,1
"SYNCRIP",0.325510437777222,0.185609841569479,0.265,0.379,1
"FAHD1",0.325606280197137,0.158087167690693,0.042,0.076,1
"FAM219A",0.325606280197137,-0.465333271291352,0.042,0.076,1
"LIG4",0.325606280197137,-0.349153938722755,0.042,0.076,1
"PMS2",0.325606280197137,0.227577192107533,0.042,0.076,1
"SETD4",0.325606280197137,0.151480887732703,0.042,0.076,1
"USP20",0.325606280197137,-0.172166376991548,0.042,0.076,1
"THAP11",0.325938849748572,-0.496458303784716,0.078,0.121,1
"RNASEH1",0.326057797127714,1.92754049119968,0.096,0.061,1
"XPOT",0.326860092897451,0.566385069021892,0.084,0.136,1
"BCL2A1",0.326998442583319,1.87084441524353,0.06,0.03,1
"CAPN12",0.326998442583319,2.32250519150075,0.06,0.03,1
"CGRRF1",0.326998442583319,2.49660756402956,0.06,0.03,1
"LCLAT1",0.326998442583319,2.77647696568157,0.06,0.03,1
"PDK1",0.326998442583319,2.47865651215909,0.06,0.03,1
"EIF2S1",0.327013396224875,1.69187966424335,0.163,0.121,1
"PHF21A",0.327536176441146,0.552995070869536,0.223,0.333,1
"C16orf54",0.32793741053471,-0.201691871625622,0.193,0.273,1
"PABPN1",0.328394464825201,-0.164274835183186,0.042,0.076,1
"TFAP4",0.328394464825201,-0.201728746155607,0.042,0.076,1
"ZNF169",0.328394464825201,0.118784903977267,0.042,0.076,1
"DRG2",0.328429134016129,1.96927316376677,0.078,0.045,1
"SNX14",0.328429134016129,2.66477819154301,0.078,0.045,1
"MAP3K2-DT",0.328626886152498,-0.362792664521605,0.066,0.106,1
"ZNF226",0.328734799025643,0.385648026987766,0.133,0.197,1
"ANKRD53",0.329055271721326,-2.16092997231408,0.012,0.03,1
"ENSG00000249209",0.329055271721326,-2.25553367819631,0.012,0.03,1
"ENSG00000272144",0.329055271721326,-1.75815165137453,0.012,0.03,1
"ITGA10",0.329055271721326,-1.73248453765105,0.012,0.03,1
"MMP15",0.329055271721326,-1.81772445981306,0.012,0.03,1
"PDGFB",0.329055271721326,-1.80888189990184,0.012,0.03,1
"TSR2",0.329223547050865,1.07191286346098,0.175,0.136,1
"GIT1",0.329394178019662,-0.515777382413942,0.102,0.152,1
"C1orf35",0.329794346454722,2.1464950477404,0.06,0.03,1
"ENSG00000257275",0.329794346454722,2.31622303509557,0.06,0.03,1
"ZNF211",0.329794346454722,2.18722056692982,0.06,0.03,1
"ATP1A1-AS1",0.330031506519073,0.222093029372258,0.054,0.091,1
"H2BC6",0.330031506519073,-0.10387958253515,0.054,0.091,1
"MCRS1",0.330058115692257,-0.122498781560204,0.145,0.212,1
"NOTCH2NLA",0.330058115692257,0.334043425266595,0.145,0.212,1
"DYRK1A",0.330205282716132,1.40357574092912,0.289,0.273,1
"SESTD1",0.33046506330165,1.65777507102885,0.096,0.061,1
"WDR73",0.330946431850704,-0.432181929655125,0.066,0.106,1
"REV1",0.331100639145314,0.249770315964601,0.096,0.152,1
"PMPCA",0.331198086940854,0.206755997891779,0.042,0.076,1
"MON2",0.331475573490138,0.39293520529015,0.199,0.288,1
"EIF2AK3",0.331475573490138,1.33867107420203,0.235,0.197,1
"TTC5",0.332416378064975,-0.495292206692391,0.078,0.121,1
"THG1L",0.332563155139675,0.387669384576618,0.054,0.091,1
"SYT9-AS1",0.33260568568944,2.33943529908864,0.06,0.03,1
"DUSP6",0.333057967612015,0.224242799677005,0.108,0.167,1
"RXYLT1",0.333086909597263,0.7007518128296,0.084,0.136,1
"CNOT11",0.33327027423429,-0.11441634563521,0.102,0.152,1
"CCDC86",0.333276541964679,-0.27909483891755,0.066,0.106,1
"NT5C3A",0.333304730671391,0.747663218321358,0.386,0.379,1
"ZFP30",0.333338453210916,2.46753066242982,0.078,0.045,1
"ENSG00000234147",0.333842761551846,-1.69265477657088,0.012,0.03,1
"FN1",0.333842761551846,-1.96341763779831,0.012,0.03,1
"HSBP1L1",0.333842761551846,-1.6307296160763,0.012,0.03,1
"LINC02641",0.333842761551846,-1.88470721316463,0.012,0.03,1
"MIR2052HG",0.333842761551846,-1.78091555398582,0.012,0.03,1
"NFATC2IP-AS1",0.333842761551846,-1.39719752573198,0.012,0.03,1
"TAT-AS1",0.333842761551846,-1.64678364642691,0.012,0.03,1
"WWP1",0.333934185962658,0.486085845075153,0.133,0.197,1
"CHKB-DT",0.334017142043035,0.2234724392021,0.042,0.076,1
"CLCN7",0.334017142043035,0.771676851394819,0.042,0.076,1
"SMG1P7",0.334017142043035,0.150228123232732,0.042,0.076,1
"EGR1",0.334460779518004,0.772525314505518,0.295,0.242,1
"ZRSR2",0.334692511287932,1.18771627752134,0.277,0.258,1
"NOP53",0.33483219813161,0.659283297628539,0.416,0.409,1
"LONRF1",0.334910701340048,1.44499577133883,0.096,0.061,1
"PPP1R12B",0.335432455280748,1.71202971407687,0.06,0.03,1
"SNX8",0.335432455280748,1.57724453641318,0.06,0.03,1
"ZNF764",0.335432455280748,1.76076723524464,0.06,0.03,1
"C1orf174",0.335617213473016,-0.705251028950988,0.066,0.106,1
"SNHG29",0.336308598085959,0.336915105767431,0.645,0.788,1
"LTA4H",0.336387489194893,0.253002979762068,0.386,0.576,1
"ENSG00000285080",0.336412610541101,0.90837328637216,0.361,0.364,1
"AASS",0.336851624618087,0.11635835528021,0.042,0.076,1
"CREG1",0.336851624618087,0.400864086274057,0.042,0.076,1
"EOLA2-DT",0.336851624618087,0.136504364224847,0.042,0.076,1
"GK",0.336851624618087,0.903291246875755,0.042,0.076,1
"POLA1",0.336851624618087,0.746364413346222,0.042,0.076,1
"ZFPL1",0.336851624618087,-0.107724704941968,0.042,0.076,1
"COBLL1",0.33696822142587,0.215873515954262,0.386,0.545,1
"NDUFS5",0.337013804008832,0.124121949601089,0.253,0.364,1
"ZNF600",0.337147903264261,1.56214400514369,0.096,0.061,1
"ARHGAP4",0.337182773235652,0.171050684650246,0.205,0.288,1
"SAV1",0.33721042389797,1.54012854767655,0.283,0.273,1
"APOO",0.337429747168912,0.153676544495467,0.133,0.197,1
"BROX",0.33775803163096,0.551473749129587,0.151,0.227,1
"BCL7A",0.337880768337037,0.296726883891644,0.331,0.47,1
"CSAD",0.337968442878106,-0.278620431636061,0.066,0.106,1
"HIRA",0.337968442878106,-0.510103364283607,0.066,0.106,1
"HSPA14",0.337968442878106,-0.274999258777912,0.066,0.106,1
"UBQLN1",0.338057881746934,1.12381522751501,0.283,0.258,1
"KLF8",0.338274649206802,1.43964273476147,0.06,0.03,1
"ABCA10",0.338674947943297,-0.483824778616938,0.012,0.03,1
"ACTN1",0.338674947943297,-1.67436628145068,0.012,0.03,1
"ASAH2B",0.338674947943297,-1.3306036803467,0.012,0.03,1
"ASPSCR1",0.338674947943297,-1.3644353184296,0.012,0.03,1
"BRIP1",0.338674947943297,-1.40540610968872,0.012,0.03,1
"CACNA1C-AS2",0.338674947943297,-0.629063839700485,0.012,0.03,1
"CCDC194",0.338674947943297,-1.24587822184069,0.012,0.03,1
"CFAP70",0.338674947943297,-1.04201178297397,0.012,0.03,1
"CRISPLD1",0.338674947943297,-1.23541752787492,0.012,0.03,1
"EIF3C",0.338674947943297,-1.18175368195323,0.012,0.03,1
"ENSG00000227388",0.338674947943297,-0.578355057116531,0.012,0.03,1
"ENSG00000235609",0.338674947943297,-1.40765193052069,0.012,0.03,1
"ENSG00000249881",0.338674947943297,-1.56010165224552,0.012,0.03,1
"ENSG00000250349",0.338674947943297,-1.2034581992361,0.012,0.03,1
"ENSG00000283064",0.338674947943297,-1.32822284338599,0.012,0.03,1
"ENSG00000283103",0.338674947943297,-1.12615079186894,0.012,0.03,1
"ENSG00000285938",0.338674947943297,-1.33866782036125,0.012,0.03,1
"ENSG00000288531",0.338674947943297,-0.415716043860586,0.012,0.03,1
"ENSG00000289156",0.338674947943297,-1.70688564782466,0.012,0.03,1
"ENSG00000289606",0.338674947943297,-0.875478701455814,0.012,0.03,1
"ENSG00000291220",0.338674947943297,-1.49531776022123,0.012,0.03,1
"GSK3B-DT",0.338674947943297,-1.3679242149034,0.012,0.03,1
"HCCS-DT",0.338674947943297,-1.82244826391089,0.012,0.03,1
"HPSE2",0.338674947943297,-0.643230005748201,0.012,0.03,1
"IPO13",0.338674947943297,-1.54782356881731,0.012,0.03,1
"ISM2",0.338674947943297,-1.27886445354549,0.012,0.03,1
"ITGAD",0.338674947943297,-1.33370107822597,0.012,0.03,1
"JRK",0.338674947943297,-0.999405571295372,0.012,0.03,1
"KIR2DL1",0.338674947943297,-1.01552802934665,0.012,0.03,1
"LINC00907",0.338674947943297,-1.43255174458027,0.012,0.03,1
"LINC01412",0.338674947943297,-1.5574011045999,0.012,0.03,1
"LINC02811",0.338674947943297,-1.42462884366486,0.012,0.03,1
"LMLN",0.338674947943297,-0.995294215476343,0.012,0.03,1
"LZTS2",0.338674947943297,-0.914078946124419,0.012,0.03,1
"MKS1",0.338674947943297,-1.37535928738444,0.012,0.03,1
"MRM1",0.338674947943297,-0.540201546905944,0.012,0.03,1
"MRPL2",0.338674947943297,-1.37002676648088,0.012,0.03,1
"NAB2",0.338674947943297,-1.05788571661507,0.012,0.03,1
"PAN3-AS1",0.338674947943297,-1.24710099591739,0.012,0.03,1
"PIGZ",0.338674947943297,-1.2638842029638,0.012,0.03,1
"PINK1-AS",0.338674947943297,-0.497263548886623,0.012,0.03,1
"PODXL",0.338674947943297,-1.40772531737007,0.012,0.03,1
"PYCARD-AS1",0.338674947943297,-1.04496209246392,0.012,0.03,1
"SH3RF3",0.338674947943297,-1.0936150446106,0.012,0.03,1
"SLC9A3-AS1",0.338674947943297,-1.04103975427132,0.012,0.03,1
"STPG1",0.338674947943297,-1.28268833969049,0.012,0.03,1
"UCK1",0.338674947943297,-1.13769839971679,0.012,0.03,1
"VDR",0.338674947943297,-1.91048033808082,0.012,0.03,1
"ZBTB9",0.338674947943297,-1.15279742048587,0.012,0.03,1
"ZNF449",0.338674947943297,-1.22832349849441,0.012,0.03,1
"ZNF501",0.338674947943297,-1.54566120008796,0.012,0.03,1
"FNIP1",0.339139377521198,-0.283106669123505,0.102,0.152,1
"HEATR1",0.339172390277061,-0.407420453155379,0.09,0.136,1
"PPP1R21",0.339199206993453,-0.1051141051609,0.181,0.258,1
"TSPYL1",0.339240550101187,1.38940082191397,0.223,0.197,1
"FIG4",0.33924300887765,0.280149566508067,0.169,0.242,1
"RHBDD1",0.339345175238764,1.14401012746998,0.325,0.303,1
"ANP32B",0.339397657675926,-0.122615958005304,0.627,0.848,1
"ABI1",0.339590200814838,0.811911619137088,0.404,0.424,1
"CNNM4",0.339701528134733,0.168756095494412,0.042,0.076,1
"KBTBD4",0.339701528134733,0.286829073458408,0.042,0.076,1
"LINC02328",0.339701528134733,0.64495243006488,0.042,0.076,1
"NUDT4",0.339701528134733,-0.111262819594944,0.042,0.076,1
"CDC16",0.339762306753471,0.196506127150924,0.253,0.364,1
"SETX",0.340226797237024,0.61517301299079,0.566,0.621,1
"BLOC1S5",0.340233131908736,0.146681943458912,0.054,0.091,1
"NXT1",0.340233131908736,-0.338055052699829,0.054,0.091,1
"RNF135",0.340233131908736,-0.141006541500075,0.054,0.091,1
"SMIM4",0.340330226204208,-0.262977734286173,0.066,0.106,1
"USP14",0.340424506741314,0.611171919728466,0.199,0.288,1
"RIPOR1",0.340627776482403,0.523436722221658,0.193,0.288,1
"KIAA0319L",0.340762027565619,0.144492531991475,0.181,0.258,1
"ENGASE",0.34113226042566,1.69910475656583,0.06,0.03,1
"PLXNA3",0.34113226042566,1.59672984610891,0.06,0.03,1
"RBM14-RBM4",0.34113226042566,1.36387202815826,0.06,0.03,1
"TOX",0.34113226042566,1.55077422949841,0.06,0.03,1
"DDX27",0.34114193227756,0.225396628634863,0.253,0.364,1
"UNKL",0.341249340287989,1.12952577009102,0.114,0.076,1
"UBXN7",0.342063296648913,1.50335254797424,0.241,0.212,1
"CDC40",0.342256267476705,0.252709325320812,0.259,0.364,1
"RPS6KA5",0.342717012849645,1.04378877423256,0.163,0.121,1
"FBXO31",0.34281478440939,-0.187775691315612,0.054,0.091,1
"NABP2",0.34281478440939,-0.218130191029985,0.054,0.091,1
"RAPGEF6",0.34281478440939,0.176709413930331,0.054,0.091,1
"ABRAXAS1",0.343298378293713,1.55627504370165,0.078,0.045,1
"KIFBP",0.343298378293713,1.38529747803082,0.078,0.045,1
"FAM104A",0.343395710092408,-0.101463226265013,0.078,0.121,1
"ASL",0.343551797225775,-0.596901055096988,0.012,0.03,1
"ASPM",0.343551797225775,0.915903853147072,0.012,0.03,1
"C16orf86",0.343551797225775,-0.903047391445211,0.012,0.03,1
"C19orf73",0.343551797225775,0.42007547448925,0.012,0.03,1
"C3orf62",0.343551797225775,-0.133402301573464,0.012,0.03,1
"CDKN2B-AS1",0.343551797225775,-0.862352385861743,0.012,0.03,1
"CENPK",0.343551797225775,-0.998511748832104,0.012,0.03,1
"CNIH3",0.343551797225775,-0.298966431136007,0.012,0.03,1
"ENSG00000233912",0.343551797225775,-0.922169836678448,0.012,0.03,1
"ENSG00000255081",0.343551797225775,-0.511811987095812,0.012,0.03,1
"ENSG00000261114",0.343551797225775,-1.02949613982697,0.012,0.03,1
"ENSG00000263272",0.343551797225775,-0.292370080486357,0.012,0.03,1
"ENSG00000271204",0.343551797225775,-1.04535170953997,0.012,0.03,1
"ENSG00000287839",0.343551797225775,-1.1235004636336,0.012,0.03,1
"ENSG00000289043",0.343551797225775,-0.633882103681446,0.012,0.03,1
"ENSG00000290581",0.343551797225775,-0.276581482460267,0.012,0.03,1
"EPHA1",0.343551797225775,-0.688922095501534,0.012,0.03,1
"IGSF10",0.343551797225775,-1.23092839401727,0.012,0.03,1
"KCNAB3",0.343551797225775,-0.206573232976269,0.012,0.03,1
"LINC01036",0.343551797225775,-0.567153126446846,0.012,0.03,1
"LINC01252",0.343551797225775,-1.24024234794778,0.012,0.03,1
"LRRC42",0.343551797225775,-0.509069354895836,0.012,0.03,1
"MCOLN1",0.343551797225775,-0.906094763582004,0.012,0.03,1
"NINJ1",0.343551797225775,-0.78865611246019,0.012,0.03,1
"ORC6",0.343551797225775,-0.832158944207072,0.012,0.03,1
"PYCR3",0.343551797225775,-0.794047156922701,0.012,0.03,1
"SAP30",0.343551797225775,-0.727117213838367,0.012,0.03,1
"SERINC2",0.343551797225775,-1.12234317815071,0.012,0.03,1
"SLC24A1",0.343551797225775,-0.70969101538129,0.012,0.03,1
"THEMIS",0.343551797225775,-0.787528164746825,0.012,0.03,1
"TPCN2",0.343551797225775,-0.693313211939643,0.012,0.03,1
"TRIM6",0.343551797225775,-0.955038889431062,0.012,0.03,1
"ZNF425",0.343551797225775,-0.918313650455195,0.012,0.03,1
"ZNF710-AS1",0.343551797225775,-0.637947324092099,0.012,0.03,1
"ZNF726",0.343551797225775,-0.446780705175337,0.012,0.03,1
"DAXX",0.343792367201539,0.216100384981077,0.223,0.318,1
"SLTM",0.343908949034557,0.129652155165739,0.506,0.682,1
"KIF13A",0.34400528087041,2.18697366694812,0.06,0.03,1
"QSOX2",0.34400528087041,1.38464950023955,0.06,0.03,1
"WAC-AS1",0.344070574628592,0.499855219478388,0.169,0.242,1
"KANSL2",0.3444903580994,0.67969919972626,0.108,0.167,1
"DPH5",0.345085436314535,0.421124186493441,0.066,0.106,1
"PPT1",0.34542760972686,-0.450738837465463,0.09,0.136,1
"TMEM42",0.345447566750144,0.169532773452798,0.042,0.076,1
"ARIH1",0.345475447066404,1.26051204376904,0.331,0.348,1
"MPC2",0.345619065257904,0.244408666048308,0.078,0.121,1
"DHX33",0.346192515245675,1.60762980769341,0.096,0.061,1
"TM2D1",0.346475654205602,0.163648029861734,0.199,0.288,1
"ZNF281",0.347438233020991,0.407457749845641,0.223,0.318,1
"UBE2O",0.347528921978509,1.19272011486057,0.114,0.076,1
"NDE1",0.347556272758129,1.17882126879722,0.157,0.121,1
"EIF3E",0.347738480574153,0.344816119509174,0.633,0.803,1
"BAX",0.347916028448873,0.466917990120629,0.283,0.394,1
"ENSG00000291068",0.348015542596097,0.360259008116519,0.054,0.091,1
"TRIM37",0.348343683654438,1.43444137150376,0.042,0.076,1
"AHCYL2",0.34834890347104,1.56004350775657,0.078,0.045,1
"FKBP11",0.34834890347104,1.45641552652939,0.078,0.045,1
"GLCCI1",0.348456032818356,0.694884456791753,0.157,0.227,1
"ADAMTS9",0.348473267120815,-0.432414649822508,0.012,0.03,1
"AK5",0.348473267120815,0.377873253002394,0.012,0.03,1
"ALDH1L2",0.348473267120815,0.306757174296239,0.012,0.03,1
"ANKDD1B",0.348473267120815,-0.600091342930002,0.012,0.03,1
"ANKHD1-EIF4EBP3",0.348473267120815,0.123366108525163,0.012,0.03,1
"ANKRD39",0.348473267120815,0.637607121262514,0.012,0.03,1
"ANO2",0.348473267120815,0.469803994156329,0.012,0.03,1
"ASMTL",0.348473267120815,-0.169397360362065,0.012,0.03,1
"ATP13A4",0.348473267120815,-0.143383880255994,0.012,0.03,1
"ATP8A2",0.348473267120815,-0.893807621025662,0.012,0.03,1
"BBC3",0.348473267120815,-0.366193570876852,0.012,0.03,1
"BTN2A3P",0.348473267120815,0.450141012773227,0.012,0.03,1
"C2",0.348473267120815,-0.67834684448811,0.012,0.03,1
"CCND1",0.348473267120815,0.524176366145997,0.012,0.03,1
"CCRL2",0.348473267120815,-0.884556699725676,0.012,0.03,1
"CD3G",0.348473267120815,-0.66053687421561,0.012,0.03,1
"CDH13",0.348473267120815,-0.374901753662446,0.012,0.03,1
"CRYL1",0.348473267120815,-0.488679873106334,0.012,0.03,1
"CTU1",0.348473267120815,-0.775826816632809,0.012,0.03,1
"DCUN1D3",0.348473267120815,-0.468377747859478,0.012,0.03,1
"DHRS13",0.348473267120815,0.745764360328889,0.012,0.03,1
"DNAJC5B",0.348473267120815,1.90208092199797,0.012,0.03,1
"EIF3L",0.348473267120815,0.518814219736327,0.012,0.03,1
"ENSG00000207751",0.348473267120815,-0.590072007236405,0.012,0.03,1
"ENSG00000238221",0.348473267120815,0.773190501311063,0.012,0.03,1
"ENSG00000253573",0.348473267120815,0.191610684182568,0.012,0.03,1
"ENSG00000256568",0.348473267120815,-0.151277425103478,0.012,0.03,1
"ENSG00000258017",0.348473267120815,0.181189386678819,0.012,0.03,1
"ENSG00000258424",0.348473267120815,-0.690650447945657,0.012,0.03,1
"ENSG00000258634",0.348473267120815,-0.158852485891618,0.012,0.03,1
"ENSG00000269578",0.348473267120815,-0.629927539085258,0.012,0.03,1
"ENSG00000271533",0.348473267120815,0.234867309506671,0.012,0.03,1
"ENSG00000282278",0.348473267120815,-0.392394520005692,0.012,0.03,1
"ENSG00000285382",0.348473267120815,0.128184501683567,0.012,0.03,1
"ENSG00000286185",0.348473267120815,-0.208302737928572,0.012,0.03,1
"ENSG00000286362",0.348473267120815,0.185140415034258,0.012,0.03,1
"ENSG00000286388",0.348473267120815,0.811625693275546,0.012,0.03,1
"ENSG00000286533",0.348473267120815,-0.122754029354706,0.012,0.03,1
"ENSG00000288818",0.348473267120815,-0.250289413445529,0.012,0.03,1
"ENSG00000289206",0.348473267120815,0.21892356399393,0.012,0.03,1
"FAAP100",0.348473267120815,0.130843659172149,0.012,0.03,1
"FAAP24",0.348473267120815,-0.499418047507056,0.012,0.03,1
"GRM7",0.348473267120815,-0.737007457454109,0.012,0.03,1
"KLC2",0.348473267120815,-0.75646407970376,0.012,0.03,1
"LINC00680",0.348473267120815,-0.582774759213165,0.012,0.03,1
"LINC03015",0.348473267120815,0.757350852353182,0.012,0.03,1
"LNC-LBCS",0.348473267120815,-0.538118310511529,0.012,0.03,1
"MAGI1",0.348473267120815,0.83585240774425,0.012,0.03,1
"NUDT18",0.348473267120815,-0.152020073366928,0.012,0.03,1
"PBLD",0.348473267120815,-0.443013913330901,0.012,0.03,1
"PDSS1",0.348473267120815,-0.73529184414427,0.012,0.03,1
"PPM1N",0.348473267120815,0.133693115107122,0.012,0.03,1
"PRC1-AS1",0.348473267120815,-1.21733021973071,0.012,0.03,1
"PRELID3A",0.348473267120815,-0.160364480723422,0.012,0.03,1
"PRRG3",0.348473267120815,0.221794628160866,0.012,0.03,1
"PXYLP1",0.348473267120815,0.660983354693815,0.012,0.03,1
"RABGEF1",0.348473267120815,-0.517317079117655,0.012,0.03,1
"RGS16",0.348473267120815,-0.762194559290217,0.012,0.03,1
"RILPL1",0.348473267120815,-0.403961384238887,0.012,0.03,1
"SRD5A3",0.348473267120815,-0.941423714748557,0.012,0.03,1
"TARBP2",0.348473267120815,-0.623820476716179,0.012,0.03,1
"THAP7",0.348473267120815,-0.461854128623992,0.012,0.03,1
"TM7SF2",0.348473267120815,-0.227841303500645,0.012,0.03,1
"TOGARAM2",0.348473267120815,-0.304286349374126,0.012,0.03,1
"TRIM8-DT",0.348473267120815,-0.742576273773326,0.012,0.03,1
"UTS2R",0.348473267120815,-0.444994089246967,0.012,0.03,1
"ZFYVE21",0.348473267120815,-0.654573194263324,0.012,0.03,1
"ZKSCAN2-DT",0.348473267120815,-0.432810851693619,0.012,0.03,1
"ZNF132",0.348473267120815,0.440428768066524,0.012,0.03,1
"ZNF483",0.348473267120815,-0.197285180281354,0.012,0.03,1
"ZNF667",0.348473267120815,0.412003505817862,0.012,0.03,1
"ZNF778",0.348473267120815,0.835476633456961,0.012,0.03,1
"ZNF799",0.348473267120815,0.413866172398627,0.012,0.03,1
"SDAD1",0.348778106566309,0.916959113212369,0.217,0.318,1
"TIFA",0.349067613439732,1.6481042493397,0.127,0.091,1
"HNRNPUL2",0.349191669311242,0.273870064500426,0.205,0.288,1
"NSUN2",0.349494861185766,0.606526230343162,0.253,0.364,1
"DDR1",0.349797512016577,1.54148769478611,0.06,0.03,1
"ENSG00000239920",0.349797512016577,1.0632988118067,0.06,0.03,1
"NRIP1",0.349811694704448,0.593230440320949,0.12,0.182,1
"LRRC28",0.350093230616125,0.682911286049843,0.078,0.121,1
"RNF220",0.350235589383491,1.26937127533167,0.211,0.182,1
"RHOG",0.350400788404922,0.131515954072063,0.235,0.333,1
"ELP6",0.350634633513971,0.127970203822124,0.054,0.091,1
"FANCL",0.350634633513971,0.447324479436445,0.054,0.091,1
"KLHL2",0.350634633513971,0.903526111393974,0.054,0.091,1
"SFT2D3",0.350634633513971,0.628292566796161,0.054,0.091,1
"RASGRP1",0.350891784341365,1.45706037925118,0.078,0.045,1
"MCM3",0.351072427654752,0.438665035042199,0.163,0.242,1
"CCDC174",0.351206773506061,0.99238355684057,0.151,0.227,1
"CUL1",0.351678875993297,0.571747217943498,0.12,0.182,1
"TBC1D15",0.351727651491808,-0.107749000019764,0.193,0.258,1
"CEP57",0.351847285511011,0.405327658386082,0.235,0.333,1
"MRFAP1L1",0.352249401603566,0.681202029306877,0.108,0.167,1
"INAFM1",0.352716701416925,1.22683471403344,0.06,0.03,1
"CMTR2",0.353090074497514,0.236713117284666,0.102,0.152,1
"LSM2",0.353108198817351,0.955788068166078,0.175,0.136,1
"POLR3GL",0.353225063390265,0.624774787607436,0.096,0.152,1
"ZNF282",0.353266187998122,0.103396432466734,0.054,0.091,1
"ACAP1",0.353357167192875,0.487061152260623,0.349,0.318,1
"ZHX3",0.35344640059654,1.61977269344698,0.078,0.045,1
"NBPF26",0.354387190795357,0.566483947420384,0.163,0.242,1
"MRS2",0.354603968461231,0.222973425310177,0.078,0.121,1
"SLC25A16",0.354722275147145,0.379859170757677,0.066,0.106,1
"AZI2",0.354837595828427,0.166593520438883,0.163,0.227,1
"C6orf89",0.355432135861547,0.489737364653371,0.12,0.182,1
"TMEM216",0.355651257432029,0.660407896389897,0.06,0.03,1
"SDHC",0.355694701316292,-0.198518143483498,0.145,0.197,1
"HIKESHI",0.356015257353059,0.21975912134153,0.09,0.136,1
"CCNT2",0.356313695592301,0.189901353955893,0.229,0.318,1
"MAML1",0.356406410314339,-0.208292443804714,0.114,0.167,1
"CAPN2",0.356406410314339,1.65720087266844,0.139,0.106,1
"BCAR3",0.356873037851505,0.644594556162837,0.078,0.121,1
"SH3BGRL",0.356874972367201,0.191494998544538,0.476,0.636,1
"SUDS3",0.357073666086097,0.880435654619203,0.163,0.121,1
"NUDT21",0.357713487590275,1.11819200162789,0.096,0.061,1
"RPS11",0.357934121646219,0.130781646596989,0.97,0.955,1
"GBP1",0.358590805199409,1.0256858721426,0.078,0.045,1
"CATSPER2",0.358601166800729,0.767074531573608,0.06,0.03,1
"ZC3HAV1",0.358614397314168,0.993667458491072,0.482,0.576,1
"SLC25A38",0.358753883153787,1.46322652426721,0.108,0.076,1
"CLK3",0.359178491039688,0.144335824309602,0.102,0.152,1
"PTGR3",0.359210569018635,0.398307244135666,0.12,0.182,1
"ZNF227",0.359603797632352,-0.432429206867091,0.066,0.106,1
"ANKLE2",0.359874540457522,0.186400499079552,0.181,0.258,1
"MEGF9",0.360046318365244,1.14613755846887,0.096,0.061,1
"RPS23",0.360205914361556,0.103790417053862,0.97,0.955,1
"LTO1",0.360366588535346,1.52660228322964,0.157,0.121,1
"MTF2",0.360605310047154,0.176357795671061,0.235,0.333,1
"RBM15",0.361109216256005,0.629334785104382,0.12,0.182,1
"USP47",0.361166518715023,1.07173080294864,0.283,0.273,1
"NELFB",0.361235538451183,0.535280839550684,0.054,0.091,1
"TCF12",0.361463509674133,0.239790756065694,0.265,0.364,1
"DYNLT1",0.361497079980479,0.186547032979959,0.181,0.258,1
"UVRAG",0.361734676611061,0.21254883369229,0.458,0.606,1
"ZNF100",0.362060307539237,0.319299952687108,0.066,0.106,1
"KHSRP",0.362205097052929,0.837987493997715,0.422,0.485,1
"PARP12",0.362220531023353,1.18261338428852,0.157,0.121,1
"VMA21",0.362224478519924,0.689154073516091,0.217,0.318,1
"INTS3",0.363014145271608,0.677516873414989,0.12,0.182,1
"TACC3",0.363149564931056,1.72134015243286,0.108,0.076,1
"DUSP22",0.363677252475673,1.10765600382723,0.265,0.242,1
"IST1",0.36375265106126,0.269123063019485,0.157,0.227,1
"SLC25A26",0.363782043032015,1.11994166748839,0.078,0.045,1
"STRIP1",0.363782043032015,1.38975870427095,0.078,0.045,1
"MAPK9",0.363816589005593,0.25832349402887,0.169,0.242,1
"MALT1",0.364188153282178,0.931159171823228,0.307,0.303,1
"JTB",0.364391992576094,0.531075702243155,0.133,0.197,1
"LACTB2",0.364527304913682,0.688591084948954,0.066,0.106,1
"MCPH1-AS1",0.364527304913682,0.119208067141714,0.066,0.106,1
"SNAPC5",0.364527304913682,0.246809002402664,0.066,0.106,1
"FAM3C",0.364654433408186,0.953116398181457,0.199,0.167,1
"GRAP",0.364740560095289,0.925984529956893,0.096,0.061,1
"TSPYL4",0.365946302656918,1.68000356052389,0.157,0.121,1
"DDX51",0.366040499695937,-0.174870747669732,0.078,0.121,1
"WDR44",0.366091580270865,0.813755653784227,0.108,0.167,1
"PPM1D",0.36700478040333,0.241282166733009,0.066,0.106,1
"CUL4A",0.367207578913262,0.60709539476345,0.157,0.227,1
"CCNK",0.36801449503196,0.428197672099555,0.247,0.348,1
"PPP2R3C",0.368104644271358,0.239168611436933,0.175,0.242,1
"URB1",0.368355124884404,0.541556268998077,0.078,0.121,1
"RPL38",0.368809840481644,0.152550303103261,0.97,0.97,1
"RBM23",0.368880175638506,0.208857072407238,0.307,0.424,1
"USP11",0.368880175638506,0.146054456700888,0.307,0.424,1
"NCAPD2",0.36898745740728,0.168605765983627,0.09,0.136,1
"LUC7L3",0.369134208838215,0.393483795768842,0.765,0.879,1
"KDM2B",0.370588676548008,0.386667695997138,0.223,0.318,1
"HDHD5",0.370678838112013,-0.200841112610639,0.078,0.121,1
"TRAF3IP1",0.370678838112013,0.242983028418305,0.078,0.121,1
"MECP2",0.371328371536727,0.403473188305786,0.181,0.258,1
"RAD51B",0.371551858026132,1.51553080809374,0.127,0.091,1
"LRRC37B",0.371656525427345,0.968165255819115,0.078,0.045,1
"MAFG",0.371656525427345,0.760999272987883,0.078,0.045,1
"C2orf49",0.371803353644018,0.402860511801394,0.133,0.197,1
"HDHD3",0.372035198144113,0.23284969450501,0.054,0.091,1
"TNPO3",0.372114424494843,0.338556189438122,0.223,0.318,1
"MICAL1",0.372133167591,0.120602918616073,0.114,0.167,1
"KIDINS220",0.372249193528368,0.310715005357798,0.169,0.242,1
"CHD1",0.372400830128853,0.791140915762216,0.361,0.364,1
"ABHD10",0.372817907071523,0.14504939934472,0.139,0.197,1
"PIN4",0.373526799286895,0.483634233818878,0.145,0.212,1
"NIPAL3",0.373670699437024,0.783463090333679,0.133,0.197,1
"ZNF480",0.373670699437024,0.500391351019898,0.133,0.197,1
"PARD3",0.374766075558054,0.361586988390286,0.054,0.091,1
"SPEN-AS1",0.374766075558054,0.396888547144749,0.054,0.091,1
"MAPK8IP3",0.374829424082545,-0.20558033652131,0.175,0.242,1
"TEX261",0.374829424082545,0.235251750647416,0.175,0.242,1
"A4GALT",0.375139741942447,1.60265879856855,0.012,0,1
"ABHD15-AS1",0.375139741942447,2.21683668167813,0.012,0,1
"ACADS",0.375139741942447,0.987446563177222,0.012,0,1
"ACOXL",0.375139741942447,0.742848828273758,0.012,0,1
"ADCK5",0.375139741942447,2.02259447435832,0.012,0,1
"ADGRB2",0.375139741942447,1.49655708572184,0.012,0,1
"ADGRG1",0.375139741942447,0.475728469432115,0.012,0,1
"AHI1-DT",0.375139741942447,1.49567606433224,0.012,0,1
"AK1",0.375139741942447,1.36338314349287,0.012,0,1
"ALK",0.375139741942447,1.25738909258246,0.012,0,1
"AMER1",0.375139741942447,1.38542485442666,0.012,0,1
"AMN",0.375139741942447,1.64829785484123,0.012,0,1
"AMOTL2",0.375139741942447,1.38801598607603,0.012,0,1
"AMT",0.375139741942447,2.31340048920144,0.012,0,1
"ANKRD36BP2",0.375139741942447,0.92511845009378,0.012,0,1
"ANKRD44-IT1",0.375139741942447,0.948742350828541,0.012,0,1
"ANKRD6",0.375139741942447,1.26684947432923,0.012,0,1
"ANPEP",0.375139741942447,2.00224883571464,0.012,0,1
"APPBP2-DT",0.375139741942447,1.92599752937552,0.012,0,1
"ARF5",0.375139741942447,1.36510695304737,0.012,0,1
"ARHGAP22",0.375139741942447,2.06733994396671,0.012,0,1
"ARHGEF11",0.375139741942447,0.82883347873491,0.012,0,1
"ARNTL2",0.375139741942447,1.33775368286894,0.012,0,1
"ASAP3",0.375139741942447,1.7277372983915,0.012,0,1
"ATG9B",0.375139741942447,1.64913953839756,0.012,0,1
"ATP1B1",0.375139741942447,1.10133538683995,0.012,0,1
"AVPI1",0.375139741942447,1.86892693991024,0.012,0,1
"BACH1-IT1",0.375139741942447,2.04358641658813,0.012,0,1
"BRSK1",0.375139741942447,1.35258426414577,0.012,0,1
"BTNL9",0.375139741942447,2.24413139680765,0.012,0,1
"C10orf67",0.375139741942447,0.773129105197832,0.012,0,1
"C12orf54",0.375139741942447,1.47955890657933,0.012,0,1
"C1R",0.375139741942447,1.21546031048005,0.012,0,1
"C1orf115",0.375139741942447,1.09689068407243,0.012,0,1
"C1orf220",0.375139741942447,1.63617601567773,0.012,0,1
"C2CD4D-AS1",0.375139741942447,0.492229141909963,0.012,0,1
"C2orf15",0.375139741942447,0.974739177496802,0.012,0,1
"C4orf48",0.375139741942447,0.509537029354465,0.012,0,1
"CACNA1B",0.375139741942447,1.86834657809081,0.012,0,1
"CAHM",0.375139741942447,1.23383084065929,0.012,0,1
"CALHM6",0.375139741942447,1.61290968829543,0.012,0,1
"CAMSAP2",0.375139741942447,0.922356881847243,0.012,0,1
"CAPN6",0.375139741942447,1.03636734919057,0.012,0,1
"CARD14",0.375139741942447,0.935512354188409,0.012,0,1
"CASC11",0.375139741942447,1.97199629480914,0.012,0,1
"CCDC167",0.375139741942447,1.06557294740217,0.012,0,1
"CCDC3",0.375139741942447,1.95713755998052,0.012,0,1
"CCL21",0.375139741942447,1.46411773840399,0.012,0,1
"CD6",0.375139741942447,2.16387990680786,0.012,0,1
"CDHR2",0.375139741942447,2.30810792636059,0.012,0,1
"CFAP20DC-DT",0.375139741942447,1.32829048395491,0.012,0,1
"CFL1P1",0.375139741942447,2.20697598332792,0.012,0,1
"CFLAR-AS1",0.375139741942447,1.01537972765475,0.012,0,1
"CGN",0.375139741942447,1.30212643905526,0.012,0,1
"CHL1",0.375139741942447,1.38812836203301,0.012,0,1
"CLCA4-AS1",0.375139741942447,1.05084559109501,0.012,0,1
"CLEC5A",0.375139741942447,1.53827049666066,0.012,0,1
"CLIP2",0.375139741942447,1.47300426080059,0.012,0,1
"CMTM8",0.375139741942447,1.32540303515276,0.012,0,1
"CNTN6",0.375139741942447,1.65960638164769,0.012,0,1
"CNTNAP3",0.375139741942447,1.67418545176839,0.012,0,1
"CNTNAP3B",0.375139741942447,1.37122940193283,0.012,0,1
"CNTNAP5",0.375139741942447,1.57330647433047,0.012,0,1
"COA7",0.375139741942447,0.805236158075155,0.012,0,1
"COL14A1",0.375139741942447,1.43346253222125,0.012,0,1
"CPM",0.375139741942447,1.35353615086179,0.012,0,1
"CPO",0.375139741942447,2.12130031838714,0.012,0,1
"CPS1",0.375139741942447,1.37527559679995,0.012,0,1
"CRB1",0.375139741942447,1.77888811273017,0.012,0,1
"CRB2",0.375139741942447,2.3151802933468,0.012,0,1
"CTBP1-AS",0.375139741942447,0.438318080101853,0.012,0,1
"CXCL11",0.375139741942447,0.848879610617267,0.012,0,1
"CYP4F29P",0.375139741942447,2.3837651719977,0.012,0,1
"CYP7B1",0.375139741942447,2.01001022088086,0.012,0,1
"DCC",0.375139741942447,2.50382381592736,0.012,0,1
"DDX58",0.375139741942447,1.25345781118533,0.012,0,1
"DDX59-AS1",0.375139741942447,1.80972967756075,0.012,0,1
"DEPDC4",0.375139741942447,0.621116353409849,0.012,0,1
"DHCR24",0.375139741942447,1.20808433740074,0.012,0,1
"DHDDS-AS1",0.375139741942447,0.912838370725062,0.012,0,1
"DHX9-AS1",0.375139741942447,1.6873515797069,0.012,0,1
"DIRAS1",0.375139741942447,1.40302440413214,0.012,0,1
"DLEU7",0.375139741942447,1.1380431755592,0.012,0,1
"DLGAP1-AS2",0.375139741942447,1.83943224939634,0.012,0,1
"DLGAP4-AS1",0.375139741942447,1.30876512271965,0.012,0,1
"DLX4",0.375139741942447,-0.107596455029211,0.012,0,1
"DNAJC3-DT",0.375139741942447,1.68702063260056,0.012,0,1
"DNAJC9-AS1",0.375139741942447,1.17719603457974,0.012,0,1
"DOK6",0.375139741942447,1.30876512271965,0.012,0,1
"DPY19L2",0.375139741942447,1.63447328245561,0.012,0,1
"DPY19L2P2",0.375139741942447,1.66236989657493,0.012,0,1
"DRICH1",0.375139741942447,1.95680557798713,0.012,0,1
"DUS4L-BCAP29",0.375139741942447,1.66343507594254,0.012,0,1
"DUT-AS1",0.375139741942447,0.222942323913907,0.012,0,1
"DYNC1LI2-DT",0.375139741942447,1.4602932405433,0.012,0,1
"DYNLRB1",0.375139741942447,1.67262960145441,0.012,0,1
"EFEMP2",0.375139741942447,1.29599903529941,0.012,0,1
"ELAVL2",0.375139741942447,1.80294906261938,0.012,0,1
"EML2-AS1",0.375139741942447,1.65666546785594,0.012,0,1
"EMX2OS",0.375139741942447,3.83417808162591,0.012,0,1
"ENSG00000141979",0.375139741942447,0.731689357075473,0.012,0,1
"ENSG00000223881",0.375139741942447,1.53140748194333,0.012,0,1
"ENSG00000223969",0.375139741942447,2.16453952274855,0.012,0,1
"ENSG00000224635",0.375139741942447,1.17685866628783,0.012,0,1
"ENSG00000225258",0.375139741942447,1.21364505859861,0.012,0,1
"ENSG00000225913",0.375139741942447,0.889684490367102,0.012,0,1
"ENSG00000226965",0.375139741942447,1.73797637740708,0.012,0,1
"ENSG00000227579",0.375139741942447,1.97706341919496,0.012,0,1
"ENSG00000228113",0.375139741942447,1.09243842913746,0.012,0,1
"ENSG00000228541",0.375139741942447,1.63589395959097,0.012,0,1
"ENSG00000228566",0.375139741942447,0.791025076254226,0.012,0,1
"ENSG00000231128",0.375139741942447,1.72705889155698,0.012,0,1
"ENSG00000231731",0.375139741942447,2.66166809513043,0.012,0,1
"ENSG00000232035",0.375139741942447,1.14812276811345,0.012,0,1
"ENSG00000232555",0.375139741942447,0.715343049273797,0.012,0,1
"ENSG00000233230",0.375139741942447,2.00606094401401,0.012,0,1
"ENSG00000233757",0.375139741942447,1.53324365028999,0.012,0,1
"ENSG00000235236",0.375139741942447,1.28988083424526,0.012,0,1
"ENSG00000236209",0.375139741942447,2.25050864383496,0.012,0,1
"ENSG00000236358",0.375139741942447,1.44700528552362,0.012,0,1
"ENSG00000236514",0.375139741942447,1.5023454392504,0.012,0,1
"ENSG00000237525",0.375139741942447,1.85334950321677,0.012,0,1
"ENSG00000237844",0.375139741942447,1.05061326586019,0.012,0,1
"ENSG00000240963",0.375139741942447,1.35185196710924,0.012,0,1
"ENSG00000241679",0.375139741942447,2.14819190909579,0.012,0,1
"ENSG00000241772",0.375139741942447,1.74661360181249,0.012,0,1
"ENSG00000242593",0.375139741942447,2.13271526069606,0.012,0,1
"ENSG00000246090",0.375139741942447,1.89277442910741,0.012,0,1
"ENSG00000247853",0.375139741942447,1.93476679750195,0.012,0,1
"ENSG00000248165",0.375139741942447,2.12988899068363,0.012,0,1
"ENSG00000249476",0.375139741942447,0.892971683339857,0.012,0,1
"ENSG00000249684",0.375139741942447,1.67067290082311,0.012,0,1
"ENSG00000251031",0.375139741942447,1.01801641598913,0.012,0,1
"ENSG00000251076",0.375139741942447,2.51490636972888,0.012,0,1
"ENSG00000251194",0.375139741942447,1.92601456064138,0.012,0,1
"ENSG00000251309",0.375139741942447,1.58799436575108,0.012,0,1
"ENSG00000253154",0.375139741942447,0.534413365921416,0.012,0,1
"ENSG00000253475",0.375139741942447,1.70374752931198,0.012,0,1
"ENSG00000253983",0.375139741942447,1.65034133704082,0.012,0,1
"ENSG00000254180",0.375139741942447,2.23500460704973,0.012,0,1
"ENSG00000254676",0.375139741942447,1.35900879635811,0.012,0,1
"ENSG00000254789",0.375139741942447,0.721238286686483,0.012,0,1
"ENSG00000255580",0.375139741942447,1.56285267766208,0.012,0,1
"ENSG00000255595",0.375139741942447,0.595315656839752,0.012,0,1
"ENSG00000255621",0.375139741942447,1.21958668398907,0.012,0,1
"ENSG00000256632",0.375139741942447,2.0412160419157,0.012,0,1
"ENSG00000256658",0.375139741942447,1.2377148437611,0.012,0,1
"ENSG00000256966",0.375139741942447,1.9432552692915,0.012,0,1
"ENSG00000257681",0.375139741942447,0.871807072688626,0.012,0,1
"ENSG00000257925",0.375139741942447,1.66485973412388,0.012,0,1
"ENSG00000258465",0.375139741942447,0.371565854510126,0.012,0,1
"ENSG00000259084",0.375139741942447,1.4781755003079,0.012,0,1
"ENSG00000259436",0.375139741942447,0.897111702521622,0.012,0,1
"ENSG00000259543",0.375139741942447,1.54106976786045,0.012,0,1
"ENSG00000259659",0.375139741942447,1.87305268678549,0.012,0,1
"ENSG00000259712",0.375139741942447,1.14539562762764,0.012,0,1
"ENSG00000259720",0.375139741942447,1.42341457763434,0.012,0,1
"ENSG00000260111",0.375139741942447,1.22355677002854,0.012,0,1
"ENSG00000260274",0.375139741942447,1.19213238987936,0.012,0,1
"ENSG00000260409",0.375139741942447,1.34345909887621,0.012,0,1
"ENSG00000260911",0.375139741942447,1.51970928625452,0.012,0,1
"ENSG00000261079",0.375139741942447,1.07456464148545,0.012,0,1
"ENSG00000261351",0.375139741942447,1.34482519784319,0.012,0,1
"ENSG00000261448",0.375139741942447,1.65274064340441,0.012,0,1
"ENSG00000261553",0.375139741942447,1.60777888371148,0.012,0,1
"ENSG00000261732",0.375139741942447,1.26481124887273,0.012,0,1
"ENSG00000261770",0.375139741942447,1.49449344338214,0.012,0,1
"ENSG00000261786",0.375139741942447,1.38020507943391,0.012,0,1
"ENSG00000261884",0.375139741942447,1.53338803346476,0.012,0,1
"ENSG00000261916",0.375139741942447,1.04405129655159,0.012,0,1
"ENSG00000262560",0.375139741942447,0.918559684129497,0.012,0,1
"ENSG00000264808",0.375139741942447,1.71707057714917,0.012,0,1
"ENSG00000264812",0.375139741942447,1.46756152573277,0.012,0,1
"ENSG00000265401",0.375139741942447,0.374998405360793,0.012,0,1
"ENSG00000265625",0.375139741942447,1.24100123739014,0.012,0,1
"ENSG00000265791",0.375139741942447,1.90283162252352,0.012,0,1
"ENSG00000267318",0.375139741942447,1.06897125567263,0.012,0,1
"ENSG00000267632",0.375139741942447,1.0870950283207,0.012,0,1
"ENSG00000268112",0.375139741942447,1.3991308677198,0.012,0,1
"ENSG00000268650",0.375139741942447,1.65038679472722,0.012,0,1
"ENSG00000269026",0.375139741942447,1.42833068216221,0.012,0,1
"ENSG00000269886",0.375139741942447,1.4286455179027,0.012,0,1
"ENSG00000270072",0.375139741942447,1.78664358870351,0.012,0,1
"ENSG00000270103",0.375139741942447,1.5008406778473,0.012,0,1
"ENSG00000270175",0.375139741942447,1.60790407226968,0.012,0,1
"ENSG00000271452",0.375139741942447,1.19884661745186,0.012,0,1
"ENSG00000271727",0.375139741942447,1.32689683560187,0.012,0,1
"ENSG00000272356",0.375139741942447,0.8639072403434,0.012,0,1
"ENSG00000272583",0.375139741942447,1.97518278076261,0.012,0,1
"ENSG00000272657",0.375139741942447,0.751744034870657,0.012,0,1
"ENSG00000272755",0.375139741942447,1.44618952304254,0.012,0,1
"ENSG00000272800",0.375139741942447,1.47433384674292,0.012,0,1
"ENSG00000272825",0.375139741942447,1.5572373465199,0.012,0,1
"ENSG00000272864",0.375139741942447,1.02298770897786,0.012,0,1
"ENSG00000272979",0.375139741942447,1.49897037548552,0.012,0,1
"ENSG00000273017",0.375139741942447,1.04519002738918,0.012,0,1
"ENSG00000273211",0.375139741942447,1.52181364795571,0.012,0,1
"ENSG00000273216",0.375139741942447,0.865983221905721,0.012,0,1
"ENSG00000273445",0.375139741942447,1.26323585303819,0.012,0,1
"ENSG00000273486",0.375139741942447,2.17299017655743,0.012,0,1
"ENSG00000273893",0.375139741942447,0.246172937906525,0.012,0,1
"ENSG00000274515",0.375139741942447,2.24291330685584,0.012,0,1
"ENSG00000275092",0.375139741942447,1.38312457446778,0.012,0,1
"ENSG00000275393",0.375139741942447,1.40545521342109,0.012,0,1
"ENSG00000275854",0.375139741942447,2.0707786655897,0.012,0,1
"ENSG00000276075",0.375139741942447,0.821103704757978,0.012,0,1
"ENSG00000276136",0.375139741942447,1.3974808809676,0.012,0,1
"ENSG00000276241",0.375139741942447,1.78957894587827,0.012,0,1
"ENSG00000276412",0.375139741942447,0.793732536923622,0.012,0,1
"ENSG00000276418",0.375139741942447,1.43525829448733,0.012,0,1
"ENSG00000276957",0.375139741942447,1.32612371905391,0.012,0,1
"ENSG00000277130",0.375139741942447,2.3322589465286,0.012,0,1
"ENSG00000277247",0.375139741942447,0.670747240157025,0.012,0,1
"ENSG00000277757",0.375139741942447,0.975386192593726,0.012,0,1
"ENSG00000277840",0.375139741942447,1.26858455430892,0.012,0,1
"ENSG00000278231",0.375139741942447,0.415149978860163,0.012,0,1
"ENSG00000278932",0.375139741942447,1.87878991431022,0.012,0,1
"ENSG00000280145",0.375139741942447,0.942147175576439,0.012,0,1
"ENSG00000280195",0.375139741942447,1.2226175510112,0.012,0,1
"ENSG00000282080",0.375139741942447,1.95048807614816,0.012,0,1
"ENSG00000283580",0.375139741942447,1.67647687454341,0.012,0,1
"ENSG00000284523",0.375139741942447,0.932633162973537,0.012,0,1
"ENSG00000284526",0.375139741942447,1.32785207057534,0.012,0,1
"ENSG00000284697",0.375139741942447,1.74468878867505,0.012,0,1
"ENSG00000284879",0.375139741942447,1.06730338810308,0.012,0,1
"ENSG00000285331",0.375139741942447,1.76821131875722,0.012,0,1
"ENSG00000285535",0.375139741942447,1.5793661068368,0.012,0,1
"ENSG00000285677",0.375139741942447,1.43942288865006,0.012,0,1
"ENSG00000285761",0.375139741942447,1.60225407627646,0.012,0,1
"ENSG00000285842",0.375139741942447,1.60132698115044,0.012,0,1
"ENSG00000285859",0.375139741942447,1.75726409996581,0.012,0,1
"ENSG00000285868",0.375139741942447,1.91436655030814,0.012,0,1
"ENSG00000286033",0.375139741942447,1.46107334303704,0.012,0,1
"ENSG00000286244",0.375139741942447,1.00513039174973,0.012,0,1
"ENSG00000286431",0.375139741942447,1.0189114660793,0.012,0,1
"ENSG00000286489",0.375139741942447,1.70094682534817,0.012,0,1
"ENSG00000286540",0.375139741942447,1.34521877755436,0.012,0,1
"ENSG00000286780",0.375139741942447,1.33527919173412,0.012,0,1
"ENSG00000287172",0.375139741942447,1.52283817230696,0.012,0,1
"ENSG00000287202",0.375139741942447,2.60382538804238,0.012,0,1
"ENSG00000287226",0.375139741942447,1.50185549154392,0.012,0,1
"ENSG00000287420",0.375139741942447,2.28053270075018,0.012,0,1
"ENSG00000287478",0.375139741942447,1.05827695575825,0.012,0,1
"ENSG00000287510",0.375139741942447,2.42877412632091,0.012,0,1
"ENSG00000287575",0.375139741942447,1.89497790655354,0.012,0,1
"ENSG00000287584",0.375139741942447,0.586804308475602,0.012,0,1
"ENSG00000287729",0.375139741942447,2.67748152289975,0.012,0,1
"ENSG00000287817",0.375139741942447,2.11390741737466,0.012,0,1
"ENSG00000287918",0.375139741942447,1.14915762061349,0.012,0,1
"ENSG00000288107",0.375139741942447,1.41546896290602,0.012,0,1
"ENSG00000288156",0.375139741942447,1.44268854880558,0.012,0,1
"ENSG00000288398",0.375139741942447,1.24213422853651,0.012,0,1
"ENSG00000288542",0.375139741942447,1.56875927129243,0.012,0,1
"ENSG00000288597",0.375139741942447,1.69186477164223,0.012,0,1
"ENSG00000288643",0.375139741942447,2.20831314767173,0.012,0,1
"ENSG00000288948",0.375139741942447,2.12124048028944,0.012,0,1
"ENSG00000289053",0.375139741942447,0.492229141909963,0.012,0,1
"ENSG00000289169",0.375139741942447,2.18107018701378,0.012,0,1
"ENSG00000289177",0.375139741942447,0.856696771271304,0.012,0,1
"ENSG00000289196",0.375139741942447,0.222942323913907,0.012,0,1
"ENSG00000289227",0.375139741942447,0.669101412712624,0.012,0,1
"ENSG00000289269",0.375139741942447,2.41970607985788,0.012,0,1
"ENSG00000289368",0.375139741942447,0.485287639725768,0.012,0,1
"ENSG00000289439",0.375139741942447,1.62551205124729,0.012,0,1
"ENSG00000289471",0.375139741942447,0.940385050341092,0.012,0,1
"ENSG00000289519",0.375139741942447,1.00708760765917,0.012,0,1
"ENSG00000289526",0.375139741942447,3.0565552517108,0.012,0,1
"ENSG00000289551",0.375139741942447,1.10433584619079,0.012,0,1
"ENSG00000289559",0.375139741942447,1.36026674999473,0.012,0,1
"ENSG00000289827",0.375139741942447,1.10704818348897,0.012,0,1
"ENSG00000289960",0.375139741942447,0.736671482775296,0.012,0,1
"ENSG00000290088",0.375139741942447,1.79320413820427,0.012,0,1
"ENSG00000290100",0.375139741942447,1.50601454348175,0.012,0,1
"ENSG00000290441",0.375139741942447,1.52196144541267,0.012,0,1
"ENSG00000290551",0.375139741942447,0.864005052062678,0.012,0,1
"ENSG00000290596",0.375139741942447,1.16030955102451,0.012,0,1
"ENSG00000290646",0.375139741942447,1.35004883339754,0.012,0,1
"ENSG00000290709",0.375139741942447,0.625075222357379,0.012,0,1
"ENSG00000290812",0.375139741942447,1.24639592703312,0.012,0,1
"ENSG00000290818",0.375139741942447,1.47782408314876,0.012,0,1
"ENSG00000290879",0.375139741942447,0.782908228769222,0.012,0,1
"ENSG00000291011",0.375139741942447,2.07111846326869,0.012,0,1
"ENSG00000291032",0.375139741942447,1.45486241346052,0.012,0,1
"EOLA1-DT",0.375139741942447,2.30935438003403,0.012,0,1
"EPHA5",0.375139741942447,2.15565952636838,0.012,0,1
"EPX",0.375139741942447,2.43085146509268,0.012,0,1
"ERFL",0.375139741942447,2.1425172105429,0.012,0,1
"ERRFI1-DT",0.375139741942447,1.11718019773026,0.012,0,1
"FABP12",0.375139741942447,1.25233265500585,0.012,0,1
"FAM157C",0.375139741942447,1.05114732641929,0.012,0,1
"FAM171A2",0.375139741942447,0.677693461173134,0.012,0,1
"FAM227A",0.375139741942447,2.05681779632139,0.012,0,1
"FAM88C",0.375139741942447,0.992131937426508,0.012,0,1
"FAM88E",0.375139741942447,2.53405189960372,0.012,0,1
"FBXO15",0.375139741942447,1.42473171479044,0.012,0,1
"FCRLB",0.375139741942447,1.08233335958556,0.012,0,1
"FDXACB1",0.375139741942447,1.12519897589964,0.012,0,1
"FITM1",0.375139741942447,2.26746548801868,0.012,0,1
"FLJ40288",0.375139741942447,0.557599342320656,0.012,0,1
"FOXO3B",0.375139741942447,0.865311283626884,0.012,0,1
"FOXO4",0.375139741942447,1.97412213527191,0.012,0,1
"FRG1-DT",0.375139741942447,0.698491697511763,0.012,0,1
"FRMD3",0.375139741942447,1.80872991165427,0.012,0,1
"FRMPD1",0.375139741942447,0.635451847597589,0.012,0,1
"GALNT12",0.375139741942447,1.18751026500665,0.012,0,1
"GDPD1",0.375139741942447,1.42992239403191,0.012,0,1
"GLIPR1L2",0.375139741942447,0.693787810871424,0.012,0,1
"GLRA3",0.375139741942447,1.39617918615176,0.012,0,1
"GNAZ",0.375139741942447,1.05438878243567,0.012,0,1
"GOLGA6L4",0.375139741942447,1.84113650268726,0.012,0,1
"GPNMB",0.375139741942447,1.71087300009107,0.012,0,1
"GPRASP2",0.375139741942447,1.83832817729137,0.012,0,1
"GPS2",0.375139741942447,1.45168858640198,0.012,0,1
"GREB1",0.375139741942447,1.06090127271573,0.012,0,1
"GRID1",0.375139741942447,1.42896039966716,0.012,0,1
"GSG1L",0.375139741942447,1.39625599265852,0.012,0,1
"H1-10-AS1",0.375139741942447,1.49706531476241,0.012,0,1
"H3C3",0.375139741942447,1.10152000594157,0.012,0,1
"H4C6",0.375139741942447,1.21867910150462,0.012,0,1
"HABP4",0.375139741942447,1.46411773840399,0.012,0,1
"HARBI1",0.375139741942447,1.8297992317852,0.012,0,1
"HES1",0.375139741942447,1.28859643099328,0.012,0,1
"HEXD-IT1",0.375139741942447,0.96144322493252,0.012,0,1
"HLA-F-AS1",0.375139741942447,0.776206505947004,0.012,0,1
"HLCS-AS1",0.375139741942447,0.371565854510126,0.012,0,1
"HLX-AS1",0.375139741942447,0.373127581120944,0.012,0,1
"HM13-IT1",0.375139741942447,1.8796839114249,0.012,0,1
"HSDL1",0.375139741942447,1.05582589861344,0.012,0,1
"HTR4",0.375139741942447,0.36717223866397,0.012,0,1
"IDO1",0.375139741942447,2.8501755969549,0.012,0,1
"IFI30",0.375139741942447,0.779654747729143,0.012,0,1
"IFITM1",0.375139741942447,1.09800339686006,0.012,0,1
"IL1B",0.375139741942447,3.55604112929793,0.012,0,1
"IQCJ-SCHIP1",0.375139741942447,0.684609891285486,0.012,0,1
"ITGA8",0.375139741942447,0.66686067472425,0.012,0,1
"JAZF1-AS1",0.375139741942447,2.40122130242883,0.012,0,1
"KCNIP2",0.375139741942447,1.12596991485769,0.012,0,1
"KCNIP4",0.375139741942447,1.21568162328824,0.012,0,1
"KCNJ11",0.375139741942447,0.811314504318815,0.012,0,1
"KCNJ6",0.375139741942447,0.752705026295097,0.012,0,1
"KCNN2",0.375139741942447,1.26289268624547,0.012,0,1
"KCNN3",0.375139741942447,0.648912666149465,0.012,0,1
"KCP",0.375139741942447,1.52685291831478,0.012,0,1
"KCTD11",0.375139741942447,0.775542413449751,0.012,0,1
"KCTD13-DT",0.375139741942447,2.38877459356456,0.012,0,1
"KCTD21-AS1",0.375139741942447,1.49796720735832,0.012,0,1
"KDM2B-DT",0.375139741942447,0.35172381089379,0.012,0,1
"KIF22",0.375139741942447,1.95048516203169,0.012,0,1
"KIF5C",0.375139741942447,1.6637118813323,0.012,0,1
"KLF3-AS1",0.375139741942447,1.02381581041617,0.012,0,1
"KMT5C",0.375139741942447,1.68581098361293,0.012,0,1
"KRTAP5-AS1",0.375139741942447,1.73260354999497,0.012,0,1
"LCA5",0.375139741942447,1.375252314715,0.012,0,1
"LCMT1-AS1",0.375139741942447,1.71030266814647,0.012,0,1
"LILRA6",0.375139741942447,1.51312596303526,0.012,0,1
"LINC00265",0.375139741942447,0.972552472550536,0.012,0,1
"LINC00427",0.375139741942447,1.5304302736027,0.012,0,1
"LINC00513",0.375139741942447,1.93519254835671,0.012,0,1
"LINC00534",0.375139741942447,1.84754723484582,0.012,0,1
"LINC00607",0.375139741942447,1.21784408640619,0.012,0,1
"LINC00886",0.375139741942447,0.854178491178785,0.012,0,1
"LINC00944",0.375139741942447,1.21559008125472,0.012,0,1
"LINC00992",0.375139741942447,0.164599911515665,0.012,0,1
"LINC01011",0.375139741942447,1.8903866490107,0.012,0,1
"LINC01033",0.375139741942447,2.39492406457568,0.012,0,1
"LINC01118",0.375139741942447,2.66980002812872,0.012,0,1
"LINC01431",0.375139741942447,1.32010320627083,0.012,0,1
"LINC01535",0.375139741942447,1.95209252169908,0.012,0,1
"LINC01675",0.375139741942447,1.03417857176086,0.012,0,1
"LINC01754",0.375139741942447,1.55663162303953,0.012,0,1
"LINC01825",0.375139741942447,1.34487621946566,0.012,0,1
"LINC01911",0.375139741942447,1.51970928625452,0.012,0,1
"LINC02033",0.375139741942447,1.19300150008789,0.012,0,1
"LINC02054",0.375139741942447,1.52985354181194,0.012,0,1
"LINC02250",0.375139741942447,1.27915127161721,0.012,0,1
"LINC02292",0.375139741942447,2.41502471292765,0.012,0,1
"LINC02381",0.375139741942447,2.33854103202617,0.012,0,1
"LINC02427",0.375139741942447,1.93580542354229,0.012,0,1
"LINC02432",0.375139741942447,1.36916458689214,0.012,0,1
"LINC02465",0.375139741942447,1.57330647433047,0.012,0,1
"LINC02479",0.375139741942447,1.56479392683099,0.012,0,1
"LINC02550",0.375139741942447,0.990837588020836,0.012,0,1
"LINC02649",0.375139741942447,1.89392096794469,0.012,0,1
"LINC02718",0.375139741942447,0.405257739274737,0.012,0,1
"LINC02777",0.375139741942447,1.78442542803135,0.012,0,1
"LINC02848",0.375139741942447,1.52227654046062,0.012,0,1
"LINC02864",0.375139741942447,1.86310624859917,0.012,0,1
"LMCD1",0.375139741942447,0.818953380013717,0.012,0,1
"LRIG1",0.375139741942447,1.45051769075735,0.012,0,1
"LRRN1",0.375139741942447,2.00710997028633,0.012,0,1
"LXN",0.375139741942447,1.44268854880558,0.012,0,1
"LY6E-DT",0.375139741942447,1.20019572266241,0.012,0,1
"MAFF",0.375139741942447,0.459264924023606,0.012,0,1
"MAP3K15",0.375139741942447,1.77077223492458,0.012,0,1
"MARK1",0.375139741942447,1.67337642349063,0.012,0,1
"MBTPS1-DT",0.375139741942447,0.356660769288037,0.012,0,1
"MC1R",0.375139741942447,2.45431019106968,0.012,0,1
"MCF2L",0.375139741942447,2.25913176561583,0.012,0,1
"MFAP5",0.375139741942447,0.583004485545212,0.012,0,1
"MFF-DT",0.375139741942447,1.10910221074394,0.012,0,1
"MFSD2B",0.375139741942447,0.89206053186349,0.012,0,1
"MID1",0.375139741942447,1.27442555797009,0.012,0,1
"MIR222HG",0.375139741942447,2.52875290993964,0.012,0,1
"MIR4500HG",0.375139741942447,0.371565854510126,0.012,0,1
"MIR762HG",0.375139741942447,1.78502456017447,0.012,0,1
"MKX",0.375139741942447,0.566112783663129,0.012,0,1
"MLST8",0.375139741942447,2.26746548801868,0.012,0,1
"MON1A",0.375139741942447,0.688443702777026,0.012,0,1
"MYBPC2",0.375139741942447,1.58339518735191,0.012,0,1
"NAA11",0.375139741942447,2.10000778724829,0.012,0,1
"NAALADL1",0.375139741942447,1.00021532804379,0.012,0,1
"NAGS",0.375139741942447,1.66637744875856,0.012,0,1
"NALCN",0.375139741942447,0.762163452086305,0.012,0,1
"NAPSA",0.375139741942447,0.159199751669938,0.012,0,1
"NCS1",0.375139741942447,1.0109189811321,0.012,0,1
"NDRG2",0.375139741942447,0.705537089776177,0.012,0,1
"NECAB2",0.375139741942447,2.11039631117269,0.012,0,1
"NFATC4",0.375139741942447,1.66475784898189,0.012,0,1
"NFIA",0.375139741942447,1.02092485197039,0.012,0,1
"NKAIN2",0.375139741942447,2.06148215668179,0.012,0,1
"NLRP3",0.375139741942447,0.874372830704857,0.012,0,1
"NRBP2",0.375139741942447,0.952652149857598,0.012,0,1
"NSMF",0.375139741942447,2.70921222381754,0.012,0,1
"NTN1",0.375139741942447,2.85544067294994,0.012,0,1
"NUDT14",0.375139741942447,1.41276393943516,0.012,0,1
"NUDT16-DT",0.375139741942447,1.24097935519073,0.012,0,1
"OGN",0.375139741942447,0.946415152828197,0.012,0,1
"OR10A2",0.375139741942447,1.09718851516355,0.012,0,1
"OSGEPL1-AS1",0.375139741942447,1.24213422853651,0.012,0,1
"PAK3",0.375139741942447,2.03419041503497,0.012,0,1
"PALMD",0.375139741942447,1.96451904790938,0.012,0,1
"PCBP4",0.375139741942447,1.62406054392955,0.012,0,1
"PCDHGC3",0.375139741942447,1.13082714631079,0.012,0,1
"PDGFRB",0.375139741942447,0.977136285247981,0.012,0,1
"PDPN",0.375139741942447,1.3864848587115,0.012,0,1
"PIEZO2",0.375139741942447,0.950965584413909,0.012,0,1
"PIK3CA-DT",0.375139741942447,2.94490764660029,0.012,0,1
"PKIB",0.375139741942447,0.819147368450874,0.012,0,1
"PLA2G2D",0.375139741942447,0.967425673907245,0.012,0,1
"PLAC1",0.375139741942447,0.931215964469215,0.012,0,1
"PLB1",0.375139741942447,0.428953536744581,0.012,0,1
"PLCH2",0.375139741942447,1.68633194495142,0.012,0,1
"PLGLB1",0.375139741942447,1.33052787457318,0.012,0,1
"PLK5",0.375139741942447,1.42615684824866,0.012,0,1
"PLPPR2",0.375139741942447,1.35807479727013,0.012,0,1
"PLXNA1",0.375139741942447,1.48396263129676,0.012,0,1
"PLXNA2",0.375139741942447,2.29466176156702,0.012,0,1
"POT1-AS1",0.375139741942447,2.03005449187851,0.012,0,1
"POU3F1",0.375139741942447,2.4452613768836,0.012,0,1
"PP2D1",0.375139741942447,1.31558183349192,0.012,0,1
"PPL",0.375139741942447,0.668964262448528,0.012,0,1
"PPP1R42",0.375139741942447,0.722308880951867,0.012,0,1
"PRKCG",0.375139741942447,1.78893213514078,0.012,0,1
"PRLR",0.375139741942447,0.9598061696566,0.012,0,1
"PROX1",0.375139741942447,2.73342783977466,0.012,0,1
"PSMA8",0.375139741942447,1.59533745426814,0.012,0,1
"PSTPIP2",0.375139741942447,0.883517894648956,0.012,0,1
"PTCHD1",0.375139741942447,1.47313464126788,0.012,0,1
"PTPRF",0.375139741942447,1.00286365485905,0.012,0,1
"RAB11FIP5",0.375139741942447,2.00022043422787,0.012,0,1
"RAB13",0.375139741942447,0.112088196243868,0.012,0,1
"RAB3A",0.375139741942447,1.60689837085413,0.012,0,1
"RAB3D",0.375139741942447,1.03784595821008,0.012,0,1
"RAB40C",0.375139741942447,2.31546316229521,0.012,0,1
"RAD50",0.375139741942447,1.03174970818565,0.012,0,1
"RAD9B",0.375139741942447,1.20937311320393,0.012,0,1
"RASSF1-AS1",0.375139741942447,1.15355784512985,0.012,0,1
"RBM11",0.375139741942447,1.32136575009436,0.012,0,1
"RBM38-AS1",0.375139741942447,1.78445922363528,0.012,0,1
"RBMS3-AS2",0.375139741942447,2.48595460899504,0.012,0,1
"RHBDL1",0.375139741942447,0.828515786340139,0.012,0,1
"RNASEH2A",0.375139741942447,0.82727309418773,0.012,0,1
"RND1",0.375139741942447,2.02062090653959,0.012,0,1
"RP9P",0.375139741942447,1.14719777460632,0.012,0,1
"RPP38-DT",0.375139741942447,1.74968090092482,0.012,0,1
"RUSF1-DT",0.375139741942447,1.78722384231673,0.012,0,1
"SCLY",0.375139741942447,1.07221666209867,0.012,0,1
"SCUBE1",0.375139741942447,1.78900128230957,0.012,0,1
"SDC3",0.375139741942447,0.696453254400825,0.012,0,1
"SDR42E1",0.375139741942447,1.58363787328366,0.012,0,1
"SEMA4C",0.375139741942447,1.89001833386698,0.012,0,1
"SEMA6C",0.375139741942447,0.878059408794581,0.012,0,1
"SEMA6D",0.375139741942447,1.20397403360298,0.012,0,1
"SEPTIN14",0.375139741942447,0.939824468890478,0.012,0,1
"SEPTIN7P9",0.375139741942447,0.760213076575782,0.012,0,1
"SETMAR",0.375139741942447,1.80056304743067,0.012,0,1
"SH3D21",0.375139741942447,0.280703232722825,0.012,0,1
"SHF",0.375139741942447,0.935017586760885,0.012,0,1
"SLC16A4-AS1",0.375139741942447,1.1178116213442,0.012,0,1
"SLC16A9",0.375139741942447,2.60505931502395,0.012,0,1
"SLC25A21",0.375139741942447,2.1651072340862,0.012,0,1
"SLC26A4",0.375139741942447,1.15142462522891,0.012,0,1
"SLC35F4",0.375139741942447,0.563878295183157,0.012,0,1
"SLC38A11",0.375139741942447,2.11717179851376,0.012,0,1
"SLC4A5",0.375139741942447,2.23140343522783,0.012,0,1
"SLC7A2",0.375139741942447,2.04090474229004,0.012,0,1
"SLC9C1",0.375139741942447,2.68827990585405,0.012,0,1
"SLCO1B3-SLCO1B7",0.375139741942447,1.05994989376526,0.012,0,1
"SLCO4A1-AS2",0.375139741942447,3.14580497345366,0.012,0,1
"SMARCD3",0.375139741942447,1.42429556067526,0.012,0,1
"SNAPC2",0.375139741942447,1.03116607587213,0.012,0,1
"SNED1-AS1",0.375139741942447,2.07056531267124,0.012,0,1
"SNTG1",0.375139741942447,1.31576817840319,0.012,0,1
"SNTG2",0.375139741942447,1.81450884857376,0.012,0,1
"SNX7",0.375139741942447,1.40079680493849,0.012,0,1
"SOCS2-AS1",0.375139741942447,0.651080106619071,0.012,0,1
"SPDYA",0.375139741942447,0.887422006730565,0.012,0,1
"SREBF2-AS1",0.375139741942447,1.48876411888205,0.012,0,1
"STAG3L5P",0.375139741942447,1.04882931187324,0.012,0,1
"STOX2",0.375139741942447,2.02612545175339,0.012,0,1
"STX17-DT",0.375139741942447,1.16130564900372,0.012,0,1
"SUGT1P3",0.375139741942447,1.80795803187901,0.012,0,1
"SUGT1P4-STRA6LP",0.375139741942447,1.46672857743143,0.012,0,1
"SUPT20HL2",0.375139741942447,1.77128956412802,0.012,0,1
"SYNGR3",0.375139741942447,1.67804460264078,0.012,0,1
"SYT11",0.375139741942447,1.15358780517027,0.012,0,1
"TANC1",0.375139741942447,2.56535141706424,0.012,0,1
"TBL3",0.375139741942447,0.982322389689216,0.012,0,1
"TESMIN",0.375139741942447,1.32894065774638,0.012,0,1
"TF",0.375139741942447,1.07573517157887,0.012,0,1
"THBS3",0.375139741942447,1.21966788991015,0.012,0,1
"TJP3",0.375139741942447,2.41607965100853,0.012,0,1
"TMC1",0.375139741942447,1.0873440988168,0.012,0,1
"TMCO1-AS1",0.375139741942447,0.738201772456135,0.012,0,1
"TMEM104",0.375139741942447,0.66686067472425,0.012,0,1
"TMEM139-AS1",0.375139741942447,1.67241814129663,0.012,0,1
"TMEM14B-DT",0.375139741942447,1.46429749137002,0.012,0,1
"TMEM17",0.375139741942447,0.93990383892466,0.012,0,1
"TMEM191A",0.375139741942447,1.14460321411733,0.012,0,1
"TMEM51",0.375139741942447,1.01460497612088,0.012,0,1
"TMOD1",0.375139741942447,1.42038404675177,0.012,0,1
"TMPRSS15",0.375139741942447,2.12682422424985,0.012,0,1
"TMSB15B-AS1",0.375139741942447,0.997965144843103,0.012,0,1
"TOP2A",0.375139741942447,1.76071614170514,0.012,0,1
"TPGS1",0.375139741942447,1.85087487114173,0.012,0,1
"TPST1",0.375139741942447,3.69265440865201,0.012,0,1
"TRIM2",0.375139741942447,1.21889466723474,0.012,0,1
"TSFM",0.375139741942447,1.27915127161721,0.012,0,1
"TSPAN10",0.375139741942447,1.88837767047269,0.012,0,1
"TSPAN18",0.375139741942447,1.54061726902818,0.012,0,1
"TSPAN19",0.375139741942447,0.47391809266313,0.012,0,1
"TTC22",0.375139741942447,1.65076173264282,0.012,0,1
"TTC39A-AS1",0.375139741942447,0.64272686538019,0.012,0,1
"TTC8",0.375139741942447,0.68616583933104,0.012,0,1
"TTLL10",0.375139741942447,0.947546333586859,0.012,0,1
"TTLL9",0.375139741942447,1.29525163178204,0.012,0,1
"TTTY14",0.375139741942447,1.46553490335124,0.012,0,1
"TUBB2A",0.375139741942447,1.9663187901984,0.012,0,1
"TXNRD3",0.375139741942447,1.09919887988478,0.012,0,1
"UBOX5-AS1",0.375139741942447,0.575839551710726,0.012,0,1
"UNC13B",0.375139741942447,0.517582874949907,0.012,0,1
"UPP2",0.375139741942447,0.445768635475279,0.012,0,1
"WDR25",0.375139741942447,1.67868323707842,0.012,0,1
"WDR31",0.375139741942447,0.502047134745148,0.012,0,1
"WDR49",0.375139741942447,2.92642982424782,0.012,0,1
"WDR93",0.375139741942447,1.77756115255194,0.012,0,1
"WNT16",0.375139741942447,1.67820289760355,0.012,0,1
"WNT6",0.375139741942447,1.02102412296406,0.012,0,1
"XKRX",0.375139741942447,0.839256598942962,0.012,0,1
"XYLT2",0.375139741942447,1.18648368323641,0.012,0,1
"YJEFN3",0.375139741942447,0.8560295223994,0.012,0,1
"ZBTB32",0.375139741942447,1.40709843830115,0.012,0,1
"ZFP69",0.375139741942447,1.2263286736743,0.012,0,1
"ZFPM1",0.375139741942447,1.29636609988372,0.012,0,1
"ZFPM2",0.375139741942447,0.541809580812024,0.012,0,1
"ZFR2",0.375139741942447,1.53714137216513,0.012,0,1
"ZFYVE9",0.375139741942447,2.86785559856308,0.012,0,1
"ZMYND10",0.375139741942447,2.03863427063,0.012,0,1
"ZNF225-AS1",0.375139741942447,0.475728469432115,0.012,0,1
"ZNF346-IT1",0.375139741942447,2.14445692989328,0.012,0,1
"ZNF385D",0.375139741942447,1.77963310411655,0.012,0,1
"ZNF414",0.375139741942447,1.89899678901672,0.012,0,1
"ZNF436",0.375139741942447,1.63312849218326,0.012,0,1
"ZNF45-AS1",0.375139741942447,1.676594526739,0.012,0,1
"ZNF546",0.375139741942447,1.20132915792184,0.012,0,1
"ZNF620",0.375139741942447,0.951985379913451,0.012,0,1
"ZNF628",0.375139741942447,1.12615506926577,0.012,0,1
"ZNF711",0.375139741942447,1.81307156688294,0.012,0,1
"ZNF879",0.375139741942447,1.44103674050926,0.012,0,1
"ZNRD2-DT",0.375139741942447,1.11348332316059,0.012,0,1
"ZSWIM9",0.375139741942447,2.02817449288772,0.012,0,1
"ENSG00000224521",0.375139741942447,1.77526797473415,0.012,0,1
"IGLC7",0.375139741942447,0.967425673907245,0.012,0,1
"MINDY3",0.375734382136609,-0.218061943959568,0.102,0.152,1
"ZFP90",0.375734382136609,0.916520190612419,0.127,0.091,1
"CSK",0.375747296282125,0.830843809045968,0.416,0.47,1
"TRIO",0.375848082289745,0.431564037169365,0.229,0.318,1
"SOD1",0.376313543097474,0.235196200363267,0.428,0.606,1
"ARID3B",0.376587884193813,-0.239796797762168,0.096,0.136,1
"BCL2L12",0.376587884193813,-0.327220346432987,0.096,0.136,1
"ENSG00000240040",0.376714986036248,0.252856992782001,0.223,0.318,1
"LINC00342",0.376868177575221,0.390436963505882,0.271,0.379,1
"ZNF542P",0.37701925898806,0.174377929508386,0.066,0.106,1
"BABAM1",0.377509309678187,0.928997754852774,0.054,0.091,1
"MSH6",0.377509309678187,0.618463197108259,0.054,0.091,1
"ARID4A",0.377660411586829,0.397577194760408,0.355,0.515,1
"USP42",0.377704418274534,0.272793975692689,0.078,0.121,1
"ZDHHC24",0.377704418274534,0.447040653202361,0.078,0.121,1
"NNT-AS1",0.377796809035643,0.497129963871386,0.09,0.136,1
"ZNF584",0.377972716709903,-1.67959598538996,0.024,0.045,1
"VILL",0.380064394005651,0.311624529811946,0.078,0.121,1
"ARL2BP",0.38027108107068,0.328361987050908,0.229,0.333,1
"PPDPF",0.380622354061884,0.433529313992093,0.301,0.439,1
"PRCP",0.380671694461984,0.428962969481664,0.217,0.303,1
"ENSG00000290876",0.381197965151073,0.48771536499201,0.133,0.197,1
"MBD6",0.381233423605355,1.19158131362039,0.187,0.152,1
"OCIAD2",0.381612546684222,0.707119973267979,0.163,0.242,1
"NKAP",0.382116816662153,0.274728338129707,0.139,0.197,1
"ARL2",0.382320628493561,0.59475843153954,0.108,0.167,1
"CD96",0.382751222144457,-0.428959027391268,0.06,0.03,1
"MARCHF8",0.382781428915804,0.155256732342723,0.127,0.182,1
"XPA",0.382793013359397,0.244620023354913,0.193,0.273,1
"MIER1",0.383488569784785,0.320499341019807,0.277,0.394,1
"TM9SF4",0.384072565993838,0.175937140746126,0.151,0.212,1
"ESF1",0.384399776238465,0.47094433438775,0.187,0.258,1
"ZNF468",0.385074869433426,1.86739602623444,0.09,0.061,1
"CLASRP",0.385224039520358,-0.150937691547347,0.301,0.409,1
"TAPBP",0.385304207933748,0.575108948728029,0.536,0.606,1
"LSM7",0.385875864367865,0.173532803671389,0.139,0.197,1
"KPTN",0.385939385298308,-1.32239071683826,0.024,0.045,1
"NSUN6",0.38624127654275,0.14607201403151,0.114,0.167,1
"FRA10AC1",0.38624127654275,1.3259681014059,0.139,0.106,1
"NEMP1",0.38624127654275,1.59461062814795,0.139,0.106,1
"PHF14",0.386802709816011,0.325504088637726,0.295,0.409,1
"UBE3B",0.386862849257905,-0.418543759583297,0.133,0.182,1
"NEK9",0.386950910647482,0.355932649974318,0.265,0.379,1
"GANAB",0.387122053381391,0.205404945129567,0.319,0.455,1
"CDKN2AIPNL",0.387198526726255,0.363955109059584,0.078,0.121,1
"SRGAP2C",0.387198526726255,0.378732826862962,0.078,0.121,1
"MAPKAP1",0.387373864570467,0.447041893054591,0.343,0.5,1
"DDX42",0.387461085300183,0.254823303437366,0.199,0.288,1
"KCNQ1",0.387574589927941,1.96134468304353,0.09,0.061,1
"STXBP2",0.388153257703853,0.249805277644047,0.145,0.212,1
"OGG1",0.388455419420473,0.162468116806218,0.102,0.152,1
"RNF40",0.388455419420473,0.45020847793219,0.102,0.152,1
"CIB1",0.388509455795763,1.27378534191025,0.295,0.318,1
"OTUB1",0.389038585947807,-0.202301239448608,0.193,0.258,1
"IWS1",0.389289263187516,0.57713048833189,0.277,0.394,1
"AGO1",0.389594603231835,0.245967795139813,0.078,0.121,1
"SIAH1",0.389594603231835,0.604012582940822,0.078,0.121,1
"ALDH18A1",0.389960889429324,1.87926034251609,0.036,0.015,1
"ATPSCKMT",0.389960889429324,1.90512568935283,0.036,0.015,1
"B3GALT4",0.389960889429324,1.85967787538554,0.036,0.015,1
"CA11",0.389960889429324,1.82406269334269,0.036,0.015,1
"CAPS",0.389960889429324,2.08040006478952,0.036,0.015,1
"DGKG",0.389960889429324,2.38442463632261,0.036,0.015,1
"DYNC2LI1",0.389960889429324,-1.08725956566376,0.024,0.045,1
"ENSG00000247121",0.389960889429324,1.70611864116906,0.036,0.015,1
"ENSG00000275180",0.389960889429324,1.7907302800376,0.036,0.015,1
"ENSG00000280206",0.389960889429324,2.05832931499863,0.036,0.015,1
"ENSG00000289042",0.389960889429324,1.62848603358896,0.036,0.015,1
"FADS1",0.389960889429324,2.44048914626279,0.036,0.015,1
"FAM24B",0.389960889429324,-1.00977554751634,0.024,0.045,1
"GTF2E1",0.389960889429324,1.65813724341613,0.036,0.015,1
"KIF3A",0.389960889429324,2.25457611044205,0.036,0.015,1
"LINC02391",0.389960889429324,2.15386279592541,0.036,0.015,1
"NEDD4L",0.389960889429324,1.72030844270448,0.036,0.015,1
"PDK1-AS1",0.389960889429324,2.80034765808166,0.036,0.015,1
"PLA2G2A",0.389960889429324,1.56742459599291,0.036,0.015,1
"PLAAT4",0.389960889429324,2.25755442717816,0.036,0.015,1
"PLIN2",0.389960889429324,2.78787847634563,0.036,0.015,1
"PNPLA7",0.389960889429324,1.48352564163256,0.036,0.015,1
"RARG",0.389960889429324,1.94825492582413,0.036,0.015,1
"RCN1",0.389960889429324,-0.920148884967861,0.024,0.045,1
"SH3RF1",0.389960889429324,2.86174191192325,0.036,0.015,1
"SUCNR1",0.389960889429324,-1.31635590900464,0.024,0.045,1
"UBE2D3-AS1",0.389960889429324,1.61793872929576,0.036,0.015,1
"VPS37C",0.389960889429324,2.25274235526315,0.036,0.015,1
"ZNF433-AS1",0.389960889429324,1.32871165563732,0.036,0.015,1
"ZNF853",0.389960889429324,2.29519264889957,0.036,0.015,1
"ZNF93",0.389960889429324,3.23578863292654,0.036,0.015,1
"ENSG00000284707",0.390163966528596,1.17452307825245,0.187,0.152,1
"AFF4",0.390170782877734,1.00404858868028,0.289,0.273,1
"SMG1",0.390462615796014,0.106014560911782,0.307,0.424,1
"CHMP1A",0.390600810279736,0.429336379436737,0.102,0.152,1
"COMMD2",0.390600810279736,0.260645030898952,0.102,0.152,1
"AKAP11",0.390713641760374,0.532725243408866,0.187,0.273,1
"CFDP1",0.390736893281962,0.451783059342461,0.133,0.197,1
"RAD23B",0.391118701940362,0.443413995021438,0.259,0.364,1
"CETN3",0.391251432477212,0.166247024051367,0.09,0.136,1
"CROCCP2",0.391251432477212,0.257446674633497,0.09,0.136,1
"SLC25A11",0.391251432477212,0.185873310749695,0.09,0.136,1
"MBD2",0.391470291272979,0.279527669999453,0.38,0.561,1
"RAB5C",0.391549061419615,0.287114442930712,0.235,0.333,1
"ACIN1",0.391664463754921,0.402302216427066,0.313,0.455,1
"TTL",0.391999676787303,0.981685706732669,0.078,0.121,1
"PRKACA",0.392536604069394,1.25620227047989,0.108,0.076,1
"PPP2R2A",0.393437843091321,0.259895446184807,0.247,0.348,1
"POGLUT1",0.393461410959274,0.421818525383849,0.139,0.197,1
"CARHSP1",0.393521824124314,0.582901442525899,0.09,0.136,1
"REEP3",0.393771502653262,0.228385851721052,0.157,0.227,1
"ACAT2",0.394007768048275,-0.962075567329995,0.024,0.045,1
"ALG11",0.394007768048275,-1.00232793394556,0.024,0.045,1
"APOL1",0.394007768048275,1.97714242911157,0.036,0.015,1
"C8orf82",0.394007768048275,1.72270681175718,0.036,0.015,1
"DMAP1",0.394007768048275,2.24944031184917,0.036,0.015,1
"DNAJC27-AS1",0.394007768048275,-1.07477837551647,0.024,0.045,1
"ENSG00000261324",0.394007768048275,-0.744449744327877,0.024,0.045,1
"ENSG00000272501",0.394007768048275,1.74114207778589,0.036,0.015,1
"ENSG00000290549",0.394007768048275,1.7891509777891,0.036,0.015,1
"FAM161A",0.394007768048275,2.41187867240169,0.036,0.015,1
"LSS",0.394007768048275,-0.738100700500361,0.024,0.045,1
"MAN1B1-DT",0.394007768048275,-0.851306834874036,0.024,0.045,1
"MRM3",0.394007768048275,1.66619646718937,0.036,0.015,1
"NKG7",0.394007768048275,-2.94328182628718,0.024,0.045,1
"PAFAH1B3",0.394007768048275,1.43131915436765,0.036,0.015,1
"PCAT1",0.394007768048275,2.08570447180033,0.036,0.015,1
"PLEKHH3",0.394007768048275,-0.566400588542507,0.024,0.045,1
"PWWP2B",0.394007768048275,1.35257592982669,0.036,0.015,1
"RORA-AS1",0.394007768048275,1.54104258633481,0.036,0.015,1
"S100Z",0.394007768048275,1.43003630557437,0.036,0.015,1
"SLC29A2",0.394007768048275,-0.837953127330167,0.024,0.045,1
"TMEM241",0.394007768048275,1.98893976607578,0.036,0.015,1
"TMEM71",0.394007768048275,1.53791179687093,0.036,0.015,1
"RBM8A",0.394271296588672,0.280418437241191,0.301,0.424,1
"PEX14",0.394447693120363,0.270233556615433,0.114,0.167,1
"PTBP2",0.394566682175167,0.324820968786788,0.127,0.182,1
"DZIP3",0.394784673563469,-0.762484945899416,0.084,0.121,1
"LINC02422",0.394855341851156,1.22640215568528,0.108,0.076,1
"RHOB",0.395077358706386,0.213148410166134,0.181,0.136,1
"TUBE1",0.395132899766157,-0.75066268996107,0.072,0.106,1
"PANK3",0.395800176404389,0.346762436277565,0.09,0.136,1
"CIITA",0.396197920816823,0.784094353312548,0.458,0.53,1
"PRR12",0.396552015596406,0.374929327861187,0.127,0.182,1
"MYOM1",0.396871531757799,-1.21735428104467,0.036,0.061,1
"RPS28",0.397179553266148,0.115562202668141,0.982,0.939,1
"SLC38A1",0.397237810757577,0.728156890627227,0.452,0.455,1
"CASP4",0.39728130817651,0.337142209797694,0.283,0.394,1
"SETD5",0.39730136371725,1.24000273211251,0.349,0.364,1
"RPF2",0.397590106432057,-0.121605735592043,0.096,0.136,1
"EI24",0.397989932647105,0.342714693658384,0.199,0.273,1
"CCDC122",0.398079963266573,0.90456028954785,0.036,0.015,1
"CTDP1",0.398079963266573,-0.569315826689805,0.024,0.045,1
"EML6",0.398079963266573,1.29119718503143,0.036,0.015,1
"ENSG00000258744",0.398079963266573,-0.497463027459442,0.024,0.045,1
"GAS6-AS1",0.398079963266573,1.46549325583888,0.036,0.015,1
"GUCY2C",0.398079963266573,1.35754272477842,0.036,0.015,1
"HS1BP3",0.398079963266573,-0.627957116280911,0.024,0.045,1
"KDSR-DT",0.398079963266573,-0.826979677597075,0.024,0.045,1
"KLF11",0.398079963266573,2.09736230849557,0.036,0.015,1
"LIN9",0.398079963266573,-0.589191097198252,0.024,0.045,1
"LINC01358",0.398079963266573,1.12318562342668,0.036,0.015,1
"PDP2",0.398079963266573,-0.799852319033817,0.024,0.045,1
"TMTC2",0.398079963266573,-1.02875703363343,0.024,0.045,1
"ULK3",0.398079963266573,1.4667723697703,0.036,0.015,1
"ZNF594",0.398079963266573,1.84108491862219,0.036,0.015,1
"ZNF687",0.398079963266573,1.30520687491826,0.036,0.015,1
"STRN3",0.398543366414455,0.535624330552366,0.127,0.182,1
"ANXA5",0.399262619398904,0.113244247410724,0.169,0.227,1
"FGL2",0.39951759633442,1.26187169618362,0.108,0.076,1
"RIF1",0.399789430035375,0.37174308922451,0.217,0.303,1
"NCK2",0.399812098905763,1.16930056883173,0.229,0.212,1
"TSPO",0.400220923201668,1.60177991670685,0.09,0.061,1
"SNX29",0.400643832796656,0.371671270017145,0.199,0.288,1
"RPS15A",0.400745105355895,0.138032513633972,0.922,0.955,1
"RNF139",0.40170969514627,0.635758817863566,0.078,0.121,1
"POM121C",0.401824530895826,1.36802505207707,0.181,0.152,1
"AFG1L",0.402177414114645,0.468226628421606,0.024,0.045,1
"AGA-DT",0.402177414114645,-0.733536939854039,0.024,0.045,1
"ASH1L-AS1",0.402177414114645,-0.879335278180736,0.024,0.045,1
"BAG2",0.402177414114645,1.03425582699881,0.036,0.015,1
"C10orf143",0.402177414114645,-0.42419135681116,0.024,0.045,1
"C5",0.402177414114645,-0.579887771397536,0.024,0.045,1
"CDC42BPB",0.402177414114645,-0.734675637643446,0.024,0.045,1
"DDB2",0.402177414114645,1.25628636002046,0.036,0.015,1
"DTX3",0.402177414114645,-0.467850987082919,0.024,0.045,1
"ENSG00000229337",0.402177414114645,-0.345112917404511,0.024,0.045,1
"ENSG00000291259",0.402177414114645,0.915776155193273,0.036,0.015,1
"ERF",0.402177414114645,-0.236319868138845,0.024,0.045,1
"LIN7B",0.402177414114645,-0.197174353684981,0.024,0.045,1
"LINC00528",0.402177414114645,-0.121671619742977,0.024,0.045,1
"LRRC37A",0.402177414114645,0.618694110284819,0.036,0.015,1
"N6AMT1",0.402177414114645,0.233782690832925,0.024,0.045,1
"PLEKHO2",0.402177414114645,-0.729411538356284,0.024,0.045,1
"RIPK2-DT",0.402177414114645,-0.509358343441989,0.024,0.045,1
"SPNS3",0.402177414114645,-0.296914376117789,0.024,0.045,1
"STX18-AS1",0.402177414114645,-0.891421233595863,0.024,0.045,1
"TIGD6",0.402177414114645,-0.707839101918617,0.024,0.045,1
"ABR",0.40254409121288,1.51178882258731,0.151,0.121,1
"RPIA",0.402682889905799,0.46400375503886,0.09,0.136,1
"CRACR2A",0.402751695860737,2.51416408421672,0.072,0.045,1
"BBS2",0.40278320696129,0.438378141035469,0.066,0.106,1
"PRKCSH",0.403261295324252,0.279585973866413,0.235,0.333,1
"PDE4B",0.403449744040022,0.393694552655434,0.398,0.576,1
"EIPR1",0.403623694948765,0.722296128596632,0.102,0.152,1
"MRPS28",0.403774844812517,-1.39903555289122,0.036,0.061,1
"STIM1",0.404030167837857,0.613909897061034,0.211,0.288,1
"COA1",0.404244746734043,0.51194107352651,0.223,0.318,1
"ERO1A",0.404332458652499,0.607155156212394,0.133,0.197,1
"PATL1",0.404867202799338,1.12994641893953,0.235,0.212,1
"CLASP1",0.404992976054695,0.770579454107004,0.09,0.136,1
"WASHC2C",0.405384074912642,0.580806944119364,0.169,0.242,1
"AP4B1",0.405617533491437,2.12138919347293,0.072,0.045,1
"ZNF44",0.405617533491437,2.10743809861716,0.072,0.045,1
"AP4M1",0.406300056532562,-0.495141863598034,0.024,0.045,1
"ARRDC5",0.406300056532562,-0.203780170500611,0.024,0.045,1
"DMWD",0.406300056532562,-0.451793412751119,0.024,0.045,1
"ENSG00000290578",0.406300056532562,-0.292927748587163,0.024,0.045,1
"EPB41L3",0.406300056532562,0.883304312214897,0.036,0.015,1
"ERCC2",0.406300056532562,-0.139988252955005,0.024,0.045,1
"FBXO48",0.406300056532562,-0.493979803442794,0.024,0.045,1
"LINC02742",0.406300056532562,-0.663187667250258,0.024,0.045,1
"RPH3AL-AS1",0.406300056532562,-0.7452091345327,0.024,0.045,1
"SLC25A19",0.406300056532562,-0.221043486427494,0.024,0.045,1
"SLC27A1",0.406300056532562,-0.789142259126383,0.024,0.045,1
"STX10",0.406300056532562,-0.294989808228236,0.024,0.045,1
"TMEM202-AS1",0.406300056532562,-0.26573379800287,0.024,0.045,1
"ZNF444",0.406300056532562,-0.254295384621281,0.024,0.045,1
"ZNF470",0.406300056532562,-0.657132725422445,0.024,0.045,1
"ETFRF1",0.406497329719051,-0.222638321969954,0.133,0.182,1
"BLOC1S2",0.406532213249806,0.297206347199394,0.205,0.288,1
"ARRDC3",0.406555796929615,1.05380185204433,0.187,0.152,1
"EMC1",0.406618355502524,0.388108617684473,0.078,0.121,1
"TIMM50",0.406618355502524,0.553476751269787,0.078,0.121,1
"ZC3H14",0.406753288742311,0.10974515108565,0.108,0.152,1
"RFX5",0.407067558987046,0.762891301888277,0.277,0.258,1
"CERT1",0.407078519900825,0.41407384317243,0.295,0.409,1
"CHST11",0.407354979396288,0.224560237163642,0.373,0.515,1
"CBFA2T2",0.408072980548531,1.06570218591509,0.199,0.167,1
"TMEM245",0.408086838897088,0.32063523959372,0.199,0.273,1
"KLHDC3",0.408383414144279,-0.423303032435701,0.06,0.091,1
"NDUFB9",0.408402426402433,0.459026192002856,0.157,0.227,1
"MYO1G",0.408495519340201,1.73325609369278,0.072,0.045,1
"ZNF557",0.408495519340201,1.92952613256799,0.072,0.045,1
"LRP10",0.408800952847018,0.232915352097738,0.355,0.485,1
"SFXN1",0.408940890954529,1.1430076507892,0.108,0.076,1
"NARF",0.409872224776426,-0.922225376413193,0.048,0.076,1
"ACTR8",0.410447823361276,-0.35209336255758,0.024,0.045,1
"CBWD6",0.410447823361276,0.12288480398098,0.024,0.045,1
"COMMD4",0.410447823361276,-0.216499113214043,0.024,0.045,1
"ENSG00000267383",0.410447823361276,-0.231351605696589,0.024,0.045,1
"GTF3C5",0.410447823361276,0.62571308760212,0.024,0.045,1
"IFT122",0.410447823361276,0.341981488455414,0.024,0.045,1
"LMO7",0.410447823361276,-0.438703666110748,0.024,0.045,1
"NFIL3",0.410447823361276,-0.119865725561292,0.024,0.045,1
"ST7L",0.410447823361276,0.149211266423399,0.024,0.045,1
"TMEM234",0.410447823361276,0.513868109543096,0.024,0.045,1
"TMEM9B-AS1",0.410447823361276,0.565103936625557,0.024,0.045,1
"TOE1",0.410447823361276,-0.192240707946204,0.024,0.045,1
"TOM1",0.410447823361276,0.190145507891745,0.024,0.045,1
"PNKP",0.411317222345053,0.833590930794021,0.108,0.076,1
"EPB41L2",0.411385011666801,2.47691063076869,0.072,0.045,1
"CLMN",0.411385630130093,2.15933050135236,0.072,0.045,1
"YARS2",0.411385630130093,2.31198814607588,0.072,0.045,1
"CLYBL",0.411453290594949,1.98551003226427,0.054,0.03,1
"GFOD1",0.411453290594949,2.04744315012624,0.054,0.03,1
"LRWD1",0.411453290594949,2.04610044785865,0.054,0.03,1
"MROH1",0.411453290594949,1.6189888217253,0.054,0.03,1
"PRDX2",0.411453290594949,2.31569022183815,0.054,0.03,1
"STS",0.411453290594949,2.47980433255051,0.054,0.03,1
"TMEM140",0.411453290594949,2.41835384587512,0.054,0.03,1
"ZNF548",0.411453290594949,1.76451959513652,0.054,0.03,1
"IKZF2",0.411970614471901,1.30236697337835,0.09,0.136,1
"DOCK10",0.4122529656712,0.210646080688537,0.355,0.47,1
"ITM2B",0.412369501723983,0.211048396226594,0.572,0.803,1
"RINL",0.412448292833366,0.567940495378896,0.102,0.152,1
"OTUD4",0.412816450607808,0.414071751358251,0.139,0.197,1
"GATAD1",0.412816450607808,1.68091140458734,0.163,0.136,1
"CHEK2",0.412969705447621,-0.737877861790718,0.048,0.076,1
"GNPDA2",0.413112115703059,1.4722015090529,0.09,0.061,1
"TAF1C",0.413112115703059,1.13875875399194,0.09,0.061,1
"RABEP1",0.413562937830287,0.770612795062869,0.404,0.439,1
"DANT2",0.414002567616364,-0.587634539970253,0.06,0.091,1
"ENSG00000260257",0.41426357066928,-0.596111395763729,0.036,0.061,1
"FAHD2A",0.41426357066928,-0.539990963382607,0.036,0.061,1
"PEDS1",0.41426357066928,-0.783735169866032,0.036,0.061,1
"TMEM9",0.41426357066928,-0.67480818790069,0.036,0.061,1
"YIPF2",0.41426357066928,-0.611328497533872,0.036,0.061,1
"ARFIP1",0.414287841857412,2.0736871319824,0.072,0.045,1
"ZNF333",0.414287841857412,1.61331719240893,0.072,0.045,1
"ENSG00000259972",0.414312245941578,0.847494267700246,0.09,0.136,1
"AP5B1",0.414620644334468,-0.155923829491702,0.024,0.045,1
"ENSG00000278002",0.414620644334468,0.75871334862546,0.024,0.045,1
"ERP27",0.414620644334468,-0.120204544482192,0.024,0.045,1
"GTF2IRD2",0.414620644334468,0.474512936496993,0.024,0.045,1
"PEX7",0.414620644334468,0.97221231625914,0.024,0.045,1
"RASGEF1A",0.414620644334468,-0.253965185078788,0.024,0.045,1
"SLC52A2",0.414620644334468,0.258964284174847,0.024,0.045,1
"TMED7-TICAM2",0.414620644334468,-0.131985239443094,0.024,0.045,1
"TYW1B",0.414620644334468,1.04065174527605,0.024,0.045,1
"UGDH-AS1",0.414620644334468,0.32583032659642,0.024,0.045,1
"TTC21B",0.414672182793729,0.491275359503665,0.102,0.152,1
"ENSG00000289082",0.41481414135111,1.82343778734308,0.054,0.03,1
"MRPL14",0.41481414135111,1.75215987454087,0.054,0.03,1
"SYNGR1",0.41481414135111,1.89613222535694,0.054,0.03,1
"MZT2B",0.415420232994707,1.27061107777988,0.139,0.106,1
"CTDSPL2",0.415427095166499,1.14698617462068,0.205,0.182,1
"ATL3",0.415741450869552,0.178228300118644,0.151,0.212,1
"EPN1",0.415742847182928,0.250910447437564,0.163,0.227,1
"PPIG",0.416048227259481,0.641777837088672,0.572,0.712,1
"TMEM129",0.416081011130313,-0.599442703341742,0.048,0.076,1
"CENPQ",0.416094402059618,1.04547477913347,0.108,0.076,1
"PDK2",0.41682921625826,-0.354843885482082,0.06,0.091,1
"SRPK1",0.417202129790511,1.44475236297224,0.072,0.045,1
"ZNF253",0.417202129790511,1.67443667667747,0.072,0.045,1
"ZNF529",0.417553114790124,0.447440213912079,0.114,0.167,1
"TTC27",0.417553114790124,1.2262132606759,0.139,0.106,1
"MYO9B",0.418155189553822,0.948242791863631,0.313,0.318,1
"ADARB1",0.418191166836662,1.68047863970623,0.054,0.03,1
"FAM20B",0.418191166836662,2.233526796443,0.054,0.03,1
"IL21R",0.418191166836662,1.81238968840436,0.054,0.03,1
"LINC01619",0.418191166836662,1.57391245212167,0.054,0.03,1
"ELOA",0.418731174405914,0.623904109662196,0.139,0.197,1
"ALG10",0.418818446071011,0.357397175455402,0.024,0.045,1
"CASC15",0.418818446071011,0.41471750441651,0.024,0.045,1
"CRYBG2",0.418818446071011,0.553511512731163,0.024,0.045,1
"DMPK",0.418818446071011,0.420162040279362,0.024,0.045,1
"DMXL1-DT",0.418818446071011,0.138688558506169,0.024,0.045,1
"ENSG00000240710",0.418818446071011,0.286707623622252,0.024,0.045,1
"ENSG00000248515",0.418818446071011,0.523473896050618,0.024,0.045,1
"ENSG00000272871",0.418818446071011,0.364816558275933,0.024,0.045,1
"FBXL18",0.418818446071011,0.225137348173286,0.024,0.045,1
"IGHMBP2",0.418818446071011,0.413465842294034,0.024,0.045,1
"JAM2",0.418818446071011,0.629685382665023,0.024,0.045,1
"LAMA5",0.418818446071011,-0.168521014876373,0.024,0.045,1
"NR1D1",0.418818446071011,0.800348668815179,0.024,0.045,1
"PCYOX1L",0.418818446071011,1.26599994346517,0.024,0.045,1
"PHLDB3",0.418818446071011,0.172291748327956,0.024,0.045,1
"PORCN",0.418818446071011,0.178845942895951,0.024,0.045,1
"SERINC5",0.418818446071011,0.622295233757937,0.024,0.045,1
"SRGAP3",0.418818446071011,1.40620804393548,0.024,0.045,1
"SYTL3",0.418818446071011,0.313440396025519,0.024,0.045,1
"TMSB15B",0.418818446071011,1.12194717029135,0.024,0.045,1
"ZNF283",0.418818446071011,0.105307199362006,0.024,0.045,1
"NBPF11",0.41900319286191,1.29776964902715,0.205,0.182,1
"AGAP3",0.419206111055007,-0.571769572283343,0.048,0.076,1
"SERGEF",0.419206111055007,-0.44186117938342,0.048,0.076,1
"SMARCD2",0.419692436152773,0.313308086505388,0.114,0.167,1
"RUSF1",0.420057411537137,0.847153045513809,0.229,0.197,1
"ZFYVE27",0.420128468468674,1.53343951053832,0.072,0.045,1
"SLMAP",0.420588759539113,1.13418048526721,0.157,0.121,1
"SENP7",0.420798011972967,1.26296136387122,0.205,0.182,1
"DDHD2",0.420963507836683,0.899424430295773,0.09,0.061,1
"PPP3CB",0.421325825104019,0.497969259818482,0.223,0.318,1
"AGPAT2",0.421344732490189,-0.244946869045018,0.036,0.061,1
"PTGER4",0.421344732490189,-0.531862599702106,0.036,0.061,1
"TIMM23B",0.421344732490189,-0.77471748394697,0.036,0.061,1
"USB1",0.421344732490189,-0.3432406398311,0.036,0.061,1
"HBS1L",0.421386252053077,0.833795921089666,0.102,0.152,1
"UNC50",0.421485977799726,0.39745247466431,0.151,0.212,1
"ENSG00000291124",0.42158432726856,1.45764733580659,0.054,0.03,1
"FBXO25",0.42158432726856,1.68802167571766,0.054,0.03,1
"AMPD3",0.421838186851946,1.28630567706187,0.139,0.106,1
"UBTD2",0.422344973497631,-0.520962633144952,0.048,0.076,1
"TUT4",0.423228448579006,0.226360570653902,0.416,0.591,1
"C10orf95-AS1",0.42359997605217,1.04123169074873,0.09,0.061,1
"TRIB2",0.42359997605217,1.22607556912589,0.09,0.061,1
"CYRIA",0.424785861292004,0.277037114186851,0.253,0.348,1
"CDK5",0.42491178061277,0.215366075762366,0.036,0.061,1
"CRYBB2P1",0.42491178061277,0.379649883610847,0.036,0.061,1
"ENSG00000291078",0.42491178061277,-0.481115049248698,0.036,0.061,1
"RABGGTA",0.42491178061277,-0.428367274279038,0.036,0.061,1
"GPR137",0.424993581552383,1.55458980996976,0.054,0.03,1
"NCALD",0.424993581552383,1.17755433289331,0.054,0.03,1
"NT5DC3",0.424993581552383,1.04513728539009,0.054,0.03,1
"SLC25A22",0.424993581552383,1.43269864339875,0.054,0.03,1
"KCTD20",0.425115758696565,0.514849319367487,0.205,0.288,1
"CCNG1",0.425243323510159,0.789501431911988,0.157,0.227,1
"PHPT1",0.42537716958963,-0.136220553035532,0.06,0.091,1
"JMY",0.425497565778145,-0.297779545780418,0.048,0.076,1
"CNOT6L",0.425525266724741,0.688102547556125,0.319,0.318,1
"ENSG00000235979",0.425704561621586,0.240469686057538,0.361,0.5,1
"PSMC1",0.425822223868851,0.43013641188305,0.175,0.242,1
"XPO4",0.425897513656983,0.536239412223358,0.102,0.152,1
"EMSY",0.426137950710324,0.752571231215667,0.09,0.136,1
"STRN",0.426536157412072,0.175484412189998,0.108,0.152,1
"USP33",0.426677705753089,0.425921827341259,0.229,0.318,1
"CHD8",0.426939897858658,1.4061371184364,0.229,0.212,1
"EXOG",0.427340539391866,1.50743836124225,0.12,0.091,1
"SMYD2",0.428163672554969,0.502404622269156,0.102,0.152,1
"GATD1-DT",0.428418887280373,1.1923399608926,0.054,0.03,1
"ENSG00000287252",0.428496409356107,-0.243455768133215,0.036,0.061,1
"ENSG00000289809",0.428496409356107,0.137890847597183,0.036,0.061,1
"HERC3",0.42850369209998,1.52774372686411,0.193,0.167,1
"SLC9A8",0.428526503567432,0.818916608876951,0.09,0.136,1
"PSME3IP1",0.428607945713242,0.361001168835402,0.271,0.379,1
"CXXC5",0.428639613109095,0.181363352918976,0.464,0.667,1
"MRPL45",0.428663854259247,-0.49000682668387,0.048,0.076,1
"ZNF880",0.428663854259247,-0.500195150760194,0.048,0.076,1
"DENND2D",0.428901802360329,0.951811431326459,0.09,0.061,1
"DPF3",0.42897952340903,1.71433116592394,0.072,0.045,1
"MLKL",0.42897952340903,1.31638420322355,0.072,0.045,1
"HNRNPDL",0.429030513082004,0.120892724712303,0.59,0.758,1
"MLLT10",0.429217066110425,0.199259015096353,0.151,0.212,1
"PPP1CA",0.42922005403624,0.217537800709276,0.211,0.288,1
"DDX56",0.42964930438607,1.49868432481126,0.12,0.091,1
"NUTM2B-AS1",0.429979308837824,0.5078929200504,0.241,0.333,1
"MLLT6",0.430452150903933,0.803119666938302,0.361,0.379,1
"URM1",0.430492325184239,0.538593186583363,0.193,0.273,1
"ORAI1",0.430621048955507,0.51693085290645,0.108,0.076,1
"ACSF3",0.430973902073828,0.127685701157047,0.145,0.197,1
"CSTPP1",0.431132231508905,0.470330134746491,0.06,0.091,1
"PGS1",0.431132231508905,-0.353391931327706,0.06,0.091,1
"RBM48",0.431216921507548,0.564476439569258,0.127,0.182,1
"RXRB",0.431567120005424,0.849239037123631,0.09,0.061,1
"NAA10",0.431843804345197,-0.342039006298704,0.048,0.076,1
"TMEM79",0.431843804345197,0.134621472863441,0.048,0.076,1
"EIF3J-DT",0.431860200729654,1.48646610346716,0.054,0.03,1
"FOXRED1",0.431860200729654,1.42383975974332,0.054,0.03,1
"ZFYVE19",0.431860200729654,1.85947081155226,0.054,0.03,1
"C6orf136",0.431953795843994,1.41565865717827,0.072,0.045,1
"DOCK9",0.431953795843994,1.57204571562933,0.072,0.045,1
"NR3C2",0.431953795843994,1.29554714380324,0.072,0.045,1
"TNKS",0.4320664816991,1.05179204282887,0.181,0.152,1
"GFOD2",0.432098568608541,0.666271453633974,0.036,0.061,1
"KCNC3",0.432098568608541,-0.467301791546694,0.036,0.061,1
"PYGB",0.432098568608541,-0.201343459814711,0.036,0.061,1
"YJU2",0.432098568608541,-0.103098438884555,0.036,0.061,1
"PPP1CB",0.432870701119013,0.262316337124243,0.289,0.409,1
"ATN1",0.433253096275362,0.644931081916299,0.108,0.152,1
"TCF25",0.433396714340617,0.29029878114927,0.392,0.561,1
"DHRS7B",0.433444793014053,1.51185552432614,0.072,0.045,1
"STIM2",0.433453093022802,0.526913644748154,0.283,0.394,1
"THOC3",0.434026613027266,0.11575149609912,0.06,0.091,1
"ZBTB14",0.434026613027266,-0.328697344101579,0.06,0.091,1
"PHC2",0.434242012890375,0.531331343011771,0.072,0.106,1
"NAIP",0.434288510727321,1.44845847545799,0.12,0.091,1
"PPP2R2D",0.434288510727321,1.636595969402,0.12,0.091,1
"TALAM1",0.43463960700341,0.347578037142952,0.566,0.606,1
"CYB5A",0.434847107858408,0.956415348322201,0.114,0.167,1
"GAS7",0.434939980750458,0.951310295528935,0.072,0.045,1
"VAMP5",0.434939980750458,1.07906173956414,0.072,0.045,1
"BAK1",0.435718206679012,0.536631418343777,0.036,0.061,1
"GRWD1",0.435718206679012,0.380209925514978,0.036,0.061,1
"RDX",0.435812364997408,1.32151891347522,0.133,0.106,1
"ZNF532",0.435812364997408,1.24604956788535,0.133,0.106,1
"DLG1",0.435904515759168,0.384995613484253,0.223,0.303,1
"CRTC3",0.436515025378983,0.460765744909425,0.241,0.333,1
"IPO9",0.436606758483555,0.630030262691784,0.187,0.258,1
"RNF216",0.436606758483555,0.285610869939618,0.187,0.258,1
"MBTPS2",0.43692645960712,1.00360537984597,0.09,0.061,1
"FAM3A",0.436932192355744,-0.203519768272988,0.06,0.091,1
"FAN1",0.436932192355744,0.238926900013861,0.06,0.091,1
"PTPN6",0.437348813568112,0.611736102580078,0.416,0.424,1
"CMPK2",0.437938048273913,0.959696183711234,0.072,0.045,1
"DDX54",0.437938048273913,1.24541040591265,0.072,0.045,1
"ENSG00000288703",0.437938048273913,1.03329179169967,0.072,0.045,1
"HCG17",0.437938048273913,0.799659128288336,0.072,0.045,1
"ALKBH3",0.438244546150164,0.624162345953759,0.048,0.076,1
"ENSA",0.438381626162383,0.2156734427659,0.367,0.515,1
"MEF2A",0.438736052138498,0.672201865705513,0.337,0.47,1
"FAM227B",0.438790669315479,1.02217888149567,0.054,0.03,1
"GNL1",0.438790669315479,0.839380238236034,0.054,0.03,1
"THRAP3",0.439081255690022,0.655072451701075,0.446,0.515,1
"CEP57L1",0.439355270295263,0.403302245632236,0.036,0.061,1
"FAM210A",0.439355270295263,1.61456060028063,0.036,0.061,1
"FLAD1",0.439355270295263,0.572501552940886,0.036,0.061,1
"KBTBD7",0.439355270295263,0.995230985397999,0.036,0.061,1
"MPZL3",0.439355270295263,-0.229084162471832,0.036,0.061,1
"PGAP2",0.439355270295263,0.420573727620187,0.036,0.061,1
"PPP1R3D",0.439355270295263,0.480809159477964,0.036,0.061,1
"TIGD1",0.439355270295263,0.222979898286905,0.036,0.061,1
"ZNF225",0.439355270295263,-0.204978769517502,0.036,0.061,1
"ANKRD49",0.440035869298269,0.735446882637587,0.145,0.212,1
"TES",0.440413107899548,0.588588107430491,0.241,0.212,1
"TRMT10B",0.440464117649173,0.28946684574399,0.096,0.136,1
"MINK1",0.441301300535232,1.19617941702672,0.12,0.091,1
"CNOT2",0.442237263463223,0.159705337521128,0.355,0.515,1
"ZBTB26",0.442279730417039,0.276548863574306,0.054,0.03,1
"U2AF2",0.442363018478198,0.698847698119088,0.404,0.455,1
"RALB",0.442609184745946,1.59723991589329,0.102,0.076,1
"ANKRD37",0.443009704602282,0.29341634460651,0.036,0.061,1
"EBP",0.443009704602282,0.863766273662763,0.036,0.061,1
"ENSG00000287875",0.443009704602282,0.318903029658141,0.036,0.061,1
"FUCA2",0.443009704602282,0.784970159642695,0.036,0.061,1
"MBLAC2",0.443009704602282,0.176672495135441,0.036,0.061,1
"NEK4",0.443009704602282,0.699894063880795,0.036,0.061,1
"NUDT19",0.443009704602282,0.394404417654035,0.036,0.061,1
"PLK3",0.443009704602282,0.635139833693829,0.036,0.061,1
"HMGN2",0.443352461083376,0.339375217009603,0.651,0.773,1
"ATP2A3",0.443556609184606,0.512311849281303,0.536,0.636,1
"BAG5",0.443579513391256,0.127449524220874,0.169,0.227,1
"KLHDC10",0.443877501640165,0.446084859538991,0.084,0.121,1
"DHPS",0.444699495220334,0.156618805908814,0.048,0.076,1
"ISOC1",0.444699495220334,1.06328595101929,0.048,0.076,1
"PCED1A",0.444699495220334,-0.510688120355888,0.048,0.076,1
"RAB33B",0.444699495220334,0.619142616052608,0.048,0.076,1
"USP37",0.444754602087167,1.81290494091772,0.133,0.106,1
"FCHO1",0.444929406086922,-0.487666357549112,0.175,0.227,1
"PDZD2",0.444931287921489,0.567108488541354,0.139,0.197,1
"USPL1",0.445485064285198,0.147436745094794,0.169,0.227,1
"SARAF",0.445688229488091,0.164688302544078,0.5,0.697,1
"TMTC3",0.445784611167581,0.773034493422169,0.054,0.03,1
"EEA1",0.445966046810537,0.447948236964067,0.163,0.227,1
"MPHOSPH9",0.446420351492414,0.614399123699356,0.084,0.121,1
"ADCY10P1",0.446681453160977,1.16772731179143,0.036,0.061,1
"ARL16",0.446681453160977,0.642640378975839,0.036,0.061,1
"NDUFA13",0.446681453160977,0.309199450299545,0.036,0.061,1
"NUTM2E",0.446681453160977,0.263279910799991,0.036,0.061,1
"NASP",0.446903218680151,0.69879620406585,0.373,0.394,1
"TICAM2-AS1",0.447003236975109,1.38860569125121,0.072,0.045,1
"CCS",0.447658184687092,0.354799720063116,0.096,0.136,1
"HIF1AN",0.447694457358028,1.48643569043417,0.102,0.076,1
"CASP9",0.44775934002045,0.451700191763053,0.072,0.106,1
"SLC17A5",0.44775934002045,0.621391681398756,0.072,0.106,1
"TMEM131",0.447939608471647,0.708748149138365,0.355,0.53,1
"AP1G1",0.44811961771123,0.902084562661395,0.151,0.121,1
"ATR",0.448181051487594,0.895159565793405,0.199,0.273,1
"ICMT",0.448665923271108,-0.142086421033361,0.06,0.091,1
"VPS33A",0.448665923271108,0.482917849012269,0.06,0.091,1
"SCAF4",0.448860748305331,0.966086253245578,0.199,0.288,1
"SNAPC4",0.449305261247976,0.49669010469627,0.054,0.03,1
"CLCC1",0.449616793465883,0.226519119604642,0.133,0.182,1
"CHURC1",0.449641511473443,1.14352609147571,0.181,0.152,1
"D2HGDH",0.450048521716671,1.14722596014298,0.072,0.045,1
"NOD1",0.450048521716671,0.771605542252262,0.072,0.045,1
"HOOK2",0.450070966435833,0.135724651340089,0.096,0.136,1
"HSP90AA1",0.450345814651902,0.107796642245557,0.819,0.909,1
"CROT",0.450370457947079,0.286539785618861,0.036,0.061,1
"MARS2",0.450370457947079,1.21707310014182,0.036,0.061,1
"CROCCP3",0.451208340190775,0.77651253679733,0.048,0.076,1
"ZNF845",0.451208340190775,0.605070555978264,0.048,0.076,1
"SELENOW",0.45146112519819,0.221151898110818,0.108,0.152,1
"ERCC6L2-AS1",0.451530847444403,-0.174030224730745,0.084,0.121,1
"GCDH",0.451530847444403,0.179414856891003,0.084,0.121,1
"FBXO4",0.451627062567075,0.330958715595643,0.06,0.091,1
"SPECC1L",0.451627062567075,-0.154106363893719,0.06,0.091,1
"SART3",0.451993905967777,1.04638742066682,0.205,0.182,1
"ERGIC1",0.452217053774645,0.210537608471923,0.259,0.348,1
"ZNF708",0.452813622883371,1.45446898515002,0.102,0.076,1
"ZFX",0.452930801426998,1.0940319301058,0.175,0.258,1
"ING5",0.453381463315728,-0.174612148174593,0.12,0.167,1
"XRRA1",0.454076659350291,1.28197792384194,0.036,0.061,1
"ZNF667-AS1",0.454076659350291,0.988497405456858,0.036,0.061,1
"FMO4",0.454098453862855,0.241402170990448,0.084,0.121,1
"MRPL35",0.454098453862855,0.26029780552243,0.084,0.121,1
"RBM12B",0.454431668940259,-0.191445571040403,0.175,0.227,1
"ADPRM",0.454482872123564,0.501338884601189,0.048,0.076,1
"DOT1L",0.454482872123564,0.374286020253056,0.048,0.076,1
"FBXO41",0.454482872123564,0.418046453686847,0.048,0.076,1
"GFER",0.454482872123564,0.228260829336125,0.048,0.076,1
"MAGOHB",0.454599223471446,0.708658666730292,0.06,0.091,1
"RIPK2",0.454599223471446,0.405512715280517,0.06,0.091,1
"SLC31A1",0.454599223471446,0.19943167044112,0.06,0.091,1
"TMCO3",0.454599223471446,-0.200971124886867,0.06,0.091,1
"TJAP1",0.455385337823055,1.24318192971979,0.102,0.076,1
"NBEA",0.455983195941104,0.586530571726886,0.072,0.106,1
"DEK",0.457547533272359,0.229763771362854,0.41,0.576,1
"CACTIN",0.457581814300455,0.172178030487813,0.06,0.091,1
"KLHL22",0.457770754285911,0.505277892263056,0.048,0.076,1
"AKAP17A",0.457825580629125,0.339312818380404,0.259,0.364,1
"FAM120B",0.458575146227576,1.06500693373421,0.175,0.258,1
"VGLL4",0.459258281648225,0.435826798745904,0.084,0.121,1
"MED6",0.45979544324612,0.41854690109826,0.096,0.136,1
"SFSWAP",0.460507416890918,0.34087685344525,0.205,0.273,1
"NMRK1",0.460553351477645,1.63127690493803,0.102,0.076,1
"TAF1A",0.46057648284211,0.74236065197337,0.06,0.091,1
"SUCO",0.460955247329757,0.472456953753374,0.151,0.212,1
"TMEM44-AS1",0.46107194342111,0.450297800029569,0.048,0.076,1
"UQCC2",0.46107194342111,0.213687872336913,0.048,0.076,1
"UTP25",0.46107194342111,0.657089769862434,0.048,0.076,1
"NDUFB10",0.461427333284713,0.352266655461742,0.145,0.197,1
"BCAS4",0.461713601482708,1.64649285113427,0.145,0.121,1
"LSG1",0.462789230726229,0.994320748104526,0.253,0.242,1
"ECE1",0.463149607959915,1.66547329792869,0.102,0.076,1
"MACF1",0.463415723970726,0.653218298499584,0.398,0.424,1
"VAV1",0.463835775089888,0.809599265853958,0.259,0.242,1
"EIF5",0.464142679197232,0.200397272008624,0.398,0.545,1
"GFM2",0.464291338207945,0.720166276042269,0.072,0.106,1
"IRF1-AS1",0.464291338207945,0.201756873682617,0.072,0.106,1
"EDC3",0.464386395308284,0.467129823452316,0.048,0.076,1
"MKRN2",0.464386395308284,0.301115897491963,0.048,0.076,1
"NCKAP1L",0.464397420924619,0.141413599418204,0.392,0.515,1
"CSTF1",0.464450789196987,0.414703977895322,0.084,0.121,1
"ANKAR",0.464701446615465,2.28456314484563,0.114,0.091,1
"TUBGCP4",0.464701446615465,2.25181638553971,0.114,0.091,1
"ZRANB1",0.464701446615465,1.98371434710094,0.114,0.091,1
"RNF167",0.464843101153364,1.0389126984322,0.277,0.273,1
"RBM33",0.464907332807022,1.05850553572102,0.247,0.227,1
"MED28",0.465193559837338,0.153600186889845,0.187,0.242,1
"TECR",0.465209770979806,1.19857872637214,0.205,0.182,1
"RP9",0.465252618077866,-0.304363096838309,0.114,0.152,1
"RFX7",0.465474157695962,1.59387454596221,0.187,0.167,1
"HIGD2A",0.465577111052765,0.250570635170756,0.253,0.348,1
"KLF7",0.465754002116196,1.47271956523068,0.102,0.076,1
"ITPR1",0.466466792140736,0.379014987810704,0.422,0.561,1
"GSTCD",0.466597440321402,0.7712086394313,0.06,0.091,1
"HARS1",0.466597440321402,0.199900592001556,0.06,0.091,1
"CELF2",0.466607515747288,0.769144888598599,0.602,0.742,1
"VPS72",0.466701602511369,0.214698593692649,0.133,0.182,1
"TMEM161B-DT",0.467059243952702,0.236193402165319,0.084,0.121,1
"CBWD1",0.467079328284364,0.578310454493915,0.072,0.106,1
"HIBADH",0.467165326280407,0.625371844238335,0.096,0.136,1
"TRIM26",0.467252811141456,0.344060741870249,0.253,0.348,1
"MFSD3",0.467714064762422,0.222480121117466,0.048,0.076,1
"TMEM68",0.467714064762422,0.263064362968787,0.048,0.076,1
"UBR5",0.467757785780488,1.06772056146212,0.229,0.212,1
"SMC1A",0.468223885827713,0.468337118999347,0.283,0.394,1
"DISP1",0.468433349019801,1.4538041994185,0.169,0.152,1
"SLFN13",0.468565173465358,0.176558929914665,0.072,0.045,1
"RNASEH2B",0.46864835011127,0.37676232727474,0.355,0.455,1
"PPFIA1",0.468989376849768,0.339106054142503,0.12,0.167,1
"SMAD2",0.469134697662268,0.43630283177474,0.235,0.318,1
"WHAMM",0.469149131957491,0.320689073579148,0.205,0.288,1
"IRAK1",0.46943191876519,0.637919290579387,0.163,0.227,1
"CTCF",0.46956572871992,0.62724225829499,0.211,0.288,1
"PWWP3A",0.46962422141094,1.10344034949601,0.06,0.091,1
"RAB28",0.46962422141094,0.370134088425673,0.06,0.091,1
"TAB1",0.46962422141094,0.422127309438318,0.06,0.091,1
"ZSCAN30",0.469636433059759,0.571089227360635,0.096,0.136,1
"CDC42SE2",0.469867670207992,0.270779595624578,0.494,0.682,1
"PDE4D",0.469925295272177,1.95772235474821,0.163,0.136,1
"ENSG00000261474",0.470204808518795,1.98422417418646,0.084,0.061,1
"LARS1",0.470645189566695,0.406457834767602,0.223,0.318,1
"VPS13D",0.471028409731322,0.12979809101848,0.133,0.182,1
"SNHG15",0.471054905634547,0.933093795141765,0.048,0.076,1
"CYTIP",0.471459686333683,0.855019506032096,0.313,0.318,1
"MAP3K1",0.471710625399949,0.945609871283491,0.428,0.515,1
"AQR",0.472114747936905,0.81126900806561,0.096,0.136,1
"BRCC3",0.472114747936905,0.218317070097595,0.096,0.136,1
"MYO18A",0.472116059304466,0.197172524024009,0.259,0.348,1
"BRPF3",0.472300444377786,0.207170149427208,0.084,0.121,1
"STX2",0.472300444377786,0.333293686485178,0.084,0.121,1
"CDK10",0.472661824391893,0.304608820971681,0.06,0.091,1
"RNF121",0.472661824391893,0.672381155802924,0.06,0.091,1
"FARS2",0.472683060450913,0.978577332010474,0.072,0.106,1
"HELZ",0.473565048200552,0.777445334233419,0.259,0.364,1
"POLG2",0.473615788531106,1.23563996417637,0.102,0.076,1
"MED14",0.474600251605492,-0.318927799330765,0.096,0.136,1
"UBE3C",0.474622309409694,0.591510020284903,0.169,0.227,1
"NAXE",0.474622309409694,1.06444696188337,0.193,0.167,1
"DPM1",0.474779692008586,0.272897522265398,0.181,0.242,1
"MCTS1",0.474933144534486,0.586493238709178,0.084,0.121,1
"FMNL1",0.47514725367896,0.250304221798961,0.398,0.545,1
"ZNF721",0.475299022964577,1.07938652971866,0.241,0.227,1
"SCO2",0.47549874688699,0.516425279142613,0.072,0.106,1
"ARRDC1",0.475970956288413,1.42151371663077,0.084,0.061,1
"CCDC6",0.476040012580673,0.519771894539765,0.145,0.197,1
"PHIP",0.476102874289808,0.683701305507829,0.44,0.485,1
"ARL4A",0.476252509463719,1.61167475320292,0.102,0.076,1
"NSD3",0.476367494929454,0.743595378411823,0.464,0.545,1
"CGGBP1",0.476631574842688,0.537306887052261,0.337,0.318,1
"MYSM1",0.477303397797449,1.25548707824165,0.175,0.152,1
"OAS2",0.477523762717451,0.530559388198134,0.349,0.5,1
"ANKZF1",0.477559915961865,0.199028019333583,0.133,0.182,1
"CASK",0.477559915961865,0.360129054739847,0.157,0.121,1
"PARG",0.477573880371853,0.473380231796794,0.084,0.121,1
"PMS2P3",0.477775912218757,0.732613104771612,0.048,0.076,1
"TLR6",0.478039951312969,0.233197909771862,0.12,0.167,1
"MED23",0.478323608996513,1.43499979339211,0.072,0.106,1
"NOL9",0.478323608996513,0.689709708304688,0.072,0.106,1
"CUL2",0.478425767007173,0.905987301578138,0.139,0.197,1
"SP1",0.478573838844958,1.09273123293855,0.253,0.242,1
"GPAT4",0.478596810187097,1.33998873926412,0.157,0.136,1
"AP1S3",0.47889725428919,0.961994120524279,0.102,0.076,1
"MDM2",0.479567876085434,0.688904846155629,0.108,0.152,1
"ZC3H12A",0.479748044179874,0.301523075650274,0.133,0.182,1
"RIC3",0.480222628223294,0.47535396131009,0.084,0.121,1
"XIAP",0.480517268294845,0.436207417977746,0.277,0.379,1
"CCDC93",0.480563938009805,1.05683197540211,0.139,0.197,1
"VPS41",0.480573125451297,0.713784211154378,0.181,0.242,1
"PRKRIP1",0.480650691772056,0.788593992336212,0.169,0.242,1
"TMEM14B",0.48111206863159,0.170248413449485,0.223,0.303,1
"INTS6-AS1",0.481839205691896,0.824175915641501,0.06,0.091,1
"SRRM1",0.481884659134786,0.413758042247905,0.59,0.727,1
"RNF123",0.481952439875915,0.49175316652987,0.108,0.152,1
"HELQ",0.482099697952503,1.79845530709224,0.114,0.091,1
"BSDC1",0.482101181903581,0.402021297023803,0.241,0.333,1
"PGAP6",0.482879364058415,0.600624960706422,0.084,0.121,1
"ENSG00000278730",0.484000743699897,0.116229885944138,0.072,0.106,1
"METTL25B",0.484000743699897,0.673207565381959,0.072,0.106,1
"PGRMC2",0.484140658843054,0.313234544636133,0.133,0.182,1
"ROCK1",0.484150020313222,0.413356815931863,0.452,0.682,1
"CILK1",0.484890055921785,0.469568007412076,0.12,0.167,1
"GARRE1",0.484890055921785,0.773939066033618,0.12,0.167,1
"TMEM203",0.484919733984639,0.993359021624239,0.06,0.091,1
"ITSN2",0.485217159023079,0.845177720441829,0.524,0.636,1
"CCSER1",0.485234832188585,2.41446337239489,0.217,0.212,1
"TPT1-AS1",0.485544063483242,0.395971818522423,0.084,0.121,1
"RASSF1",0.485594700959972,1.16207386476494,0.175,0.152,1
"KAT8",0.485953767644073,-0.418902340323142,0.102,0.136,1
"NME4",0.485979483554763,0.365128956733059,0.157,0.212,1
"CSNK1G2",0.486822841060954,0.141500460166659,0.217,0.273,1
"KBTBD3",0.486852956838917,0.912085306739954,0.072,0.106,1
"EHD1",0.487134905830037,1.65162277040907,0.114,0.091,1
"JAZF1",0.487850832646995,0.965077719528943,0.247,0.348,1
"ZNF785",0.488216701740456,0.960681947920519,0.084,0.121,1
"PSMA3-AS1",0.488286828379802,0.129867617669723,0.229,0.288,1
"DNPEP",0.489470118283294,1.5584941940943,0.157,0.136,1
"SPTSSA",0.489663120603339,0.529777386549962,0.096,0.136,1
"PTGES3",0.490299083536137,0.235166406933156,0.446,0.606,1
"RETREG2",0.490476424635166,0.690876168869981,0.175,0.242,1
"ZNF213-AS1",0.490554425930542,1.20043525996358,0.084,0.061,1
"ZNF24",0.490673679615625,0.494363266705901,0.325,0.47,1
"GOLGA3",0.490770268223753,0.649297721610842,0.133,0.182,1
"ZNF761",0.491003218455727,1.07962727859341,0.133,0.106,1
"SNHG26",0.49111266424761,0.772742370111283,0.06,0.091,1
"SIRT7",0.491554854224988,0.174782626532989,0.108,0.152,1
"NPEPPS",0.49189572827964,0.423757125534248,0.223,0.303,1
"POLR1C",0.492584522497533,0.747832227742905,0.072,0.106,1
"CYB561D2",0.493971406614314,0.123358243252013,0.108,0.152,1
"CLP1",0.494645140450131,1.33792132115925,0.066,0.045,1
"RMND5B",0.494645140450131,1.62169731182768,0.066,0.045,1
"MAP2K4",0.495195245080199,0.816744676752155,0.145,0.197,1
"MRPS25",0.495216966865638,0.477435434476738,0.133,0.182,1
"UBE4B",0.495605506381488,0.842174604972454,0.163,0.227,1
"C9orf78",0.495747252599265,0.347682592916856,0.295,0.394,1
"PRPF38A",0.496068054525403,0.607221233619982,0.151,0.212,1
"NR2C1",0.49628199648891,0.748534297493003,0.084,0.121,1
"DLEU2",0.497012598178606,0.487371287066636,0.337,0.333,1
"ATL2",0.497289951428568,1.68513138660774,0.114,0.091,1
"STAG2",0.497343975784256,0.797444929075608,0.386,0.424,1
"ANKRD28",0.497348702602976,0.329565393177022,0.145,0.197,1
"KRAS",0.497382303328897,0.391969428308751,0.205,0.273,1
"ZC3H12B",0.49763308799743,0.864845177321082,0.102,0.076,1
"SOCS5",0.497970796661417,2.01845018944828,0.066,0.045,1
"RAB3IP",0.498352065545803,0.828360330844847,0.072,0.106,1
"ABCA9",0.49839772125786,-1.42951417292987,0.006,0.015,1
"ACSM1",0.49839772125786,-1.54747469343646,0.006,0.015,1
"ANKDD1A",0.49839772125786,-2.11729784168124,0.006,0.015,1
"ANKRD30BL",0.49839772125786,-1.79029265144967,0.006,0.015,1
"AP1AR-DT",0.49839772125786,-1.8226929658859,0.006,0.015,1
"APOH",0.49839772125786,-1.42907077971133,0.006,0.015,1
"ARHGAP11A",0.49839772125786,-1.45321195419473,0.006,0.015,1
"ARHGEF39",0.49839772125786,-1.60139765142099,0.006,0.015,1
"BMP1",0.49839772125786,-2.32506351985209,0.006,0.015,1
"C17orf100",0.49839772125786,-1.96784220212689,0.006,0.015,1
"C9orf24",0.49839772125786,-1.78633623251119,0.006,0.015,1
"CABP1",0.49839772125786,-1.44144536170797,0.006,0.015,1
"CACNB1",0.49839772125786,-1.43632851949597,0.006,0.015,1
"CAVIN1",0.49839772125786,-1.40398974077195,0.006,0.015,1
"CD40LG",0.49839772125786,-1.88151431721939,0.006,0.015,1
"CD80",0.49839772125786,-1.65820546169343,0.006,0.015,1
"CDH26",0.49839772125786,-2.27544765482768,0.006,0.015,1
"CDHR1",0.49839772125786,-2.13840208221949,0.006,0.015,1
"CERCAM",0.49839772125786,-1.67344807569258,0.006,0.015,1
"CETP",0.49839772125786,-2.08031561553727,0.006,0.015,1
"CHCHD6",0.49839772125786,-1.4669795358249,0.006,0.015,1
"CHKB",0.49839772125786,-1.51142325534128,0.006,0.015,1
"CLCN2",0.49839772125786,-1.78075657627602,0.006,0.015,1
"CLEC11A",0.49839772125786,-1.67260076945379,0.006,0.015,1
"COLGALT2",0.49839772125786,-1.64635614949783,0.006,0.015,1
"CRYGS",0.49839772125786,-1.54905624014145,0.006,0.015,1
"CTDP1-DT",0.49839772125786,-1.86092862013059,0.006,0.015,1
"DPYD-AS1",0.49839772125786,-1.44606325876074,0.006,0.015,1
"ENO3",0.49839772125786,-1.76187582618683,0.006,0.015,1
"ENSG00000223727",0.49839772125786,-1.59902536914484,0.006,0.015,1
"ENSG00000225721",0.49839772125786,-1.51622350465619,0.006,0.015,1
"ENSG00000237773",0.49839772125786,-1.46776756303063,0.006,0.015,1
"ENSG00000245482",0.49839772125786,-1.39179286057832,0.006,0.015,1
"ENSG00000253939",0.49839772125786,-2.2100980768542,0.006,0.015,1
"ENSG00000254361",0.49839772125786,-1.48334223584125,0.006,0.015,1
"ENSG00000255992",0.49839772125786,-1.8400985212914,0.006,0.015,1
"ENSG00000258428",0.49839772125786,-1.42473775436056,0.006,0.015,1
"ENSG00000259504",0.49839772125786,-1.87427376058203,0.006,0.015,1
"ENSG00000261338",0.49839772125786,-3.38729323608594,0.006,0.015,1
"ENSG00000261596",0.49839772125786,-1.51667821223895,0.006,0.015,1
"ENSG00000266947",0.49839772125786,-1.33711392369691,0.006,0.015,1
"ENSG00000267199",0.49839772125786,-1.72697292460504,0.006,0.015,1
"ENSG00000267481",0.49839772125786,-1.34577874268384,0.006,0.015,1
"ENSG00000269463",0.49839772125786,-1.53023417315391,0.006,0.015,1
"ENSG00000269924",0.49839772125786,-2.38181625356885,0.006,0.015,1
"ENSG00000269968",0.49839772125786,-1.3916782067928,0.006,0.015,1
"ENSG00000271918",0.49839772125786,-1.91887552654354,0.006,0.015,1
"ENSG00000273402",0.49839772125786,-1.38484219580529,0.006,0.015,1
"ENSG00000274447",0.49839772125786,-2.05981347384918,0.006,0.015,1
"ENSG00000276390",0.49839772125786,-1.33607015436619,0.006,0.015,1
"ENSG00000278472",0.49839772125786,-1.39252720357892,0.006,0.015,1
"ENSG00000279956",0.49839772125786,-2.69174207221585,0.006,0.015,1
"ENSG00000285424",0.49839772125786,-2.1703368260714,0.006,0.015,1
"ENSG00000285710",0.49839772125786,-2.09746662628205,0.006,0.015,1
"ENSG00000285777",0.49839772125786,-2.07986107428749,0.006,0.015,1
"ENSG00000285796",0.49839772125786,-2.41612749729342,0.006,0.015,1
"ENSG00000285909",0.49839772125786,-1.48401138816966,0.006,0.015,1
"ENSG00000286813",0.49839772125786,-1.70656996947642,0.006,0.015,1
"ENSG00000287149",0.49839772125786,-1.43298476110075,0.006,0.015,1
"ENSG00000287231",0.49839772125786,-1.38242176026533,0.006,0.015,1
"ENSG00000287620",0.49839772125786,-1.77585025822784,0.006,0.015,1
"ENSG00000288000",0.49839772125786,-1.91414758018404,0.006,0.015,1
"ENSG00000288745",0.49839772125786,-2.07744124053845,0.006,0.015,1
"ENSG00000288880",0.49839772125786,-1.84461233199693,0.006,0.015,1
"ENSG00000288904",0.49839772125786,-2.08031561553727,0.006,0.015,1
"ENSG00000288942",0.49839772125786,-1.63090519126906,0.006,0.015,1
"ENSG00000289171",0.49839772125786,-1.38491373360537,0.006,0.015,1
"ENSG00000290084",0.49839772125786,-3.10770179584985,0.006,0.015,1
"ENSG00000290091",0.49839772125786,-1.36687329298751,0.006,0.015,1
"ENSG00000290199",0.49839772125786,-1.46378281889937,0.006,0.015,1
"ESRRG",0.49839772125786,-1.33451101749321,0.006,0.015,1
"FAT3",0.49839772125786,-1.64986955701511,0.006,0.015,1
"FAT4",0.49839772125786,-1.72696349659221,0.006,0.015,1
"FERMT2",0.49839772125786,-1.76982460680543,0.006,0.015,1
"FHAD1",0.49839772125786,-1.70127387571533,0.006,0.015,1
"FHL2",0.49839772125786,-1.70914937832395,0.006,0.015,1
"FOSL2-AS1",0.49839772125786,-1.41141624920336,0.006,0.015,1
"GAS2L3",0.49839772125786,-1.92619391410474,0.006,0.015,1
"GAS6-DT",0.49839772125786,-1.46730594167281,0.006,0.015,1
"GAS8",0.49839772125786,-2.953842639897,0.006,0.015,1
"GNAL",0.49839772125786,-1.45113542967217,0.006,0.015,1
"GPA33",0.49839772125786,-1.88697559432784,0.006,0.015,1
"GPT2",0.49839772125786,-1.52620616290403,0.006,0.015,1
"GREB1L",0.49839772125786,-1.79307139306761,0.006,0.015,1
"HES4",0.49839772125786,-1.59836054016452,0.006,0.015,1
"HFM1",0.49839772125786,-1.41661695276012,0.006,0.015,1
"HNMT",0.49839772125786,-1.35338419406519,0.006,0.015,1
"HS6ST3",0.49839772125786,-1.79307139306761,0.006,0.015,1
"HYI-AS1",0.49839772125786,-2.01622238543182,0.006,0.015,1
"IER5L",0.49839772125786,-1.44543431773125,0.006,0.015,1
"IL20RB",0.49839772125786,-1.93925892501669,0.006,0.015,1
"IL6ST-DT",0.49839772125786,-2.52012685032917,0.006,0.015,1
"ING2-DT",0.49839772125786,-2.28975705560486,0.006,0.015,1
"IPCEF1",0.49839772125786,-1.85351325179431,0.006,0.015,1
"IRGQ",0.49839772125786,-1.98326030753373,0.006,0.015,1
"ISLR",0.49839772125786,-1.37888808218296,0.006,0.015,1
"ITGBL1",0.49839772125786,-1.73299219482559,0.006,0.015,1
"KCNH1",0.49839772125786,-1.80680243636674,0.006,0.015,1
"KCNJ12",0.49839772125786,-1.63851380881282,0.006,0.015,1
"KIF6",0.49839772125786,-2.04367480360631,0.006,0.015,1
"KIR2DL3",0.49839772125786,-1.74785421423458,0.006,0.015,1
"LAG3",0.49839772125786,-1.87199119278622,0.006,0.015,1
"LINC00334",0.49839772125786,-1.70902253238065,0.006,0.015,1
"LINC00578",0.49839772125786,-1.57236830256347,0.006,0.015,1
"LINC00885",0.49839772125786,-1.92925518324452,0.006,0.015,1
"LINC01220",0.49839772125786,-1.73986605440108,0.006,0.015,1
"LINC01679",0.49839772125786,-1.33607015436619,0.006,0.015,1
"LINC01685",0.49839772125786,-2.57623772779612,0.006,0.015,1
"LINC01970",0.49839772125786,-2.19664071630311,0.006,0.015,1
"LINC02541",0.49839772125786,-2.49856205553007,0.006,0.015,1
"LINC02614",0.49839772125786,-1.36553758861838,0.006,0.015,1
"LINC02656",0.49839772125786,-1.42819798976356,0.006,0.015,1
"LINC02705",0.49839772125786,-1.73808497745919,0.006,0.015,1
"LSP1P5",0.49839772125786,-1.4405579710142,0.006,0.015,1
"MEIS2",0.49839772125786,-1.53722714315949,0.006,0.015,1
"MERTK",0.49839772125786,-1.70503692747035,0.006,0.015,1
"MFAP3L",0.49839772125786,-2.02427767836448,0.006,0.015,1
"MIPOL1",0.49839772125786,-3.32329968817339,0.006,0.015,1
"MIR30DHG",0.49839772125786,-2.81975280358525,0.006,0.015,1
"MIR4422HG",0.49839772125786,-1.71881812211332,0.006,0.015,1
"NANP",0.49839772125786,-1.62748627376369,0.006,0.015,1
"NCR1",0.49839772125786,-2.13840208221949,0.006,0.015,1
"NFIA-AS2",0.49839772125786,-1.95457855506699,0.006,0.015,1
"NNMT",0.49839772125786,-1.52268553216106,0.006,0.015,1
"NPIPB9",0.49839772125786,-1.91887552654354,0.006,0.015,1
"NRL",0.49839772125786,-1.92071015637335,0.006,0.015,1
"OASL",0.49839772125786,-1.62836022450358,0.006,0.015,1
"OLFM2",0.49839772125786,-1.78733874261063,0.006,0.015,1
"OSBP2",0.49839772125786,-1.68383516920287,0.006,0.015,1
"P4HA2",0.49839772125786,-1.41661695276012,0.006,0.015,1
"PALLD",0.49839772125786,-1.46730594167281,0.006,0.015,1
"PANO1",0.49839772125786,-1.49986585350874,0.006,0.015,1
"PARVA",0.49839772125786,-3.10500144627119,0.006,0.015,1
"PCSK4",0.49839772125786,-1.7797226312403,0.006,0.015,1
"PFKM",0.49839772125786,-1.69321947591185,0.006,0.015,1
"PPP1CB-DT",0.49839772125786,-2.07338894667359,0.006,0.015,1
"PTPN13",0.49839772125786,-1.43414054754587,0.006,0.015,1
"PXMP2",0.49839772125786,-1.94514879350052,0.006,0.015,1
"RAB24",0.49839772125786,-1.96018728858088,0.006,0.015,1
"RAB7B",0.49839772125786,-2.07963714665532,0.006,0.015,1
"RENBP",0.49839772125786,-1.7905304979792,0.006,0.015,1
"RGL1",0.49839772125786,-2.15934308376816,0.006,0.015,1
"RNF150",0.49839772125786,-1.37280396121614,0.006,0.015,1
"RNF32",0.49839772125786,-1.49793759789696,0.006,0.015,1
"SATB2",0.49839772125786,-1.39040673726992,0.006,0.015,1
"SERPINH1",0.49839772125786,-1.62836022450358,0.006,0.015,1
"SHROOM1",0.49839772125786,-1.91610928027825,0.006,0.015,1
"SIRPD",0.49839772125786,-1.3670734747825,0.006,0.015,1
"SLC16A5",0.49839772125786,-1.42262363986666,0.006,0.015,1
"SLC6A11",0.49839772125786,-1.4965031306988,0.006,0.015,1
"SP2-AS1",0.49839772125786,-1.51002543065929,0.006,0.015,1
"SPATA17",0.49839772125786,-1.52268553216106,0.006,0.015,1
"SPHK1",0.49839772125786,-1.80775722541699,0.006,0.015,1
"ST3GAL1-DT",0.49839772125786,-1.51142325534128,0.006,0.015,1
"TBKBP1",0.49839772125786,-1.70752475852667,0.006,0.015,1
"TEX11",0.49839772125786,-2.57806449544797,0.006,0.015,1
"TMPRSS13",0.49839772125786,-1.92925518324452,0.006,0.015,1
"TP53RK-DT",0.49839772125786,-1.5382813419225,0.006,0.015,1
"TRIM36-IT1",0.49839772125786,-1.88793032881493,0.006,0.015,1
"TSACC",0.49839772125786,-1.79142918802542,0.006,0.015,1
"UBAC2-AS1",0.49839772125786,-1.43540528753633,0.006,0.015,1
"WLS",0.49839772125786,-1.64986955701511,0.006,0.015,1
"ZBTB11-AS1",0.49839772125786,-1.80926352146112,0.006,0.015,1
"ZBTB46",0.49839772125786,-2.88094481310577,0.006,0.015,1
"ZNF229",0.49839772125786,-1.81281554556139,0.006,0.015,1
"ANP32E",0.498577805661062,1.28971549672505,0.193,0.182,1
"TAOK3",0.498767494738962,0.295900957197869,0.524,0.712,1
"TCFL5",0.499418475271658,0.932259995441993,0.084,0.061,1
"MTREX",0.499583855485056,0.262331335417258,0.175,0.227,1
"AMD1",0.500410532315618,0.546460558786952,0.175,0.242,1
"AGO2",0.500553901494155,0.913234272974718,0.133,0.106,1
"ZFAS1",0.500564710775837,0.487154496788829,0.608,0.758,1
"SAMD9",0.500687264737063,0.358162831693488,0.241,0.318,1
"CDV3",0.500885383633199,0.16979012309072,0.422,0.545,1
"OSBPL2",0.500943704281823,-0.175368826895531,0.102,0.136,1
"GRAP2",0.501308313754833,2.58265576099559,0.066,0.045,1
"TARS2",0.501308313754833,1.54911428912794,0.066,0.045,1
"TMEM147-AS1",0.501308313754833,1.7693754938254,0.066,0.045,1
"TRIM23",0.501308313754833,1.50685364867239,0.066,0.045,1
"ALG8",0.501927160612417,0.398393147817397,0.133,0.182,1
"MFN1",0.502141445812133,0.491120220382672,0.181,0.242,1
"SHKBP1",0.502203833092011,0.732156944785242,0.12,0.091,1
"CFAP44",0.502391949172475,1.11350058139855,0.084,0.061,1
"PPARD",0.502391949172475,0.641780247184926,0.084,0.061,1
"ZNF160",0.502409440941757,0.564502471354236,0.096,0.136,1
"ADAM17",0.502823552708325,0.463997880385466,0.319,0.439,1
"THOC2",0.502944820637615,0.216070562299425,0.488,0.636,1
"DGLUCY",0.503700847701863,0.600038854060465,0.108,0.152,1
"RGL2",0.504155329223321,0.906173435687465,0.072,0.106,1
"AMFR",0.504413847542721,1.23482911395624,0.199,0.182,1
"MANBA",0.504537591729255,0.603650502553446,0.229,0.318,1
"BCS1L",0.504657641596148,1.38140373864504,0.066,0.045,1
"LIMK1",0.504657641596148,1.30815998796122,0.066,0.045,1
"MPI",0.504657641596148,1.99146015556262,0.066,0.045,1
"SNRNP48",0.504979598939378,0.842737968418364,0.096,0.136,1
"GTPBP10",0.505374759679968,1.45263720450703,0.084,0.061,1
"ILKAP",0.506012171303814,0.818131999419066,0.145,0.197,1
"LPIN2",0.506148918964084,0.31351758550944,0.108,0.152,1
"RAPGEF1",0.506785935053375,0.8282194568556,0.325,0.348,1
"MRPS31",0.506821919570192,0.605747761145649,0.169,0.227,1
"AUP1",0.506821919570192,0.807266525040003,0.193,0.167,1
"LARP1",0.506914660515969,0.657875695144267,0.349,0.348,1
"TBC1D5",0.50698034953352,0.726665395611518,0.44,0.455,1
"AADACL2-AS1",0.507027847539977,-1.27441973979238,0.006,0.015,1
"ADAM12",0.507027847539977,-1.25337396482011,0.006,0.015,1
"ADD3-AS1",0.507027847539977,-0.926566993982675,0.006,0.015,1
"ADM5",0.507027847539977,0.170460893103158,0.006,0.015,1
"AKAP13-AS1",0.507027847539977,0.603601406012683,0.006,0.015,1
"ALG1L9P",0.507027847539977,0.104720604881601,0.006,0.015,1
"AMPH",0.507027847539977,-1.00838952216674,0.006,0.015,1
"ANTXR1",0.507027847539977,0.126731151725886,0.006,0.015,1
"APOBEC3H",0.507027847539977,0.280562730087583,0.006,0.015,1
"ARHGAP11B",0.507027847539977,-0.497227963142928,0.006,0.015,1
"ARHGEF4",0.507027847539977,-0.545667867450708,0.006,0.015,1
"ARL14EP-DT",0.507027847539977,-0.306814752140488,0.006,0.015,1
"ARL14EPL",0.507027847539977,-0.750267750282817,0.006,0.015,1
"ATP8B1",0.507027847539977,0.537370520287229,0.006,0.015,1
"AVPR1A",0.507027847539977,-0.866993386464267,0.006,0.015,1
"BACH1-IT2",0.507027847539977,-0.707504983307502,0.006,0.015,1
"BAG3",0.507027847539977,-1.00993315492758,0.006,0.015,1
"BASP1-AS1",0.507027847539977,-0.551167841890261,0.006,0.015,1
"BSG-AS1",0.507027847539977,0.158132976695732,0.006,0.015,1
"C8orf44-SGK3",0.507027847539977,-1.18294020977733,0.006,0.015,1
"CA3-AS1",0.507027847539977,-0.438909754336716,0.006,0.015,1
"CAPN3",0.507027847539977,-0.417056686634121,0.006,0.015,1
"CASP4LP",0.507027847539977,-0.912710214257713,0.006,0.015,1
"CBLL1-AS1",0.507027847539977,-1.13393037050032,0.006,0.015,1
"CCDC144A",0.507027847539977,-0.47036004415589,0.006,0.015,1
"CCDC15",0.507027847539977,-0.345329484582329,0.006,0.015,1
"CD63-AS1",0.507027847539977,0.281417003803772,0.006,0.015,1
"CD7",0.507027847539977,0.137082846405248,0.006,0.015,1
"CD8B",0.507027847539977,-0.89109108607989,0.006,0.015,1
"CDH3",0.507027847539977,-1.16964735415633,0.006,0.015,1
"CERS3",0.507027847539977,-1.23325022171112,0.006,0.015,1
"CHMP1B-AS1",0.507027847539977,-0.810823441844772,0.006,0.015,1
"CHODL",0.507027847539977,-1.0882527592836,0.006,0.015,1
"CHTF18",0.507027847539977,-0.724674959722652,0.006,0.015,1
"CIDEC",0.507027847539977,-1.15105533549603,0.006,0.015,1
"CLEC10A",0.507027847539977,0.266065039120204,0.006,0.015,1
"CLIC5",0.507027847539977,-0.962652912437831,0.006,0.015,1
"CLIC6",0.507027847539977,-0.841299427680632,0.006,0.015,1
"CMTM4",0.507027847539977,-1.00557017704833,0.006,0.015,1
"COL21A1",0.507027847539977,0.466782830738896,0.006,0.015,1
"COL5A1",0.507027847539977,-0.570962424783898,0.006,0.015,1
"CSTF3-DT",0.507027847539977,-0.192660203174911,0.006,0.015,1
"CT55",0.507027847539977,-0.719680865042539,0.006,0.015,1
"CXCL10",0.507027847539977,-0.789781357484759,0.006,0.015,1
"CXCL3",0.507027847539977,0.392924283219908,0.006,0.015,1
"CYP27A1",0.507027847539977,0.312762721386486,0.006,0.015,1
"DCHS1",0.507027847539977,0.973977442810934,0.006,0.015,1
"DCLRE1B",0.507027847539977,-0.175227343402003,0.006,0.015,1
"DDX19A-DT",0.507027847539977,-0.362516981441785,0.006,0.015,1
"DHRS3",0.507027847539977,-0.647062170902426,0.006,0.015,1
"DKK1",0.507027847539977,-1.19248057267067,0.006,0.015,1
"DLGAP2",0.507027847539977,-1.28042916471036,0.006,0.015,1
"DMC1",0.507027847539977,-1.17892777039887,0.006,0.015,1
"DMTF1-AS1",0.507027847539977,-1.10058740857462,0.006,0.015,1
"DNAAF8",0.507027847539977,-0.614633652425863,0.006,0.015,1
"DNAI7",0.507027847539977,0.425394229301954,0.006,0.015,1
"DOCK6",0.507027847539977,-0.116385925488696,0.006,0.015,1
"DTL",0.507027847539977,-1.18475928676458,0.006,0.015,1
"DZIP1",0.507027847539977,0.755333697863676,0.006,0.015,1
"E2F7",0.507027847539977,0.560522961272957,0.006,0.015,1
"EFCAB3",0.507027847539977,-0.794244726923861,0.006,0.015,1
"EFHD1",0.507027847539977,-0.546395107581117,0.006,0.015,1
"EID2B",0.507027847539977,-0.142594984921743,0.006,0.015,1
"ELMO3",0.507027847539977,-1.22288546648894,0.006,0.015,1
"EME1",0.507027847539977,-0.909213776163536,0.006,0.015,1
"ENSG00000131152",0.507027847539977,-0.133433675527151,0.006,0.015,1
"ENSG00000173867",0.507027847539977,0.304137734271877,0.006,0.015,1
"ENSG00000217455",0.507027847539977,-1.2051445880947,0.006,0.015,1
"ENSG00000222017",0.507027847539977,-0.233717414856947,0.006,0.015,1
"ENSG00000222031",0.507027847539977,-0.909995690019357,0.006,0.015,1
"ENSG00000223598",0.507027847539977,0.470058673635201,0.006,0.015,1
"ENSG00000225218",0.507027847539977,-0.404351528290984,0.006,0.015,1
"ENSG00000226180",0.507027847539977,-1.17913007910609,0.006,0.015,1
"ENSG00000226281",0.507027847539977,-0.87782439773502,0.006,0.015,1
"ENSG00000227088",0.507027847539977,-0.142875936869149,0.006,0.015,1
"ENSG00000228204",0.507027847539977,0.79305350853604,0.006,0.015,1
"ENSG00000230896",0.507027847539977,0.366678795311238,0.006,0.015,1
"ENSG00000231769",0.507027847539977,-0.591008591576215,0.006,0.015,1
"ENSG00000232220",0.507027847539977,-0.904306398212157,0.006,0.015,1
"ENSG00000232934",0.507027847539977,-1.25847071822194,0.006,0.015,1
"ENSG00000233967",0.507027847539977,-0.462715110538299,0.006,0.015,1
"ENSG00000235078",0.507027847539977,-1.05225329646589,0.006,0.015,1
"ENSG00000236498",0.507027847539977,-0.937239460028578,0.006,0.015,1
"ENSG00000237359",0.507027847539977,-0.804025261939825,0.006,0.015,1
"ENSG00000240086",0.507027847539977,-0.66252838853396,0.006,0.015,1
"ENSG00000243620",0.507027847539977,-0.818287962053382,0.006,0.015,1
"ENSG00000244733",0.507027847539977,0.444320080888363,0.006,0.015,1
"ENSG00000245025",0.507027847539977,-1.04145190559344,0.006,0.015,1
"ENSG00000246308",0.507027847539977,-0.474180729448776,0.006,0.015,1
"ENSG00000247925",0.507027847539977,-1.13316913465145,0.006,0.015,1
"ENSG00000247970",0.507027847539977,-0.28654519540792,0.006,0.015,1
"ENSG00000248664",0.507027847539977,0.150544332652444,0.006,0.015,1
"ENSG00000248898",0.507027847539977,0.133957972833225,0.006,0.015,1
"ENSG00000248993",0.507027847539977,-0.525854681640285,0.006,0.015,1
"ENSG00000249773",0.507027847539977,-0.725485507455142,0.006,0.015,1
"ENSG00000251034",0.507027847539977,-0.923061424728508,0.006,0.015,1
"ENSG00000251567",0.507027847539977,-1.24919029463805,0.006,0.015,1
"ENSG00000253553",0.507027847539977,-1.11841702061317,0.006,0.015,1
"ENSG00000253875",0.507027847539977,-0.58346850037331,0.006,0.015,1
"ENSG00000254420",0.507027847539977,-0.269769503553674,0.006,0.015,1
"ENSG00000254447",0.507027847539977,0.156786803819926,0.006,0.015,1
"ENSG00000254662",0.507027847539977,-1.19727016529372,0.006,0.015,1
"ENSG00000255139",0.507027847539977,-1.14335632263067,0.006,0.015,1
"ENSG00000255467",0.507027847539977,-0.558667295701804,0.006,0.015,1
"ENSG00000257342",0.507027847539977,-0.100067858525689,0.006,0.015,1
"ENSG00000257526",0.507027847539977,-0.421152475248385,0.006,0.015,1
"ENSG00000257703",0.507027847539977,-0.142186231689618,0.006,0.015,1
"ENSG00000257878",0.507027847539977,-0.821281577775374,0.006,0.015,1
"ENSG00000258082",0.507027847539977,-1.17530676612789,0.006,0.015,1
"ENSG00000258851",0.507027847539977,-0.997792118061581,0.006,0.015,1
"ENSG00000259066",0.507027847539977,-1.07627478591352,0.006,0.015,1
"ENSG00000259539",0.507027847539977,-0.201911442454043,0.006,0.015,1
"ENSG00000259986",0.507027847539977,-0.515414715490476,0.006,0.015,1
"ENSG00000260246",0.507027847539977,-0.946973519580662,0.006,0.015,1
"ENSG00000260465",0.507027847539977,0.367056454652258,0.006,0.015,1
"ENSG00000260616",0.507027847539977,-0.204352848764797,0.006,0.015,1
"ENSG00000260927",0.507027847539977,-0.289004072236115,0.006,0.015,1
"ENSG00000260983",0.507027847539977,-0.569370968516761,0.006,0.015,1
"ENSG00000261459",0.507027847539977,-0.941215173371983,0.006,0.015,1
"ENSG00000261889",0.507027847539977,-0.701695940090343,0.006,0.015,1
"ENSG00000262049",0.507027847539977,0.652664402029921,0.006,0.015,1
"ENSG00000262413",0.507027847539977,0.146435019874354,0.006,0.015,1
"ENSG00000263823",0.507027847539977,-0.135613221480243,0.006,0.015,1
"ENSG00000264668",0.507027847539977,-0.745329161884496,0.006,0.015,1
"ENSG00000266049",0.507027847539977,0.199772568232842,0.006,0.015,1
"ENSG00000266076",0.507027847539977,-0.338576346078201,0.006,0.015,1
"ENSG00000266994",0.507027847539977,0.192091482213073,0.006,0.015,1
"ENSG00000267022",0.507027847539977,0.777142831915028,0.006,0.015,1
"ENSG00000267055",0.507027847539977,-0.600975950394798,0.006,0.015,1
"ENSG00000267364",0.507027847539977,0.566777024775249,0.006,0.015,1
"ENSG00000267474",0.507027847539977,0.14435395440317,0.006,0.015,1
"ENSG00000267765",0.507027847539977,-0.601209556473767,0.006,0.015,1
"ENSG00000267827",0.507027847539977,-0.858107277524616,0.006,0.015,1
"ENSG00000268533",0.507027847539977,-0.6779011903071,0.006,0.015,1
"ENSG00000268573",0.507027847539977,-0.944087766181076,0.006,0.015,1
"ENSG00000269179",0.507027847539977,-0.956340323082046,0.006,0.015,1
"ENSG00000269289",0.507027847539977,2.20112391670272,0.006,0.015,1
"ENSG00000269755",0.507027847539977,-0.681811311406698,0.006,0.015,1
"ENSG00000269949",0.507027847539977,-0.885673973130797,0.006,0.015,1
"ENSG00000270012",0.507027847539977,-0.670051317003091,0.006,0.015,1
"ENSG00000270972",0.507027847539977,0.60297954996493,0.006,0.015,1
"ENSG00000271141",0.507027847539977,-0.175636668798291,0.006,0.015,1
"ENSG00000271793",0.507027847539977,-1.09881509935562,0.006,0.015,1
"ENSG00000271993",0.507027847539977,-1.24183168284948,0.006,0.015,1
"ENSG00000272054",0.507027847539977,-1.1523896560835,0.006,0.015,1
"ENSG00000272195",0.507027847539977,-0.891702671364181,0.006,0.015,1
"ENSG00000272345",0.507027847539977,-1.22558371364209,0.006,0.015,1
"ENSG00000272374",0.507027847539977,0.425050727922125,0.006,0.015,1
"ENSG00000272420",0.507027847539977,-1.21059945462904,0.006,0.015,1
"ENSG00000272720",0.507027847539977,-0.710649015520032,0.006,0.015,1
"ENSG00000272750",0.507027847539977,0.358148471668701,0.006,0.015,1
"ENSG00000273387",0.507027847539977,-0.535100946966161,0.006,0.015,1
"ENSG00000273471",0.507027847539977,-0.872355304596005,0.006,0.015,1
"ENSG00000274227",0.507027847539977,-0.195295516754403,0.006,0.015,1
"ENSG00000274964",0.507027847539977,-1.26074647454111,0.006,0.015,1
"ENSG00000276007",0.507027847539977,-1.01281943149808,0.006,0.015,1
"ENSG00000276593",0.507027847539977,-0.969006740468831,0.006,0.015,1
"ENSG00000276814",0.507027847539977,-0.128726006703201,0.006,0.015,1
"ENSG00000277144",0.507027847539977,-0.88739277319639,0.006,0.015,1
"ENSG00000277969",0.507027847539977,-0.660979516203025,0.006,0.015,1
"ENSG00000278126",0.507027847539977,-0.394742876900596,0.006,0.015,1
"ENSG00000281468",0.507027847539977,-0.402711871416547,0.006,0.015,1
"ENSG00000283155",0.507027847539977,0.198440647350926,0.006,0.015,1
"ENSG00000285558",0.507027847539977,-0.455476305315866,0.006,0.015,1
"ENSG00000285664",0.507027847539977,0.774596267759866,0.006,0.015,1
"ENSG00000285692",0.507027847539977,-1.30471268549932,0.006,0.015,1
"ENSG00000285693",0.507027847539977,-0.292791343393384,0.006,0.015,1
"ENSG00000285730",0.507027847539977,0.305973383066974,0.006,0.015,1
"ENSG00000285758",0.507027847539977,-0.747260690555147,0.006,0.015,1
"ENSG00000285886",0.507027847539977,-0.629589873194062,0.006,0.015,1
"ENSG00000285939",0.507027847539977,-1.05626341666414,0.006,0.015,1
"ENSG00000286046",0.507027847539977,-1.05832827449543,0.006,0.015,1
"ENSG00000286293",0.507027847539977,-0.78930900893665,0.006,0.015,1
"ENSG00000286314",0.507027847539977,0.490165917958898,0.006,0.015,1
"ENSG00000286599",0.507027847539977,0.491781034321848,0.006,0.015,1
"ENSG00000287210",0.507027847539977,-0.922140993100245,0.006,0.015,1
"ENSG00000287291",0.507027847539977,0.131201942706323,0.006,0.015,1
"ENSG00000287382",0.507027847539977,-0.544143672563483,0.006,0.015,1
"ENSG00000287562",0.507027847539977,-0.997792118061581,0.006,0.015,1
"ENSG00000287621",0.507027847539977,-0.938491519169359,0.006,0.015,1
"ENSG00000288016",0.507027847539977,-0.404665117414087,0.006,0.015,1
"ENSG00000288321",0.507027847539977,-1.06386939185408,0.006,0.015,1
"ENSG00000288670",0.507027847539977,0.644124096096428,0.006,0.015,1
"ENSG00000288751",0.507027847539977,-1.0086521959,0.006,0.015,1
"ENSG00000288771",0.507027847539977,-0.437253040253108,0.006,0.015,1
"ENSG00000288833",0.507027847539977,-0.967162519596386,0.006,0.015,1
"ENSG00000288926",0.507027847539977,-1.09174600450576,0.006,0.015,1
"ENSG00000289005",0.507027847539977,-1.00576663059479,0.006,0.015,1
"ENSG00000289015",0.507027847539977,-0.726980981393312,0.006,0.015,1
"ENSG00000289090",0.507027847539977,-0.397455432639184,0.006,0.015,1
"ENSG00000289117",0.507027847539977,-1.05511815485711,0.006,0.015,1
"ENSG00000289223",0.507027847539977,-0.330992996004087,0.006,0.015,1
"ENSG00000289312",0.507027847539977,0.492769740171942,0.006,0.015,1
"ENSG00000289375",0.507027847539977,-0.821281577775374,0.006,0.015,1
"ENSG00000289376",0.507027847539977,-0.72518556128348,0.006,0.015,1
"ENSG00000289398",0.507027847539977,0.728822384152324,0.006,0.015,1
"ENSG00000289510",0.507027847539977,-0.634339610147981,0.006,0.015,1
"ENSG00000289521",0.507027847539977,-0.413736790050437,0.006,0.015,1
"ENSG00000289565",0.507027847539977,0.411992367330313,0.006,0.015,1
"ENSG00000289574",0.507027847539977,0.122063050271332,0.006,0.015,1
"ENSG00000289868",0.507027847539977,-0.306077433799185,0.006,0.015,1
"ENSG00000289928",0.507027847539977,-0.709067790252765,0.006,0.015,1
"ENSG00000289995",0.507027847539977,-0.942315539719325,0.006,0.015,1
"ENSG00000290576",0.507027847539977,-0.532777088618563,0.006,0.015,1
"ENSG00000290937",0.507027847539977,-1.23109320062496,0.006,0.015,1
"ENSG00000291099",0.507027847539977,-0.17673809870311,0.006,0.015,1
"ENSG00000291179",0.507027847539977,-0.843256607068025,0.006,0.015,1
"ENSG00000291225",0.507027847539977,-0.120465283356494,0.006,0.015,1
"ESRRB",0.507027847539977,-0.145354987999456,0.006,0.015,1
"EXO1",0.507027847539977,-1.00576663059479,0.006,0.015,1
"FAM114A1",0.507027847539977,-0.162724351280217,0.006,0.015,1
"FAM180B",0.507027847539977,-0.345329484582329,0.006,0.015,1
"FAM72A",0.507027847539977,-0.646244182393009,0.006,0.015,1
"FAM72D",0.507027847539977,0.370759623794314,0.006,0.015,1
"FAR2",0.507027847539977,-0.406587713490609,0.006,0.015,1
"FGD5",0.507027847539977,-0.911665888246661,0.006,0.015,1
"FGF12",0.507027847539977,0.223269590070054,0.006,0.015,1
"FMC1",0.507027847539977,-0.579265214550602,0.006,0.015,1
"FOXP2",0.507027847539977,0.111645507770962,0.006,0.015,1
"FREM1",0.507027847539977,0.384935069047771,0.006,0.015,1
"FSBP",0.507027847539977,-0.968279410947117,0.006,0.015,1
"FXYD7",0.507027847539977,0.388116023385085,0.006,0.015,1
"GABRA2",0.507027847539977,-0.567811809222761,0.006,0.015,1
"GABRE",0.507027847539977,-1.23819582405561,0.006,0.015,1
"GALNT17",0.507027847539977,0.151483961762103,0.006,0.015,1
"GLB1L2",0.507027847539977,-1.16516582417882,0.006,0.015,1
"GLYATL2",0.507027847539977,-1.32311369194339,0.006,0.015,1
"GNAO1",0.507027847539977,-0.798863096717018,0.006,0.015,1
"GNG5P2",0.507027847539977,-0.719237471824,0.006,0.015,1
"GOLGA6L9",0.507027847539977,-0.518397087298061,0.006,0.015,1
"GOLGA8M",0.507027847539977,-0.843781896244606,0.006,0.015,1
"GOLGA8O",0.507027847539977,-0.562479549226991,0.006,0.015,1
"GPC3",0.507027847539977,-1.31474594297005,0.006,0.015,1
"GPR82",0.507027847539977,-0.484081490600788,0.006,0.015,1
"GRHL2",0.507027847539977,-0.209113107331887,0.006,0.015,1
"GRM7-AS3",0.507027847539977,-0.279181652531506,0.006,0.015,1
"GSTM5",0.507027847539977,-1.18871084980154,0.006,0.015,1
"GTF2I-AS1",0.507027847539977,-0.109384722388555,0.006,0.015,1
"HAUS4",0.507027847539977,-1.14461416290094,0.006,0.015,1
"HDGFL3",0.507027847539977,0.919194758424306,0.006,0.015,1
"HEXIM2",0.507027847539977,-0.926541991088151,0.006,0.015,1
"HHIP-AS1",0.507027847539977,-1.17089812493893,0.006,0.015,1
"HMMR",0.507027847539977,0.154573674629363,0.006,0.015,1
"HOTTIP",0.507027847539977,-0.863407596849703,0.006,0.015,1
"HS6ST2",0.507027847539977,0.227740515839841,0.006,0.015,1
"HSD3B7",0.507027847539977,0.903748858660459,0.006,0.015,1
"HSPA1L",0.507027847539977,-0.317666588271335,0.006,0.015,1
"HSPG2",0.507027847539977,0.720308289477531,0.006,0.015,1
"HUNK",0.507027847539977,-1.02660213077871,0.006,0.015,1
"HYKK",0.507027847539977,0.21339266531575,0.006,0.015,1
"HYMAI",0.507027847539977,-0.423501630994187,0.006,0.015,1
"ICAM4",0.507027847539977,0.244374157626802,0.006,0.015,1
"IL11",0.507027847539977,-0.631576718907327,0.006,0.015,1
"IL1RAPL1",0.507027847539977,0.666223750463469,0.006,0.015,1
"IQCK",0.507027847539977,0.569651507552435,0.006,0.015,1
"IQUB",0.507027847539977,-1.32085950408537,0.006,0.015,1
"ITGB1-DT",0.507027847539977,-1.03838594242029,0.006,0.015,1
"ITIH4",0.507027847539977,-0.394326063744431,0.006,0.015,1
"JARID2-AS1",0.507027847539977,-0.962652912437831,0.006,0.015,1
"KATNB1",0.507027847539977,-0.969955386393899,0.006,0.015,1
"KCNS3",0.507027847539977,-0.200333517942382,0.006,0.015,1
"KHDRBS3",0.507027847539977,-1.24644850349988,0.006,0.015,1
"KHK",0.507027847539977,-0.688345446525766,0.006,0.015,1
"KLHL32",0.507027847539977,0.840860047981471,0.006,0.015,1
"KRT81",0.507027847539977,0.823238401584519,0.006,0.015,1
"LAMP3",0.507027847539977,0.380774301378133,0.006,0.015,1
"LEKR1",0.507027847539977,-0.286360145524596,0.006,0.015,1
"LILRB1-AS1",0.507027847539977,-0.399549074584476,0.006,0.015,1
"LINC00598",0.507027847539977,-1.12107640590077,0.006,0.015,1
"LINC00861",0.507027847539977,-1.25847071822194,0.006,0.015,1
"LINC00997",0.507027847539977,0.164828453058188,0.006,0.015,1
"LINC01090",0.507027847539977,0.408800596680977,0.006,0.015,1
"LINC01099",0.507027847539977,0.334070004578928,0.006,0.015,1
"LINC01163",0.507027847539977,-0.863508293579017,0.006,0.015,1
"LINC01191",0.507027847539977,-0.634913900355691,0.006,0.015,1
"LINC01301",0.507027847539977,-0.836003619990862,0.006,0.015,1
"LINC01376",0.507027847539977,-0.644408257612294,0.006,0.015,1
"LINC01416",0.507027847539977,-0.831245542265625,0.006,0.015,1
"LINC01435",0.507027847539977,-0.241390266221828,0.006,0.015,1
"LINC01591",0.507027847539977,-0.423179290613481,0.006,0.015,1
"LINC01694",0.507027847539977,-1.03155035742672,0.006,0.015,1
"LINC01719",0.507027847539977,-0.976218069683576,0.006,0.015,1
"LINC01962",0.507027847539977,-1.10130025621941,0.006,0.015,1
"LINC02030",0.507027847539977,-0.737357113282619,0.006,0.015,1
"LINC02133",0.507027847539977,-0.681637510247473,0.006,0.015,1
"LINC02306",0.507027847539977,-0.916840711095836,0.006,0.015,1
"LINC02316",0.507027847539977,-0.885480482579087,0.006,0.015,1
"LINC02332",0.507027847539977,0.165480293873024,0.006,0.015,1
"LINC02363",0.507027847539977,-1.16835975881024,0.006,0.015,1
"LINC02447",0.507027847539977,-0.842466860755822,0.006,0.015,1
"LINC02462",0.507027847539977,0.314161049335368,0.006,0.015,1
"LINC02755",0.507027847539977,0.837081757642524,0.006,0.015,1
"LINC02918",0.507027847539977,-1.05033301317857,0.006,0.015,1
"LINC02934",0.507027847539977,-0.98519951250163,0.006,0.015,1
"LINC02960",0.507027847539977,0.103192762055369,0.006,0.015,1
"LINC02997",0.507027847539977,-1.13414961818303,0.006,0.015,1
"LINGO2",0.507027847539977,0.567852769460898,0.006,0.015,1
"LMNTD1",0.507027847539977,-0.262253162195799,0.006,0.015,1
"LNP1",0.507027847539977,0.478884200284477,0.006,0.015,1
"LRP6",0.507027847539977,0.147482513820418,0.006,0.015,1
"MAF",0.507027847539977,-0.445159752551429,0.006,0.015,1
"MAGI2-AS3",0.507027847539977,-0.298849576428302,0.006,0.015,1
"MAK",0.507027847539977,0.46358731590561,0.006,0.015,1
"MAMDC4",0.507027847539977,-1.2976669821164,0.006,0.015,1
"MAP1B",0.507027847539977,-0.959295522769628,0.006,0.015,1
"MAPRE3",0.507027847539977,0.911083977154428,0.006,0.015,1
"MCF2",0.507027847539977,-0.818574278792652,0.006,0.015,1
"MCMDC2",0.507027847539977,-0.313408830271551,0.006,0.015,1
"MIR302CHG",0.507027847539977,-0.47036004415589,0.006,0.015,1
"MIR646HG",0.507027847539977,-0.342437352741566,0.006,0.015,1
"MMADHC-DT",0.507027847539977,-0.741302945333557,0.006,0.015,1
"MRC2",0.507027847539977,-0.375688650249584,0.006,0.015,1
"MST1",0.507027847539977,0.108601564024135,0.006,0.015,1
"MTX1",0.507027847539977,-1.28717154796796,0.006,0.015,1
"MVK",0.507027847539977,1.33566438532859,0.006,0.015,1
"MYG1-AS1",0.507027847539977,-0.591038534525157,0.006,0.015,1
"MYH15",0.507027847539977,-1.28042916471036,0.006,0.015,1
"MYO3B",0.507027847539977,-0.299350945487962,0.006,0.015,1
"N4BP2L2-IT2",0.507027847539977,-1.15051993379402,0.006,0.015,1
"NAV3",0.507027847539977,-0.440299780512403,0.006,0.015,1
"NDN",0.507027847539977,-0.907770310345928,0.006,0.015,1
"NDUFB2-AS1",0.507027847539977,-0.233095720698095,0.006,0.015,1
"NETO2",0.507027847539977,-0.567811809222761,0.006,0.015,1
"NHIP",0.507027847539977,0.409904361507226,0.006,0.015,1
"NID1",0.507027847539977,0.264971605580446,0.006,0.015,1
"NLGN1",0.507027847539977,-0.523847428257282,0.006,0.015,1
"NMNAT2",0.507027847539977,-1.07224091462938,0.006,0.015,1
"NMUR1",0.507027847539977,-0.123205795497991,0.006,0.015,1
"NPIPB3",0.507027847539977,-0.993541971814178,0.006,0.015,1
"NPL",0.507027847539977,-0.984590544793246,0.006,0.015,1
"NR2F6",0.507027847539977,-0.86480067703283,0.006,0.015,1
"NRAD1",0.507027847539977,-0.291866672975714,0.006,0.015,1
"NRG3",0.507027847539977,-1.27631980622485,0.006,0.015,1
"NRG4",0.507027847539977,-0.708356559186399,0.006,0.015,1
"NSUN7",0.507027847539977,-0.307109957925153,0.006,0.015,1
"NTHL1",0.507027847539977,-0.139097179404809,0.006,0.015,1
"NUDT6",0.507027847539977,-0.925789632005151,0.006,0.015,1
"OR11H2",0.507027847539977,-0.387087375658289,0.006,0.015,1
"OTOA",0.507027847539977,-0.964229219648818,0.006,0.015,1
"OXT",0.507027847539977,-0.477261607292146,0.006,0.015,1
"PACRG",0.507027847539977,-0.486215314662088,0.006,0.015,1
"PANX2",0.507027847539977,-0.749605876168261,0.006,0.015,1
"PARD3B",0.507027847539977,-0.16635444226527,0.006,0.015,1
"PCDH11Y",0.507027847539977,-0.917712959392068,0.006,0.015,1
"PCTP",0.507027847539977,-0.139763600482177,0.006,0.015,1
"PDE9A",0.507027847539977,-1.12043399198465,0.006,0.015,1
"PDGFRL",0.507027847539977,-0.880640355245793,0.006,0.015,1
"PFN2",0.507027847539977,-1.21546238952695,0.006,0.015,1
"PGM5P3-AS1",0.507027847539977,-0.60999617521732,0.006,0.015,1
"PICK1",0.507027847539977,0.31762479813974,0.006,0.015,1
"PIK3R3",0.507027847539977,0.519899710634731,0.006,0.015,1
"PKD2L2",0.507027847539977,-0.515414715490476,0.006,0.015,1
"PKHD1",0.507027847539977,-0.486215314662088,0.006,0.015,1
"PLA1A",0.507027847539977,-1.27413148581502,0.006,0.015,1
"PLA2G12A",0.507027847539977,0.158896718800541,0.006,0.015,1
"POMC",0.507027847539977,-0.681179887974148,0.006,0.015,1
"PPP1R26-AS1",0.507027847539977,-1.03134673774836,0.006,0.015,1
"PPP2R2C",0.507027847539977,-0.32247428667561,0.006,0.015,1
"PRDM6",0.507027847539977,0.116727956219144,0.006,0.015,1
"PRKCQ",0.507027847539977,-0.969519836093461,0.006,0.015,1
"PRKG1",0.507027847539977,-0.18123521448458,0.006,0.015,1
"PROB1",0.507027847539977,-0.851350725652505,0.006,0.015,1
"PTGIS",0.507027847539977,1.22113296035939,0.006,0.015,1
"PTOV1-AS1",0.507027847539977,0.161183260202462,0.006,0.015,1
"PTPN3",0.507027847539977,-1.25535601236894,0.006,0.015,1
"PTPRD",0.507027847539977,-0.598766295802715,0.006,0.015,1
"PTPRT",0.507027847539977,0.345354891504818,0.006,0.015,1
"PURPL",0.507027847539977,0.666223750463469,0.006,0.015,1
"RAMACL",0.507027847539977,-0.58560540094517,0.006,0.015,1
"RAMP1",0.507027847539977,0.622284440797597,0.006,0.015,1
"RDH13",0.507027847539977,-0.139763600482177,0.006,0.015,1
"RFX4",0.507027847539977,-0.740115729007168,0.006,0.015,1
"RFX8",0.507027847539977,-1.09253060021938,0.006,0.015,1
"RGS6",0.507027847539977,-0.544138179531833,0.006,0.015,1
"RHBDF1",0.507027847539977,-0.646705854988656,0.006,0.015,1
"RNF103-CHMP3",0.507027847539977,-0.79019681603677,0.006,0.015,1
"RNF139-DT",0.507027847539977,-1.03355595873752,0.006,0.015,1
"RNPC3-DT",0.507027847539977,-0.51464757224023,0.006,0.015,1
"ROBO3",0.507027847539977,-0.620574020052964,0.006,0.015,1
"RPA4",0.507027847539977,-1.05101619036881,0.006,0.015,1
"RRP1",0.507027847539977,-0.46719504077258,0.006,0.015,1
"RTN1",0.507027847539977,0.289404599153455,0.006,0.015,1
"RUNX1T1",0.507027847539977,0.46358731590561,0.006,0.015,1
"RUSC1-AS1",0.507027847539977,-1.13875962074781,0.006,0.015,1
"SCD",0.507027847539977,-0.998805072462725,0.006,0.015,1
"SCN2A",0.507027847539977,-0.542588392926054,0.006,0.015,1
"SDR16C5",0.507027847539977,-0.698073101288654,0.006,0.015,1
"SEC62-AS1",0.507027847539977,-0.88739277319639,0.006,0.015,1
"SH2D1B",0.507027847539977,-1.05903654120101,0.006,0.015,1
"SLAMF8",0.507027847539977,-1.1785432248239,0.006,0.015,1
"SLC12A9-AS1",0.507027847539977,-1.02153919089091,0.006,0.015,1
"SLC19A1",0.507027847539977,-0.483766476895731,0.006,0.015,1
"SLC25A15",0.507027847539977,0.267955517556575,0.006,0.015,1
"SLC25A35",0.507027847539977,-1.13459301140157,0.006,0.015,1
"SLC2A4",0.507027847539977,-0.729701674019523,0.006,0.015,1
"SLX4",0.507027847539977,-1.26601170246965,0.006,0.015,1
"SMKR1",0.507027847539977,-0.331641573596838,0.006,0.015,1
"SORBS1",0.507027847539977,-0.829296132751685,0.006,0.015,1
"SORCS3",0.507027847539977,-0.116385925488696,0.006,0.015,1
"SOX30",0.507027847539977,0.660310760253542,0.006,0.015,1
"SPART-AS1",0.507027847539977,0.790342338707095,0.006,0.015,1
"SPATA6L",0.507027847539977,0.143210693354725,0.006,0.015,1
"SPINK2",0.507027847539977,-0.995532690724946,0.006,0.015,1
"SPIRE2",0.507027847539977,-0.371117073017897,0.006,0.015,1
"SPTBN2",0.507027847539977,-0.977230980000845,0.006,0.015,1
"SRCAP",0.507027847539977,-0.237370349791757,0.006,0.015,1
"SRR",0.507027847539977,0.566777024775249,0.006,0.015,1
"SRRM5",0.507027847539977,-1.04629167844943,0.006,0.015,1
"STIL",0.507027847539977,1.70133535967046,0.006,0.015,1
"STIM2-AS1",0.507027847539977,1.35424117867476,0.006,0.015,1
"STPG4",0.507027847539977,-1.29474319693378,0.006,0.015,1
"SUMO4",0.507027847539977,-1.2779580544261,0.006,0.015,1
"SUV39H2",0.507027847539977,-0.564608502030071,0.006,0.015,1
"TAF6L",0.507027847539977,-0.473595583841125,0.006,0.015,1
"TBX21",0.507027847539977,-1.19380464931398,0.006,0.015,1
"TCF19",0.507027847539977,-0.224439589671827,0.006,0.015,1
"TIGD5",0.507027847539977,0.538428319417491,0.006,0.015,1
"TK1",0.507027847539977,-0.847002233657186,0.006,0.015,1
"TMC5",0.507027847539977,0.698458905544261,0.006,0.015,1
"TMEM150B",0.507027847539977,-0.886705234404991,0.006,0.015,1
"TMEM169",0.507027847539977,-0.182336694786787,0.006,0.015,1
"TMEM63C",0.507027847539977,-0.285123794371227,0.006,0.015,1
"TMEM72-AS1",0.507027847539977,-1.18774907694809,0.006,0.015,1
"TMEM91",0.507027847539977,-0.599066887192366,0.006,0.015,1
"TMEM98",0.507027847539977,-0.524366320935633,0.006,0.015,1
"TNPO1-DT",0.507027847539977,-0.97604822629233,0.006,0.015,1
"TOMM20L-DT",0.507027847539977,1.22896807270489,0.006,0.015,1
"TP63",0.507027847539977,-1.17990745959319,0.006,0.015,1
"TPRN",0.507027847539977,-1.28417535253575,0.006,0.015,1
"TRMT61A-DT",0.507027847539977,0.13565122498759,0.006,0.015,1
"TRPC4",0.507027847539977,-0.387671334309252,0.006,0.015,1
"TSPAN17",0.507027847539977,-0.884405293875898,0.006,0.015,1
"TSPAN2",0.507027847539977,-0.552745841381291,0.006,0.015,1
"TTC7B",0.507027847539977,0.328692961749038,0.006,0.015,1
"UBE2R2-AS1",0.507027847539977,-0.322554912602237,0.006,0.015,1
"UNC13C",0.507027847539977,1.22896807270489,0.006,0.015,1
"VIRMA-DT",0.507027847539977,-1.2158695117675,0.006,0.015,1
"VWA3A",0.507027847539977,-1.2034476003315,0.006,0.015,1
"WAPL-DT",0.507027847539977,-0.269870864946616,0.006,0.015,1
"WASF3",0.507027847539977,-1.20472872530757,0.006,0.015,1
"ZAN",0.507027847539977,-1.05626040428683,0.006,0.015,1
"ZC3H12C",0.507027847539977,-0.995725080504217,0.006,0.015,1
"ZC3HC1",0.507027847539977,0.122169107456658,0.006,0.015,1
"ZMAT4",0.507027847539977,0.2505849240798,0.006,0.015,1
"ZNF219",0.507027847539977,-0.448212070000939,0.006,0.015,1
"ZNF295-AS1",0.507027847539977,-0.54185850409073,0.006,0.015,1
"ZNF354C",0.507027847539977,-0.222232813186361,0.006,0.015,1
"ZNF417",0.507027847539977,-0.230364731285057,0.006,0.015,1
"ZNF552",0.507027847539977,-1.05491339184063,0.006,0.015,1
"ZNF629",0.507027847539977,-0.785093530103539,0.006,0.015,1
"ZNF630",0.507027847539977,-0.344016597537831,0.006,0.015,1
"ZNF707",0.507027847539977,0.250937628780651,0.006,0.015,1
"ZNF732",0.507027847539977,-0.14301055940715,0.006,0.015,1
"ZNF835",0.507027847539977,0.268686646871562,0.006,0.015,1
"ZNHIT2",0.507027847539977,-0.763142830878508,0.006,0.015,1
"ZSCAN23",0.507027847539977,0.223208780707544,0.006,0.015,1
"ZSCAN31",0.507027847539977,-1.03552011488704,0.006,0.015,1
"ENSG00000258559",0.507027847539977,0.16803516087656,0.006,0.015,1
"ENSG00000267749",0.507027847539977,-0.371117073017897,0.006,0.015,1
"NOC3L",0.507140444129594,1.28211292470647,0.157,0.136,1
"DAPP1",0.50738773098707,0.541846568778905,0.217,0.303,1
"MAP7D3",0.507556668450676,0.975867461896971,0.096,0.136,1
"C8orf33",0.507556668450676,1.1790318266946,0.114,0.091,1
"FGR",0.507556668450676,1.47686285119339,0.114,0.091,1
"B3GLCT",0.507723914529561,2.44239913493983,0.03,0.015,1
"B4GALT7",0.507723914529561,1.7010308451826,0.03,0.015,1
"BBIP1",0.507723914529561,2.15414509447396,0.03,0.015,1
"C1RL-AS1",0.507723914529561,1.37188982508248,0.03,0.015,1
"CBY1",0.507723914529561,2.10885189133799,0.03,0.015,1
"CDC25B",0.507723914529561,1.5091395643284,0.03,0.015,1
"CHST2",0.507723914529561,2.37924778059357,0.03,0.015,1
"DGCR8",0.507723914529561,1.03870761860499,0.03,0.015,1
"EFCAB5",0.507723914529561,2.42071432629823,0.03,0.015,1
"ENSG00000232611",0.507723914529561,2.35855816724442,0.03,0.015,1
"ENSG00000258603",0.507723914529561,1.91334874619029,0.03,0.015,1
"ENSG00000274591",0.507723914529561,1.81150876611668,0.03,0.015,1
"ENSG00000282393",0.507723914529561,1.41391986420831,0.03,0.015,1
"ENSG00000283674",0.507723914529561,2.68476318514308,0.03,0.015,1
"ENSG00000290833",0.507723914529561,2.38544980223084,0.03,0.015,1
"HGH1",0.507723914529561,1.79363637901104,0.03,0.015,1
"LPAR1",0.507723914529561,2.10567244153048,0.03,0.015,1
"NBPF3",0.507723914529561,1.52185101470191,0.03,0.015,1
"PIK3R6",0.507723914529561,1.74514681436066,0.03,0.015,1
"PLD2",0.507723914529561,1.95067952096782,0.03,0.015,1
"RETREG1",0.507723914529561,1.57607257094018,0.03,0.015,1
"RPL23AP7",0.507723914529561,1.8794429126655,0.03,0.015,1
"SCART1",0.507723914529561,1.28902398124623,0.03,0.015,1
"SELENON",0.507723914529561,1.76243053566119,0.03,0.015,1
"SIRT6",0.507723914529561,1.5577585144852,0.03,0.015,1
"STMN3",0.507723914529561,2.29952951828307,0.03,0.015,1
"TOX2",0.507723914529561,1.74777694154078,0.03,0.015,1
"ZC3H10",0.507723914529561,1.44630730508142,0.03,0.015,1
"ZFP28",0.507723914529561,2.25977281393015,0.03,0.015,1
"ZNF180",0.507723914529561,1.67935028780377,0.03,0.015,1
"ZNF408",0.507723914529561,2.51034869068284,0.03,0.015,1
"ZNF584-DT",0.507723914529561,1.01557249178158,0.03,0.015,1
"ZNF607",0.507723914529561,1.59835481631249,0.03,0.015,1
"ZNF615",0.507723914529561,1.957676689831,0.03,0.015,1
"CEP250-AS1",0.507780796245195,0.223190431050659,0.114,0.152,1
"PNKD",0.508018729220668,1.66345532595437,0.066,0.045,1
"WDR27",0.508018729220668,1.64965808043407,0.066,0.045,1
"PTPN18",0.50821593260252,0.539411308978514,0.331,0.455,1
"HDAC5",0.508366870741358,1.08107708905969,0.084,0.061,1
"RBM39",0.508373391014221,0.18939860445321,0.753,0.955,1
"TMEM62",0.508511943919539,0.496139284206218,0.102,0.076,1
"LINC-PINT",0.508932813222415,0.310920102333636,0.506,0.53,1
"LEMD2",0.509372561649791,0.115342815782975,0.139,0.182,1
"FAM222B",0.509799682400899,0.288268860241297,0.12,0.091,1
"CD55",0.510035801333643,0.392441765584981,0.398,0.561,1
"EXOC5",0.510130724056688,0.363108298505148,0.217,0.288,1
"CHML",0.510140626132051,1.85425881815947,0.114,0.091,1
"CREBZF",0.510205024235984,0.515291110103517,0.307,0.439,1
"MTO1",0.510206255839027,-0.676036273287353,0.09,0.121,1
"GSDMB",0.510455733458983,0.641306253175224,0.12,0.167,1
"VAV3",0.510658671341798,0.290270134564624,0.271,0.348,1
"SPG11",0.511103711393946,0.97483417296306,0.367,0.394,1
"MAN2A1",0.511235070386997,0.486693427989175,0.283,0.394,1
"AFDN",0.511391524834533,1.5463063318005,0.066,0.045,1
"UBE2Q2",0.511529811896352,1.38124214032215,0.145,0.121,1
"RNPS1",0.511824570676376,0.180821949341712,0.301,0.424,1
"N4BP2L2",0.511968071779699,0.435188840964637,0.578,0.697,1
"ZNF737",0.512074700709137,2.49072482288915,0.096,0.076,1
"HNRNPH1",0.512226493399802,0.442365897480767,0.524,0.591,1
"DIP2C",0.512789476346239,2.16418906636808,0.03,0.015,1
"ENSG00000240143",0.512789476346239,1.25538794915385,0.03,0.015,1
"ENSG00000259321",0.512789476346239,1.14209043482684,0.03,0.015,1
"FADS2",0.512789476346239,0.529189527658708,0.03,0.015,1
"GINS4",0.512789476346239,1.94308076740387,0.03,0.015,1
"GPR157",0.512789476346239,1.45645933484865,0.03,0.015,1
"IL10RB",0.512789476346239,1.02109106183591,0.03,0.015,1
"LNCRNA-IUR",0.512789476346239,2.39817305725009,0.03,0.015,1
"MMAB",0.512789476346239,1.60212871108106,0.03,0.015,1
"MPP7",0.512789476346239,1.41001687101142,0.03,0.015,1
"NDST1",0.512789476346239,1.59191164638184,0.03,0.015,1
"PCBP3",0.512789476346239,1.17069987312343,0.03,0.015,1
"PDE5A",0.512789476346239,1.45173210660995,0.03,0.015,1
"SIRPA",0.512789476346239,0.505370134793612,0.03,0.015,1
"TAF10",0.512789476346239,0.85567831512047,0.03,0.015,1
"THSD4",0.512789476346239,1.54860490929063,0.03,0.015,1
"TMEM117",0.512789476346239,1.23434246537942,0.03,0.015,1
"TMEM160",0.512789476346239,1.43662184121981,0.03,0.015,1
"UBXN11",0.512789476346239,1.43201101833227,0.03,0.015,1
"WHRN",0.512789476346239,0.753474811197165,0.03,0.015,1
"ZNF540",0.512789476346239,0.920323777439353,0.03,0.015,1
"ZNF808",0.512789476346239,1.71923674193618,0.03,0.015,1
"ZNF292",0.513700508173109,0.664234500803066,0.367,0.379,1
"SPIDR",0.513809947635333,1.18143974730211,0.235,0.227,1
"ATP5MC2",0.514552762583414,0.261217766949644,0.693,0.864,1
"ACD",0.514775975816117,1.52974320861425,0.066,0.045,1
"NCF1B",0.514775975816117,1.49076618831828,0.066,0.045,1
"CSPP1",0.515025688528373,0.325028395195531,0.127,0.167,1
"CCDC88B",0.515037822772476,1.52426174723888,0.169,0.152,1
"SLC15A2",0.515178614607143,1.91816870973258,0.139,0.121,1
"LRBA",0.515279293252337,0.463051939337337,0.283,0.379,1
"CIDEB",0.515659832019056,1.35670184434248,0.048,0.03,1
"DSP",0.515659832019056,2.1629186099954,0.048,0.03,1
"ENSG00000244701",0.515659832019056,2.06329306760792,0.048,0.03,1
"FSD1L",0.515659832019056,1.69715965750392,0.048,0.03,1
"GDF11",0.515659832019056,2.27309104055635,0.048,0.03,1
"JHY",0.515659832019056,1.8067073641313,0.048,0.03,1
"PDE3B",0.515659832019056,2.86825938736385,0.048,0.03,1
"ZNF891",0.515659832019056,2.00328022855508,0.048,0.03,1
"HERC2P9",0.515867953698722,0.533729983666646,0.072,0.106,1
"LENG8",0.51592575128293,0.23968633321701,0.681,0.788,1
"CREB1",0.516503201092196,0.631201494922565,0.271,0.379,1
"NDUFS2",0.517134030334368,0.338729879387762,0.193,0.242,1
"TMEM256",0.517363148471709,0.143547712899948,0.127,0.167,1
"ST8SIA4",0.517553785995632,0.580300624814015,0.223,0.303,1
"ALKBH4",0.517881249446473,0.995052723497892,0.03,0.015,1
"CLCN4",0.517881249446473,1.67635232573023,0.03,0.015,1
"ENSG00000261098",0.517881249446473,0.845477252941651,0.03,0.015,1
"GPX3",0.517881249446473,1.41763400858457,0.03,0.015,1
"SIGIRR",0.517881249446473,0.553111275423464,0.03,0.015,1
"THRA",0.518172028717518,0.95947250412444,0.066,0.045,1
"TIMELESS",0.518172028717518,1.48584848689481,0.066,0.045,1
"ZNF493",0.518172028717518,1.27021970296023,0.066,0.045,1
"ARL11",0.518314494371138,0.521806953616231,0.205,0.273,1
"MSH3",0.519390899368351,1.57106641134671,0.169,0.152,1
"MAPK14",0.519412650974825,0.981753886066848,0.247,0.242,1
"BORCS6",0.519647719419498,1.97102509402854,0.048,0.03,1
"ENSG00000268458",0.519647719419498,1.5789049226015,0.048,0.03,1
"ENSG00000287070",0.519647719419498,2.05284904138736,0.048,0.03,1
"ENSG00000289341",0.519647719419498,1.84842009628867,0.048,0.03,1
"MOB2",0.519647719419498,1.97122493855757,0.048,0.03,1
"NPIPA5",0.519647719419498,1.5578930846338,0.048,0.03,1
"ZNF658",0.519647719419498,1.93004160444998,0.048,0.03,1
"ZNF766",0.51994622806497,0.935615036671458,0.133,0.106,1
"ILF3-DT",0.520609848406584,1.47681021939232,0.157,0.136,1
"DHRS4-AS1",0.521008026763206,-0.151091377941881,0.09,0.121,1
"AK6",0.521305194277622,-0.244933269841637,0.102,0.136,1
"USP18",0.521579629266149,-0.92353328714806,0.054,0.076,1
"FANCM",0.521741292320186,0.108696137825207,0.066,0.091,1
"CARD8",0.522133662082312,0.342996004132032,0.283,0.379,1
"GPN1",0.522668124603585,0.242960338295367,0.151,0.197,1
"ARHGEF35",0.522999051215516,0.885111253503406,0.03,0.015,1
"ENSG00000290560",0.522999051215516,0.856341326869761,0.03,0.015,1
"ENSG00000291046",0.522999051215516,0.566613226236715,0.03,0.015,1
"NOC4L",0.522999051215516,0.367200202445938,0.03,0.015,1
"PSMD7-DT",0.522999051215516,0.762554771331752,0.03,0.015,1
"SHMT1",0.522999051215516,0.618599532332557,0.03,0.015,1
"TM9SF1",0.522999051215516,0.669598158862184,0.03,0.015,1
"TMEM120B",0.522999051215516,0.617299898353054,0.03,0.015,1
"CFLAR",0.52341355984617,0.630034221679063,0.422,0.47,1
"ENSG00000276900",0.523651459707969,1.42903093501151,0.048,0.03,1
"GUSBP2",0.523651459707969,1.68083702025653,0.048,0.03,1
"IMPDH1",0.523651459707969,1.27213761442424,0.048,0.03,1
"TCEANC",0.523651459707969,1.91385985090799,0.048,0.03,1
"ZIK1",0.523651459707969,1.41523981193844,0.048,0.03,1
"ZNF14",0.523651459707969,1.83790436407759,0.048,0.03,1
"ZNF250",0.523651459707969,1.52346996721162,0.048,0.03,1
"TOMM34",0.52499872236642,1.10611602095562,0.066,0.045,1
"SNHG1",0.526375291672624,0.110587709123423,0.271,0.348,1
"ATXN7L1",0.526452488688152,1.21250011541012,0.084,0.121,1
"TET3",0.526461320214262,0.327455377810572,0.102,0.136,1
"CARMIL2",0.527084333916672,0.349572673722865,0.12,0.167,1
"APRT",0.527316976733072,-0.294926709209562,0.114,0.152,1
"ANKRD42",0.527670963299054,0.971220593902281,0.048,0.03,1
"AOAH",0.527670963299054,1.51734102235506,0.048,0.03,1
"BLVRA",0.527670963299054,1.40934870571229,0.048,0.03,1
"FAM50B",0.527670963299054,1.89128318406945,0.048,0.03,1
"SMPD1",0.527670963299054,1.34163592801869,0.048,0.03,1
"ZWILCH",0.527670963299054,1.57704473276242,0.048,0.03,1
"AGO3",0.527949271099962,1.0473552025971,0.145,0.121,1
"RNF187",0.528089922664643,0.493583423282695,0.187,0.258,1
"C19orf54",0.528142694859933,0.812597043847716,0.03,0.015,1
"PGAP1",0.528142694859933,0.733018172107816,0.03,0.015,1
"XKR6",0.528196762674663,0.987202428553993,0.175,0.152,1
"ARFRP1",0.528429252101523,0.383932554144918,0.066,0.045,1
"HMGCL",0.528429252101523,1.0035576553757,0.066,0.045,1
"FAM117A",0.528657213579755,0.639613080145479,0.271,0.379,1
"ING1",0.529039240310301,2.01018193017818,0.096,0.076,1
"PYGO2",0.529241789361409,0.463836477882948,0.133,0.182,1
"CYB5R4",0.530315524976322,0.95541663834582,0.181,0.242,1
"SPATA5L1",0.53105736620441,0.944467800215603,0.096,0.136,1
"COMMD8",0.531140070783073,-0.175627984139262,0.066,0.091,1
"KIF27",0.531706139055373,1.48316864978622,0.048,0.03,1
"REXO4",0.531706139055373,1.56270561374134,0.048,0.03,1
"UTS2B",0.531706139055373,1.30633262148738,0.048,0.03,1
"PRCC",0.531755599505473,0.41835964342736,0.187,0.242,1
"STK10",0.531771719387646,0.699019172734333,0.235,0.318,1
"ENSG00000290548",0.531871161735308,1.16510248483958,0.066,0.045,1
"NSFL1C",0.531885632759252,1.02393594121434,0.12,0.167,1
"DDX50",0.53190417170405,0.124684057629442,0.217,0.273,1
"GMDS",0.531926360033698,0.143206684090854,0.09,0.121,1
"NRBP1",0.531973513765648,0.281665777447476,0.139,0.182,1
"NAP1L4",0.532749279849746,0.681233105524647,0.199,0.273,1
"MIR23AHG",0.53292561248759,-0.14959162023229,0.078,0.106,1
"SLC17A9",0.533311989421303,-0.512492563687381,0.03,0.015,1
"SLC41A1",0.533311989421303,0.418604873635473,0.03,0.015,1
"SLITRK5",0.533311989421303,-0.818548253633799,0.03,0.015,1
"ZBTB17",0.533311989421303,-0.344812933448245,0.03,0.015,1
"GPATCH8",0.533343859804595,0.579798360614232,0.253,0.348,1
"RCAN3",0.533586967823861,1.31075068859925,0.217,0.212,1
"CEP104",0.533877788787663,0.284231118354726,0.127,0.167,1
"ZBTB4",0.534115322918195,0.716693925973619,0.187,0.258,1
"ARMH4",0.534291972328098,-0.357416791057854,0.066,0.091,1
"PPP3CA",0.534340312347464,0.618776478938121,0.488,0.591,1
"EIF4E2",0.534404948611,0.721284125849037,0.205,0.182,1
"ZNF106",0.534888437355954,0.335172760505729,0.325,0.424,1
"FAAP20",0.535324393714264,-0.662953873584943,0.054,0.076,1
"RAP2C-AS1",0.535324393714264,1.02531823619704,0.066,0.045,1
"ZNF790-AS1",0.535324393714264,1.22485349816542,0.066,0.045,1
"FIZ1",0.535756894291903,1.01488028297293,0.048,0.03,1
"RGCC",0.535756894291903,1.43416735860513,0.048,0.03,1
"TAGAP-AS1",0.535756894291903,1.62231910816153,0.048,0.03,1
"PDAP1",0.535882417572719,0.202178450176043,0.151,0.197,1
"DYNLT3",0.536006925287622,0.986934933008779,0.108,0.152,1
"GTF2I",0.53680111318194,0.956266289102731,0.181,0.152,1
"KLHL33",0.53698799518542,-0.91338547311441,0.096,0.121,1
"SESN1",0.537038449032951,1.0676451753323,0.175,0.242,1
"WDR5",0.537453288148072,-0.257967586219237,0.066,0.091,1
"NUP88",0.537725565271418,0.764392389792711,0.307,0.318,1
"KRCC1",0.537785947952446,0.840620823247574,0.331,0.364,1
"TMEM205",0.538048265618733,-0.128672729340981,0.133,0.167,1
"ZNF146",0.538552726382071,0.321589867496968,0.199,0.258,1
"PSPH",0.538788889669587,-0.205245785350995,0.054,0.076,1
"ALMS1",0.538851521438874,0.462870876113316,0.139,0.182,1
"PRRC2A",0.539137158980484,-0.175149858934022,0.157,0.197,1
"PURA",0.539190867257048,0.610550361201903,0.235,0.318,1
"MTM1",0.539464621883859,0.153000079112416,0.102,0.136,1
"ARFGEF1",0.539529627910258,0.963493336277929,0.253,0.258,1
"TTC19",0.539800580428255,1.42401044153083,0.127,0.106,1
"COL9A3",0.539823134780552,0.790221774110579,0.048,0.03,1
"DPY19L4",0.539823134780552,0.917828109889886,0.048,0.03,1
"POU6F1",0.539823134780552,1.02116295326506,0.048,0.03,1
"PRKN",0.539823134780552,0.759871388399577,0.048,0.03,1
"SLC14A1",0.539823134780552,0.957876000251276,0.048,0.03,1
"ZNF207",0.539838568688311,0.249139813909075,0.53,0.773,1
"AKAP8",0.539839748580283,1.01283544803477,0.145,0.121,1
"PPP1R11",0.539892108961593,1.3542264451761,0.205,0.197,1
"TAF1B",0.540190507236854,0.211455203263599,0.09,0.121,1
"NCF1",0.5405057104937,1.47232738676935,0.096,0.076,1
"SKP2",0.5405057104937,1.19712843480194,0.096,0.076,1
"TSPYL2",0.540656844384076,0.265069414655149,0.211,0.273,1
"MIEF1",0.541036127181951,0.213615043385094,0.127,0.167,1
"DPP8",0.541053724841187,0.456165280462857,0.235,0.318,1
"PTPN11",0.541153780504354,0.484770936426927,0.157,0.212,1
"CTR9",0.541599333232287,0.768305840473917,0.181,0.242,1
"SCAF8",0.541658042374367,0.371855759781883,0.205,0.273,1
"CEP44",0.541739559871001,0.358500958435915,0.078,0.106,1
"TTI1",0.541739559871001,0.163566937631663,0.078,0.106,1
"ELF1",0.541936974437472,0.723957572764447,0.488,0.591,1
"SMARCC2",0.541985316071773,0.339355820689363,0.283,0.364,1
"KATNA1",0.542084452613983,0.273101319766124,0.102,0.136,1
"RC3H1",0.543336706151665,0.837532117622305,0.157,0.212,1
"DCUN1D5",0.543803982435187,0.553016270235316,0.066,0.091,1
"GCSAM",0.543803982435187,0.181640482707942,0.066,0.091,1
"FAM189B",0.543904764754977,0.594822400313068,0.048,0.03,1
"GPR89B",0.543904764754977,0.644717226496419,0.048,0.03,1
"PCNX3",0.543904764754977,0.823196252919067,0.048,0.03,1
"TRAPPC2L",0.544347759034385,0.957420828711552,0.096,0.136,1
"ACBD3",0.544467800862627,0.954470734349725,0.235,0.227,1
"STX5",0.544633192339667,0.843698095709483,0.145,0.121,1
"LDB1",0.544879607171262,1.21465632143764,0.127,0.106,1
"ZNF675",0.545202193048251,1.43780809695531,0.139,0.121,1
"E2F5",0.545732123588544,0.46466514829408,0.181,0.242,1
"INTS1",0.545751435970774,0.54979290047869,0.066,0.045,1
"RSL1D1-DT",0.546121922049104,-1.48954840598975,0.03,0.045,1
"SLC9B2",0.546993269401783,-0.131362356804833,0.066,0.091,1
"LINC02245",0.547013451283691,0.272700279563682,0.175,0.227,1
"MR1",0.54734308045172,-0.129221905025787,0.102,0.136,1
"VPS13B",0.547708503714258,0.438225741709842,0.295,0.288,1
"LINC00641",0.548001686915669,0.343999771151985,0.048,0.03,1
"NPIPB4",0.548001686915669,0.215362114903477,0.048,0.03,1
"TSPAN5",0.548001686915669,0.805323976723701,0.048,0.03,1
"HDAC7",0.548091018462951,1.13201554195241,0.157,0.136,1
"ZRANB3",0.548518391629998,0.677155328818788,0.09,0.121,1
"ACADSB",0.548704389564769,0.838771879626759,0.108,0.152,1
"RARS2",0.549125056738968,0.269868987333096,0.175,0.227,1
"RBL2",0.549129849827908,0.253674606236652,0.289,0.364,1
"ENSG00000285646",0.549138814524971,-1.26145483003702,0.018,0.03,1
"LY6G5C",0.549138814524971,-1.17574343668835,0.018,0.03,1
"MALRD1",0.549138814524971,-2.12443800729508,0.018,0.03,1
"TBRG1",0.549184496565192,0.392523373403409,0.295,0.394,1
"INPP5E",0.549249365522586,-0.319105290931443,0.054,0.076,1
"RAD9A",0.549249365522586,0.159400706904937,0.054,0.076,1
"PHF10",0.549540499586468,0.785267243925914,0.199,0.182,1
"LIX1L",0.549744507594772,0.509860204396688,0.114,0.152,1
"DHRS1",0.550391093648817,0.373911564690684,0.102,0.076,1
"NUDT17",0.550692594770801,-0.930583151681632,0.03,0.045,1
"SFXN4",0.550692594770801,-1.21291853887339,0.03,0.045,1
"SIGLEC9",0.550692594770801,-1.19043373045745,0.03,0.045,1
"PCBP2",0.551481171048832,0.140392952432911,0.633,0.788,1
"ENSG00000289340",0.552095120294513,1.18340923305079,0.096,0.076,1
"CAMKMT",0.552112006415574,0.3805142618905,0.157,0.212,1
"YTHDF3",0.552413818294997,1.00299131284311,0.151,0.212,1
"AP2A1",0.552626822429178,0.233926798216658,0.102,0.136,1
"CBLN3",0.552758317467486,0.357562507812386,0.066,0.045,1
"DPH5-DT",0.552758317467486,0.630015784690814,0.066,0.045,1
"TNFAIP1",0.552758317467486,0.424790335413369,0.066,0.045,1
"SHLD2",0.552765226751441,1.04214895233198,0.145,0.197,1
"ESR2",0.553603555468023,0.565347792719423,0.078,0.106,1
"FKTN",0.554039958022143,-0.75784946845569,0.042,0.061,1
"DCLRE1C",0.554183079204882,0.572743053464265,0.235,0.318,1
"ENSG00000258810",0.554901295658203,-1.28170684155419,0.018,0.03,1
"ENSG00000290008",0.554901295658203,-1.50111649584105,0.018,0.03,1
"FRMD4A",0.554901295658203,-1.55638353752531,0.018,0.03,1
"WDR35",0.554901295658203,-1.14054755505477,0.018,0.03,1
"RUNDC1",0.555043558187074,0.43145993150605,0.145,0.197,1
"EBPL",0.555278044860577,0.39213572587558,0.102,0.136,1
"PLEKHM2",0.555278044860577,0.323391408812189,0.102,0.136,1
"LINC00888",0.55528201282755,-0.93269246651123,0.03,0.045,1
"LNPEP",0.555476376299358,0.354963183690654,0.38,0.5,1
"TLR10",0.555847978476937,0.466420884928431,0.349,0.485,1
"LINC01473",0.556101066458259,0.25294918084243,0.102,0.076,1
"TMEM101",0.556278229394699,0.357636031061711,0.054,0.076,1
"PEX3",0.556393493627045,1.4223928303269,0.108,0.152,1
"GRK3",0.556518895702484,0.4676415990538,0.235,0.303,1
"KLHL28",0.556689717581626,0.950172221680906,0.163,0.227,1
"TSBP1-AS1",0.557408128410236,0.841129214489082,0.139,0.182,1
"MYNN",0.557935232031266,1.71210741908103,0.096,0.076,1
"MAP3K14",0.559072116706145,0.121553478763297,0.265,0.333,1
"TRPV2",0.559582907155654,0.275350840356206,0.078,0.106,1
"ZSWIM7",0.559582907155654,0.117453519059417,0.078,0.106,1
"CYTH2",0.55980903809263,-0.212487689989442,0.054,0.076,1
"DALRD3",0.55980903809263,-0.284890933594778,0.054,0.076,1
"BTD",0.559842255692419,0.118122257880897,0.066,0.091,1
"DNAAF5",0.559842255692419,0.273558736496317,0.066,0.091,1
"ENSG00000267152",0.559842255692419,1.83995217526509,0.078,0.061,1
"CA8",0.559890036312872,-0.661651718916159,0.03,0.045,1
"GAREM2",0.559890036312872,-0.988867399397944,0.03,0.045,1
"EEPD1",0.560693177722486,-1.36632364284694,0.018,0.03,1
"ENSG00000269749",0.560693177722486,-0.903520881088713,0.018,0.03,1
"ENSG00000289353",0.560693177722486,-1.01803882639228,0.018,0.03,1
"PDZRN3",0.560693177722486,-1.0495551688875,0.018,0.03,1
"RPAP3-DT",0.560693177722486,-0.711602242728676,0.018,0.03,1
"SLFN12",0.560693177722486,-1.05941751865686,0.018,0.03,1
"AFG3L2",0.561150999707919,1.12336683669991,0.139,0.121,1
"HPS1",0.561878490385765,0.404327414874404,0.175,0.227,1
"DTX2",0.561953892573517,-0.235976308439121,0.042,0.061,1
"ST3GAL1",0.561961581113012,0.744020068209605,0.271,0.273,1
"ZNF626",0.562537574671776,0.508800680433952,0.09,0.121,1
"ENSG00000242861",0.562806060129164,0.542998789984685,0.151,0.197,1
"AMY2B",0.563077221910652,0.360775320452515,0.066,0.091,1
"CRTC1",0.563077221910652,0.631981705234409,0.066,0.091,1
"NDUFAF7",0.563077221910652,0.381531870842621,0.066,0.091,1
"ZNF672",0.563077221910652,0.301398979885962,0.066,0.091,1
"TMOD2",0.563077221910652,1.61981160500689,0.078,0.061,1
"NFE2L1",0.563268793196736,0.466228667734441,0.102,0.136,1
"GPR132",0.563805231885879,1.10725919600914,0.096,0.076,1
"CSRNP1",0.564376893808006,1.41783921784535,0.108,0.091,1
"SBF1",0.564446191824486,0.309244499608438,0.139,0.182,1
"PLEKHA7",0.564473834102968,0.214176958054959,0.47,0.606,1
"GAREM1",0.564516522999055,-0.759692667408817,0.03,0.045,1
"CDCA7L",0.564776990255282,0.55891340683386,0.193,0.258,1
"THUMPD1",0.564776990255282,0.751088625807713,0.217,0.197,1
"PLEKHA1",0.565238234450606,0.710501934715891,0.127,0.167,1
"ENSG00000287265",0.565593416362927,0.667921604212677,0.078,0.106,1
"ZNF525",0.565593416362927,0.659428080372914,0.078,0.106,1
"BIRC2",0.565817495022704,1.0959302095874,0.169,0.227,1
"BCL7C",0.565931241653305,-0.285183642109724,0.042,0.061,1
"CPT2",0.565931241653305,-0.397968952934366,0.042,0.061,1
"TRIT1",0.565944644619926,0.429250712279575,0.102,0.136,1
"XPC",0.566103265831784,1.43007473726601,0.139,0.121,1
"METTL21A",0.566161224078336,0.470768623598064,0.175,0.227,1
"MTFR1",0.566321178057293,1.50995809355334,0.078,0.061,1
"ZBTB11",0.566502372922541,0.691563016081644,0.145,0.197,1
"ASB6",0.56651417824205,-1.03824972316983,0.018,0.03,1
"C16orf74",0.56651417824205,-1.11326118746851,0.018,0.03,1
"DLGAP1",0.56651417824205,0.363338626534433,0.018,0.03,1
"ENSG00000269693",0.56651417824205,-0.663396582029923,0.018,0.03,1
"ESS2",0.56651417824205,-0.575262006503718,0.018,0.03,1
"GALNT7-DT",0.56651417824205,-0.774193883242048,0.018,0.03,1
"GPR153",0.56651417824205,-0.489277149135398,0.018,0.03,1
"ITGA1",0.56651417824205,-0.796250923312887,0.018,0.03,1
"KLHL13",0.56651417824205,-0.557541436625761,0.018,0.03,1
"KRTCAP3",0.56651417824205,-0.895856310607749,0.018,0.03,1
"LAMTOR5-AS1",0.56651417824205,-1.59587989673024,0.018,0.03,1
"NUDT7",0.56651417824205,-0.80604490659935,0.018,0.03,1
"PAQR3",0.56651417824205,-1.37690138651881,0.018,0.03,1
"PLEKHG4",0.56651417824205,-1.01597213022143,0.018,0.03,1
"RPH3AL",0.56651417824205,-0.999563668766172,0.018,0.03,1
"SLC37A4",0.56651417824205,-0.666183408000421,0.018,0.03,1
"SLC9B1",0.56651417824205,-1.29083951349653,0.018,0.03,1
"ZNF888",0.56651417824205,-0.652289787722741,0.018,0.03,1
"RNF8",0.566903088966797,0.219999968893551,0.054,0.076,1
"BFAR",0.56709402476268,0.66824794633363,0.163,0.212,1
"TMEM41B",0.567356000401365,0.558658054020562,0.151,0.197,1
"SH3YL1",0.568193285088263,0.311994960944909,0.09,0.121,1
"ZNF251",0.568496232201964,0.784204317523511,0.169,0.152,1
"BBS10",0.568610256219185,0.638525995621432,0.078,0.106,1
"METTL6",0.568610256219185,0.203948236716119,0.078,0.106,1
"DCAF7",0.568825423584274,0.617032263281251,0.199,0.258,1
"LYPLA1",0.568892045838967,0.396479810725433,0.193,0.258,1
"CCDC102A",0.569161328347904,-0.760153707870768,0.03,0.045,1
"CD200R1",0.569161328347904,-0.933859144880655,0.03,0.045,1
"IFT43",0.569161328347904,-0.671892965853259,0.03,0.045,1
"NQO2",0.569161328347904,-0.549215930411659,0.03,0.045,1
"CARD8-AS1",0.569190911891596,0.890463388496464,0.133,0.182,1
"YJU2B",0.569190911891596,0.659909550936034,0.133,0.182,1
"SMARCD1",0.569305022315026,0.33475247983047,0.163,0.212,1
"LONP2",0.569332905189679,0.389856024306807,0.223,0.288,1
"MCM7",0.569574074199699,1.70056345068034,0.078,0.061,1
"DCUN1D4",0.569704824986092,1.04904115236269,0.096,0.076,1
"C2orf42",0.569922056388948,-0.657102759218826,0.042,0.061,1
"KLHL23",0.569922056388948,0.416433866952566,0.042,0.061,1
"PUM2",0.570028105177456,0.954051011152154,0.355,0.409,1
"AGTPBP1",0.570066993937528,0.500197386371673,0.114,0.152,1
"FRAT2",0.570466200741,0.153499480068176,0.054,0.076,1
"PALS1",0.570466200741,0.70765389232435,0.054,0.076,1
"SMOC1",0.570466200741,-0.600941056481217,0.054,0.076,1
"NFKB2",0.570954931306451,0.539777195382666,0.217,0.197,1
"USP22",0.570954931306451,1.37149118561442,0.211,0.212,1
"PIGB",0.571031302871783,0.520853509057911,0.09,0.121,1
"CEP192",0.571634766056375,0.633558038018118,0.078,0.106,1
"CLK2",0.572019066409804,0.729683682747554,0.235,0.227,1
"AARS2",0.572364008983604,-0.574245492827208,0.018,0.03,1
"AKAP6",0.572364008983604,-0.235140533918858,0.018,0.03,1
"BRCA1",0.572364008983604,-0.410667277357907,0.018,0.03,1
"CCDC85B",0.572364008983604,-0.143665622686255,0.018,0.03,1
"COMTD1",0.572364008983604,-0.648004140306765,0.018,0.03,1
"DEPTOR",0.572364008983604,-0.361730162679274,0.018,0.03,1
"DHX32",0.572364008983604,-0.42807219390832,0.018,0.03,1
"DNAJC6",0.572364008983604,0.330460434291416,0.018,0.03,1
"ENSG00000234915",0.572364008983604,-0.582117130813644,0.018,0.03,1
"ENSG00000255847",0.572364008983604,-0.103501666931135,0.018,0.03,1
"ENSG00000258820",0.572364008983604,-0.693323904403795,0.018,0.03,1
"ENSG00000272831",0.572364008983604,-0.16275128259121,0.018,0.03,1
"ENSG00000273797",0.572364008983604,-0.555351067129724,0.018,0.03,1
"ENSG00000290758",0.572364008983604,-0.935004956610972,0.018,0.03,1
"ERCC5",0.572364008983604,-0.563240755593638,0.018,0.03,1
"FAM221A",0.572364008983604,-0.268713325743207,0.018,0.03,1
"GAS2",0.572364008983604,-0.310867074269164,0.018,0.03,1
"HECW2",0.572364008983604,-0.272804433159732,0.018,0.03,1
"KNL1",0.572364008983604,-0.552532935081661,0.018,0.03,1
"LINC02580",0.572364008983604,-0.41281552732357,0.018,0.03,1
"LYZ",0.572364008983604,2.06598334665115,0.018,0.03,1
"MEGF6",0.572364008983604,-0.516596582199092,0.018,0.03,1
"PHETA1",0.572364008983604,0.103707308835581,0.018,0.03,1
"SERPINI2",0.572364008983604,-0.196502072799577,0.018,0.03,1
"SHLD3",0.572364008983604,-0.290724074939903,0.018,0.03,1
"STARD7-AS1",0.572364008983604,-0.714931288225089,0.018,0.03,1
"TESK2",0.572364008983604,-0.133609396106919,0.018,0.03,1
"TSHZ3",0.572364008983604,-0.116231061790955,0.018,0.03,1
"VWA5A",0.572364008983604,-0.518804649434344,0.018,0.03,1
"ZNF135",0.572364008983604,-0.274121689002095,0.018,0.03,1
"ZNF700",0.572364008983604,-0.332416069952924,0.018,0.03,1
"UCKL1",0.572722749769755,1.66351642105908,0.108,0.091,1
"GNL2",0.573175476898021,0.167293971870951,0.12,0.152,1
"SYMPK",0.573175476898021,-0.37262451791107,0.12,0.152,1
"KBTBD2",0.573431693151691,1.17230861557817,0.163,0.152,1
"ABCD1",0.573824305521987,-0.322480119074723,0.03,0.045,1
"AMDHD2",0.573824305521987,-0.543961950469916,0.03,0.045,1
"CRAT",0.573824305521987,0.425690783733255,0.03,0.045,1
"ENSG00000256591",0.573824305521987,0.137666195742091,0.03,0.045,1
"ESR1",0.573824305521987,-0.291083473691022,0.03,0.045,1
"LINC01811",0.573824305521987,-0.659737084751165,0.03,0.045,1
"USP34-DT",0.573824305521987,-0.170802730141486,0.03,0.045,1
"PDPR",0.573830235670419,0.723669494124265,0.145,0.121,1
"ARMH1",0.573876051049902,0.133039684129147,0.09,0.121,1
"RABL2A",0.573876051049902,0.446847973285166,0.09,0.121,1
"FUT4",0.573926243560792,0.141900993885886,0.042,0.061,1
"POLRMT",0.573926243560792,-0.561583629304448,0.042,0.061,1
"ZNF85",0.573926243560792,0.260696048552536,0.042,0.061,1
"PINX1",0.574039948487849,0.714888957779348,0.054,0.076,1
"FBXO28",0.574213762786048,0.302659516238522,0.151,0.197,1
"FAM120C",0.574666905224799,0.635185796621675,0.078,0.106,1
"SEC14L1",0.575102154907254,0.590973090414299,0.247,0.333,1
"MTMR4",0.57520302440114,0.479111339391539,0.114,0.152,1
"DNHD1",0.575633710469304,0.925368675889189,0.096,0.076,1
"SLA",0.575843009823099,0.903434303768978,0.127,0.106,1
"HEXIM2-AS1",0.57610648399347,0.122708992048091,0.066,0.091,1
"TRAM2",0.57610648399347,0.806111827044903,0.078,0.061,1
"ANXA2R-AS1",0.576689327471527,0.811034710006348,0.169,0.227,1
"C21orf91",0.576708644572511,0.584772338706822,0.102,0.136,1
"ZPR1",0.576727495736675,0.652965965193522,0.09,0.121,1
"TXNRD1",0.57743328783275,0.35456099418634,0.434,0.621,1
"ACYP1",0.577624265034863,-0.198934793454033,0.054,0.076,1
"ERVK3-1",0.577624265034863,0.252238760946127,0.054,0.076,1
"ZNF350",0.577624265034863,0.100525873248701,0.054,0.076,1
"ZNF426",0.577624265034863,0.405173395830052,0.054,0.076,1
"UBR4",0.57770663266915,0.892102991042725,0.078,0.106,1
"CCP110",0.577943708708167,0.140456430356939,0.042,0.061,1
"LRRC27",0.577943708708167,0.429377456119194,0.042,0.061,1
"TWF2",0.577943708708167,-0.158478012054911,0.042,0.061,1
"ZNF133",0.577943708708167,0.352402182021104,0.042,0.061,1
"ZNF385A",0.577943708708167,0.171484260523032,0.042,0.061,1
"HNRNPR",0.578103786151101,0.545792521247858,0.47,0.561,1
"AREG",0.578242375992005,0.364033884889588,0.018,0.03,1
"BCL11B",0.578242375992005,-0.111371744927714,0.018,0.03,1
"DAPK3",0.578242375992005,0.976282599320576,0.018,0.03,1
"ENSG00000224478",0.578242375992005,-0.130367611868847,0.018,0.03,1
"ENSG00000283352",0.578242375992005,-0.59637828218562,0.018,0.03,1
"ENSG00000286369",0.578242375992005,-0.314501736322799,0.018,0.03,1
"ENSG00000291121",0.578242375992005,0.127060485109403,0.018,0.03,1
"FGF13",0.578242375992005,1.20161744539433,0.018,0.03,1
"GCC2-AS1",0.578242375992005,0.366401884045877,0.018,0.03,1
"LDLRAP1",0.578242375992005,0.826499163600039,0.018,0.03,1
"LINC01013",0.578242375992005,1.66805374538624,0.018,0.03,1
"RBBP9",0.578242375992005,0.645097491943571,0.018,0.03,1
"SDK1",0.578242375992005,0.366323541556778,0.018,0.03,1
"SLC25A28-DT",0.578242375992005,0.635722634322724,0.018,0.03,1
"SYS1-DBNDD2",0.578242375992005,-0.192372350358321,0.018,0.03,1
"TMEM11",0.578242375992005,0.451722231099946,0.018,0.03,1
"TMEM143",0.578242375992005,0.465688046946373,0.018,0.03,1
"TMEM186",0.578242375992005,0.275339115678099,0.018,0.03,1
"TOP3B",0.578242375992005,-0.207441341832743,0.018,0.03,1
"ZNF665",0.578242375992005,0.121694860985875,0.018,0.03,1
"CARD19",0.578505305396341,-0.185871057780847,0.03,0.045,1
"CDKL5",0.578505305396341,0.245923275494694,0.03,0.045,1
"GDPD5",0.578505305396341,-0.375379988978747,0.03,0.045,1
"SPRYD4",0.578505305396341,-0.47172950268264,0.03,0.045,1
"TMEM38A",0.578505305396341,-0.616234629649429,0.03,0.045,1
"ZNF668",0.578505305396341,-0.663032680197944,0.03,0.045,1
"PRMT9",0.579385895037787,0.309054004406931,0.066,0.091,1
"CYLD-AS1",0.579385895037787,1.56806468619751,0.078,0.061,1
"SLC66A1",0.579385895037787,1.06458322920636,0.078,0.061,1
"TMEM14C",0.57941464983562,0.555389833019078,0.102,0.136,1
"BRWD1",0.580777958881222,0.887358561591972,0.247,0.333,1
"SNHG25",0.581103161720661,0.910327755114064,0.157,0.212,1
"BRD1",0.581126738545146,1.28169270410011,0.108,0.091,1
"ETHE1",0.581219082426702,-0.487233189284234,0.054,0.076,1
"PARP16",0.581219082426702,-0.164056825062177,0.054,0.076,1
"DTNB",0.581676408475776,1.56573808441311,0.12,0.106,1
"FNBP1",0.581890933788488,0.133948019721336,0.608,0.758,1
"NPIPB13",0.58197435613509,-0.443951877814184,0.042,0.061,1
"PPP5C",0.58197435613509,0.258151431138846,0.042,0.061,1
"TMEM134",0.582450337522635,0.971146186917516,0.09,0.121,1
"POLR3D",0.582674040867909,0.201080194507319,0.066,0.091,1
"USE1",0.582674040867909,1.0081605987907,0.066,0.091,1
"GCC1",0.582674040867909,1.08578717535038,0.078,0.061,1
"RBMXL1",0.582674040867909,1.42475545661034,0.078,0.061,1
"ZNF76",0.582674040867909,1.67691145665293,0.078,0.061,1
"BTN2A2",0.582732811617981,1.08756905574827,0.145,0.197,1
"ENSG00000284773",0.58320417657067,-0.181356379318413,0.03,0.045,1
"ENSG00000290073",0.58320417657067,0.308286903034886,0.03,0.045,1
"HSD17B1-AS1",0.58320417657067,1.11141497797364,0.03,0.045,1
"IKZF4",0.58320417657067,0.137231227717483,0.03,0.045,1
"MAP1S",0.58320417657067,0.611046373839139,0.03,0.045,1
"RNF215",0.58320417657067,-0.14004577958204,0.03,0.045,1
"TRIQK",0.58320417657067,0.219604435907961,0.03,0.045,1
"UHRF1BP1",0.58320417657067,-0.192499552983941,0.03,0.045,1
"ZNF592",0.583418029406257,0.620716111992029,0.151,0.197,1
"RDH14",0.583808686144976,0.523932438958793,0.078,0.106,1
"ZNF439",0.583940835703586,1.32818267868136,0.108,0.091,1
"MTMR14",0.584002847816299,0.100476348321645,0.157,0.197,1
"ADAM22",0.58414897962781,0.54273051904509,0.018,0.03,1
"ALG9",0.58414897962781,0.80492997248257,0.018,0.03,1
"AMPD2",0.58414897962781,0.601799150683511,0.018,0.03,1
"ANTKMT",0.58414897962781,0.499806361415478,0.018,0.03,1
"ATP8B4",0.58414897962781,0.193737440185999,0.018,0.03,1
"BEST1",0.58414897962781,-0.139659680356561,0.018,0.03,1
"CABLES1",0.58414897962781,0.468441093207042,0.018,0.03,1
"CCDC61",0.58414897962781,-0.245277534311632,0.018,0.03,1
"CISD3",0.58414897962781,0.376203876083646,0.018,0.03,1
"DPH6-DT",0.58414897962781,0.487914714930015,0.018,0.03,1
"ENSG00000213121",0.58414897962781,-0.475816434535807,0.018,0.03,1
"ENSG00000225689",0.58414897962781,1.51899057699615,0.018,0.03,1
"ENSG00000243305",0.58414897962781,1.6152454495707,0.018,0.03,1
"ENSG00000248710",0.58414897962781,0.366930559449825,0.018,0.03,1
"ENSG00000255856",0.58414897962781,0.402887520921774,0.018,0.03,1
"ENSG00000267179",0.58414897962781,0.708917032839404,0.018,0.03,1
"ENSG00000269892",0.58414897962781,0.304587232335586,0.018,0.03,1
"ENSG00000269971",0.58414897962781,0.150419821179065,0.018,0.03,1
"ENSG00000273118",0.58414897962781,0.57016995796653,0.018,0.03,1
"ENSG00000277855",0.58414897962781,0.428984267586198,0.018,0.03,1
"ENSG00000286503",0.58414897962781,0.11154963643197,0.018,0.03,1
"ITGA5",0.58414897962781,0.162398487132659,0.018,0.03,1
"KIF21A",0.58414897962781,-0.136757845583483,0.018,0.03,1
"LINC02240",0.58414897962781,0.342288647064612,0.018,0.03,1
"MSANTD3",0.58414897962781,0.209415239773726,0.018,0.03,1
"NDUFAF5",0.58414897962781,1.40450974974198,0.018,0.03,1
"NIPAL1",0.58414897962781,0.267674396020179,0.018,0.03,1
"NMNAT1",0.58414897962781,0.552461476881872,0.018,0.03,1
"NOP9",0.58414897962781,1.245551394111,0.018,0.03,1
"NUMBL",0.58414897962781,-0.40459359007194,0.018,0.03,1
"PAQR7",0.58414897962781,0.798102305131768,0.018,0.03,1
"PARPBP",0.58414897962781,-0.146513830761,0.018,0.03,1
"PMM1",0.58414897962781,1.08898278490072,0.018,0.03,1
"PPP2R2B",0.58414897962781,1.23080303060369,0.018,0.03,1
"PTPDC1",0.58414897962781,0.145778880012094,0.018,0.03,1
"SCRIB",0.58414897962781,0.253055550070369,0.018,0.03,1
"SFXN2",0.58414897962781,0.456094602833491,0.018,0.03,1
"SPESP1",0.58414897962781,0.608088161719583,0.018,0.03,1
"STXBP1",0.58414897962781,-0.176878845301766,0.018,0.03,1
"TESC",0.58414897962781,0.302246717171728,0.018,0.03,1
"THAP9",0.58414897962781,-0.126048445420182,0.018,0.03,1
"TMEM220",0.58414897962781,0.611950423755995,0.018,0.03,1
"YES1",0.58414897962781,0.515849850205845,0.018,0.03,1
"ZNF324",0.58414897962781,1.12813476655448,0.018,0.03,1
"ZNF772",0.58414897962781,0.729839347667305,0.018,0.03,1
"C5orf24",0.584493606837448,1.36368081079597,0.175,0.167,1
"BLOC1S4",0.584896101300185,0.358551736564259,0.163,0.212,1
"FBXW4",0.585321665283359,0.547584431332423,0.09,0.121,1
"HARS2",0.585321665283359,0.491680684252908,0.09,0.121,1
"BTBD7",0.585637983327423,1.25932650146344,0.211,0.197,1
"RNF138",0.585729794839897,0.360970016607024,0.151,0.197,1
"ESCO1",0.585813236258069,0.616264300737475,0.139,0.182,1
"CENPT",0.585970868821833,0.284408488581604,0.066,0.091,1
"CENPV",0.585970868821833,0.568595915395456,0.066,0.091,1
"XPR1",0.585970868821833,1.86477604819378,0.078,0.061,1
"ABHD8",0.586018088916155,0.481471381010905,0.042,0.061,1
"OSGEPL1",0.586018088916155,0.443284398169116,0.042,0.061,1
"AKT3",0.586119321129015,1.1229924245785,0.139,0.121,1
"STX16",0.586151256944379,0.260761623369742,0.446,0.606,1
"CABIN1",0.586870928050829,0.354193084504092,0.078,0.106,1
"ZNF154",0.586870928050829,0.421115156023026,0.078,0.106,1
"EIF3G",0.586984611199301,0.250072739382293,0.229,0.303,1
"GABPB1-AS1",0.587658665654101,1.04269892616582,0.169,0.227,1
"ATM",0.587664420660261,0.552191578133937,0.476,0.545,1
"C12orf29",0.587920765382005,-0.36376185377458,0.03,0.045,1
"COLEC11",0.587920765382005,0.663922675044912,0.03,0.045,1
"ENSG00000243004",0.587920765382005,0.696652710668807,0.03,0.045,1
"ENSG00000286707",0.587920765382005,0.659135050160353,0.03,0.045,1
"GNA11",0.587920765382005,0.481424775776365,0.03,0.045,1
"KBTBD8",0.587920765382005,0.108673888403932,0.03,0.045,1
"MAP1LC3A",0.587920765382005,0.10853430751166,0.03,0.045,1
"MIR4453HG",0.587920765382005,0.290154806771803,0.03,0.045,1
"MORC4",0.587920765382005,-0.228388115649158,0.03,0.045,1
"OXR1-AS1",0.587920765382005,0.329356299865073,0.03,0.045,1
"UTP15",0.587920765382005,0.377074113127454,0.03,0.045,1
"WDR18",0.587920765382005,0.536746505251818,0.03,0.045,1
"POGZ",0.587951424751563,0.802058702485237,0.265,0.258,1
"SF3A2",0.588137898483975,0.697618202884009,0.114,0.152,1
"HAVCR2",0.588199550878003,0.788282135716924,0.09,0.121,1
"TOR2A",0.588199550878003,0.119048724284466,0.09,0.121,1
"GLIDR",0.588439944029266,0.70597577803507,0.054,0.076,1
"MFHAS1",0.588439944029266,0.319074123459584,0.054,0.076,1
"SNTA1",0.588439944029266,0.230012545768517,0.054,0.076,1
"ABTB1",0.589276325698084,0.27875870827865,0.066,0.091,1
"TMEM161B",0.58938687855093,1.04851518553464,0.181,0.167,1
"CCND3",0.589594180912305,0.606251052732652,0.446,0.485,1
"EIF4E",0.589865750779474,0.548653062463394,0.205,0.273,1
"ARHGAP35",0.589940589984396,0.870650881807443,0.078,0.106,1
"ATPAF1",0.590074808902622,0.641973634966524,0.042,0.061,1
"EOLA1",0.590074808902622,0.44285114220437,0.042,0.061,1
"SCRN3",0.590074808902622,0.320164721023129,0.042,0.061,1
"ZNF155",0.590074808902622,0.579044293413929,0.042,0.061,1
"CNOT1",0.592061284408632,0.844279229034422,0.434,0.545,1
"RPUSD3",0.592065848445458,0.45496302680503,0.054,0.076,1
"ZNF337",0.592065848445458,1.30061053898393,0.054,0.076,1
"CBX7",0.592103504287084,0.952631677866567,0.163,0.152,1
"TCOF1",0.592181186533842,0.747114227643106,0.175,0.227,1
"AGAP9",0.592654915917853,0.180000291573518,0.03,0.045,1
"CCDC124",0.592654915917853,-0.186395145337002,0.03,0.045,1
"ENSG00000285454",0.592654915917853,0.443266351247574,0.03,0.045,1
"ENSG00000289155",0.592654915917853,0.108059670744314,0.03,0.045,1
"ERVK13-1",0.592654915917853,0.630737339612836,0.03,0.045,1
"FOXP4",0.592654915917853,0.569540825130901,0.03,0.045,1
"RGS14",0.592654915917853,0.378153679811462,0.03,0.045,1
"RTN4IP1",0.592654915917853,0.590563063396276,0.03,0.045,1
"ZNF585B",0.592654915917853,0.879512613067884,0.03,0.045,1
"SMIM27",0.593017628884458,0.756543897964133,0.078,0.106,1
"NTPCR",0.593033240253859,0.915868965312058,0.102,0.136,1
"ULK4",0.593519344117004,0.634457098825001,0.114,0.091,1
"HS6ST1",0.594144416728682,0.482185523169558,0.042,0.061,1
"TMEM64",0.594144416728682,0.437642447416798,0.042,0.061,1
"ZNF577",0.595701974124545,1.25250025184137,0.054,0.076,1
"GSR",0.595912910727911,0.684628800356164,0.066,0.091,1
"IPO11",0.595912910727911,0.599570234016404,0.066,0.091,1
"MNT",0.595912910727911,0.92815075714396,0.066,0.091,1
"JMJD1C",0.5959972186179,0.652049171866652,0.512,0.576,1
"CHCHD3",0.596043034770356,0.69943132830048,0.277,0.379,1
"KCTD9",0.596102001293285,0.677978407694517,0.078,0.106,1
"SCAMP1",0.596102001293285,0.798461689700351,0.078,0.106,1
"ZNF550",0.596102001293285,0.522875220843899,0.078,0.106,1
"ZBTB40",0.596172380364749,1.63431219633758,0.133,0.121,1
"BICRA",0.596248943692978,1.00065080281246,0.139,0.121,1
"ABCA1",0.596872198664035,0.680498641846653,0.09,0.121,1
"ARMC7",0.597406470029809,0.662375897550398,0.03,0.045,1
"ENSG00000290784",0.597406470029809,0.762634223441183,0.03,0.045,1
"STXBP4",0.597406470029809,1.07265538889485,0.03,0.045,1
"TRAM2-AS1",0.597406470029809,0.487416079695338,0.03,0.045,1
"ZNF268",0.597406470029809,0.410503244307924,0.03,0.045,1
"ZW10",0.597406470029809,0.106960500060242,0.03,0.045,1
"ELP2",0.598091099252841,1.39245475304845,0.211,0.212,1
"C19orf18",0.598226811817928,0.971955092870905,0.042,0.061,1
"DNAL4",0.598226811817928,0.909696966618021,0.042,0.061,1
"ENSG00000290574",0.598226811817928,0.494150014230902,0.042,0.061,1
"HSD17B7P2",0.598226811817928,0.562586324160728,0.042,0.061,1
"LILRB2",0.598226811817928,0.820008317823766,0.042,0.061,1
"CAPN7",0.598521444461872,0.936073211794147,0.102,0.136,1
"RASA2",0.598606601214842,0.675113050458307,0.187,0.167,1
"HCG18",0.598793756548877,0.998383238103801,0.139,0.121,1
"RBM12",0.598840433806268,1.16288961145022,0.217,0.212,1
"DDX41",0.599243929801797,1.13291988555413,0.066,0.091,1
"LMNB2",0.599243929801797,0.572619832214843,0.066,0.091,1
"MSANTD2",0.599243929801797,0.875593577919809,0.066,0.091,1
"SIL1",0.599348249248751,0.770803328639782,0.054,0.076,1
"TKFC",0.599348249248751,0.486192369185903,0.054,0.076,1
"TRMT12",0.599348249248751,0.408389316296532,0.054,0.076,1
"ZNF567",0.599348249248751,0.660614072379289,0.054,0.076,1
"ENSG00000289614",0.599635951541777,0.531454926786864,0.096,0.076,1
"USP1",0.600679949572474,0.422960728428664,0.187,0.242,1
"UPF3B",0.600682807514105,0.561171317548403,0.163,0.212,1
"PDHB",0.600720894101666,0.190102753146159,0.217,0.258,1
"ERICH1",0.601084318133417,0.310205092817977,0.235,0.303,1
"TRAPPC6B",0.601205617025208,0.486515896109874,0.114,0.152,1
"UPF1",0.601274159945167,0.683660610621171,0.102,0.136,1
"CD47",0.601850491529991,0.210392762707124,0.53,0.652,1
"DDHD1",0.60198582862376,0.502465037639501,0.199,0.258,1
"BDNF-AS",0.602175267347648,0.272253035125807,0.03,0.045,1
"ENSG00000291201",0.602175267347648,1.0862047592557,0.03,0.045,1
"ENSG00000291299",0.602175267347648,1.04297783620002,0.03,0.045,1
"FAM200A",0.602175267347648,1.20111424363204,0.03,0.045,1
"FHOD1",0.602175267347648,0.867453248505703,0.03,0.045,1
"HDX",0.602175267347648,0.357873212258451,0.03,0.045,1
"L3MBTL1",0.602175267347648,0.71240759920005,0.03,0.045,1
"LINC01128",0.602175267347648,2.02979441899159,0.03,0.045,1
"LINC01725",0.602175267347648,2.14109877790423,0.03,0.045,1
"MAP2K2",0.602175267347648,1.06188565775285,0.03,0.045,1
"PES1",0.602175267347648,0.380868573888628,0.03,0.045,1
"SLC2A13",0.602175267347648,1.50728664519761,0.03,0.045,1
"SPATA2",0.602175267347648,0.157813289352533,0.03,0.045,1
"ZNF561-AS1",0.602175267347648,1.19798012764331,0.03,0.045,1
"ZNF747",0.602175267347648,1.06962535967263,0.03,0.045,1
"EIF1AD",0.60232189239,0.327735912895788,0.042,0.061,1
"NIPSNAP3B",0.60232189239,0.503670299392072,0.042,0.061,1
"PHF7",0.60232189239,0.44830970502282,0.042,0.061,1
"STARD5",0.60232189239,0.986068380185696,0.042,0.061,1
"ZNF510",0.60232189239,0.35103102085696,0.042,0.061,1
"ALKBH7",0.603004601238855,0.388610719668562,0.054,0.076,1
"GON7",0.603004601238855,0.730254484349371,0.054,0.076,1
"JOSD1",0.603004601238855,0.479796396179848,0.054,0.076,1
"PET100",0.603004601238855,0.678974090117576,0.054,0.076,1
"SNRNP35",0.603004601238855,0.929181417470355,0.054,0.076,1
"VRK3",0.603112531908782,0.39702926768993,0.223,0.288,1
"EXOC7",0.603210477498517,1.55797820714182,0.12,0.106,1
"ENSG00000198106",0.603416403933341,2.02073787386236,0.06,0.045,1
"FAM98C",0.603416403933341,1.57380241130743,0.06,0.045,1
"CHPT1",0.604153841281807,1.49127444111415,0.331,0.394,1
"ATF7IP2",0.6043641240863,1.14497108600652,0.151,0.136,1
"CENATAC",0.605115541563444,0.699485370228794,0.139,0.182,1
"DNAJC10",0.605289578043812,0.964869137272848,0.325,0.364,1
"NT5C",0.605407510048463,1.1321644697677,0.187,0.182,1
"GOLGB1",0.605565837904791,0.398404788947105,0.277,0.348,1
"LRSAM1",0.605706579160549,0.741179488017613,0.096,0.076,1
"OXCT1",0.605931144389,0.531642160380692,0.066,0.091,1
"ENSG00000240401",0.605931144389,1.40460858110201,0.078,0.061,1
"SNX11",0.605931144389,0.684831315300848,0.078,0.061,1
"MYLIP",0.606265926137689,0.768961280818613,0.181,0.242,1
"BRD2",0.606371659660611,0.335258517059283,0.464,0.636,1
"ZNF528",0.606670956758091,0.838374816904806,0.054,0.076,1
"PWWP2A",0.606825427547395,1.46626698422967,0.151,0.136,1
"ZNF451",0.606889515145765,0.673257652628108,0.211,0.273,1
"SNN",0.607014055505862,0.489294558628824,0.259,0.242,1
"ENSG00000291066",0.60721415392758,1.7098055692093,0.06,0.045,1
"RPL15",0.607242882556856,0.13506678548298,0.898,0.955,1
"GSPT1",0.607783237111407,1.02399934227206,0.235,0.242,1
"CBX5",0.608439647076228,0.55865763656718,0.205,0.273,1
"WDR5B-DT",0.6087521755816,0.870653357453231,0.096,0.076,1
"MAP4K3",0.609287227649626,1.47842543091876,0.066,0.091,1
"KLHL8",0.609566383927796,1.07620108347564,0.102,0.136,1
"MAP4K5",0.610068809253262,0.906242185314472,0.127,0.167,1
"TMCO6",0.610549696882652,0.799618047616969,0.042,0.061,1
"UBE2T",0.610549696882652,0.982584847704193,0.042,0.061,1
"EFL1",0.611022538457452,1.84752130964627,0.06,0.045,1
"MRPS2",0.611022538457452,1.17043152217118,0.06,0.045,1
"POLR3B",0.611022538457452,1.37035120577149,0.06,0.045,1
"PTPRK",0.611022538457452,2.39641167667412,0.06,0.045,1
"RHOBTB2",0.611022538457452,1.24070765586979,0.06,0.045,1
"ZNF875",0.611377194230625,1.27635994506365,0.12,0.106,1
"ATP10D",0.611716197402494,1.31943226887343,0.199,0.197,1
"CASP1",0.612426689588432,0.623055486978962,0.139,0.182,1
"GUSBP11",0.612651552513949,0.867064152387424,0.066,0.091,1
"HP1BP3",0.613621817393498,0.219848433659662,0.548,0.712,1
"THAP5",0.614033381273268,0.582004507683398,0.054,0.076,1
"DNMT3A",0.614110277128413,1.17885741074743,0.12,0.106,1
"OSER1",0.614110277128413,1.40983010370243,0.12,0.106,1
"PHF8",0.614402845011517,0.637510760567536,0.114,0.152,1
"PPP2CA",0.614841474295923,1.38778387456746,0.06,0.045,1
"PSMD13",0.614996735795755,0.507719813091768,0.181,0.242,1
"MIDEAS",0.61596793611071,0.692798656122467,0.289,0.379,1
"SNHG16",0.616262379941239,0.507317896985799,0.241,0.242,1
"PHACTR4",0.616268299289305,0.981756604030612,0.223,0.212,1
"TMEM179B",0.616503944670003,0.358111118497531,0.175,0.227,1
"METTL16",0.616848730844233,1.35918549565017,0.12,0.106,1
"CBFB",0.616954539293274,1.0047004181081,0.253,0.258,1
"MINDY2",0.617322376166032,0.687192558806801,0.139,0.182,1
"NBPF20",0.617691536603715,0.673184502083457,0.127,0.167,1
"COQ5",0.61790905477217,0.580358280427383,0.102,0.136,1
"WDR59",0.618193922639036,1.23689984639089,0.108,0.091,1
"DHDDS",0.618670877360081,1.23165112085463,0.06,0.045,1
"UBAC1",0.618670877360081,1.60285218503233,0.06,0.045,1
"ASCC2",0.618752488103019,0.309652684130228,0.157,0.197,1
"RPAP3",0.618752686744373,0.229964641963046,0.157,0.197,1
"ZEB1",0.618951167843223,0.685188605970538,0.235,0.303,1
"YTHDC2",0.619065752579287,1.14974604873218,0.205,0.197,1
"SKP1",0.619404696811793,1.10529094607966,0.066,0.091,1
"AUH",0.619717656408284,0.535277210400375,0.169,0.152,1
"HIPK3",0.620088247943766,0.171727009660432,0.169,0.212,1
"GPR18",0.620622803718971,1.40862477305519,0.163,0.152,1
"CTBP1-DT",0.621035642435429,1.19192191556066,0.078,0.106,1
"TYMP",0.621035642435429,1.15963647440059,0.09,0.076,1
"ZNF83",0.6215809088016,0.71090915358626,0.181,0.242,1
"MEN1",0.621686291522091,1.05732611982209,0.151,0.136,1
"AXIN1",0.622510662716252,1.13850042445947,0.06,0.045,1
"ENSG00000290792",0.622510662716252,1.49193079522844,0.06,0.045,1
"SLC25A42",0.622510662716252,1.38014734997864,0.06,0.045,1
"SEL1L",0.623212718948617,0.60129611073173,0.175,0.227,1
"POLR2D",0.623232480233191,1.18656485772911,0.09,0.121,1
"OTUD5",0.623562897685168,0.725906886603147,0.181,0.167,1
"APH1A",0.623647265066608,0.56952299448311,0.193,0.258,1
"SGO1-AS1",0.62408127230091,-0.129811094342224,0.084,0.106,1
"ZNF431",0.624149971892468,0.735855752368694,0.217,0.288,1
"BCL6",0.624183996241062,0.871487750766359,0.078,0.106,1
"NSUN5P2",0.624183996241062,1.27558714208159,0.09,0.076,1
"ARFIP2",0.625355658484546,1.24596564269726,0.127,0.167,1
"PJA2",0.625562768847593,0.601880732228732,0.211,0.273,1
"ENSG00000278600",0.626360744585228,1.16210678054107,0.06,0.045,1
"NOSIP",0.626360744585228,1.16480706312759,0.06,0.045,1
"RHOT2",0.626360744585228,1.21282132684854,0.06,0.045,1
"PSMC5",0.626707360814579,0.36982799549799,0.187,0.242,1
"LINC01588",0.627105453493601,1.05811656220136,0.139,0.121,1
"SAMD4B",0.627119424158311,0.804665187074424,0.265,0.273,1
"SCMH1",0.62716700952832,0.189256432138579,0.084,0.106,1
"NFRKB",0.627339227548406,1.0888653926435,0.09,0.076,1
"TIMM10",0.627726121720183,0.582605171986461,0.114,0.152,1
"ZZEF1",0.627726121720183,0.924676841141585,0.114,0.152,1
"PHAX",0.627844937767271,0.98991419681139,0.163,0.152,1
"SDF4",0.627855629730641,1.32115149268838,0.12,0.106,1
"TOR1B",0.630111518714909,0.674785450560303,0.12,0.152,1
"MTA1",0.630111518714909,1.566845134313,0.133,0.121,1
"FXR1",0.630136295819086,0.561058809717348,0.295,0.394,1
"CENPH",0.630221036347618,1.25751091057221,0.06,0.045,1
"ZNF184",0.630221036347618,1.16092265590051,0.06,0.045,1
"RCOR1",0.630487733603216,0.789601161267357,0.127,0.167,1
"MHENCR",0.630501288654106,1.61307584405879,0.09,0.076,1
"NBR2",0.630501288654106,1.44450497806062,0.09,0.076,1
"MCCC1",0.630620467481605,0.205679445744346,0.108,0.136,1
"KPNA6",0.631682379148246,0.707335710247799,0.259,0.348,1
"ANKMY1",0.63192321984536,1.31618242836311,0.102,0.136,1
"IDH2",0.632720748897308,0.438127963679418,0.096,0.121,1
"TSTD3",0.633390486484573,-0.384733747361704,0.12,0.106,1
"GABBR1",0.63367013148029,1.22349762565135,0.09,0.076,1
"CORO1A",0.63394871320905,0.474519018657086,0.53,0.606,1
"GADD45A",0.6340914505493,0.822682158513151,0.06,0.045,1
"EP300",0.634470973727901,0.617365710191406,0.488,0.545,1
"MAP4",0.634659766419349,0.144479585639992,0.211,0.258,1
"IGBP1",0.634831266841827,0.353902498480072,0.229,0.288,1
"TIAM2",0.635405410466329,0.427476219926835,0.12,0.152,1
"REV3L",0.635489707463507,1.14581606075716,0.187,0.242,1
"SLAIN2",0.635593395708316,0.794602098597239,0.193,0.182,1
"ZC3H18",0.63563769782324,0.785114296649528,0.127,0.167,1
"HMG20B",0.635643436705781,0.698558259932238,0.108,0.091,1
"TUG1",0.636196635429131,0.484962674795255,0.38,0.515,1
"CEP68",0.636227090492094,0.436888718804207,0.133,0.167,1
"UTRN",0.636273690637616,0.402284530219016,0.542,0.712,1
"RFT1",0.636463256987721,0.16922748790579,0.096,0.076,1
"DDX39B",0.637403786447362,0.367738398617797,0.127,0.106,1
"ADO",0.637530066332891,1.09684111896872,0.163,0.152,1
"BLCAP",0.637530066332891,1.34738352930554,0.163,0.152,1
"CREBRF",0.637579452173178,0.894194272684974,0.386,0.439,1
"GPCPD1",0.637790137624997,1.0293933179514,0.349,0.409,1
"TAF15",0.637909437161434,0.232819956541882,0.416,0.53,1
"MTX3",0.637971898906999,0.591710348515402,0.06,0.045,1
"ZNF516",0.637971898906999,0.96970684724775,0.06,0.045,1
"DIS3L2",0.638059383346603,1.43351325989703,0.133,0.121,1
"GTF2H1",0.638219323430357,0.949242862190777,0.127,0.167,1
"FMR1",0.63877600369533,0.572822296852516,0.133,0.167,1
"TLK1",0.638873668789959,0.712957941907296,0.337,0.364,1
"GARS1",0.638945938583906,0.46605779398412,0.108,0.136,1
"WTAP",0.638947166773406,0.597752309394098,0.361,0.394,1
"ATXN7L3B",0.639437587108561,0.345085337876233,0.295,0.394,1
"SLC35A3",0.63979971489144,0.814155177064551,0.181,0.167,1
"TENT2",0.64098022991727,0.511632910973568,0.229,0.288,1
"MPRIP",0.641036964996611,0.549638982353718,0.145,0.182,1
"RCN2",0.641255102842405,0.572390193394992,0.175,0.227,1
"AKAP13",0.641305811456737,0.508617263690849,0.639,0.803,1
"SH3GL1",0.64173130630902,1.24731798974158,0.12,0.106,1
"FDPS",0.641742392228266,1.02061028197905,0.151,0.136,1
"CBWD5",0.641862292313968,0.757282454425172,0.06,0.045,1
"PDZD8",0.641862292313968,0.687403155645635,0.06,0.045,1
"GLUD1",0.64264407800119,0.397094302534423,0.193,0.242,1
"ABCB1",0.643097251837967,1.90348782182812,0.042,0.03,1
"BBS4",0.643097251837967,1.60213082110359,0.042,0.03,1
"CASTOR3",0.643097251837967,1.79880264451808,0.042,0.03,1
"ENSG00000291130",0.643097251837967,1.71511000820117,0.042,0.03,1
"HELZ2",0.643097251837967,1.56055026275729,0.042,0.03,1
"KICS2",0.643097251837967,1.31711706251484,0.042,0.03,1
"NPIPB15",0.643097251837967,1.25466123735611,0.042,0.03,1
"PLPP3",0.643097251837967,2.51386564709761,0.042,0.03,1
"SMARCE1",0.643097251837967,1.71572586137251,0.042,0.03,1
"SPRYD3",0.643097251837967,1.56412961377437,0.042,0.03,1
"ZNF649",0.643097251837967,1.47547389054816,0.042,0.03,1
"GDE1",0.643216527341968,0.832806026353428,0.09,0.076,1
"SUPT16H",0.643993568834238,0.639484793079314,0.247,0.318,1
"LINC01138",0.644076400694324,1.53835660674331,0.102,0.091,1
"SNHG7",0.644417835806279,0.970269891178778,0.301,0.333,1
"TP53BP1",0.644445462849919,0.205522315297908,0.096,0.121,1
"ZC3H12D",0.644521724545821,1.04590585300015,0.12,0.106,1
"SF3B1",0.644620865554606,0.264667152048405,0.548,0.742,1
"TMPO",0.644788747951682,0.408463533991624,0.283,0.364,1
"RELB",0.644795167650291,0.594916447046998,0.157,0.197,1
"PTPRA",0.644862282523684,0.974516903056643,0.199,0.197,1
"USF3",0.645093302777901,0.540395114150037,0.229,0.288,1
"IFIH1",0.645706784070857,0.22415145122734,0.259,0.318,1
"TUT7",0.646282316200159,0.343901829127569,0.265,0.333,1
"TEX10",0.646412345440456,1.30873199580374,0.09,0.076,1
"C1orf52",0.647048471050072,0.919426666223488,0.139,0.182,1
"GLYR1",0.647053525385659,0.623723727266497,0.295,0.318,1
"APBB3",0.647316905355598,0.761682611620509,0.12,0.106,1
"ABL2",0.647317160073674,0.968089709322251,0.12,0.106,1
"SLC25A13",0.647390663888536,0.619111013472578,0.108,0.091,1
"ENSG00000272688",0.647748709354578,1.16212715692999,0.042,0.03,1
"MADD",0.647748709354578,1.82011031853683,0.042,0.03,1
"PHYH",0.647748709354578,1.16808822074289,0.042,0.03,1
"PSTPIP1",0.647748709354578,1.16121272653693,0.042,0.03,1
"TTYH3",0.647748709354578,1.47031529034341,0.042,0.03,1
"TULP3",0.647748709354578,1.61982099701156,0.042,0.03,1
"ZNF256",0.647748709354578,1.82663304138503,0.042,0.03,1
"POLR2G",0.648239469665347,0.409572575304759,0.265,0.333,1
"POLH",0.648491521593777,1.10612689225686,0.187,0.182,1
"TAF1",0.649240971676864,0.371793832180647,0.193,0.242,1
"MXD1",0.649614362738772,1.20285172404183,0.09,0.076,1
"CHD1-DT",0.649672553766278,0.872663852787444,0.06,0.045,1
"AMMECR1L",0.650341396141924,0.206541512918657,0.096,0.121,1
"RAB33B-AS1",0.651398371864334,0.879730025310855,0.12,0.152,1
"FAM172A",0.651577307644457,0.604622221016603,0.289,0.303,1
"SUCLG2",0.651646646898802,0.733749759367713,0.271,0.288,1
"TRIM28",0.651931839101782,0.52512071547349,0.307,0.409,1
"TDG",0.651975763033263,0.472512261701288,0.157,0.197,1
"ACO1",0.65241396018337,1.22835354397732,0.042,0.03,1
"ENSG00000238142",0.65241396018337,1.2417785867004,0.042,0.03,1
"ENSG00000244055",0.65241396018337,1.26210065611788,0.042,0.03,1
"ENSG00000288891",0.65241396018337,1.38110100591942,0.042,0.03,1
"INTS2",0.65241396018337,1.82404546007936,0.042,0.03,1
"KRBA2",0.65241396018337,1.26771082901209,0.042,0.03,1
"LYRM9",0.65241396018337,1.41474179372803,0.042,0.03,1
"OTUD3",0.65241396018337,1.39718614055121,0.042,0.03,1
"SLC35D2",0.65241396018337,1.41086698585077,0.042,0.03,1
"TIMM17B",0.65241396018337,1.68333524422092,0.042,0.03,1
"XRCC6",0.652548878058485,0.392527879961126,0.271,0.348,1
"C17orf80",0.652822865543052,1.03192324297238,0.09,0.076,1
"DNAJC11",0.652822865543052,1.54166574274878,0.09,0.076,1
"KANSL3",0.653097197262897,1.44780001194657,0.102,0.091,1
"MID1IP1",0.653297620251246,0.2325155756773,0.096,0.121,1
"NDUFAF2",0.653297620251246,0.15511594102473,0.096,0.121,1
"ZNF384",0.653297620251246,0.227636155493798,0.096,0.121,1
"ENSG00000291075",0.653521038289086,0.720461435473949,0.289,0.303,1
"ZNF765",0.653592239533512,0.587513006923195,0.06,0.045,1
"KLHL6",0.6536542757567,0.441095998284676,0.193,0.242,1
"DCAF8",0.65380042240053,0.70828130659168,0.127,0.167,1
"SRSF11",0.654005297587887,0.273509591378599,0.831,0.97,1
"H1-3",0.654079791060942,1.30000974500209,0.133,0.121,1
"BDP1",0.654428991979816,0.3981566338368,0.386,0.515,1
"SF3B2",0.654493666925312,0.422800396314781,0.271,0.348,1
"EIF3B",0.654628080055659,1.18807649310563,0.163,0.152,1
"ZBTB18",0.655826898185188,0.379069549303448,0.361,0.379,1
"RAB27A",0.656037803213301,1.29560849127011,0.09,0.076,1
"RICTOR",0.656214248544069,0.544387688828575,0.367,0.394,1
"ANXA6",0.656746109627513,0.700379120851117,0.319,0.348,1
"LHPP",0.656765682159474,1.74549190122004,0.133,0.121,1
"AP4E1",0.657092848710147,1.24320616762215,0.042,0.03,1
"DNAJC17",0.657092848710147,1.28652890760182,0.042,0.03,1
"MX2",0.657542668180763,0.699001686008782,0.373,0.424,1
"SNRPA1",0.657720341359485,0.968868001563609,0.187,0.182,1
"TEPSIN",0.658548403287401,1.14595807897325,0.12,0.106,1
"DHX58",0.659226385312614,0.668026849556938,0.096,0.121,1
"TMEM50B",0.660033085927734,0.496931067441372,0.265,0.333,1
"LSM14A",0.660965404138394,0.575438082607545,0.434,0.576,1
"REX1BD",0.661460259448698,0.299871048722185,0.06,0.045,1
"APEH",0.6615314360065,0.284518781583989,0.084,0.106,1
"TBCK",0.661600209698677,0.51513253817844,0.157,0.197,1
"GPX4",0.661650533608428,0.247833974370964,0.223,0.273,1
"CLK1",0.661760255367065,0.144607059386546,0.53,0.727,1
"ENSG00000272368",0.661785217718603,1.42706003939999,0.042,0.03,1
"MAP2K7",0.661785217718603,0.920459852411681,0.042,0.03,1
"SLC25A14",0.661785217718603,0.812925855698373,0.042,0.03,1
"CALCOCO1",0.662141945033739,0.910675204841036,0.187,0.242,1
"INSIG2",0.662198846261834,0.627431345519643,0.096,0.121,1
"MRPL54",0.662486778808478,1.07715772513034,0.09,0.076,1
"ACACB",0.663357945594987,1.68206336848996,0.024,0.015,1
"ADAMTS6",0.663357945594987,2.27136134652993,0.024,0.015,1
"ARFGAP1",0.663357945594987,1.14208005224202,0.024,0.015,1
"BRAT1",0.663357945594987,2.61418032107839,0.024,0.015,1
"CABLES2",0.663357945594987,1.61467827500476,0.024,0.015,1
"CAMSAP1",0.663357945594987,1.89720553226678,0.024,0.015,1
"CARNS1",0.663357945594987,1.65914778482348,0.024,0.015,1
"CEP41",0.663357945594987,1.22385549401496,0.024,0.015,1
"CTSK",0.663357945594987,1.00380790915864,0.024,0.015,1
"CYTOR",0.663357945594987,1.83645394736634,0.024,0.015,1
"DBNDD1",0.663357945594987,1.73143667321708,0.024,0.015,1
"DLGAP3",0.663357945594987,1.06541312671471,0.024,0.015,1
"DNAH9",0.663357945594987,1.33793201294385,0.024,0.015,1
"E2F2",0.663357945594987,0.962515730733895,0.024,0.015,1
"EFNA5",0.663357945594987,2.05762586717507,0.024,0.015,1
"ENSG00000224985",0.663357945594987,1.88152520344327,0.024,0.015,1
"ENSG00000228835",0.663357945594987,1.54248437006523,0.024,0.015,1
"ENSG00000236935",0.663357945594987,2.16214896724652,0.024,0.015,1
"ENSG00000249456",0.663357945594987,2.27940897480576,0.024,0.015,1
"ENSG00000254682",0.663357945594987,1.39446868666201,0.024,0.015,1
"ENSG00000255872",0.663357945594987,1.4113123210146,0.024,0.015,1
"ENSG00000268362",0.663357945594987,2.06973103058428,0.024,0.015,1
"ENSG00000272438",0.663357945594987,0.710612260016364,0.024,0.015,1
"ENSG00000273702",0.663357945594987,0.734756693374742,0.024,0.015,1
"ENSG00000278743",0.663357945594987,1.1149945078359,0.024,0.015,1
"ENSG00000285755",0.663357945594987,1.83296044856548,0.024,0.015,1
"ENSG00000286861",0.663357945594987,1.46128135570068,0.024,0.015,1
"ENSG00000288925",0.663357945594987,1.21841044966468,0.024,0.015,1
"FAM229B",0.663357945594987,0.942998367930358,0.024,0.015,1
"FLJ40194",0.663357945594987,1.94040288520533,0.024,0.015,1
"GPSM2",0.663357945594987,3.17478278586481,0.024,0.015,1
"GTF3C2-AS2",0.663357945594987,1.00566151426086,0.024,0.015,1
"HLX",0.663357945594987,0.899934352706604,0.024,0.015,1
"HMGN5",0.663357945594987,2.07403378483397,0.024,0.015,1
"ILVBL",0.663357945594987,0.904749029864153,0.024,0.015,1
"KLF2-DT",0.663357945594987,2.27447820280413,0.024,0.015,1
"LINC02018",0.663357945594987,1.33819881917395,0.024,0.015,1
"LRFN1",0.663357945594987,1.48749314859787,0.024,0.015,1
"MAGI2",0.663357945594987,2.32615462878723,0.024,0.015,1
"MAP3K12",0.663357945594987,1.60679804175496,0.024,0.015,1
"MEAK7",0.663357945594987,2.39178839757737,0.024,0.015,1
"MED16",0.663357945594987,1.25127547214766,0.024,0.015,1
"MICU3",0.663357945594987,1.84024875403473,0.024,0.015,1
"MIER2",0.663357945594987,1.77884202952663,0.024,0.015,1
"MIR100HG",0.663357945594987,1.36238571453037,0.024,0.015,1
"MIR17HG",0.663357945594987,1.9886609219509,0.024,0.015,1
"MSR1",0.663357945594987,2.4828327685874,0.024,0.015,1
"NOP14-AS1",0.663357945594987,1.44293464291191,0.024,0.015,1
"PCP2",0.663357945594987,2.5132799198433,0.024,0.015,1
"PLPPR5-AS1",0.663357945594987,1.31364727850645,0.024,0.015,1
"PRKCZ",0.663357945594987,1.64675016858903,0.024,0.015,1
"PSMG3-AS1",0.663357945594987,1.59973670139301,0.024,0.015,1
"PTPRG",0.663357945594987,1.46959603729938,0.024,0.015,1
"SBNO1-AS1",0.663357945594987,1.52078254477993,0.024,0.015,1
"SCRN2",0.663357945594987,2.2757953477292,0.024,0.015,1
"STK36",0.663357945594987,1.53291192807931,0.024,0.015,1
"TBC1D31",0.663357945594987,1.20730995602553,0.024,0.015,1
"TCF7L1",0.663357945594987,1.86190021554426,0.024,0.015,1
"TEAD2",0.663357945594987,2.22878001238592,0.024,0.015,1
"TEC",0.663357945594987,0.943717226261619,0.024,0.015,1
"TMC3-AS1",0.663357945594987,1.33385259926667,0.024,0.015,1
"TMEM106C",0.663357945594987,1.11925495088498,0.024,0.015,1
"TOR4A",0.663357945594987,1.60212630082832,0.024,0.015,1
"TRD-AS1",0.663357945594987,1.35913228981606,0.024,0.015,1
"TSC1",0.663357945594987,1.35783391196151,0.024,0.015,1
"WASHC1",0.663357945594987,1.23159221105043,0.024,0.015,1
"ZNF174",0.663357945594987,0.768604490521728,0.024,0.015,1
"ZNF257",0.663357945594987,1.45098917587306,0.024,0.015,1
"ZNF418",0.663357945594987,1.88697643418872,0.024,0.015,1
"ZNF543",0.663357945594987,1.02793539896286,0.024,0.015,1
"ZNF572",0.663357945594987,1.77875145637699,0.024,0.015,1
"ZNF596",0.663357945594987,1.60245826993234,0.024,0.015,1
"ZNF8-DT",0.663357945594987,1.37269532987579,0.024,0.015,1
"SASH3",0.66335858924775,0.252002803806145,0.145,0.182,1
"MCM3AP",0.663629058688966,0.931641929402682,0.211,0.273,1
"MBD1",0.664023301723165,0.46210916199462,0.169,0.212,1
"BCOR",0.664193249431922,0.352564845081643,0.108,0.136,1
"CRNKL1",0.665176639064443,0.144368095586371,0.096,0.121,1
"TRAF1",0.665408406539816,0.292369602037104,0.06,0.045,1
"PTAR1",0.665500121648515,1.25041029786765,0.217,0.227,1
"STK38",0.66550123841646,0.867954700653424,0.367,0.424,1
"BSG",0.665776846961777,0.652202931654783,0.181,0.227,1
"ZBTB16",0.665828592447387,2.57125767039553,0.072,0.061,1
"TRMT1L",0.665857787746466,0.54498720793571,0.145,0.182,1
"RSBN1L",0.665961958455909,0.952357107846016,0.277,0.303,1
"NCOA5",0.666078153494789,0.958259614027173,0.175,0.167,1
"GOSR1",0.666391983249889,0.636565181209988,0.199,0.258,1
"SLC38A7",0.66649090840551,0.999373260631601,0.042,0.03,1
"UST",0.667553368078734,0.72953225907499,0.12,0.152,1
"RFK",0.667859665770835,0.402514740003169,0.084,0.106,1
"FCHSD2",0.668043145903293,-0.239370824880879,0.669,0.833,1
"TM2D3",0.668360702665374,0.359873208847188,0.145,0.182,1
"ZNF276",0.668474537715787,0.407667485152182,0.163,0.197,1
"ATXN2",0.668855535541831,0.397422705272917,0.157,0.197,1
"ZDHHC21",0.669330008664373,0.827327426622932,0.187,0.182,1
"SIRT5",0.669419911350211,1.45689795240253,0.072,0.061,1
"TMEM218",0.669419911350211,1.64458090934036,0.072,0.061,1
"USP10",0.669578796692763,0.704789068942482,0.295,0.394,1
"AP3S2",0.669625321981015,0.613753853371895,0.024,0.015,1
"BCORL1",0.669625321981015,0.821761045207436,0.024,0.015,1
"DICER1-AS1",0.669625321981015,1.1611022935852,0.024,0.015,1
"DOK2",0.669625321981015,1.02596300789811,0.024,0.015,1
"DSCAM",0.669625321981015,0.777387694164977,0.024,0.015,1
"EEF1AKMT1",0.669625321981015,0.826170025409469,0.024,0.015,1
"EIF2S3B",0.669625321981015,0.632388008086591,0.024,0.015,1
"ENG",0.669625321981015,1.23812122800379,0.024,0.015,1
"ENSG00000260658",0.669625321981015,0.891424679973724,0.024,0.015,1
"ENSG00000265975",0.669625321981015,1.61207081945114,0.024,0.015,1
"ENSG00000275481",0.669625321981015,0.899504046937402,0.024,0.015,1
"ENSG00000289469",0.669625321981015,0.482041805230999,0.024,0.015,1
"ENSG00000290846",0.669625321981015,1.49027859867609,0.024,0.015,1
"ENSG00000291272",0.669625321981015,1.74173870175479,0.024,0.015,1
"FKBP7",0.669625321981015,0.95451226470397,0.024,0.015,1
"FRS3",0.669625321981015,0.452516558205476,0.024,0.015,1
"GP6-AS1",0.669625321981015,0.725893307891601,0.024,0.015,1
"KIF1C",0.669625321981015,0.882505379940715,0.024,0.015,1
"LINC00954",0.669625321981015,1.12982349895873,0.024,0.015,1
"MAN1B1",0.669625321981015,1.16876274730439,0.024,0.015,1
"MSS51",0.669625321981015,1.29082345674291,0.024,0.015,1
"NAIF1",0.669625321981015,0.745589970650515,0.024,0.015,1
"OSMR",0.669625321981015,1.08860971695385,0.024,0.015,1
"PRDM15",0.669625321981015,0.847525849915329,0.024,0.015,1
"PSMD9",0.669625321981015,1.44078074012264,0.024,0.015,1
"RFC2",0.669625321981015,1.09292475000041,0.024,0.015,1
"SYN3",0.669625321981015,2.07839298271859,0.024,0.015,1
"TXK",0.669625321981015,1.31089264647083,0.024,0.015,1
"USP31",0.669625321981015,1.24142530983293,0.024,0.015,1
"VASH1-DT",0.669625321981015,1.06713328988172,0.024,0.015,1
"WASH6P",0.669625321981015,0.790648979438919,0.024,0.015,1
"ZNF285",0.669625321981015,0.933564367009681,0.024,0.015,1
"ZNF524",0.669625321981015,1.14756825114187,0.024,0.015,1
"DNAJC2",0.669926199014185,0.427625301630443,0.265,0.333,1
"INO80",0.670867309852147,0.725127435863753,0.145,0.182,1
"SLC35F1",0.671146688738458,0.773996300873618,0.349,0.394,1
"COG2",0.671148057440705,0.320354040844911,0.096,0.121,1
"NISCH",0.671165141142718,1.02223437211821,0.114,0.152,1
"CAMSAP1-DT",0.671209760396216,0.690812473891902,0.042,0.03,1
"HAUS8",0.671209760396216,0.85308267398088,0.042,0.03,1
"POMT1",0.671209760396216,0.785424612749912,0.042,0.03,1
"SLC8A1",0.671209760396216,0.565850313188954,0.042,0.03,1
"TRAPPC10",0.671678934814094,0.911689075639552,0.211,0.212,1
"ENSG00000291212",0.673018806202312,1.74946579531933,0.072,0.061,1
"RYBP",0.673504194760243,0.229845268381196,0.271,0.333,1
"EIF3K",0.67375183889361,0.30101709004789,0.361,0.47,1
"AARS1",0.674141600995324,0.343840113251796,0.096,0.121,1
"RAI1",0.674141600995324,0.328804408827187,0.096,0.121,1
"NSUN5P1",0.674755713983196,-0.15338112994342,0.06,0.076,1
"ATG7",0.674897855779977,1.10330857274785,0.145,0.136,1
"MTHFD1L",0.675459680879662,0.86187799874544,0.09,0.076,1
"KLF10",0.67554000774378,-0.335311533413386,0.108,0.136,1
"ENSG00000234917",0.675915789499069,0.456172798711248,0.024,0.015,1
"ENSG00000272909",0.675915789499069,1.01270406452202,0.024,0.015,1
"ENSG00000273398",0.675915789499069,0.326952358550957,0.024,0.015,1
"ENSG00000286549",0.675915789499069,0.113485384377716,0.024,0.015,1
"ERMN",0.675915789499069,0.696032686322796,0.024,0.015,1
"FAM185A",0.675915789499069,0.614876259676641,0.024,0.015,1
"LINC00173",0.675915789499069,0.228251478225715,0.024,0.015,1
"LINC01765",0.675915789499069,0.646262382041069,0.024,0.015,1
"MFSD13A",0.675915789499069,0.688065368176267,0.024,0.015,1
"NDUFA7",0.675915789499069,0.999824476613397,0.024,0.015,1
"PLD6",0.675915789499069,0.553009142686767,0.024,0.015,1
"PPP1R37",0.675915789499069,0.744300364900459,0.024,0.015,1
"RAPGEFL1",0.675915789499069,0.482937789646059,0.024,0.015,1
"SPATA24",0.675915789499069,0.71104340605296,0.024,0.015,1
"SPIN3",0.675915789499069,0.526038735998477,0.024,0.015,1
"ZNF208",0.675915789499069,0.619569850177627,0.024,0.015,1
"ZNF517",0.675915789499069,0.617486392204616,0.024,0.015,1
"CBX3",0.675970141501194,0.106142774402844,0.404,0.53,1
"VCPIP1",0.676141915331309,0.54195056684204,0.157,0.197,1
"PACSIN2",0.678388381118159,0.688056394991273,0.108,0.136,1
"DOCK8",0.678531037374678,0.397652226686919,0.584,0.682,1
"DDI2",0.678577506586361,0.599974488873746,0.157,0.197,1
"ZFR",0.678990907105702,0.432705901968096,0.271,0.273,1
"HSP90AB1",0.679107572665832,0.112121709572855,0.813,0.955,1
"RPP30",0.680144149933718,0.415485137201885,0.096,0.121,1
"ABCC10",0.680239035727151,1.39873616380322,0.072,0.061,1
"CCDC134",0.680239035727151,1.32970812717495,0.072,0.061,1
"RNF145",0.680281719480369,0.618102426531555,0.259,0.333,1
"CCDC66",0.680295507879727,1.16836089282715,0.175,0.227,1
"COX15",0.680460974436491,1.16716905913829,0.102,0.091,1
"LRMDA",0.680686299028437,1.41563103730655,0.042,0.03,1
"ROCK2",0.680787614807783,1.32477988410042,0.217,0.227,1
"ZBTB44",0.681949767144598,1.21417852281684,0.289,0.333,1
"ASB16-AS1",0.682204151603083,0.191387631934035,0.06,0.076,1
"AGBL2",0.682228964174432,0.190085265631147,0.024,0.015,1
"BYSL",0.682228964174432,0.202751973779812,0.024,0.015,1
"ENSG00000272812",0.682228964174432,1.16503859252453,0.024,0.015,1
"LINC02615",0.682228964174432,0.389364780423842,0.024,0.015,1
"SRGAP1",0.682228964174432,-0.235686951766047,0.024,0.015,1
"ZBED4",0.682552665121907,0.696826772967498,0.072,0.091,1
"PPTC7",0.682910416327227,0.857887081612149,0.199,0.258,1
"CCNDBP1",0.68364227144591,0.375212711477064,0.355,0.47,1
"SLC1A4",0.683783068654532,0.245358133176897,0.084,0.106,1
"INPPL1",0.683860225100831,1.69473743801866,0.072,0.061,1
"ATP6V0A1",0.683863919210343,0.681844598893085,0.12,0.152,1
"STARD3",0.683863919210343,0.844487127437,0.133,0.121,1
"GATAD2B",0.684549261347928,0.564904157147695,0.349,0.485,1
"ATE1",0.685229734409393,1.09681564486342,0.133,0.121,1
"MTOR",0.685253280714805,0.788049748675189,0.09,0.076,1
"ENSG00000259865",0.685257136911697,0.761240321337659,0.181,0.182,1
"NDUFV1",0.685362196898865,0.463311599529753,0.133,0.167,1
"ZNF682",0.685393945398894,-0.199320478954955,0.024,0.015,1
"SFXN5",0.685443657207313,0.202524743618921,0.042,0.03,1
"ENSG00000291232",0.685940069328563,0.138571116634088,0.06,0.076,1
"GSDMD",0.685986098514364,0.425190934321925,0.072,0.091,1
"RNPC3",0.686285002060735,0.463754029020554,0.211,0.258,1
"COX4I1",0.68646059627448,0.212248232672453,0.446,0.606,1
"NFYC",0.68658973733134,0.35360623283465,0.253,0.242,1
"TAF3",0.687131913255542,0.916440290795259,0.205,0.212,1
"ENSG00000288632",0.687377328056241,0.796361933908073,0.205,0.273,1
"C1QTNF3-AMACR",0.687488699834188,0.867585898520775,0.072,0.061,1
"UHRF2",0.688429617843792,0.583010022578399,0.235,0.303,1
"LACTB",0.688529704456531,0.575825736924805,0.09,0.076,1
"ARHGEF19",0.688564457266341,-1.91777767969549,0.024,0.015,1
"CCL3",0.688564457266341,-1.95586510987531,0.024,0.015,1
"COCH",0.688564457266341,-0.372484579818599,0.024,0.015,1
"DUS2",0.688564457266341,-0.219321471874756,0.024,0.015,1
"NETO1",0.688564457266341,-0.672929509987687,0.024,0.015,1
"ANKRD17",0.688891715202486,0.540217650952365,0.343,0.439,1
"GPI",0.689279451732979,0.642297900904283,0.223,0.273,1
"FAM13B",0.68940197649617,0.472432596158698,0.283,0.303,1
"UAP1",0.689426026429587,0.441573064314553,0.072,0.091,1
"ATG2B",0.689827539259996,0.713574472544746,0.12,0.106,1
"ARL13B",0.690192514074431,0.533573960339979,0.084,0.106,1
"NRM",0.690192514074431,0.195714633796127,0.084,0.106,1
"RFXANK",0.690192514074431,0.148704402486567,0.084,0.106,1
"ENSG00000253636",0.690213519797842,-0.238492842227156,0.042,0.03,1
"ACYP2",0.690658215517532,1.12086364647838,0.223,0.227,1
"RALGAPB",0.691050150396545,1.2058086981657,0.157,0.152,1
"CRY2",0.691124386011486,1.32318166894071,0.072,0.061,1
"PNMA1",0.691124386011486,1.3908005579722,0.072,0.061,1
"TTC14",0.691589733924953,0.347577177050587,0.41,0.53,1
"DNASE1",0.691811982982343,0.234824948710413,0.09,0.076,1
"NUFIP2",0.691857723602065,0.480076441238432,0.488,0.606,1
"SCFD2",0.691873048844555,0.388623503234448,0.151,0.182,1
"ZMYND8",0.691916321829729,0.479959416930002,0.289,0.379,1
"SMS",0.692075443083698,0.675513829842885,0.133,0.121,1
"BCAT2",0.69220992108399,0.46471093533449,0.096,0.121,1
"FTSJ1",0.692761753779404,1.43828777599043,0.102,0.091,1
"CNNM3",0.693315804271972,1.42288753108809,0.127,0.121,1
"CHIC1",0.693434899365278,-0.136624209329779,0.06,0.076,1
"HCLS1",0.69358185076232,0.229247961965851,0.633,0.773,1
"BTN3A2",0.693828463480737,0.46946426429073,0.271,0.288,1
"ZFP14",0.694767209218376,1.26350092059767,0.072,0.061,1
"PRPF6",0.694820740503085,0.771892896779282,0.12,0.152,1
"ARRDC2",0.694820740503085,0.789888852956328,0.133,0.121,1
"PPP1R3E",0.694820740503085,0.669092519512014,0.133,0.121,1
"PABPC1L",0.695238756735908,0.589845214562853,0.096,0.121,1
"UBR3",0.695238756735908,0.630384233118246,0.096,0.121,1
"TMEM87B",0.69557400997591,0.600491391807692,0.108,0.136,1
"EZH1",0.69606542849081,0.859709383843933,0.205,0.197,1
"REST",0.696294087168453,0.21143536454931,0.277,0.348,1
"CERS5",0.696325113394251,0.543218216047868,0.072,0.091,1
"ENSG00000291079",0.696325113394251,0.943405361694487,0.072,0.091,1
"HPF1",0.696325113394251,0.224409042462605,0.072,0.091,1
"RBM4",0.696624256268798,0.802176387273306,0.084,0.106,1
"FOXK2",0.69689832688344,0.206647855616518,0.151,0.182,1
"C12orf4",0.697193648688121,0.375984645831168,0.06,0.076,1
"GIMAP2",0.697193648688121,0.384241825167812,0.06,0.076,1
"STK39",0.697193648688121,1.10334950370612,0.06,0.076,1
"SYNJ1",0.697193648688121,0.570086251298894,0.06,0.076,1
"MDM4",0.697918678632365,0.481825399341955,0.47,0.53,1
"GEMIN5",0.69841709454635,1.45774851452626,0.072,0.061,1
"SOX12",0.69841709454635,1.3456103445274,0.072,0.061,1
"TRAF3IP3",0.698988412141611,0.574300300921863,0.416,0.485,1
"APOLD1",0.699784145232363,0.548258877695342,0.072,0.091,1
"ENSG00000242588",0.699851291948204,0.566079462995049,0.271,0.348,1
"USP9X",0.699851291948204,0.882228283715219,0.283,0.318,1
"RAD1",0.700461328362806,0.156642033665022,0.102,0.121,1
"SEPHS2",0.700721422776993,0.18018693277021,0.199,0.242,1
"GOT1",0.700959844628067,0.476402527434312,0.06,0.076,1
"CDK8",0.701310998859126,0.660634863834962,0.096,0.121,1
"SSBP3",0.701310998859126,0.599486488375884,0.096,0.121,1
"FKBP4",0.70133801743496,0.546800208474636,0.12,0.106,1
"DVL2",0.702073966597259,1.08625691865601,0.072,0.061,1
"KDM2A",0.702537179214754,0.638790451673972,0.398,0.53,1
"XPO6",0.702584007177043,0.81745235856642,0.211,0.273,1
"ZNF121",0.703077608618301,0.74785220292143,0.084,0.106,1
"PALS2",0.703077882914582,0.843985541283119,0.084,0.106,1
"NIF3L1",0.703249417177457,0.893142765043077,0.072,0.091,1
"PIGU",0.703249417177457,0.156797807112988,0.072,0.091,1
"SNIP1",0.703249417177457,0.875554680046093,0.072,0.091,1
"TFE3",0.703249417177457,0.428813984409526,0.072,0.091,1
"PIGC",0.703447710887342,0.4399073483702,0.139,0.167,1
"LMBRD1",0.703717773734856,0.766197063097489,0.361,0.409,1
"CMTR1",0.703819796201588,0.899443919475034,0.145,0.136,1
"RRP7BP",0.703819796201588,0.847925639709178,0.145,0.136,1
"SSBP4",0.706312772760067,0.78506031296727,0.084,0.106,1
"PCM1",0.706369288706643,0.531295695418774,0.41,0.545,1
"PPP2R5A",0.706493126062032,0.911613392089643,0.235,0.242,1
"SGMS1",0.70698868991096,0.452890919514478,0.151,0.182,1
"DENND5B",0.7070872704797,0.587327552593858,0.343,0.364,1
"NDUFV3",0.707119264576848,0.759899559296976,0.108,0.136,1
"ENSG00000261613",0.70714909712628,-0.479170673718289,0.048,0.061,1
"SLF2",0.707262043040263,1.00767683420013,0.175,0.167,1
"ENSG00000289901",0.707269227706661,0.610079724117647,0.343,0.394,1
"MAF1",0.707513969091836,0.976332057138603,0.187,0.242,1
"SON",0.70772314620984,0.140709770474308,0.735,0.894,1
"RBM17",0.708170511365843,0.868147850261422,0.373,0.455,1
"FANCD2",0.708606702134938,0.716607444229191,0.12,0.152,1
"CSNK1D",0.708618729231374,0.200834740896199,0.187,0.227,1
"MBNL1",0.709066176952881,0.484571320941768,0.717,0.894,1
"MAP4K1",0.709134947819214,1.02648755997959,0.265,0.303,1
"PRPS1",0.709696717297564,0.688445260193412,0.181,0.227,1
"GYS1",0.710746334937913,1.29430379937967,0.175,0.227,1
"CDADC1",0.711353996334765,-0.509959861982777,0.048,0.061,1
"PRPF40B",0.711353996334765,-0.197679704551032,0.048,0.061,1
"IFI6",0.711364910577072,1.12902068533232,0.102,0.091,1
"SDCCAG8",0.711753763804055,0.45423309023611,0.205,0.258,1
"ENSG00000286129",0.712053213523413,0.399407115658816,0.151,0.182,1
"SMAP1",0.712053376236055,0.667134553602779,0.151,0.182,1
"ZEB1-AS1",0.712302280671517,0.852308341386645,0.06,0.076,1
"MGMT",0.713085741857883,0.716643707019892,0.072,0.061,1
"TWF1",0.713085741857883,0.893784421508276,0.072,0.061,1
"ELAC2",0.713682025888248,0.44274301612493,0.072,0.091,1
"IFI44",0.713782207135901,0.524512930652867,0.404,0.47,1
"YY1AP1",0.714482577268637,0.882650097365269,0.102,0.091,1
"PPP4R3A",0.71468244461462,0.530612459213073,0.386,0.515,1
"PHC3",0.714854787686346,0.714989827635166,0.361,0.409,1
"CTDSP1",0.714892363991358,0.729684241996166,0.223,0.227,1
"DENND1A",0.714947225506608,0.418016283522703,0.09,0.076,1
"C1orf131",0.71504274738196,0.777159914889405,0.096,0.121,1
"WSB1",0.715054701164269,0.123996185829657,0.53,0.667,1
"RTF1",0.715528055892236,0.387597448734326,0.271,0.333,1
"PCSK7",0.715854356705435,0.724469493422615,0.259,0.273,1
"AK9",0.71604911669337,0.973611093091116,0.084,0.106,1
"TDP1",0.71604911669337,0.955674945681724,0.084,0.106,1
"GET3",0.71609742890546,0.239512336580449,0.06,0.076,1
"GPKOW",0.71609742890546,0.651421895422576,0.06,0.076,1
"RNF103",0.71609742890546,0.408762510988948,0.06,0.076,1
"CASP2",0.716368413767471,1.33089997525336,0.181,0.182,1
"IKBKE",0.716769797187407,0.2372116590541,0.072,0.061,1
"DLST",0.717130797124393,0.193880520574842,0.151,0.182,1
"DPP7",0.717990622836596,0.220288421558914,0.127,0.152,1
"VPS50",0.718942888976131,1.06796352352538,0.193,0.242,1
"CHCHD7",0.719073298832078,0.596267932970636,0.181,0.227,1
"ATP5F1D",0.71930468494418,0.593942186852125,0.084,0.106,1
"BBS9",0.719304945660628,1.06602548925916,0.084,0.106,1
"TAOK2",0.719304945660628,0.649004183862366,0.084,0.106,1
"DLG2",0.71979007704739,-0.169491763382515,0.048,0.061,1
"MRPL28",0.719899603993113,0.256405304167532,0.06,0.076,1
"SDHAP4",0.719899603993113,0.654263030742543,0.06,0.076,1
"KPNA3",0.720224810205733,0.580436049121064,0.265,0.333,1
"MFSD9",0.720460455066479,0.754873730160753,0.072,0.061,1
"TIMM44",0.720460455066479,0.83738624069513,0.072,0.061,1
"NIT2",0.720667104647797,0.551469774577961,0.072,0.091,1
"SMURF2",0.72069201119413,0.479326386792824,0.205,0.258,1
"OXA1L",0.720742358800194,0.687583549420885,0.361,0.515,1
"IFIT3",0.721294140818605,0.821420409423851,0.241,0.242,1
"PIGF",0.721561359355244,0.157403036200796,0.114,0.136,1
"ENSG00000290683",0.72161807915678,0.807974916994026,0.114,0.106,1
"PTPN7",0.72161807915678,0.893757560477114,0.114,0.106,1
"TMF1",0.72164764648395,0.749872260657941,0.295,0.394,1
"BET1L",0.721736568592251,1.01077731586669,0.157,0.152,1
"TMEM41A",0.721842455771643,0.523934622146429,0.139,0.167,1
"CELF1",0.72260567477463,0.545714157922709,0.494,0.591,1
"MBD5",0.722932605365798,0.354211780265505,0.211,0.242,1
"COX11",0.72370872039549,0.576543230327173,0.06,0.076,1
"TRIM56",0.723864340809185,0.442514847062451,0.361,0.47,1
"SZRD1",0.724314922423147,0.720770814784699,0.145,0.182,1
"PCGF5",0.724576157756223,0.902144730028451,0.211,0.273,1
"CEP85L",0.725276380357124,0.91395030155522,0.12,0.152,1
"GOSR2",0.725276380357124,0.727781106402732,0.12,0.152,1
"FNBP4",0.726344795737712,0.479519808409276,0.458,0.606,1
"CIAO1",0.726348121828338,0.818063624454037,0.277,0.303,1
"USP48",0.726537512218294,0.605475170552321,0.277,0.364,1
"WDR20",0.727238464038484,1.46025107506194,0.084,0.076,1
"IRF3",0.727386215229929,0.235966502367472,0.247,0.303,1
"MPHOSPH6",0.727524692057953,0.576228750593994,0.06,0.076,1
"PEX16",0.727524692057953,0.112572426989678,0.06,0.076,1
"CBX1",0.727555279442804,1.21123311317849,0.114,0.106,1
"ZSCAN9",0.72767557062117,0.90954613609491,0.072,0.091,1
"MBOAT7",0.727861265064662,0.755124703208093,0.072,0.061,1
"ZNF90",0.728464230337667,0.862255287375504,0.169,0.212,1
"KDM6B",0.730070516155698,0.818989330838392,0.229,0.303,1
"GK5",0.730383250246613,1.99542860099691,0.054,0.045,1
"GMEB2",0.730383250246613,1.67832424263208,0.054,0.045,1
"PRDM11",0.730383250246613,2.42142837314851,0.054,0.045,1
"SDCBP2-AS1",0.730383250246613,1.67908401726431,0.054,0.045,1
"PRDM4",0.730490905055629,0.748295180238625,0.145,0.136,1
"PSD4",0.730761555360381,0.802674872583279,0.271,0.288,1
"FAS",0.731188406485178,0.50784627901953,0.072,0.091,1
"MTF1",0.731188406485178,0.530009781605273,0.072,0.091,1
"ZNF407",0.731188406485178,0.952517943517002,0.072,0.091,1
"MAD2L1BP",0.731347432415965,0.254312028730467,0.06,0.076,1
"SAYSD1",0.731347432415965,0.59499554353428,0.06,0.076,1
"ZNF639",0.731347432415965,0.765591141279767,0.06,0.076,1
"EML3",0.731952205486678,0.952253237657481,0.096,0.121,1
"ARMC5",0.732508146755076,0.23809803743575,0.048,0.061,1
"EXOC3",0.732707291806516,0.994354514183123,0.127,0.121,1
"INTS6L",0.732707291806516,0.979490836319625,0.127,0.121,1
"CRLF3",0.73313045505672,1.00463486551448,0.301,0.348,1
"DCP2",0.733187011941873,0.234854092677995,0.265,0.318,1
"ENSG00000286286",0.733676786009194,-0.54898915060629,0.036,0.045,1
"FKBP14",0.733676786009194,-0.604935728755852,0.036,0.045,1
"BTRC",0.734095760896387,1.18729427382145,0.084,0.076,1
"ZFP91",0.734170893709617,1.09958090650833,0.217,0.227,1
"MRPL58",0.734635095763497,1.72819419352462,0.054,0.045,1
"POFUT2",0.734635095763497,1.29582599667202,0.054,0.045,1
"LINC01215",0.735257314179635,1.42784710102583,0.199,0.212,1
"WWP2",0.735754537172309,1.07238119810073,0.181,0.182,1
"EEF1B2",0.736350264970435,0.138933285007658,0.831,0.879,1
"C16orf87",0.736764082267119,0.386850330523393,0.048,0.061,1
"PI4KAP1",0.736764082267119,0.612757708551057,0.048,0.061,1
"ZNF140",0.736764082267119,0.51339592328122,0.048,0.061,1
"CCNL1",0.736770766754682,0.18087068571488,0.518,0.682,1
"NUP133",0.737738911936051,0.530544513662883,0.139,0.167,1
"ZNF254",0.738230946155053,0.974858045026146,0.072,0.091,1
"SCPEP1",0.738557953606423,0.949395844085302,0.145,0.136,1
"IFFO2",0.738562216397221,-0.936649323181855,0.036,0.045,1
"NRSN2-AS1",0.738562216397221,0.101311268087583,0.036,0.045,1
"XIST",0.738756549054814,0.212620028333281,0.741,0.879,1
"AMMECR1",0.738895091214285,1.54914949509041,0.054,0.045,1
"ENSG00000265496",0.738895091214285,1.27848775726597,0.054,0.045,1
"SELENOH",0.738895091214285,1.18510161284672,0.054,0.045,1
"C17orf67",0.738945145960121,1.4513450493787,0.084,0.106,1
"COG1",0.739012870445922,0.833415023283708,0.06,0.076,1
"ESYT1",0.73926832215953,0.736528601667982,0.12,0.152,1
"PLEC",0.73926832215953,0.546161928326518,0.133,0.121,1
"GMFG",0.73937973322711,0.620849934634591,0.277,0.288,1
"TP53",0.739417419475767,0.668144969453165,0.211,0.258,1
"LINS1",0.739478549581532,1.25340112865888,0.114,0.106,1
"CEP350",0.74053812132793,0.822581394460169,0.373,0.439,1
"THADA",0.740637362451159,0.297189688407214,0.169,0.197,1
"RPUSD4",0.740974331423505,1.32307014792179,0.084,0.076,1
"PRKCH",0.74102810750675,0.936826508552852,0.048,0.061,1
"VEZT",0.742249133169491,0.436660598056933,0.193,0.227,1
"APOL2",0.742750605230719,0.586432797405178,0.102,0.091,1
"CCDC117",0.742855392491919,1.14113060602768,0.06,0.076,1
"GPN2",0.742855392491919,1.09292656815101,0.06,0.076,1
"LAS1L",0.742855392491919,0.901328543538666,0.06,0.076,1
"LPAR2",0.742855392491919,0.979290649180193,0.06,0.076,1
"SLC5A6",0.742855392491919,0.98144915140278,0.06,0.076,1
"STAM",0.742855392491919,0.572096682346918,0.06,0.076,1
"CEP120",0.742988459759084,0.929088872237573,0.175,0.212,1
"SMIM10L1",0.742988459759084,0.974824791426243,0.187,0.182,1
"CCNQ",0.743163115999996,1.00122566701464,0.054,0.045,1
"TCAF2",0.743163115999996,0.989817135591735,0.054,0.045,1
"ST20",0.743458225358352,-0.334843769565603,0.036,0.045,1
"STK32C",0.743458225358352,0.194436707786119,0.036,0.045,1
"EMD",0.744286798108081,0.755769329288085,0.193,0.242,1
"PM20D2",0.744421435839734,1.3181504499192,0.084,0.076,1
"PCGF3-AS1",0.744638389703594,0.501108809567117,0.114,0.136,1
"RBAK",0.745300101503557,0.639794868594076,0.048,0.061,1
"RITA1",0.745300101503557,0.679483552978428,0.048,0.061,1
"RNF216P1",0.745300101503557,0.756611523658139,0.048,0.061,1
"SAP30L-AS1",0.745300101503557,0.29690489878705,0.048,0.061,1
"MIS18BP1",0.745316295526648,0.523886625842256,0.41,0.515,1
"TAGAP",0.745355283069945,0.828922290773727,0.331,0.364,1
"ZNF846",0.745801785916724,0.595394459974888,0.09,0.106,1
"IVNS1ABP",0.746026176739864,0.640909476186055,0.199,0.197,1
"ACAP2",0.746123696391792,0.563377541366583,0.367,0.455,1
"TRIM33",0.747281176655217,0.943872664493725,0.331,0.379,1
"INTS9",0.747416932287257,2.14927945554565,0.096,0.091,1
"MEGF8",0.747439048781335,1.62923117912498,0.054,0.045,1
"ZNF544",0.747439048781335,2.13328389920311,0.054,0.045,1
"LMBR1",0.747529010660464,1.33422160847189,0.139,0.136,1
"XRN1",0.747541630822165,0.407317294251764,0.349,0.455,1
"APC",0.747851231622765,0.486195192446001,0.151,0.182,1
"CUBN",0.74836462972635,-0.347108253809136,0.036,0.045,1
"ENSG00000289911",0.74836462972635,-0.255146733750662,0.036,0.045,1
"NINJ2-AS1",0.74836462972635,-0.229675616177015,0.036,0.045,1
"TCF7L2",0.74836462972635,-0.330883093296417,0.036,0.045,1
"SPATA5",0.748781999521863,-0.715910065475935,0.102,0.121,1
"PIGP",0.748899306058408,1.14455075899041,0.139,0.136,1
"ENSG00000287978",0.749579942551925,0.842336513652985,0.048,0.061,1
"FCHSD1",0.749579942551925,0.465398040345878,0.048,0.061,1
"MRPL48",0.749579942551925,0.50903513009553,0.048,0.061,1
"PIAS4",0.749579942551925,0.425722945004576,0.048,0.061,1
"UMAD1",0.749579942551925,0.586208266697358,0.048,0.061,1
"ZBTB41",0.749579942551925,0.523744993822212,0.048,0.061,1
"ARMT1",0.750559599925089,0.837717100154376,0.06,0.076,1
"HACD4",0.75172276748894,1.58645709215938,0.054,0.045,1
"PITPNA",0.751819851489728,0.688974064889231,0.175,0.167,1
"ITGB1",0.751926887146345,0.864219504072895,0.343,0.394,1
"ABHD17A",0.753281245071953,0.221602204691315,0.036,0.045,1
"NEK3",0.753281245071953,-0.198898158469441,0.036,0.045,1
"MKRN1",0.753775425758145,0.876910368100621,0.247,0.258,1
"ARSK",0.753867508221335,0.198265196466748,0.048,0.061,1
"CYFIP1",0.753867508221335,0.271313330749927,0.048,0.061,1
"NFXL1",0.753867508221335,1.07143560143032,0.048,0.061,1
"PDRG1",0.753867508221335,0.926254435771633,0.048,0.061,1
"SCAP",0.753867508221335,0.625281760850976,0.048,0.061,1
"TBL2",0.753867508221335,0.505464300955833,0.048,0.061,1
"ZNF865",0.753867508221335,0.895161782824101,0.048,0.061,1
"IFITM3",0.753888549198108,1.79174729206595,0.096,0.091,1
"TMEM185B",0.754421106786968,0.980344515010655,0.06,0.076,1
"FBXO44",0.75447065897177,0.756362324739073,0.114,0.106,1
"GGCX",0.754470849311471,0.821168160273915,0.114,0.106,1
"ENSG00000268205",0.754603095491968,0.933657432907034,0.193,0.197,1
"CPEB2",0.754793257523203,1.10667553521066,0.084,0.076,1
"KLHL18",0.754793257523203,1.06147385409581,0.084,0.076,1
"PPP4R3B",0.755462496233785,0.632472690755779,0.373,0.439,1
"BAP1",0.756014149333739,1.27922532290686,0.054,0.045,1
"DPY19L3",0.756014149333739,0.816475298677139,0.054,0.045,1
"ENSG00000253736",0.756014149333739,0.696491722232291,0.054,0.045,1
"MZF1",0.756014149333739,0.683456889887544,0.054,0.045,1
"SETD6",0.756014149333739,0.854385139958062,0.054,0.045,1
"SMG1P5",0.756039546563719,0.625578526988255,0.301,0.348,1
"SECISBP2L",0.757084165517728,1.21676348951298,0.319,0.379,1
"SUSD6",0.757812808522716,0.68633626405604,0.277,0.364,1
"FASTK",0.758162675366781,0.472013986056072,0.048,0.061,1
"ARHGEF9",0.75820788572348,0.266554779425476,0.036,0.045,1
"DPH2",0.75820788572348,-0.156583499991092,0.036,0.045,1
"MED17",0.75820788572348,-0.234436326304098,0.036,0.045,1
"PLEKHA8",0.75820788572348,0.861009295567948,0.036,0.045,1
"ZNF652",0.75825247937857,0.810719290907585,0.343,0.439,1
"MFSD10",0.758753659429076,0.154698678675159,0.09,0.106,1
"ZNF91",0.75943283101484,0.937023806955404,0.259,0.288,1
"EVI2B",0.75996331460054,0.129669163976344,0.687,0.833,1
"CDKN1B",0.760234489436923,0.2908726372973,0.217,0.258,1
"TNRC6C",0.760427069957865,1.63497442816941,0.175,0.182,1
"MRNIP",0.760773829189334,0.398780521617009,0.151,0.182,1
"ENSG00000291171",0.761026709375215,0.19574314463572,0.102,0.121,1
"ENSG00000291207",0.761288856386077,1.01441935127885,0.127,0.121,1
"DDX39A",0.761732582749157,0.885002177994655,0.084,0.076,1
"PLCG2",0.761732582749157,0.579571390467757,0.084,0.076,1
"HERPUD2",0.762076618844809,0.688147283150464,0.229,0.288,1
"LIMK2",0.762465320139288,1.0330475769221,0.048,0.061,1
"SFMBT1",0.762465320139288,1.46012660779613,0.048,0.061,1
"SKIV2L",0.762465320139288,1.00746589668862,0.048,0.061,1
"AP1B1",0.762802232044191,0.701015090072488,0.247,0.273,1
"MORC3",0.762804583555733,0.777517768612908,0.289,0.318,1
"CYLD",0.762972828946491,0.562625703593917,0.307,0.409,1
"ABCC5",0.763144364787691,0.689070219790675,0.036,0.045,1
"ENSG00000203546",0.763144364787691,0.989042757661579,0.036,0.045,1
"METTL8",0.763652675976017,1.07974408068482,0.217,0.227,1
"ASXL1",0.764095176586957,0.531160808663022,0.229,0.242,1
"DTX4",0.765209483145119,0.747060436455033,0.078,0.091,1
"OXSR1",0.765232173904531,0.942080150335049,0.205,0.212,1
"ATP11C",0.766531975113236,0.578566096384133,0.114,0.106,1
"RASSF3",0.766806438508694,0.621921638305814,0.283,0.318,1
"BTBD10",0.76717119556562,0.678248045958301,0.139,0.167,1
"B4GALT5",0.767171802057696,0.313994202088253,0.102,0.121,1
"GPR160",0.767300081316066,0.614515144869524,0.175,0.212,1
"JPX",0.767971803489297,0.362839645336298,0.343,0.424,1
"A1BG-AS1",0.768090494170893,0.303405988149649,0.036,0.045,1
"ENSG00000290951",0.768090494170893,0.534294984653261,0.036,0.045,1
"FAM200B",0.768090494170893,0.673609146320248,0.036,0.045,1
"JDP2",0.768090494170893,0.485003803610668,0.036,0.045,1
"MOSPD1",0.768090494170893,0.344515624772579,0.036,0.045,1
"NPRL3",0.768090494170893,0.541054359837529,0.036,0.045,1
"NUDT16",0.768090494170893,0.531642487730956,0.036,0.045,1
"PARP3",0.768090494170893,0.461378726195584,0.036,0.045,1
"SS18L1",0.768090494170893,0.207488907066061,0.036,0.045,1
"TTC38",0.768090494170893,0.383484895303563,0.036,0.045,1
"ZNF181",0.768090494170893,0.463474074015759,0.036,0.045,1
"NOB1",0.768487025272731,1.00815641345178,0.127,0.121,1
"HMGA1",0.768495488016666,0.572577418894392,0.241,0.303,1
"DMTF1",0.768496621137288,0.619970068550295,0.259,0.333,1
"NDRG3",0.7686911211795,0.788963009003692,0.084,0.076,1
"CHMP4A",0.768933035225548,0.904333614893337,0.054,0.045,1
"COG8",0.768933035225548,0.542148342670309,0.054,0.045,1
"ENSG00000272316",0.768933035225548,0.637398152806194,0.054,0.045,1
"ARHGEF2",0.769102759472099,0.469946867677457,0.337,0.424,1
"GSK3B",0.769371193169013,0.563302544347408,0.199,0.242,1
"FAM120A",0.769569836325722,0.205466617013823,0.59,0.712,1
"FURIN",0.769929276392019,0.583756305484739,0.12,0.136,1
"CPSF7",0.770589505373065,-0.221930792156368,0.271,0.303,1
"IRF5",0.770861260918759,0.920033188046662,0.157,0.197,1
"PTPN4",0.770875859201572,0.710367329722897,0.114,0.136,1
"CDK12",0.770926754297632,0.890540426043233,0.283,0.318,1
"KIFAP3",0.770931954204879,0.261287390439868,0.133,0.152,1
"KLF12",0.770998344402428,0.870971379118547,0.295,0.303,1
"BEX2",0.77109254371366,1.61402650239016,0.048,0.061,1
"OPA3",0.77109254371366,1.07579610388808,0.048,0.061,1
"ZNF814",0.771773578228951,0.446577118207896,0.09,0.106,1
"STK35",0.772177430830339,1.48497653591491,0.084,0.076,1
"RB1CC1",0.772539562889526,0.550717093393057,0.259,0.318,1
"C2CD5",0.772786595480196,0.984929538967952,0.199,0.212,1
"ZC3H8",0.772815834654772,1.13103249480847,0.127,0.121,1
"CEP89",0.77304608460029,0.589027271461091,0.036,0.045,1
"ENSG00000291224",0.77304608460029,0.435561646840464,0.036,0.045,1
"SUGCT",0.77304608460029,1.35829810850483,0.036,0.045,1
"TTLL11",0.77304608460029,0.860107967873129,0.036,0.045,1
"UACA",0.77304608460029,1.15972919619018,0.036,0.045,1
"YAE1",0.77304608460029,0.623053470829743,0.036,0.045,1
"ZBTB5",0.77304608460029,0.57436508807023,0.036,0.045,1
"ZNF280B",0.77304608460029,0.840340966073598,0.036,0.045,1
"TPI1",0.773096159969625,0.438074858764398,0.367,0.409,1
"COA6-AS1",0.773253827702897,0.663150524436525,0.054,0.045,1
"UQCRC1",0.773253827702897,0.263223073687809,0.054,0.045,1
"GCNT2",0.773405681192271,1.33462106846072,0.096,0.091,1
"ADGRL1-AS1",0.773482643635054,-1.09311007793984,0.024,0.03,1
"ENSG00000205018",0.773482643635054,-0.775882071788328,0.024,0.03,1
"AFTPH",0.773708616933852,0.16524283304472,0.47,0.606,1
"SPOP",0.773897570879248,0.41762864287914,0.307,0.394,1
"SMARCC1",0.774136055467743,0.616578934004551,0.301,0.333,1
"ZNF718",0.775084306966846,1.28718988278304,0.139,0.136,1
"MIB1",0.775615272902188,0.826594202288011,0.114,0.106,1
"RIPK1",0.775705539429489,-0.397817821509724,0.12,0.136,1
"PPM1K",0.775731911690356,0.196995788830374,0.663,0.773,1
"CRYZL1",0.77641684354621,0.772028679905983,0.102,0.121,1
"PRPF39",0.776572620772356,0.279942187276243,0.145,0.136,1
"ENSG00000257176",0.778010945645576,0.636585201667659,0.036,0.045,1
"ISOC2",0.778010945645576,0.7982511425226,0.036,0.045,1
"MTBP",0.778010945645576,1.3864204722943,0.036,0.045,1
"NAGLU",0.778010945645576,0.542091572993109,0.036,0.045,1
"ZNF571",0.778010945645576,0.818446116515997,0.036,0.045,1
"SHISA5",0.778473582361699,0.776972984385824,0.331,0.379,1
"GNA13",0.778977106986623,1.269319039159,0.217,0.242,1
"KTN1",0.779072085043774,0.242421076009508,0.614,0.803,1
"ABHD3",0.779141597943494,0.77622698192596,0.157,0.152,1
"TPRA1",0.779163799482553,0.942553472672585,0.084,0.076,1
"GUSB",0.779473863042112,0.524333634484754,0.163,0.197,1
"ENSG00000289843",0.779525906040196,-0.371443048705505,0.024,0.03,1
"ENSG00000291126",0.779525906040196,0.234922917352043,0.024,0.03,1
"ZFP1",0.779525906040196,-0.460549641748084,0.024,0.03,1
"ZNF69",0.779525906040196,-0.881197069702471,0.024,0.03,1
"FAM193B",0.779885910028562,0.187339783736792,0.205,0.197,1
"FAM167A",0.779944050160877,1.31812947245453,0.096,0.091,1
"TNFRSF14",0.779944050160877,1.39798117641031,0.096,0.091,1
"DYNLL2",0.781062795895863,0.701400320576154,0.169,0.167,1
"USP7",0.781854515736987,0.425277185466711,0.331,0.424,1
"ENSG00000285744",0.781916402073007,0.357618012887917,0.054,0.045,1
"TTC28-AS1",0.782663725040322,0.987449869056787,0.084,0.076,1
"CDK16",0.782984885740758,1.18677102165624,0.036,0.045,1
"ENDOG",0.782984885740758,0.573411354269432,0.036,0.045,1
"NMT2",0.782984885740758,0.831414694560568,0.036,0.045,1
"COX19",0.784393154501048,1.14223868734354,0.127,0.121,1
"TSHZ1",0.784393154501048,0.768868682935248,0.127,0.121,1
"TAFAZZIN",0.784858090241263,0.587603159710315,0.09,0.106,1
"COA8",0.785582523344625,-0.526361465729118,0.024,0.03,1
"FXYD6",0.785582523344625,-0.713104050399408,0.024,0.03,1
"PTGS2",0.785582523344625,-1.30341586881851,0.024,0.03,1
"STARD4-AS1",0.785582523344625,-0.267290804453741,0.024,0.03,1
"TIPIN",0.785582523344625,-1.13311798900589,0.024,0.03,1
"GORASP1",0.785693667827027,0.555927622885807,0.102,0.121,1
"ADAR",0.785701357775633,0.225199902604023,0.633,0.742,1
"SF1",0.786165097381029,0.16615034775759,0.747,0.879,1
"HLA-DQB2",0.786257929554137,0.690988863875065,0.054,0.045,1
"DCAF15",0.786498021871501,0.922143515785167,0.096,0.091,1
"SHOC2",0.787402273056434,0.651403244338479,0.349,0.455,1
"AGAP2",0.787967712206214,1.55388298268093,0.036,0.045,1
"ARL10",0.787967712206214,1.7849853057274,0.036,0.045,1
"COG4",0.787967712206214,1.18754379029863,0.036,0.045,1
"ELP1",0.787967712206214,1.19767793517409,0.036,0.045,1
"ENSG00000253194",0.787967712206214,2.25889426434799,0.036,0.045,1
"ENSG00000290450",0.787967712206214,0.949352294299311,0.036,0.045,1
"FANCA",0.787967712206214,1.06112672635958,0.036,0.045,1
"NTAQ1",0.787967712206214,1.16869592149913,0.036,0.045,1
"PER1",0.787967712206214,1.54045107599512,0.036,0.045,1
"PISD",0.787967712206214,0.908894082017065,0.036,0.045,1
"POR",0.787967712206214,0.886141666991165,0.036,0.045,1
"USP38-DT",0.787967712206214,1.455943230423,0.036,0.045,1
"ZBED5-AS1",0.787967712206214,0.68888998161009,0.036,0.045,1
"RAB1B",0.788667707367462,0.487690235030107,0.235,0.288,1
"MTA3",0.789440426331875,1.17111742825738,0.066,0.061,1
"CCNYL1",0.789676722967591,0.924713544973655,0.084,0.076,1
"CCL4",0.789829756469072,-1.60615578868361,0.066,0.076,1
"MSL2",0.789959420781758,1.29902986269302,0.151,0.152,1
"TRAPPC6A",0.790606113229116,0.319235006521862,0.054,0.045,1
"SLC7A6OS",0.790821964707103,-0.284450078281463,0.114,0.106,1
"BCAP31",0.790941497779252,0.27294653181636,0.361,0.485,1
"ZC3H4",0.791467348648946,0.660854303715304,0.114,0.136,1
"CNBD2",0.791652147630857,0.43075925595825,0.024,0.03,1
"DNAI4",0.791652147630857,0.292542033658432,0.024,0.03,1
"DUBR",0.791652147630857,-0.15628849963199,0.024,0.03,1
"ENSG00000285932",0.791652147630857,-0.807041235881121,0.024,0.03,1
"ENSG00000286481",0.791652147630857,-0.400424341832935,0.024,0.03,1
"ENSG00000288908",0.791652147630857,0.109038883653549,0.024,0.03,1
"FGD6",0.791652147630857,-0.102634720812436,0.024,0.03,1
"IL32",0.791652147630857,-2.22575961610935,0.024,0.03,1
"KLRG1",0.791652147630857,-0.39331783960548,0.024,0.03,1
"MAGEE1",0.791652147630857,-0.908698138280493,0.024,0.03,1
"MED9",0.791652147630857,-0.599139259788392,0.024,0.03,1
"PRKAR1B",0.791652147630857,-0.422804226836496,0.024,0.03,1
"TRPC1",0.791652147630857,-0.683698947525833,0.024,0.03,1
"UBASH3B",0.791652147630857,-0.949376439810425,0.024,0.03,1
"TCTN3",0.791757007414133,0.882123435775418,0.139,0.136,1
"EPC2",0.791758719975891,0.946079002848713,0.199,0.212,1
"DKC1",0.791862020463866,0.846308226076308,0.223,0.242,1
"HIBCH",0.791895257675372,1.04356716921088,0.102,0.121,1
"OGDH",0.792485521559871,1.36011748191692,0.187,0.197,1
"MED21",0.793067155449065,1.32230849165109,0.096,0.091,1
"SLC15A3",0.793204752392443,0.825043596882037,0.127,0.152,1
"PELP1",0.794223736738981,0.703515393913288,0.139,0.167,1
"TBC1D20",0.794421276269346,0.556850728262919,0.114,0.136,1
"IKZF1",0.794422575331267,0.287596163004324,0.548,0.758,1
"PRR14",0.795001024824103,0.522302981306449,0.102,0.121,1
"SMYD3",0.795001024824103,0.655532075685353,0.102,0.121,1
"UBALD2",0.795326968161835,1.09341100078752,0.151,0.152,1
"CDK19",0.795431905717637,0.962753082629155,0.175,0.182,1
"GRB2",0.795540537744508,0.255907417314854,0.669,0.803,1
"NFKBIB",0.796032696410526,0.6223201794623,0.127,0.152,1
"BTBD9",0.796943251071515,1.04394760838603,0.139,0.167,1
"INTS11",0.797018192103584,1.08932494946597,0.036,0.03,1
"MIPEP",0.797018192103584,1.0457006188569,0.036,0.03,1
"P3H1",0.797018192103584,1.48489756866489,0.036,0.03,1
"PKD1",0.797018192103584,1.98514293726097,0.036,0.03,1
"PTPMT1",0.797018192103584,0.791497463370084,0.036,0.03,1
"QTRT1",0.797018192103584,2.11718226776053,0.036,0.03,1
"SEPTIN7-DT",0.797018192103584,1.21909991001669,0.036,0.03,1
"ZNF200",0.797018192103584,1.38905360733256,0.036,0.03,1
"ZSCAN25",0.797018192103584,1.5523764046867,0.036,0.03,1
"AGBL3",0.797734428614956,-0.476760481379436,0.024,0.03,1
"CNKSR1",0.797734428614956,-0.211561460493739,0.024,0.03,1
"ENSG00000271976",0.797734428614956,-0.308725431466335,0.024,0.03,1
"H2AJ",0.797734428614956,-0.215275506296873,0.024,0.03,1
"OR2C3",0.797734428614956,-0.199404649197758,0.024,0.03,1
"RERE-AS1",0.797734428614956,-0.444138096333709,0.024,0.03,1
"SPSB1",0.797734428614956,-0.505299697248522,0.024,0.03,1
"POM121",0.797949009455645,0.140971497751802,0.169,0.197,1
"GRAMD1A",0.79800368856977,0.481478845872934,0.09,0.106,1
"USP28",0.7981100442531,0.491660077705944,0.102,0.121,1
"PHF20",0.798278489214506,0.489852984774609,0.301,0.364,1
"CEBPZ",0.799335220512017,0.70593704177926,0.205,0.212,1
"FLOT2",0.799350411308429,0.894720072056896,0.235,0.258,1
"DNAJB14",0.799435502543212,0.453048636633189,0.295,0.364,1
"TTN-AS1",0.799651006789194,1.03419719353977,0.096,0.091,1
"DBF4",0.800228071970832,0.65249342024048,0.078,0.091,1
"ZNF136",0.800228071970832,0.446816229247569,0.078,0.091,1
"GLIPR2",0.801212628113027,1.59470154453159,0.066,0.061,1
"MOGS",0.80122226886631,0.52108401103267,0.102,0.121,1
"MAZ",0.802163378284087,0.704227289370712,0.259,0.288,1
"IRF9",0.802273667574481,0.961653771397434,0.187,0.197,1
"ATF7",0.802317357180824,1.71646878101114,0.036,0.03,1
"C1QTNF6",0.802317357180824,1.7378345816831,0.036,0.03,1
"EFCAB7",0.802317357180824,0.878399898170849,0.036,0.03,1
"ENSG00000270099",0.802317357180824,1.36147910380757,0.036,0.03,1
"ENSG00000290003",0.802317357180824,1.59138041430015,0.036,0.03,1
"IRS2",0.802317357180824,1.70181275283609,0.036,0.03,1
"LRFN4",0.802317357180824,0.797322833637508,0.036,0.03,1
"LYL1",0.802317357180824,0.755186909463851,0.036,0.03,1
"MAP3K7CL",0.802317357180824,1.17794250547275,0.036,0.03,1
"MRPS18A",0.802317357180824,0.936769568041984,0.036,0.03,1
"PIEZO1",0.802317357180824,0.954111791490767,0.036,0.03,1
"FMNL1-DT",0.80288640066749,0.542389915526403,0.205,0.212,1
"ITM2A",0.802948311976645,0.695151809109994,0.096,0.091,1
"MARK2",0.80298949885491,0.96935203678961,0.175,0.182,1
"VOPP1",0.803137086646464,0.124885976602562,0.482,0.621,1
"PEPD",0.803300602917369,1.14157136468646,0.114,0.136,1
"MATR3",0.803370718823693,0.296770777199386,0.524,0.667,1
"AGTRAP",0.80382901370694,0.322667802456201,0.024,0.03,1
"ENSG00000267168",0.80382901370694,0.335602703447987,0.024,0.03,1
"ENSG00000273156",0.80382901370694,0.252716107351923,0.024,0.03,1
"ENSG00000288839",0.80382901370694,0.359732290446174,0.024,0.03,1
"ENSG00000290046",0.80382901370694,1.47502077139186,0.024,0.03,1
"LERFS",0.80382901370694,0.209467312884613,0.024,0.03,1
"LINC01176",0.80382901370694,0.224682387595108,0.024,0.03,1
"MICA",0.80382901370694,0.721085028051677,0.024,0.03,1
"MMACHC",0.80382901370694,0.255059696025661,0.024,0.03,1
"MPND",0.80382901370694,0.108481449946344,0.024,0.03,1
"RAB34",0.80382901370694,0.175492888595921,0.024,0.03,1
"RASA4",0.80382901370694,0.467586284918203,0.024,0.03,1
"RRP9",0.80382901370694,0.501029318014074,0.024,0.03,1
"SMPD2",0.80382901370694,0.259953023579061,0.024,0.03,1
"ST3GAL6",0.80382901370694,0.178043617874281,0.024,0.03,1
"TECPR2",0.80382901370694,0.385039770838756,0.024,0.03,1
"TRIM32",0.80382901370694,-0.167404555759606,0.024,0.03,1
"TRMU",0.80382901370694,0.666879250236435,0.024,0.03,1
"ZNF165",0.80382901370694,0.112804678362673,0.024,0.03,1
"MAP4K4",0.804264620501274,0.152665205782143,0.47,0.621,1
"EPG5",0.804337651415049,0.286452872111547,0.102,0.121,1
"ZNF429",0.804598284896264,0.632298129155905,0.09,0.106,1
"EPM2AIP1",0.804725625050846,1.20763244404991,0.187,0.197,1
"LTBP3",0.805146892378207,1.10017919870073,0.066,0.061,1
"PDHX",0.805146892378207,1.26561909728338,0.066,0.061,1
"PPP6R3",0.805326311000498,0.727226067972011,0.241,0.303,1
"FLCN",0.806266090933875,1.41512108762126,0.114,0.136,1
"SENP5",0.806826569376919,0.408283430138014,0.145,0.136,1
"NAT1",0.807282743990637,0.489918452287026,0.084,0.076,1
"CPLANE1",0.807370930250895,0.939607734441252,0.127,0.152,1
"WDFY1",0.807370930250895,1.40615761167472,0.133,0.136,1
"GLTP",0.807456144500159,0.793611915420478,0.102,0.121,1
"MIGA1",0.807456144500159,0.788310716115298,0.102,0.121,1
"ACOT2",0.807625629314142,1.20865778007922,0.036,0.03,1
"ATG2A",0.807625629314142,0.76084502614221,0.036,0.03,1
"BTG3",0.807625629314142,0.839333094265866,0.036,0.03,1
"CCDC106",0.807625629314142,1.60103902219042,0.036,0.03,1
"COPG2",0.807625629314142,1.49669294289889,0.036,0.03,1
"MAP3K14-AS1",0.807625629314142,1.42365334771991,0.036,0.03,1
"MRPS17",0.807625629314142,1.04462366224246,0.036,0.03,1
"PSMA6",0.807625629314142,1.47226583197556,0.036,0.03,1
"R3HCC1",0.807625629314142,0.688046011293529,0.036,0.03,1
"ROBO2",0.807625629314142,1.29504996607147,0.036,0.03,1
"SBF2-AS1",0.807625629314142,0.618001542106464,0.036,0.03,1
"SNX32",0.807625629314142,0.744325199837369,0.036,0.03,1
"VIM-AS1",0.807625629314142,0.925007373397391,0.036,0.03,1
"ZNF514",0.807625629314142,1.12444952387882,0.036,0.03,1
"ZNF836",0.807625629314142,1.10236228218734,0.036,0.03,1
"POT1",0.807900836178145,0.53546646229137,0.09,0.106,1
"ASH1L",0.808172239550577,0.576594788501452,0.386,0.455,1
"APOBEC3G",0.808533209035134,0.364119071798968,0.265,0.318,1
"MFSD6",0.80908609636128,1.24677786182569,0.066,0.061,1
"METTL2B",0.809234367144606,0.820675565853184,0.114,0.136,1
"BACE1-AS",0.809935548071882,0.737317992437523,0.024,0.03,1
"CIPC",0.809935548071882,0.79961132476945,0.024,0.03,1
"DDX49",0.809935548071882,0.641297800061321,0.024,0.03,1
"ENSG00000286753",0.809935548071882,1.24085822430308,0.024,0.03,1
"EVI5L",0.809935548071882,0.487403741133637,0.024,0.03,1
"GEM",0.809935548071882,1.45155695795884,0.024,0.03,1
"KTN1-AS1",0.809935548071882,1.42909420713821,0.024,0.03,1
"MCM2",0.809935548071882,0.748930429026125,0.024,0.03,1
"RGPD8",0.809935548071882,0.468447843783715,0.024,0.03,1
"ZNF512B",0.809935548071882,0.978251241603848,0.024,0.03,1
"ZNF816",0.809935548071882,0.196256849541153,0.024,0.03,1
"PSMD12",0.810577700574154,0.679207532817699,0.102,0.121,1
"LINC01237",0.810577700574154,1.44024988517612,0.108,0.106,1
"IDH3G",0.810816005773886,0.31470256989857,0.078,0.091,1
"TOB2",0.810854990600157,1.08035879648076,0.199,0.212,1
"RNF214",0.811206814302642,0.291049744782781,0.09,0.106,1
"UTP20",0.811206814302642,0.964139771109968,0.09,0.106,1
"BMP2K",0.812663011249331,0.839604565898718,0.223,0.273,1
"EML2",0.812721136284097,-0.245909627598076,0.066,0.076,1
"IRAK4",0.812924003021143,0.82960059111493,0.205,0.242,1
"C4orf33",0.812942774008822,0.394755991320143,0.036,0.03,1
"CCDC159",0.812942774008822,1.19331918453474,0.036,0.03,1
"CEP152",0.812942774008822,0.618112767225117,0.036,0.03,1
"LRRC14",0.812942774008822,0.374127610927308,0.036,0.03,1
"ZNF260",0.813030144223968,0.787975719171323,0.066,0.061,1
"JADE1",0.813055421667983,1.43084142238852,0.127,0.152,1
"ZNFX1",0.813100610182556,1.38828850562356,0.157,0.167,1
"GRB14",0.813540677765287,0.565141724634811,0.127,0.121,1
"LINC03006",0.813702271943396,1.57259182104932,0.108,0.106,1
"EHBP1",0.813813902720418,1.39212359950283,0.163,0.167,1
"BRWD3",0.814135024055975,0.671216267074737,0.139,0.136,1
"CLIC4",0.81418820542862,0.752330121772016,0.151,0.152,1
"ANKRD13D",0.814353125935238,0.245177759800761,0.078,0.091,1
"R3HDM2",0.814986724090474,0.923329740751527,0.325,0.394,1
"ADGRE5",0.815073235339584,0.591736584401861,0.163,0.197,1
"ENSG00000290924",0.81531684424557,0.538481387936926,0.114,0.106,1
"ADTRP",0.81605367469169,0.739353611872728,0.024,0.03,1
"ARHGAP19",0.81605367469169,0.223059841916197,0.024,0.03,1
"CAB39L",0.81605367469169,0.959900219881937,0.024,0.03,1
"CREB5",0.81605367469169,0.209272347209606,0.024,0.03,1
"DAG1",0.81605367469169,1.58582068500943,0.024,0.03,1
"DNM3",0.81605367469169,1.4037494959761,0.024,0.03,1
"DONSON",0.81605367469169,0.502338744963349,0.024,0.03,1
"E2F6",0.81605367469169,0.452116524240931,0.024,0.03,1
"EMBP1",0.81605367469169,0.543387440042073,0.024,0.03,1
"ENSG00000223725",0.81605367469169,1.71393257838341,0.024,0.03,1
"ENSG00000228395",0.81605367469169,0.747098011070605,0.024,0.03,1
"ENSG00000254692",0.81605367469169,2.13837276836213,0.024,0.03,1
"ENSG00000287024",0.81605367469169,0.157985241637434,0.024,0.03,1
"EPHA4",0.81605367469169,1.2985992392311,0.024,0.03,1
"EPM2A-DT",0.81605367469169,1.40678536032636,0.024,0.03,1
"GBGT1",0.81605367469169,0.955723948061463,0.024,0.03,1
"HSPA12A",0.81605367469169,1.13489843712129,0.024,0.03,1
"IL1RAP",0.81605367469169,1.25044082980807,0.024,0.03,1
"INF2",0.81605367469169,0.352326599334452,0.024,0.03,1
"KPNB1-DT",0.81605367469169,0.970816336825139,0.024,0.03,1
"KRBA1",0.81605367469169,0.908327585725897,0.024,0.03,1
"LINC00467",0.81605367469169,0.6680398656782,0.024,0.03,1
"LINC01355",0.81605367469169,1.02155275735876,0.024,0.03,1
"LIPT1",0.81605367469169,1.06927647239843,0.024,0.03,1
"LRRC8C-DT",0.81605367469169,1.16846871182459,0.024,0.03,1
"LSR",0.81605367469169,0.725259071576471,0.024,0.03,1
"NEU3",0.81605367469169,0.886452011995222,0.024,0.03,1
"NPRL2",0.81605367469169,0.940993785272989,0.024,0.03,1
"PECR",0.81605367469169,1.27034711077109,0.024,0.03,1
"PGAP3",0.81605367469169,1.26706371351927,0.024,0.03,1
"PLXDC2",0.81605367469169,0.268537788399744,0.024,0.03,1
"PRDM8",0.81605367469169,1.07177725633127,0.024,0.03,1
"RCBTB2",0.81605367469169,0.815950305639322,0.024,0.03,1
"RPGRIP1L",0.81605367469169,2.03340757484981,0.024,0.03,1
"SOBP",0.81605367469169,1.30620758478145,0.024,0.03,1
"TBCD",0.81605367469169,0.820725431034624,0.024,0.03,1
"UBE3D",0.81605367469169,0.620680138451326,0.024,0.03,1
"USP50",0.81605367469169,0.892932431680537,0.024,0.03,1
"USP51",0.81605367469169,0.634166951862183,0.024,0.03,1
"WDR46",0.81605367469169,0.704101208876041,0.024,0.03,1
"DXO",0.816172082832064,0.985029213886276,0.096,0.091,1
"TRIP11",0.816330847717204,0.665950983325818,0.283,0.348,1
"ORAI3",0.816829810770274,1.13782364902829,0.108,0.106,1
"TESPA1",0.816829810770274,1.11092996916114,0.108,0.106,1
"CMSS1",0.816978939759358,1.72069156394018,0.066,0.061,1
"RRM1",0.816978939759358,1.17942266169299,0.066,0.061,1
"CYB5D1",0.81826855554272,0.632583667357828,0.036,0.03,1
"ZNF775",0.81826855554272,0.496137645138214,0.036,0.03,1
"PHF12",0.818776603605293,0.950418098286349,0.211,0.227,1
"ZNF33B",0.818785530500548,0.818282652698558,0.139,0.167,1
"PEX26",0.819486379793538,1.00718322622145,0.096,0.091,1
"CUL5",0.819535574010867,0.806510294268819,0.241,0.258,1
"BTBD2",0.819597495861911,0.832901927596009,0.151,0.152,1
"SF3A1",0.82048029700084,0.420567292346994,0.283,0.348,1
"RFWD3",0.820694527344666,0.730582513001605,0.175,0.182,1
"DPM2",0.820932386398919,1.28637430229526,0.066,0.061,1
"SNX30",0.820932386398919,1.07885212714104,0.066,0.061,1
"R3HDM4",0.821028428763994,1.31553461010146,0.157,0.167,1
"ARL15",0.821160312486329,0.130884170526471,0.133,0.152,1
"TDRD7",0.821438663563681,0.642925624906201,0.078,0.091,1
"UBQLN4",0.821438663563681,0.379174508623636,0.078,0.091,1
"STK26",0.821600567405155,1.33843548900768,0.133,0.136,1
"PIK3C3",0.821656054592687,1.17606254659575,0.163,0.167,1
"MED15",0.821681669776478,0.748784462472396,0.157,0.152,1
"MICB",0.823093598739787,0.648457670671011,0.102,0.121,1
"ABCC1",0.823231519086209,0.826143220968579,0.175,0.182,1
"FIGNL1",0.823602736997536,0.402923330919851,0.036,0.03,1
"ZBTB45",0.823602736997536,-0.169808547886799,0.036,0.03,1
"ZNF235",0.823602736997536,0.923246323750064,0.036,0.03,1
"ZNF582",0.823602736997536,0.654023840709635,0.036,0.03,1
"ZNF747-DT",0.823602736997536,0.401256466259815,0.036,0.03,1
"ZSWIM1",0.823602736997536,0.242932945733215,0.036,0.03,1
"USP12",0.823675145733149,1.03442959016992,0.151,0.182,1
"RBM5",0.824279445527883,0.715100410430565,0.38,0.47,1
"ITGB3BP",0.824453713388944,1.00533024111792,0.127,0.152,1
"MAP3K4",0.824453713388944,1.00818112453682,0.127,0.152,1
"CCDC77",0.824890387219577,1.00098704329164,0.066,0.061,1
"GHDC",0.824890387219577,0.772187029685422,0.066,0.061,1
"COPS7B",0.8250153839634,0.898695002312339,0.145,0.167,1
"WAS",0.825720456377899,0.647308419203027,0.464,0.591,1
"UBN2",0.825770359739125,0.721354887395416,0.169,0.197,1
"LRRFIP2",0.82612459971748,0.733102565811828,0.096,0.091,1
"INSIG1",0.826229751507114,1.03205290819391,0.108,0.106,1
"ZCCHC10",0.826661020230448,1.06386106210612,0.193,0.242,1
"GGA3",0.827483216278806,0.33530138033736,0.301,0.379,1
"GPHN",0.827633941405513,0.157378555117926,0.114,0.106,1
"ITGAX",0.828072769621588,-0.311229268286707,0.066,0.076,1
"STXBP3",0.828199975163624,0.837249225389048,0.139,0.136,1
"GUSBP1",0.828214620653626,0.515631805341846,0.12,0.136,1
"PLEKHM1",0.828214620653626,0.483447276094884,0.127,0.121,1
"IQCG",0.828538798923823,0.402297364717979,0.078,0.091,1
"NAA60",0.828538798923823,0.610637719839108,0.078,0.091,1
"FAM136A",0.828852844950824,1.14583104940077,0.066,0.061,1
"ENSG00000237461",0.828945080290359,1.01132950495188,0.036,0.03,1
"HOXC4",0.828945080290359,0.159785235203117,0.036,0.03,1
"SANBR",0.828945080290359,0.148689257553266,0.036,0.03,1
"JADE2",0.829448407957648,0.604928239823368,0.096,0.091,1
"ZNF562",0.829761215971658,1.91822901968041,0.078,0.076,1
"ZC3H7A",0.829857527773504,0.701248675767067,0.187,0.227,1
"PARP8",0.830131661200844,0.817872969835969,0.265,0.288,1
"YAF2",0.830166932991112,1.31960314678865,0.127,0.152,1
"KLF3",0.831581154301095,1.47469441434806,0.12,0.121,1
"TAPT1",0.831818902424402,1.32256738248974,0.187,0.197,1
"MLXIP",0.831837592886079,0.929995593997943,0.217,0.242,1
"WNK1",0.832161695420431,0.703680626282158,0.337,0.394,1
"ZC4H2",0.83281966198188,1.07929540771908,0.066,0.061,1
"SLC9A7",0.833027802108336,0.695325156003595,0.217,0.258,1
"FAF1",0.833055437637454,0.810096642190858,0.181,0.212,1
"BICD1",0.833397718147496,0.551543788863059,0.169,0.197,1
"POLR3H",0.834295346205486,0.130557320599613,0.036,0.03,1
"SWI5",0.834295346205486,0.44769521266864,0.036,0.03,1
"CWF19L1",0.834439831187419,0.604185177152756,0.09,0.106,1
"TMX4",0.835277193843043,1.06138108132962,0.205,0.258,1
"RPTOR",0.835654663849696,1.04496532056653,0.102,0.121,1
"CAD",0.835773679801518,0.72468066424338,0.066,0.076,1
"TTLL5",0.835773679801518,0.730840597048404,0.066,0.076,1
"NUBPL",0.836790740368892,0.690291540191573,0.066,0.061,1
"ORC5",0.836790740368892,0.861513356973152,0.066,0.061,1
"SLC36A4",0.836938251058615,0.885318278906704,0.151,0.182,1
"POGK",0.837048203341465,0.283112515100834,0.12,0.136,1
"WDR55",0.837771169602324,0.944377236385657,0.09,0.106,1
"GPSM3",0.838051022190787,0.33047191993289,0.476,0.591,1
"GSTM4",0.838361524659478,-0.373252706844202,0.054,0.061,1
"TSC2",0.838596078880708,0.569844403925264,0.145,0.167,1
"SYNE2",0.838753532210785,1.50410745736508,0.133,0.136,1
"SUN1",0.838801623796237,0.757694786898518,0.102,0.121,1
"RCOR3",0.839428614555966,0.533736396709747,0.193,0.197,1
"RTTN",0.839437933946314,-0.233526625820308,0.096,0.091,1
"ATAT1",0.8396532944265,0.126139441028585,0.036,0.03,1
"CCM2",0.839997245752829,0.130465045007292,0.12,0.136,1
"ITGA4",0.840131272284448,0.46214772186282,0.524,0.652,1
"STRBP",0.840189656206805,0.750177742182995,0.476,0.561,1
"IQGAP1",0.840226744731286,0.298244035101019,0.59,0.712,1
"FUS",0.840295073107682,0.356813338135613,0.548,0.742,1
"NFKBIA",0.84040373396526,-0.196856625476387,0.392,0.47,1
"MTR",0.840483220951136,0.527097859376933,0.181,0.212,1
"NBPF8",0.840559220062715,1.14898598093378,0.12,0.121,1
"VAPB",0.840709851297688,1.44565506470622,0.078,0.076,1
"CLN5",0.840765981842176,0.907000684788372,0.066,0.061,1
"WASF2",0.84101009551477,0.41058700576532,0.512,0.621,1
"PRICKLE1",0.841105418695205,1.11354863826815,0.09,0.106,1
"TSR3",0.841105418695205,0.917136931834428,0.09,0.106,1
"ZCCHC3",0.841318133552388,0.728534054155783,0.145,0.167,1
"ILF3",0.84189564688393,0.36894964770633,0.428,0.545,1
"ASB3",0.842123000695606,1.09737280041851,0.199,0.212,1
"RALGAPA1",0.842255154049573,1.55990550510729,0.205,0.227,1
"EHMT1",0.843399713549425,0.500341522838143,0.205,0.212,1
"NCBP2AS2",0.843490365093249,0.532816010048992,0.066,0.076,1
"DERL1",0.844031742843024,1.10591753041492,0.175,0.212,1
"CFAP298",0.844442520291136,0.616752513380685,0.09,0.106,1
"RBBP6",0.844973323562661,0.472182104266262,0.53,0.667,1
"MPPE1",0.845150530497755,0.611813782888272,0.139,0.136,1
"AMBRA1",0.846188596598589,0.619843582553622,0.38,0.47,1
"ADGB",0.84626084485951,-1.10399853847773,0.012,0.015,1
"BORCS7-ASMT",0.84626084485951,-1.25674007303394,0.012,0.015,1
"CENPU",0.84626084485951,-1.3080591013429,0.012,0.015,1
"CFAP61",0.84626084485951,-1.22924632315962,0.012,0.015,1
"COL23A1",0.84626084485951,-1.13026616390659,0.012,0.015,1
"DLC1",0.84626084485951,-1.3359510264526,0.012,0.015,1
"ENSG00000254695",0.84626084485951,-1.10629754331778,0.012,0.015,1
"ENSG00000255639",0.84626084485951,-1.26135059725089,0.012,0.015,1
"ENSG00000259238",0.84626084485951,-1.50631062794017,0.012,0.015,1
"ENSG00000260160",0.84626084485951,-0.912670618511007,0.012,0.015,1
"ENSG00000261094",0.84626084485951,-0.792966997017388,0.012,0.015,1
"ENSG00000264324",0.84626084485951,-0.760608951596956,0.012,0.015,1
"ENSG00000272936",0.84626084485951,-1.09129160697451,0.012,0.015,1
"ENSG00000285163",0.84626084485951,-0.578964069904273,0.012,0.015,1
"ENSG00000286488",0.84626084485951,-1.24952509460695,0.012,0.015,1
"ENSG00000286652",0.84626084485951,-1.05557523959206,0.012,0.015,1
"ENSG00000287264",0.84626084485951,-1.48256767268234,0.012,0.015,1
"ENSG00000287763",0.84626084485951,-1.27468578635417,0.012,0.015,1
"EPAS1",0.84626084485951,-1.0442602183745,0.012,0.015,1
"GPR137C",0.84626084485951,-1.00984899893293,0.012,0.015,1
"GSTM3",0.84626084485951,-1.08003021760081,0.012,0.015,1
"H3C6",0.84626084485951,-1.00260047249459,0.012,0.015,1
"KCNE5",0.84626084485951,-0.880795868025185,0.012,0.015,1
"KCNMB3",0.84626084485951,-2.195492279648,0.012,0.015,1
"KIAA1522",0.84626084485951,-1.0791473155189,0.012,0.015,1
"LINC00158",0.84626084485951,-1.95590831255443,0.012,0.015,1
"LINC00508",0.84626084485951,-1.96302275330017,0.012,0.015,1
"LINC01541",0.84626084485951,-1.05534546359186,0.012,0.015,1
"MAP1LC3B2",0.84626084485951,-1.3116528913428,0.012,0.015,1
"MAP7",0.84626084485951,-0.931392889329017,0.012,0.015,1
"MTFR2",0.84626084485951,-1.72405613431507,0.012,0.015,1
"PPP1R12A-AS2",0.84626084485951,-0.960141032906581,0.012,0.015,1
"RBM44",0.84626084485951,-1.16203140816059,0.012,0.015,1
"SEPTIN3",0.84626084485951,-1.61652155317976,0.012,0.015,1
"SERAC1",0.84626084485951,-0.983395726725185,0.012,0.015,1
"SLC20A1-DT",0.84626084485951,-1.23967551009872,0.012,0.015,1
"SND1-DT",0.84626084485951,-1.14162809927603,0.012,0.015,1
"SNX24",0.84626084485951,-1.05014730020602,0.012,0.015,1
"SPATC1",0.84626084485951,-1.08935779284944,0.012,0.015,1
"ST20-AS1",0.84626084485951,-2.67201165781858,0.012,0.015,1
"STAB1",0.84626084485951,-0.729401111165029,0.012,0.015,1
"TMEM25",0.84626084485951,-0.990576941526837,0.012,0.015,1
"TMEM86A",0.84626084485951,-1.28806699870473,0.012,0.015,1
"TRDC",0.84626084485951,-2.24427385736943,0.012,0.015,1
"TVP23C-CDRT4",0.84626084485951,-1.51134016563743,0.012,0.015,1
"VLDLR-AS1",0.84626084485951,-1.70282979978639,0.012,0.015,1
"ZMYND12",0.84626084485951,-1.0119146035755,0.012,0.015,1
"ZNF473",0.84626084485951,-2.24576627853787,0.012,0.015,1
"ZSCAN2",0.84626084485951,-1.20799405205308,0.012,0.015,1
"FTSJ3",0.846349308898898,0.429312881508486,0.078,0.091,1
"TP53BP2",0.846349308898898,0.976167573528921,0.078,0.091,1
"HUWE1",0.847238857264119,0.554217808858615,0.295,0.333,1
"NME7",0.847354398217638,0.607565589992771,0.066,0.076,1
"ANKRA2",0.847665717491007,1.02701637897458,0.145,0.152,1
"FAM133B",0.847734921776458,0.627858829120678,0.361,0.439,1
"NAPB",0.848728559383449,0.499533168568957,0.066,0.061,1
"RBM43",0.848728559383449,0.362849536457638,0.066,0.061,1
"EIF1AX",0.849337213951944,0.12414520312547,0.633,0.758,1
"TGIF2",0.849558073415776,0.878759462507009,0.12,0.121,1
"MTMR2",0.849921158977446,1.15850446943475,0.078,0.091,1
"MYO5A",0.850090826179886,0.435016128145296,0.253,0.288,1
"NEAT1",0.850547030339328,0.163199289705947,0.602,0.667,1
"PPP1R9B",0.850902973685009,0.653642997483627,0.241,0.258,1
"L3MBTL4",0.851222104343339,1.46023113793716,0.066,0.076,1
"BRD7",0.851505947897801,0.341720863811516,0.271,0.288,1
"MEF2C-AS1",0.851876426232133,0.989685764087212,0.157,0.182,1
"ORC2",0.852225016659412,0.589685119487977,0.145,0.167,1
"TANGO2",0.852797370831014,0.379309260978373,0.096,0.091,1
"BMS1",0.853496091969346,0.900951616093521,0.078,0.091,1
"MYH9",0.8538392843572,0.278609145709038,0.584,0.788,1
"PIGG",0.854064938313484,0.849409974532312,0.114,0.136,1
"ENSG00000257027",0.854574138636717,0.934859965073228,0.108,0.106,1
"RIC1",0.854574138636717,0.730012264170079,0.108,0.106,1
"ADAM15",0.854945548997601,-0.67866538114098,0.012,0.015,1
"AOC2",0.854945548997601,0.468142526788931,0.012,0.015,1
"ARL6",0.854945548997601,-0.957415024359447,0.012,0.015,1
"ARRDC4",0.854945548997601,-0.136664793086775,0.012,0.015,1
"ASB2",0.854945548997601,-0.237210057862869,0.012,0.015,1
"C14orf132",0.854945548997601,-0.84742061978327,0.012,0.015,1
"C4orf47",0.854945548997601,0.818319006781694,0.012,0.015,1
"CADM1",0.854945548997601,-0.792935983039692,0.012,0.015,1
"CCDC149",0.854945548997601,-0.555556166601327,0.012,0.015,1
"CDC14B",0.854945548997601,-0.54393623282591,0.012,0.015,1
"CDC42BPG",0.854945548997601,-0.209432297021729,0.012,0.015,1
"CLN6",0.854945548997601,0.19485820762597,0.012,0.015,1
"CNGB3",0.854945548997601,0.400202935176914,0.012,0.015,1
"CPNE8",0.854945548997601,0.534662786408954,0.012,0.015,1
"CSMD1",0.854945548997601,-0.477621000406641,0.012,0.015,1
"CYP2J2",0.854945548997601,-0.349803818375607,0.012,0.015,1
"DISC1FP1",0.854945548997601,1.1446696227538,0.012,0.015,1
"EBI3",0.854945548997601,-0.912548392700349,0.012,0.015,1
"ENSG00000183308",0.854945548997601,0.485777972971421,0.012,0.015,1
"ENSG00000197585",0.854945548997601,-0.512662702662518,0.012,0.015,1
"ENSG00000226576",0.854945548997601,-0.542123187253877,0.012,0.015,1
"ENSG00000227355",0.854945548997601,-0.880181563881127,0.012,0.015,1
"ENSG00000229618",0.854945548997601,0.17682361186545,0.012,0.015,1
"ENSG00000233223",0.854945548997601,0.31726855113023,0.012,0.015,1
"ENSG00000236723",0.854945548997601,-0.816994331713323,0.012,0.015,1
"ENSG00000237471",0.854945548997601,-0.814254191975774,0.012,0.015,1
"ENSG00000251131",0.854945548997601,-0.830145779385434,0.012,0.015,1
"ENSG00000263731",0.854945548997601,-0.633878522519023,0.012,0.015,1
"ENSG00000273320",0.854945548997601,-0.671844249876657,0.012,0.015,1
"ENSG00000281538",0.854945548997601,-0.476770117184799,0.012,0.015,1
"ENSG00000282890",0.854945548997601,-0.348521036656563,0.012,0.015,1
"ENSG00000283415",0.854945548997601,-0.691128180809506,0.012,0.015,1
"ENSG00000284393",0.854945548997601,-0.617812574871969,0.012,0.015,1
"ENSG00000288302",0.854945548997601,0.253679112889657,0.012,0.015,1
"ENSG00000288742",0.854945548997601,-0.250009215758622,0.012,0.015,1
"ENSG00000289393",0.854945548997601,-0.356437692813357,0.012,0.015,1
"ENSG00000289425",0.854945548997601,-0.685165592559536,0.012,0.015,1
"ENSG00000289485",0.854945548997601,-0.218462390069377,0.012,0.015,1
"ENSG00000290854",0.854945548997601,0.135312187195066,0.012,0.015,1
"EPB41L4A",0.854945548997601,-0.726144640348195,0.012,0.015,1
"ERBB4",0.854945548997601,1.90887446998628,0.012,0.015,1
"F3",0.854945548997601,-0.483702472763667,0.012,0.015,1
"FAM151B-DT",0.854945548997601,-0.675582791745469,0.012,0.015,1
"FAM174B",0.854945548997601,0.954475443050127,0.012,0.015,1
"FASN",0.854945548997601,-0.433418958201394,0.012,0.015,1
"FBLN2",0.854945548997601,-0.323439505168136,0.012,0.015,1
"FIGNL2",0.854945548997601,-0.508989312477762,0.012,0.015,1
"FSIP1",0.854945548997601,0.743094627826453,0.012,0.015,1
"GPC6",0.854945548997601,-0.298498265565229,0.012,0.015,1
"GUCY1A2",0.854945548997601,-0.821680700407178,0.012,0.015,1
"HDAC2-AS2",0.854945548997601,-0.480407869876532,0.012,0.015,1
"HHLA2",0.854945548997601,-0.40040485338325,0.012,0.015,1
"ITSN1",0.854945548997601,-0.316855812055481,0.012,0.015,1
"KANSL1-AS1",0.854945548997601,-0.226477098594017,0.012,0.015,1
"KCNAB1",0.854945548997601,-0.512486923588838,0.012,0.015,1
"LINC00487",0.854945548997601,0.704144126518941,0.012,0.015,1
"LINC00654",0.854945548997601,-0.259525901319166,0.012,0.015,1
"LINC01579",0.854945548997601,-0.521081441609242,0.012,0.015,1
"LINC02878",0.854945548997601,0.157951531957978,0.012,0.015,1
"LNX1",0.854945548997601,-0.165907009118852,0.012,0.015,1
"MACC1-DT",0.854945548997601,-0.805686476675262,0.012,0.015,1
"MAP2K5-DT",0.854945548997601,-0.429154936971928,0.012,0.015,1
"MAPK10",0.854945548997601,-0.594540388094468,0.012,0.015,1
"ME1",0.854945548997601,-0.378016468335996,0.012,0.015,1
"MRPL20-DT",0.854945548997601,-0.571820392684223,0.012,0.015,1
"MYCBPAP",0.854945548997601,-0.661438719207541,0.012,0.015,1
"NFKBIL1",0.854945548997601,-0.624490183297615,0.012,0.015,1
"NINJ2",0.854945548997601,-0.64962202268388,0.012,0.015,1
"NR4A3",0.854945548997601,0.427811592378248,0.012,0.015,1
"NT5DC2",0.854945548997601,-0.508989312477762,0.012,0.015,1
"NUDT4B",0.854945548997601,-0.503659867765734,0.012,0.015,1
"OPCML",0.854945548997601,-0.959658278512037,0.012,0.015,1
"P2RX2",0.854945548997601,-0.311747810655575,0.012,0.015,1
"PELO",0.854945548997601,-0.335807937233754,0.012,0.015,1
"PER3",0.854945548997601,0.925104618633534,0.012,0.015,1
"PFDN5",0.854945548997601,-0.458349726559163,0.012,0.015,1
"PHLDB1",0.854945548997601,-0.445216824622942,0.012,0.015,1
"PHOSPHO2",0.854945548997601,-0.518983233067468,0.012,0.015,1
"PIGQ",0.854945548997601,-0.39313375729142,0.012,0.015,1
"PLA2G15",0.854945548997601,-0.220896745584054,0.012,0.015,1
"PLOD1",0.854945548997601,-0.718286451683131,0.012,0.015,1
"PLXND1",0.854945548997601,-0.688412993185434,0.012,0.015,1
"PPARG",0.854945548997601,0.535001457527104,0.012,0.015,1
"RAMP2-AS1",0.854945548997601,-0.228088262130377,0.012,0.015,1
"RBMS2",0.854945548997601,0.675413505156156,0.012,0.015,1
"RNF31",0.854945548997601,-0.716612685590327,0.012,0.015,1
"RTN2",0.854945548997601,-0.969919541020218,0.012,0.015,1
"SAMD10",0.854945548997601,-0.183421013527111,0.012,0.015,1
"SAMD12-AS1",0.854945548997601,-0.360346572186272,0.012,0.015,1
"SAMMSON",0.854945548997601,-0.714548420062974,0.012,0.015,1
"SCD5",0.854945548997601,-0.358899808788306,0.012,0.015,1
"SCGB2B2",0.854945548997601,1.02085022008601,0.012,0.015,1
"SIGLEC12",0.854945548997601,-0.57285811991084,0.012,0.015,1
"SLC45A4",0.854945548997601,-0.715549472576452,0.012,0.015,1
"SMG7-AS1",0.854945548997601,-0.518583566753754,0.012,0.015,1
"SSH3",0.854945548997601,-0.810189855415405,0.012,0.015,1
"TBC1D8B",0.854945548997601,0.42181043327556,0.012,0.015,1
"TENM3",0.854945548997601,-0.623714603847942,0.012,0.015,1
"TEX41",0.854945548997601,-0.594931713700051,0.012,0.015,1
"THEM6",0.854945548997601,-0.154517081875967,0.012,0.015,1
"YY2",0.854945548997601,-0.352347189274987,0.012,0.015,1
"ZNF18",0.854945548997601,-0.231560216853871,0.012,0.015,1
"ZNF8",0.854945548997601,-0.138763653730829,0.012,0.015,1
"PCK2",0.855401582958471,-0.797879201405205,0.054,0.061,1
"SRSF6",0.856537338924274,0.470011682878585,0.343,0.424,1
"MTRF1",0.857074036153011,1.2047826411893,0.078,0.091,1
"BMF",0.857818282894638,1.47873091781936,0.09,0.106,1
"L3MBTL3",0.858661983960677,0.216763443377371,0.163,0.182,1
"DCUN1D2",0.858968172054861,1.02263614399265,0.066,0.076,1
"ZNF383",0.858968172054861,0.591765225248196,0.066,0.076,1
"PAXIP1-DT",0.85902521657468,1.34116797933721,0.078,0.076,1
"TMLHE",0.85902521657468,1.37027736587961,0.078,0.076,1
"PRMT1",0.85906661817884,0.544702182741919,0.199,0.212,1
"CXorf38",0.859066686146635,0.492148466192502,0.199,0.212,1
"WDPCP",0.859113518741359,0.690954583624822,0.187,0.197,1
"PIGO",0.859672480817254,0.75892275470904,0.054,0.061,1
"PANK4",0.860654919621193,0.762490037209226,0.078,0.091,1
"DHFR",0.860899824663439,0.795256696177562,0.108,0.106,1
"MOB4",0.861168769112679,0.866599593237418,0.09,0.106,1
"VPS4B",0.861366931903185,0.47889612247778,0.247,0.288,1
"RNF111",0.862072055165431,1.29090110282794,0.217,0.242,1
"HCG11",0.86224751180304,0.272269910296344,0.096,0.106,1
"ZNF26",0.86269774214747,0.929554948801576,0.078,0.076,1
"SDK2",0.862844953543298,0.366538765577973,0.096,0.091,1
"COX10",0.862846351228365,0.489583703697094,0.066,0.076,1
"CTTNBP2NL",0.862846351228365,1.04301332167262,0.066,0.076,1
"XAB2",0.862846351228365,0.64231858387004,0.066,0.076,1
"FBXL17",0.863053095193145,0.996130562708867,0.223,0.242,1
"FAM217B",0.86327222726456,0.264645838253452,0.108,0.121,1
"SP4",0.863594632599707,0.524575711620401,0.133,0.152,1
"ADAM23",0.863647861371128,1.49524474366603,0.012,0.015,1
"AIFM2",0.863647861371128,0.847073263292387,0.012,0.015,1
"ARHGEF37",0.863647861371128,1.10780791169929,0.012,0.015,1
"ARIH2OS",0.863647861371128,-0.240017836084741,0.012,0.015,1
"ATP8B5P",0.863647861371128,1.52878689710095,0.012,0.015,1
"ATXN1-AS1",0.863647861371128,0.708039478967494,0.012,0.015,1
"AVIL",0.863647861371128,0.424537783647154,0.012,0.015,1
"B9D2",0.863647861371128,0.894070751069271,0.012,0.015,1
"BAIAP3",0.863647861371128,1.41327616798778,0.012,0.015,1
"BCL2L2-PABPN1",0.863647861371128,0.199659728545211,0.012,0.015,1
"C12orf40",0.863647861371128,0.528291623680597,0.012,0.015,1
"C15orf48",0.863647861371128,0.937459951764615,0.012,0.015,1
"C1QTNF7-AS1",0.863647861371128,0.33681713981469,0.012,0.015,1
"C1orf159",0.863647861371128,1.19113522239225,0.012,0.015,1
"C21orf58",0.863647861371128,0.987553276053387,0.012,0.015,1
"CACFD1",0.863647861371128,0.542024726846782,0.012,0.015,1
"CC2D2B",0.863647861371128,0.436132623633712,0.012,0.015,1
"CCDC157",0.863647861371128,1.11181222136041,0.012,0.015,1
"CCDC183",0.863647861371128,-0.529089195630047,0.012,0.015,1
"CCDC24",0.863647861371128,0.334546926139322,0.012,0.015,1
"CCDC38",0.863647861371128,0.115524015303307,0.012,0.015,1
"CCNF",0.863647861371128,0.477273312928097,0.012,0.015,1
"CD5",0.863647861371128,0.295510254648645,0.012,0.015,1
"CENPA",0.863647861371128,0.256867196974429,0.012,0.015,1
"CEP131",0.863647861371128,0.642287779004549,0.012,0.015,1
"CGNL1",0.863647861371128,0.293360581434799,0.012,0.015,1
"CLN3",0.863647861371128,1.63455547941243,0.012,0.015,1
"COL18A1",0.863647861371128,1.32758459778022,0.012,0.015,1
"CSRP1",0.863647861371128,0.434821070852087,0.012,0.015,1
"CYP2U1-AS1",0.863647861371128,0.637376812507365,0.012,0.015,1
"DARS1-AS1",0.863647861371128,0.491759152385405,0.012,0.015,1
"DET1",0.863647861371128,2.50620343956588,0.012,0.015,1
"DHCR7",0.863647861371128,1.89653987457278,0.012,0.015,1
"DTHD1",0.863647861371128,1.16916187448134,0.012,0.015,1
"EFR3B",0.863647861371128,0.820169772050797,0.012,0.015,1
"EGFL7",0.863647861371128,0.299391803155212,0.012,0.015,1
"EGLN1",0.863647861371128,0.2195118292902,0.012,0.015,1
"EIF4E3",0.863647861371128,1.35535228729052,0.012,0.015,1
"EIF5A2",0.863647861371128,-0.315134362890772,0.012,0.015,1
"ELAC1",0.863647861371128,-0.569540421313412,0.012,0.015,1
"ELAPOR2",0.863647861371128,1.11253758850611,0.012,0.015,1
"ENSG00000197813",0.863647861371128,0.52874924856985,0.012,0.015,1
"ENSG00000204584",0.863647861371128,1.51022640784442,0.012,0.015,1
"ENSG00000235007",0.863647861371128,1.14289953323676,0.012,0.015,1
"ENSG00000236676",0.863647861371128,-0.277041947344881,0.012,0.015,1
"ENSG00000241666",0.863647861371128,0.363507805731878,0.012,0.015,1
"ENSG00000249492",0.863647861371128,1.18797653871582,0.012,0.015,1
"ENSG00000249526",0.863647861371128,0.841102136847247,0.012,0.015,1
"ENSG00000249635",0.863647861371128,2.37143211035209,0.012,0.015,1
"ENSG00000253653",0.863647861371128,0.405712288014184,0.012,0.015,1
"ENSG00000255422",0.863647861371128,1.10553197616034,0.012,0.015,1
"ENSG00000258461",0.863647861371128,-0.265836570799745,0.012,0.015,1
"ENSG00000259546",0.863647861371128,1.13712653571892,0.012,0.015,1
"ENSG00000260917",0.863647861371128,0.152729677751528,0.012,0.015,1
"ENSG00000265943",0.863647861371128,0.663090866770284,0.012,0.015,1
"ENSG00000266664",0.863647861371128,0.505476334985836,0.012,0.015,1
"ENSG00000267469",0.863647861371128,0.435779611496709,0.012,0.015,1
"ENSG00000268870",0.863647861371128,0.440633380113772,0.012,0.015,1
"ENSG00000269110",0.863647861371128,1.63165775445032,0.012,0.015,1
"ENSG00000269688",0.863647861371128,0.123424894067604,0.012,0.015,1
"ENSG00000270157",0.863647861371128,0.463062261086793,0.012,0.015,1
"ENSG00000270482",0.863647861371128,0.715869012412159,0.012,0.015,1
"ENSG00000270562",0.863647861371128,0.105773418079051,0.012,0.015,1
"ENSG00000271717",0.863647861371128,0.997771886244323,0.012,0.015,1
"ENSG00000272182",0.863647861371128,0.688876043305472,0.012,0.015,1
"ENSG00000272434",0.863647861371128,0.639621232897574,0.012,0.015,1
"ENSG00000272449",0.863647861371128,1.05812993922369,0.012,0.015,1
"ENSG00000272463",0.863647861371128,0.561272287215705,0.012,0.015,1
"ENSG00000272764",0.863647861371128,0.473372056623695,0.012,0.015,1
"ENSG00000273210",0.863647861371128,0.24040105912193,0.012,0.015,1
"ENSG00000273345",0.863647861371128,0.491027435913155,0.012,0.015,1
"ENSG00000273363",0.863647861371128,0.468983899142067,0.012,0.015,1
"ENSG00000274979",0.863647861371128,0.569892929434507,0.012,0.015,1
"ENSG00000275055",0.863647861371128,0.110191678536146,0.012,0.015,1
"ENSG00000275799",0.863647861371128,0.919682847190528,0.012,0.015,1
"ENSG00000276148",0.863647861371128,0.750433123787063,0.012,0.015,1
"ENSG00000280383",0.863647861371128,1.51901471606382,0.012,0.015,1
"ENSG00000280441",0.863647861371128,-0.505810900304984,0.012,0.015,1
"ENSG00000282915",0.863647861371128,0.79495472801135,0.012,0.015,1
"ENSG00000285579",0.863647861371128,1.46231027189777,0.012,0.015,1
"ENSG00000286417",0.863647861371128,1.06079227508249,0.012,0.015,1
"ENSG00000286458",0.863647861371128,0.52591863535104,0.012,0.015,1
"ENSG00000286656",0.863647861371128,0.862455950416932,0.012,0.015,1
"ENSG00000287769",0.863647861371128,0.98155356746717,0.012,0.015,1
"ENSG00000288061",0.863647861371128,0.392633791704059,0.012,0.015,1
"ENSG00000288829",0.863647861371128,0.700550173795159,0.012,0.015,1
"ENSG00000288838",0.863647861371128,0.978050032095441,0.012,0.015,1
"ENSG00000288999",0.863647861371128,0.505939683792759,0.012,0.015,1
"ENSG00000289119",0.863647861371128,-0.341775965904328,0.012,0.015,1
"ENSG00000289152",0.863647861371128,1.78296002759152,0.012,0.015,1
"ENSG00000289294",0.863647861371128,0.331535242312498,0.012,0.015,1
"ENSG00000289958",0.863647861371128,-0.334082474509533,0.012,0.015,1
"ENSG00000290085",0.863647861371128,0.340953715628128,0.012,0.015,1
"ENSG00000290385",0.863647861371128,0.591442193812409,0.012,0.015,1
"ENSG00000290547",0.863647861371128,0.153633999636473,0.012,0.015,1
"F8",0.863647861371128,0.761006149064591,0.012,0.015,1
"FAH",0.863647861371128,0.469988369004241,0.012,0.015,1
"FAM21EP",0.863647861371128,0.81306199818782,0.012,0.015,1
"FBXO34-AS1",0.863647861371128,0.984956202199312,0.012,0.015,1
"FGD1",0.863647861371128,0.644191754009625,0.012,0.015,1
"FHL3",0.863647861371128,-0.138674316886167,0.012,0.015,1
"FLJ20021",0.863647861371128,0.188026921275738,0.012,0.015,1
"FRMPD4",0.863647861371128,0.901906338716873,0.012,0.015,1
"GALM",0.863647861371128,1.13799802810328,0.012,0.015,1
"GCNA",0.863647861371128,0.451375354017769,0.012,0.015,1
"GPR150",0.863647861371128,0.18936371489914,0.012,0.015,1
"GRB10",0.863647861371128,-0.197917448130221,0.012,0.015,1
"GSTM1",0.863647861371128,0.116463188478975,0.012,0.015,1
"GSTO2",0.863647861371128,0.864286350700917,0.012,0.015,1
"GTF2H2C",0.863647861371128,-0.228480256582459,0.012,0.015,1
"H3-3A-DT",0.863647861371128,0.781534112289457,0.012,0.015,1
"HAGHL",0.863647861371128,-0.17397428232657,0.012,0.015,1
"HERC2P3",0.863647861371128,1.28469460472504,0.012,0.015,1
"HIPK1-AS1",0.863647861371128,0.801442869629517,0.012,0.015,1
"HISLA",0.863647861371128,0.781400395287299,0.012,0.015,1
"HIVEP2-DT",0.863647861371128,1.02733370551973,0.012,0.015,1
"HLA-DQB1-AS1",0.863647861371128,0.667205990286623,0.012,0.015,1
"HMGB1P1",0.863647861371128,0.876529178615537,0.012,0.015,1
"ICA1",0.863647861371128,0.926900147078641,0.012,0.015,1
"IFT22",0.863647861371128,-0.218642310248717,0.012,0.015,1
"IRF2BP1",0.863647861371128,0.426363245511492,0.012,0.015,1
"ISYNA1",0.863647861371128,0.532732991773144,0.012,0.015,1
"KCNC4",0.863647861371128,0.322454488869567,0.012,0.015,1
"KCTD21",0.863647861371128,0.441272346192328,0.012,0.015,1
"KHDC1",0.863647861371128,0.801290439612055,0.012,0.015,1
"KIF3C",0.863647861371128,1.20582283549761,0.012,0.015,1
"KIFC1",0.863647861371128,-0.478862826082659,0.012,0.015,1
"KLHDC8B",0.863647861371128,0.345127826795464,0.012,0.015,1
"LDLR",0.863647861371128,1.6151595916982,0.012,0.015,1
"LENG9",0.863647861371128,1.11218199499438,0.012,0.015,1
"LILRB5",0.863647861371128,0.812612495372455,0.012,0.015,1
"LIMCH1",0.863647861371128,0.390008814987851,0.012,0.015,1
"LINC00663",0.863647861371128,1.11641017724185,0.012,0.015,1
"LINC02340",0.863647861371128,-0.342538137036883,0.012,0.015,1
"LINC03007",0.863647861371128,0.877649136239712,0.012,0.015,1
"LPCAT2",0.863647861371128,0.674239600182659,0.012,0.015,1
"MCPH1-DT",0.863647861371128,0.866882826348098,0.012,0.015,1
"MEGF11",0.863647861371128,0.541953757338251,0.012,0.015,1
"MKRN3",0.863647861371128,0.413310940142391,0.012,0.015,1
"NALF1",0.863647861371128,0.432113573968773,0.012,0.015,1
"NAPA-AS1",0.863647861371128,0.925190892507646,0.012,0.015,1
"NEO1",0.863647861371128,0.312457771198804,0.012,0.015,1
"NPAS3",0.863647861371128,-0.334190677631931,0.012,0.015,1
"NRXN3",0.863647861371128,-0.149340486878003,0.012,0.015,1
"NTNG2",0.863647861371128,1.07695488831752,0.012,0.015,1
"NUDT13",0.863647861371128,0.519663745501961,0.012,0.015,1
"PDCD6",0.863647861371128,0.481551178401419,0.012,0.015,1
"PDE10A",0.863647861371128,0.765338993746032,0.012,0.015,1
"PEX10",0.863647861371128,1.00780724432626,0.012,0.015,1
"PEX12",0.863647861371128,-0.173344949494266,0.012,0.015,1
"PI4K2A",0.863647861371128,1.17172354115791,0.012,0.015,1
"PID1",0.863647861371128,-0.164435079315878,0.012,0.015,1
"PRICKLE2",0.863647861371128,0.545843457948179,0.012,0.015,1
"PROCR",0.863647861371128,-0.280603484830812,0.012,0.015,1
"PUS7",0.863647861371128,0.51121485544678,0.012,0.015,1
"QPCT",0.863647861371128,-0.445545506916573,0.012,0.015,1
"REM2",0.863647861371128,1.0860844358337,0.012,0.015,1
"RFESD",0.863647861371128,0.537704998522494,0.012,0.015,1
"RGPD4",0.863647861371128,0.821664949883826,0.012,0.015,1
"RHOBTB1",0.863647861371128,0.476389077648669,0.012,0.015,1
"RHPN1",0.863647861371128,0.243759874805906,0.012,0.015,1
"RNASEK",0.863647861371128,0.731432709805651,0.012,0.015,1
"RNF144A",0.863647861371128,1.2273491978792,0.012,0.015,1
"RPH3A",0.863647861371128,1.17900937771783,0.012,0.015,1
"RPL39L",0.863647861371128,0.265160451282705,0.012,0.015,1
"RSPH10B2",0.863647861371128,0.637953433058514,0.012,0.015,1
"RTCA-AS1",0.863647861371128,0.849959459990368,0.012,0.015,1
"SALL2",0.863647861371128,-0.215576656854414,0.012,0.015,1
"SCAT1",0.863647861371128,0.52324399504509,0.012,0.015,1
"SEMA3A",0.863647861371128,0.546001398463443,0.012,0.015,1
"SGTB",0.863647861371128,-0.127045610353443,0.012,0.015,1
"SH3PXD2B",0.863647861371128,1.74367153489209,0.012,0.015,1
"SLC22A15",0.863647861371128,1.89093535473147,0.012,0.015,1
"SLC44A5",0.863647861371128,1.70389847720016,0.012,0.015,1
"SMOC2",0.863647861371128,0.127631994754295,0.012,0.015,1
"SNHG11",0.863647861371128,1.0019114440378,0.012,0.015,1
"SPAG5-AS1",0.863647861371128,2.09689586769934,0.012,0.015,1
"SPP1",0.863647861371128,-0.106069838597532,0.012,0.015,1
"SRRM2-AS1",0.863647861371128,1.03905299630479,0.012,0.015,1
"TC2N",0.863647861371128,0.861516870170579,0.012,0.015,1
"TM4SF19-AS1",0.863647861371128,0.1311211572373,0.012,0.015,1
"TMEM150C",0.863647861371128,-0.215394517815191,0.012,0.015,1
"TMEM231",0.863647861371128,0.120338123680693,0.012,0.015,1
"TMPRSS9",0.863647861371128,0.816138260275777,0.012,0.015,1
"TRGC2",0.863647861371128,1.94884080544053,0.012,0.015,1
"TRIM58",0.863647861371128,0.885053606941882,0.012,0.015,1
"TRIM7-AS2",0.863647861371128,-0.23813264720521,0.012,0.015,1
"TSHR",0.863647861371128,0.158029313928469,0.012,0.015,1
"TSPAN32",0.863647861371128,0.225686661251658,0.012,0.015,1
"TTC26",0.863647861371128,-0.159384753267716,0.012,0.015,1
"TUFT1",0.863647861371128,0.775076848223074,0.012,0.015,1
"UNC79",0.863647861371128,0.424648147856481,0.012,0.015,1
"USP43",0.863647861371128,-0.152070684406678,0.012,0.015,1
"VIPR1",0.863647861371128,1.27820326705392,0.012,0.015,1
"VPS9D1",0.863647861371128,0.963550510795765,0.012,0.015,1
"XCL2",0.863647861371128,-0.2813257182014,0.012,0.015,1
"ZFYVE28",0.863647861371128,0.173742500112579,0.012,0.015,1
"ZNF2",0.863647861371128,0.103714289975168,0.012,0.015,1
"ZNF222",0.863647861371128,0.983759767752983,0.012,0.015,1
"ZNF442",0.863647861371128,1.12929249047071,0.012,0.015,1
"ZNF559-ZNF177",0.863647861371128,-0.414894078992025,0.012,0.015,1
"ZNF670",0.863647861371128,0.875807371257507,0.012,0.015,1
"ZNF727",0.863647861371128,0.555398453632772,0.012,0.015,1
"ZNF774",0.863647861371128,0.530067787469874,0.012,0.015,1
"ZNF781",0.863647861371128,1.47018442196132,0.012,0.015,1
"ZNF784",0.863647861371128,0.646407361216814,0.012,0.015,1
"FBXO45",0.86394748794332,-0.30745209172678,0.054,0.061,1
"CARS2",0.864066043740331,0.812822003366333,0.108,0.106,1
"ATXN7",0.864122302083938,0.442490891016088,0.265,0.318,1
"PCMTD2",0.865086635939446,1.0075993560888,0.157,0.182,1
"TYW1",0.865534853277615,0.122960465795984,0.096,0.106,1
"TBC1D17",0.866373237567974,1.47071690415819,0.078,0.076,1
"RNF34",0.866622144311691,0.774106299402187,0.175,0.182,1
"SZT2",0.866636068582031,0.402514692247349,0.12,0.136,1
"POLR3E",0.866727838591426,0.659062811359705,0.066,0.076,1
"KHNYN",0.867876986097535,1.08954185554576,0.169,0.182,1
"TMEM243",0.867977595158778,0.633884194607617,0.331,0.379,1
"ZNF776",0.868422801609553,0.894366742330491,0.139,0.167,1
"DCTN5",0.868637825313142,0.707915879644911,0.145,0.167,1
"TRPM7",0.86918844415102,0.913218429579391,0.169,0.197,1
"HMOX2",0.87005162487515,0.833285041063833,0.078,0.076,1
"KRIT1",0.87005162487515,1.25889078562637,0.078,0.076,1
"AARSD1",0.870147535948902,0.484132344316344,0.018,0.015,1
"ACTA2",0.870147535948902,1.08343406863124,0.018,0.015,1
"ADAMTS10",0.870147535948902,1.44400063756303,0.018,0.015,1
"AKT1S1",0.870147535948902,0.527319167262251,0.018,0.015,1
"AKTIP",0.870147535948902,0.702364285537561,0.018,0.015,1
"ANG",0.870147535948902,0.540754156778816,0.018,0.015,1
"ANGPTL6",0.870147535948902,1.50079484529395,0.018,0.015,1
"ANKHD1-DT",0.870147535948902,0.874348367828853,0.018,0.015,1
"ANKRD20A11P",0.870147535948902,1.17578683273065,0.018,0.015,1
"ANKRD34A",0.870147535948902,0.941514873974617,0.018,0.015,1
"ANKS6",0.870147535948902,1.62266101625981,0.018,0.015,1
"ANKUB1",0.870147535948902,1.17106630873201,0.018,0.015,1
"AP3B2",0.870147535948902,1.89553385663307,0.018,0.015,1
"BPHL",0.870147535948902,1.19794916650245,0.018,0.015,1
"C18orf54",0.870147535948902,0.490601677128786,0.018,0.015,1
"C2orf92",0.870147535948902,1.65140394655047,0.018,0.015,1
"CAPN1-AS1",0.870147535948902,1.97609415649053,0.018,0.015,1
"CCDC26",0.870147535948902,0.405538209446907,0.018,0.015,1
"CCL4L2",0.870147535948902,1.72596366296442,0.018,0.015,1
"CCR9",0.870147535948902,1.06572696470428,0.018,0.015,1
"CDPF1",0.870147535948902,1.25783730627197,0.018,0.015,1
"CNTN5",0.870147535948902,1.10855789873563,0.018,0.015,1
"COP1-DT",0.870147535948902,1.78120196154454,0.018,0.015,1
"CPTP",0.870147535948902,0.522120952100949,0.018,0.015,1
"CSNK2B",0.870147535948902,0.586500086975945,0.018,0.015,1
"CSRP1-AS1",0.870147535948902,1.51843884131277,0.018,0.015,1
"CTNNA2",0.870147535948902,0.406072810773052,0.018,0.015,1
"CYP2D7",0.870147535948902,1.32218329864486,0.018,0.015,1
"DDIAS",0.870147535948902,2.04717549811862,0.018,0.015,1
"DMGDH",0.870147535948902,1.09011835319353,0.018,0.015,1
"DSTNP2",0.870147535948902,1.84607692531153,0.018,0.015,1
"EFHC2",0.870147535948902,0.640070100996041,0.018,0.015,1
"ENAH",0.870147535948902,1.71197387183498,0.018,0.015,1
"ENSG00000215014",0.870147535948902,0.917688940734863,0.018,0.015,1
"ENSG00000225339",0.870147535948902,0.853848163790739,0.018,0.015,1
"ENSG00000228863",0.870147535948902,2.10259834267917,0.018,0.015,1
"ENSG00000229195",0.870147535948902,1.15869467429932,0.018,0.015,1
"ENSG00000230074",0.870147535948902,0.651311514211387,0.018,0.015,1
"ENSG00000230532",0.870147535948902,1.52343123669492,0.018,0.015,1
"ENSG00000232063",0.870147535948902,0.967195129741763,0.018,0.015,1
"ENSG00000242880",0.870147535948902,1.14763622824866,0.018,0.015,1
"ENSG00000250917",0.870147535948902,1.24481068513707,0.018,0.015,1
"ENSG00000256566",0.870147535948902,1.03573472133286,0.018,0.015,1
"ENSG00000258572",0.870147535948902,0.823569142331022,0.018,0.015,1
"ENSG00000259033",0.870147535948902,0.673395943879645,0.018,0.015,1
"ENSG00000260136",0.870147535948902,1.40994216430837,0.018,0.015,1
"ENSG00000260793",0.870147535948902,1.24557959621701,0.018,0.015,1
"ENSG00000265073",0.870147535948902,1.42036200123949,0.018,0.015,1
"ENSG00000268858",0.870147535948902,1.24776469040057,0.018,0.015,1
"ENSG00000270956",0.870147535948902,1.12743155638525,0.018,0.015,1
"ENSG00000272941",0.870147535948902,1.06242387607014,0.018,0.015,1
"ENSG00000273314",0.870147535948902,1.17534126351678,0.018,0.015,1
"ENSG00000278376",0.870147535948902,0.686277784050933,0.018,0.015,1
"ENSG00000286292",0.870147535948902,1.27931027702092,0.018,0.015,1
"ENSG00000286366",0.870147535948902,1.62802494905005,0.018,0.015,1
"ENSG00000286688",0.870147535948902,1.28815347596062,0.018,0.015,1
"ENSG00000287277",0.870147535948902,0.456436204683278,0.018,0.015,1
"ENSG00000288093",0.870147535948902,0.654511716710919,0.018,0.015,1
"ENSG00000289161",0.870147535948902,0.416269995874579,0.018,0.015,1
"ENSG00000289317",0.870147535948902,0.854816383113882,0.018,0.015,1
"ENSG00000289339",0.870147535948902,1.05308826000391,0.018,0.015,1
"ENSG00000289380",0.870147535948902,1.82525278495125,0.018,0.015,1
"ENSG00000289396",0.870147535948902,1.43188214885337,0.018,0.015,1
"EPHA1-AS1",0.870147535948902,0.358666581579294,0.018,0.015,1
"EPS15-AS1",0.870147535948902,0.700323118766473,0.018,0.015,1
"FCGR2A",0.870147535948902,1.45828747790066,0.018,0.015,1
"FCSK",0.870147535948902,1.47915521725901,0.018,0.015,1
"FZD6",0.870147535948902,1.29947311595149,0.018,0.015,1
"GABRR3",0.870147535948902,0.203709247003556,0.018,0.015,1
"GALE",0.870147535948902,0.223760378086687,0.018,0.015,1
"GLIPR1-AS1",0.870147535948902,0.833476525281809,0.018,0.015,1
"GPAT4-AS1",0.870147535948902,2.23391764711127,0.018,0.015,1
"GRK4",0.870147535948902,1.39167083030463,0.018,0.015,1
"HPSE",0.870147535948902,1.17276574026065,0.018,0.015,1
"HSF4",0.870147535948902,1.39850049450353,0.018,0.015,1
"IFI27",0.870147535948902,1.58788072486762,0.018,0.015,1
"ITGAV",0.870147535948902,1.09398981388063,0.018,0.015,1
"ITPRIPL1",0.870147535948902,1.22489105955637,0.018,0.015,1
"KHDRBS2-OT1",0.870147535948902,0.892282310327018,0.018,0.015,1
"KLHL29",0.870147535948902,1.03406497016705,0.018,0.015,1
"LACTB2-AS1",0.870147535948902,1.68287566092853,0.018,0.015,1
"LINC00324",0.870147535948902,1.35552534772316,0.018,0.015,1
"LINC00862",0.870147535948902,1.10964004056864,0.018,0.015,1
"LINC01145",0.870147535948902,1.38286592260706,0.018,0.015,1
"LINC01238",0.870147535948902,0.567276110863418,0.018,0.015,1
"LINC01816",0.870147535948902,0.845632223685413,0.018,0.015,1
"LINC02055",0.870147535948902,0.335486573119709,0.018,0.015,1
"LINC02193",0.870147535948902,1.22916605613894,0.018,0.015,1
"LINC02988",0.870147535948902,0.424942231102835,0.018,0.015,1
"LIPT2-AS1",0.870147535948902,1.74690971894988,0.018,0.015,1
"LNX2",0.870147535948902,0.668724864388849,0.018,0.015,1
"LOXL2",0.870147535948902,1.55129900921008,0.018,0.015,1
"LRP2BP",0.870147535948902,0.672345195081286,0.018,0.015,1
"LRRIQ3",0.870147535948902,1.07050148543991,0.018,0.015,1
"MASP2",0.870147535948902,0.861134641848788,0.018,0.015,1
"MCM4",0.870147535948902,0.746684294680566,0.018,0.015,1
"MIRLET7IHG",0.870147535948902,0.880694891169538,0.018,0.015,1
"MOCS3",0.870147535948902,1.16477073550835,0.018,0.015,1
"MTMR8",0.870147535948902,2.2798954352074,0.018,0.015,1
"NHEJ1",0.870147535948902,0.480659827569972,0.018,0.015,1
"NOL4L",0.870147535948902,0.714226315974843,0.018,0.015,1
"NPIPB5",0.870147535948902,0.920048341021234,0.018,0.015,1
"NR1H3",0.870147535948902,1.75622777951254,0.018,0.015,1
"PBX4",0.870147535948902,1.65465536619718,0.018,0.015,1
"PHGDH",0.870147535948902,1.07247656958338,0.018,0.015,1
"PLCL1",0.870147535948902,1.99226736391095,0.018,0.015,1
"PPP1R13L",0.870147535948902,1.25329856155848,0.018,0.015,1
"PRDM1",0.870147535948902,0.734603359963841,0.018,0.015,1
"PRORP",0.870147535948902,1.13571608203063,0.018,0.015,1
"RADX",0.870147535948902,0.829447178666714,0.018,0.015,1
"RBSN",0.870147535948902,1.43704678124469,0.018,0.015,1
"RIBC1",0.870147535948902,1.19808108167182,0.018,0.015,1
"RNF25",0.870147535948902,0.699396893950372,0.018,0.015,1
"RPL30-AS1",0.870147535948902,1.02611130454228,0.018,0.015,1
"SLC16A10",0.870147535948902,0.501803428221899,0.018,0.015,1
"SLC37A2",0.870147535948902,0.773906071238297,0.018,0.015,1
"SOCS6",0.870147535948902,0.492391884856922,0.018,0.015,1
"SORCS1",0.870147535948902,0.254125331796413,0.018,0.015,1
"SPHK2",0.870147535948902,0.965589374732101,0.018,0.015,1
"SUCLG2-DT",0.870147535948902,0.765289279671781,0.018,0.015,1
"SULT1A3",0.870147535948902,1.61281116962361,0.018,0.015,1
"SYNPO2",0.870147535948902,1.38388079759622,0.018,0.015,1
"TAMALIN",0.870147535948902,1.0716008319125,0.018,0.015,1
"THRB",0.870147535948902,1.72864038768103,0.018,0.015,1
"TMEM177",0.870147535948902,0.946752292836734,0.018,0.015,1
"TMEM255B",0.870147535948902,0.80587743128321,0.018,0.015,1
"TNFRSF14-AS1",0.870147535948902,1.07529503213051,0.018,0.015,1
"TNS1",0.870147535948902,1.35019925631934,0.018,0.015,1
"TNS2-AS1",0.870147535948902,0.753079079146834,0.018,0.015,1
"TUT1",0.870147535948902,0.276444162666201,0.018,0.015,1
"XNDC1N",0.870147535948902,1.19044557588812,0.018,0.015,1
"ZNF286A",0.870147535948902,0.324212327330211,0.018,0.015,1
"ZNF440",0.870147535948902,1.13980329419067,0.018,0.015,1
"ZNF460",0.870147535948902,1.93353760147575,0.018,0.015,1
"ZNF484",0.870147535948902,2.45632103483283,0.018,0.015,1
"ZNF527",0.870147535948902,1.22479317969374,0.018,0.015,1
"ZNF652-AS1",0.870147535948902,0.774820265633423,0.018,0.015,1
"CNEP1R1",0.87023647211895,1.05281973424479,0.09,0.091,1
"SBF2",0.87023647211895,1.77805863464105,0.09,0.091,1
"GUCD1",0.870612542326504,0.714069250267835,0.066,0.076,1
"SPAST",0.870612542326504,0.580353480950101,0.066,0.076,1
"SMG6",0.871234992902497,1.74958318598907,0.09,0.106,1
"GMFB",0.871379004723879,0.981151087912191,0.145,0.167,1
"IRF2",0.872014619719685,0.550630083588803,0.313,0.394,1
"ANGEL1",0.872509338983331,0.301311501659784,0.054,0.061,1
"CCR3",0.872509338983331,0.336057397183247,0.054,0.061,1
"DHX30",0.872509338983331,0.291605365273205,0.054,0.061,1
"ZNF75A",0.872585602775574,0.951180011708431,0.145,0.152,1
"ENSG00000291283",0.87261821661665,0.311600580536132,0.108,0.121,1
"RCC1L",0.872705890655838,0.204710071151467,0.066,0.061,1
"UNK",0.872877592343159,0.506999385063885,0.157,0.152,1
"PNRC1",0.872948819249729,0.324491536285585,0.633,0.788,1
"NSUN3",0.87366737108506,1.28244617344374,0.09,0.091,1
"CENPB",0.874500370383198,1.08822598998978,0.066,0.076,1
"ERCC4",0.874500370383198,0.9287574151862,0.066,0.076,1
"MRPS22",0.874500370383198,0.48138210118629,0.066,0.076,1
"RFFL",0.874500370383198,0.743493517705583,0.066,0.076,1
"PXK",0.874899054806839,0.628409257000465,0.265,0.318,1
"KDM6A",0.875429682897295,0.758031920715556,0.211,0.227,1
"EMC3",0.875737568476978,0.145928063423197,0.108,0.121,1
"ANKRD16",0.876013362094439,2.16803135258359,0.048,0.045,1
"EPHB6",0.876013362094439,1.62441053691852,0.048,0.045,1
"FKRP",0.876013362094439,1.70009838551035,0.048,0.045,1
"ITGAM",0.876013362094439,0.950194472048346,0.048,0.045,1
"ITPKC",0.876013362094439,0.983077313131429,0.048,0.045,1
"KIF9",0.876013362094439,1.51154810767446,0.048,0.045,1
"TMEM208",0.876013362094439,1.12240530729049,0.048,0.045,1
"UQCRHL",0.876013362094439,1.27101327785126,0.048,0.045,1
"ZNF585A",0.876013362094439,1.23486716137626,0.048,0.045,1
"C17orf75",0.876795936524821,0.604547901034144,0.054,0.061,1
"EBLN3P",0.877149378685429,0.47711641339181,0.482,0.652,1
"AKNA",0.87756932577298,0.288383408108685,0.422,0.485,1
"ABCA3",0.877723955201695,0.458440002338067,0.018,0.015,1
"ATXN7L3-AS1",0.877723955201695,0.385962341198709,0.018,0.015,1
"B3GNTL1",0.877723955201695,-0.234322626865152,0.018,0.015,1
"BICC1",0.877723955201695,0.563125381160071,0.018,0.015,1
"CDH12",0.877723955201695,0.589200864160176,0.018,0.015,1
"CLDND2",0.877723955201695,0.391779841516494,0.018,0.015,1
"CSF1",0.877723955201695,-0.182348543755632,0.018,0.015,1
"DCHS2",0.877723955201695,0.345103915531678,0.018,0.015,1
"DDX11",0.877723955201695,0.79943854531684,0.018,0.015,1
"DNAH7",0.877723955201695,0.542928621568433,0.018,0.015,1
"EFCAB11",0.877723955201695,1.12634246915037,0.018,0.015,1
"ENSG00000228010",0.877723955201695,0.935849547443179,0.018,0.015,1
"ENSG00000236449",0.877723955201695,1.58339380031176,0.018,0.015,1
"ENSG00000249738",0.877723955201695,0.249620998088892,0.018,0.015,1
"ENSG00000250764",0.877723955201695,0.666669360925233,0.018,0.015,1
"ENSG00000253853",0.877723955201695,0.485907814437105,0.018,0.015,1
"ENSG00000258695",0.877723955201695,0.475004370281573,0.018,0.015,1
"ENSG00000273149",0.877723955201695,0.171882884912471,0.018,0.015,1
"ENSG00000276115",0.877723955201695,0.438998502058453,0.018,0.015,1
"ENSG00000279529",0.877723955201695,1.03137291152893,0.018,0.015,1
"ENSG00000286239",0.877723955201695,0.333463393715725,0.018,0.015,1
"ENSG00000288961",0.877723955201695,-0.31594000352186,0.018,0.015,1
"ENSG00000289138",0.877723955201695,0.881722595635443,0.018,0.015,1
"GNB1L",0.877723955201695,1.31703549278645,0.018,0.015,1
"H4-16",0.877723955201695,0.188533497464622,0.018,0.015,1
"LINC00672",0.877723955201695,0.407446720007283,0.018,0.015,1
"LINC01560",0.877723955201695,0.772604980559229,0.018,0.015,1
"LINC02955",0.877723955201695,1.0125047594365,0.018,0.015,1
"LMNA",0.877723955201695,-0.100381098947318,0.018,0.015,1
"LTA",0.877723955201695,0.234967338953285,0.018,0.015,1
"MT1F",0.877723955201695,-0.120205454345465,0.018,0.015,1
"NDUFA6-DT",0.877723955201695,0.270128682204862,0.018,0.015,1
"NMB",0.877723955201695,-0.243721646319835,0.018,0.015,1
"NOTCH2NLB",0.877723955201695,0.514214258467999,0.018,0.015,1
"NUP153-AS1",0.877723955201695,0.514436915253712,0.018,0.015,1
"P2RY12",0.877723955201695,0.309409786573116,0.018,0.015,1
"PILRA",0.877723955201695,0.21210600121032,0.018,0.015,1
"PLCH1",0.877723955201695,-0.281933787612286,0.018,0.015,1
"PPP1R3B-DT",0.877723955201695,0.240914478333396,0.018,0.015,1
"PRKD1",0.877723955201695,0.782791123089359,0.018,0.015,1
"PRSS23",0.877723955201695,0.677147101826533,0.018,0.015,1
"RIN2",0.877723955201695,0.148804992561018,0.018,0.015,1
"RTP4",0.877723955201695,0.690383411261676,0.018,0.015,1
"SMIM15-AS1",0.877723955201695,1.11676799354157,0.018,0.015,1
"SPSB2",0.877723955201695,0.564599871555154,0.018,0.015,1
"SYP",0.877723955201695,0.636165524361746,0.018,0.015,1
"TIGIT",0.877723955201695,0.378944176373158,0.018,0.015,1
"TMEM132B",0.877723955201695,0.568158071057862,0.018,0.015,1
"TPTEP1",0.877723955201695,0.302147389104887,0.018,0.015,1
"TSNARE1",0.877723955201695,0.195314935157386,0.018,0.015,1
"UBE2Q2P2",0.877723955201695,0.160396695648286,0.018,0.015,1
"WDCP",0.877723955201695,0.312339261365865,0.018,0.015,1
"PHF2",0.877833715268918,0.914172125440603,0.133,0.152,1
"ACP5",0.877957519555574,0.97267646353282,0.09,0.106,1
"FBXW8",0.878391230484788,1.20882022726736,0.066,0.076,1
"NACA2",0.878391230484788,0.778860445678348,0.066,0.076,1
"RBM19",0.878391230484788,0.810606147680445,0.066,0.076,1
"CEP162",0.878706941867383,0.328662507172762,0.096,0.106,1
"NPHP3",0.879689641545372,0.73062091800595,0.12,0.121,1
"GIGYF2",0.880451687101857,0.888274611322727,0.199,0.242,1
"ENSG00000287778",0.88065636561501,1.5101784542845,0.048,0.045,1
"KCTD7",0.88065636561501,2.10310674208111,0.048,0.045,1
"LRRC1",0.88065636561501,2.39398301326969,0.048,0.045,1
"PRPF31",0.88065636561501,1.24951394980606,0.048,0.045,1
"TTPAL",0.88065636561501,0.774573112376958,0.048,0.045,1
"ZNF252P",0.88065636561501,1.19734369260727,0.048,0.045,1
"ZNF266",0.880686433915007,0.503901131796899,0.133,0.152,1
"ERICH6-AS1",0.881086150609944,1.25588967518547,0.054,0.061,1
"PPP2R5B",0.881086150609944,0.366765384488577,0.054,0.061,1
"TEKT4P2",0.881103355719992,0.659021072445229,0.078,0.076,1
"MTFR1L",0.881503106041265,0.587629808743917,0.12,0.136,1
"PAPSS1",0.881503106041265,0.697265984350723,0.12,0.136,1
"PHLPP1",0.882197896301361,1.44172160365956,0.078,0.091,1
"TOM1L2",0.882197896301361,1.06765625855438,0.078,0.091,1
"ARMC9",0.882285030134801,0.922189657518354,0.066,0.076,1
"ENSG00000291159",0.882285030134801,1.21093525770459,0.066,0.076,1
"ARAF",0.882849249006254,0.960242619379036,0.205,0.227,1
"RRM2B",0.883540701678774,0.756557984034448,0.133,0.152,1
"RETREG3",0.883752490916484,0.517116960839727,0.205,0.242,1
"NADK2",0.884792527283309,0.858216334147856,0.078,0.076,1
"RUVBL2",0.884792527283309,1.17060295852589,0.078,0.076,1
"FADD",0.885303475204252,0.63577342800167,0.048,0.045,1
"FASTKD5",0.885303475204252,0.963325874900363,0.048,0.045,1
"PHRF1",0.885303475204252,1.04456127738092,0.048,0.045,1
"RINT1",0.885303475204252,1.23103725896839,0.048,0.045,1
"SMC5-DT",0.885303475204252,1.49616886315982,0.048,0.045,1
"ZNF182",0.885303475204252,1.34182828065332,0.048,0.045,1
"ANGPTL1",0.885311591694001,-0.272690074210088,0.018,0.015,1
"APOD",0.885311591694001,-0.527898614854633,0.018,0.015,1
"EBLN2",0.885311591694001,0.191308526277966,0.018,0.015,1
"EDN1",0.885311591694001,0.44684419556647,0.018,0.015,1
"EGFR",0.885311591694001,1.3289898392471,0.018,0.015,1
"ENSG00000224376",0.885311591694001,-0.160637335470097,0.018,0.015,1
"ENSG00000227885",0.885311591694001,0.320146129069288,0.018,0.015,1
"ENSG00000259287",0.885311591694001,-0.282388492900195,0.018,0.015,1
"ENSG00000277763",0.885311591694001,0.147448294457651,0.018,0.015,1
"ENSG00000285669",0.885311591694001,0.475380646273311,0.018,0.015,1
"ENSG00000289410",0.885311591694001,-0.405396195031387,0.018,0.015,1
"FOXN3-AS1",0.885311591694001,-0.354655499952308,0.018,0.015,1
"MORC1",0.885311591694001,-0.251871754870784,0.018,0.015,1
"PIF1",0.885311591694001,-0.401156877801636,0.018,0.015,1
"SLCO3A1",0.885311591694001,-0.113279323926042,0.018,0.015,1
"TONSL",0.885311591694001,-0.209276264918361,0.018,0.015,1
"VSIG10L",0.885311591694001,0.615382840464488,0.018,0.015,1
"ZNF565",0.885311591694001,0.265126599081062,0.018,0.015,1
"ZNF778-DT",0.885311591694001,-0.103387610071038,0.018,0.015,1
"CYB5R1",0.885379857234918,0.335949902868197,0.054,0.061,1
"ZBTB37",0.885379857234918,0.34804486736584,0.054,0.061,1
"UBQLN2",0.885821095064137,0.716004382738644,0.199,0.212,1
"HSPBAP1",0.886181676623603,1.07159003417769,0.066,0.076,1
"PITPNA-AS1",0.886181676623603,0.770452843343727,0.066,0.076,1
"UBIAD1",0.886287933824186,0.722266283654668,0.108,0.106,1
"MFAP3",0.887414103011702,1.74327838580935,0.09,0.091,1
"CHD6",0.887752008980536,0.335835810808644,0.241,0.273,1
"MCM5",0.887807402060554,0.389869971618353,0.151,0.167,1
"C9orf72",0.887857406047737,0.918572700640463,0.145,0.167,1
"EXOC2",0.887857406047737,0.695671235834674,0.145,0.167,1
"AGPAT3",0.888057683097839,1.22330428092395,0.09,0.106,1
"SIRT1",0.888057683097839,1.26710331505202,0.09,0.106,1
"ZFAND3",0.889306976092746,0.489132605109983,0.241,0.258,1
"ITGAL",0.889524765790232,0.490945771720618,0.271,0.318,1
"SMAD5",0.889778200552434,0.645324086561904,0.193,0.212,1
"ALG12",0.889954533260242,0.902929879079246,0.048,0.045,1
"BBS7",0.889954533260242,1.04343125800783,0.048,0.045,1
"HPS6",0.889954533260242,0.929097862110845,0.048,0.045,1
"JADE3",0.889954533260242,0.895602816413611,0.048,0.045,1
"SEPSECS-AS1",0.889954533260242,1.32889668145143,0.048,0.045,1
"SHD",0.889954533260242,0.526804987795379,0.048,0.045,1
"LMBR1L",0.890081077035023,0.831997765113276,0.066,0.076,1
"TBC1D24",0.890081077035023,1.26533204890588,0.066,0.076,1
"TNKS2",0.890609090833416,0.336912122208244,0.295,0.348,1
"SOAT1",0.890856251298518,1.01489669863065,0.09,0.091,1
"GABPB1",0.891362346611899,0.449211353786553,0.108,0.121,1
"LRRC47",0.891912691222824,0.492954407225048,0.096,0.106,1
"TNFSF12",0.891912691222824,0.241740031410284,0.096,0.106,1
"ZNF827",0.892112434212051,1.02244834504077,0.133,0.152,1
"FLVCR1",0.892172702124133,-0.588638472609305,0.042,0.045,1
"ERAP2",0.892509977082379,0.83761575875768,0.217,0.242,1
"ARHGAP26",0.89265429485363,0.557806551065266,0.108,0.106,1
"DNA2",0.892909759430998,-0.737527703417508,0.018,0.015,1
"ENOX1",0.892909759430998,-0.748416771803538,0.018,0.015,1
"ENSG00000174171",0.892909759430998,-1.47564382075929,0.018,0.015,1
"ENSG00000259371",0.892909759430998,-0.321517267774103,0.018,0.015,1
"ENSG00000259536",0.892909759430998,-1.3501599665963,0.018,0.015,1
"ENSG00000267314",0.892909759430998,-0.350419306499793,0.018,0.015,1
"ENSG00000289584",0.892909759430998,-0.821454076982997,0.018,0.015,1
"FGD4",0.892909759430998,-0.818507091110061,0.018,0.015,1
"GPAT3",0.892909759430998,-0.562470067690886,0.018,0.015,1
"IL7R",0.892909759430998,-0.645889917248637,0.018,0.015,1
"KCNMB1",0.892909759430998,-0.700820062148039,0.018,0.015,1
"KLRC1",0.892909759430998,-0.977321750034454,0.018,0.015,1
"L1CAM",0.892909759430998,-1.82120749087041,0.018,0.015,1
"LAMB1",0.892909759430998,-0.863276986380808,0.018,0.015,1
"NFE2L3",0.892909759430998,-0.70018413922256,0.018,0.015,1
"PLAC8L1",0.892909759430998,-0.917943091958357,0.018,0.015,1
"PRMT5-DT",0.892909759430998,-0.836498105875962,0.018,0.015,1
"ZNF613",0.892909759430998,-0.65694645878723,0.018,0.015,1
"ENSG00000272009",0.893977250561484,0.609171929353432,0.054,0.061,1
"MBIP",0.893977250561484,0.887158536306152,0.054,0.061,1
"MSI2",0.894192009161147,0.362779453676818,0.253,0.288,1
"SCARNA9",0.894384077704344,0.990865935027738,0.175,0.212,1
"BAD",0.894609381773289,1.39246079272934,0.048,0.045,1
"MAPKBP1",0.894609381773289,1.45319016514987,0.048,0.045,1
"ZNF134",0.894609381773289,0.976928131606096,0.048,0.045,1
"ZSCAN29",0.895874721956606,0.644782726182278,0.078,0.076,1
"CDC27",0.895934153975843,1.03125749037927,0.187,0.227,1
"RB1",0.895993534996404,0.694765640486247,0.434,0.545,1
"EXOSC10",0.897502866796668,0.923537500228451,0.169,0.197,1
"TBPL1",0.89762443835603,0.595334199544844,0.108,0.121,1
"VAMP4",0.897746658313842,0.784650648567379,0.09,0.091,1
"ZNF594-DT",0.897746658313842,1.08881382826893,0.09,0.091,1
"SLC25A45",0.897854183223189,0.671651815166408,0.181,0.212,1
"FOXK1",0.897887640525036,0.895030797773201,0.066,0.076,1
"NDUFV2-AS1",0.897887766968228,1.38703524911072,0.066,0.076,1
"PPP2R1B",0.897887766968228,0.892965234141458,0.066,0.076,1
"ACTR3B",0.898280687760127,0.911633433220284,0.054,0.061,1
"BOD1",0.898280687760127,1.26591179226876,0.054,0.061,1
"MED26",0.898280687760127,0.596704133432581,0.054,0.061,1
"ZCCHC4",0.898280687760127,0.507494606393753,0.054,0.061,1
"CCDC43",0.898527059556734,0.291828570581084,0.096,0.106,1
"ACTR1B",0.898870451727746,0.844281273871225,0.145,0.167,1
"PRDM10",0.899267862342031,0.691557163601829,0.048,0.045,1
"CCDC137",0.89939836701329,0.858123177477579,0.12,0.136,1
"CINP",0.89957341628041,0.613044646618493,0.078,0.076,1
"TARS3",0.89957341628041,0.756701714084393,0.078,0.076,1
"DICER1",0.899630809637265,1.41208577196299,0.193,0.212,1
"KIAA0586",0.900757901819402,0.570838833329249,0.108,0.121,1
"INPP5B",0.900888603125858,0.526359900687567,0.12,0.121,1
"CYFIP2",0.901102845214165,0.198572058267009,0.566,0.697,1
"SLC16A7",0.901182894544753,1.2249338971679,0.157,0.167,1
"ZNF573",0.901794869684897,1.27397496541606,0.066,0.076,1
"BCKDK",0.901923184625669,-0.374635696141051,0.042,0.045,1
"RRN3P3",0.901923184625669,-0.51237504811162,0.042,0.045,1
"NELFE",0.902216694148433,0.533559625651749,0.108,0.106,1
"ATP8B1-AS1",0.902244757586565,0.812228982175584,0.133,0.136,1
"ARID1A",0.902407644114275,0.26877386716429,0.482,0.561,1
"RBBP5",0.902529695349222,0.728908883326312,0.157,0.167,1
"ENSG00000224905",0.902587118514438,0.939190884265477,0.054,0.061,1
"FEM1A",0.902587118514438,0.625103033546193,0.054,0.061,1
"PDE12",0.902587118514438,0.415375389671091,0.054,0.061,1
"PER2",0.902587118514438,0.867702669450086,0.054,0.061,1
"TICAM1",0.902587118514438,0.900906478579076,0.054,0.061,1
"GATD1",0.903274292994334,0.554944834520478,0.078,0.076,1
"NR2C2",0.903876891463615,0.144239877534249,0.157,0.167,1
"DNMBP",0.903929816189602,1.11808685880394,0.048,0.045,1
"ELK1",0.903929816189602,0.504249988392695,0.048,0.045,1
"IRAK1BP1",0.903929816189602,1.28363227014265,0.048,0.045,1
"SLC35D1",0.904644784243549,1.27485009174563,0.09,0.091,1
"NR1D2",0.904929489228002,0.840347504837597,0.157,0.182,1
"UHMK1",0.905109430946383,0.481617870946123,0.434,0.53,1
"NAPG",0.905148484881401,0.463832654997462,0.096,0.106,1
"KIF13B",0.905375300046576,0.696354097070493,0.12,0.136,1
"RAB29",0.905688736175053,0.489840713331386,0.277,0.303,1
"UBE4A",0.90580041977766,0.918870314169141,0.241,0.273,1
"BMT2",0.906404445513491,-0.343714996056668,0.072,0.076,1
"AP1S1",0.906804074010869,-0.294393191051673,0.042,0.045,1
"CTSW",0.906804074010869,-0.3674908901184,0.042,0.045,1
"SETD1A",0.906804074010869,-0.767456467902194,0.042,0.045,1
"EHBP1L1",0.906896417390394,0.878843867325709,0.054,0.061,1
"HEXD",0.906896417390394,0.992864697517164,0.054,0.061,1
"LRR1",0.906896417390394,1.1951330632805,0.054,0.061,1
"MIX23",0.906896417390394,0.790597237275383,0.054,0.061,1
"NEIL2",0.906896417390394,1.19591625464781,0.054,0.061,1
"URGCP",0.906896417390394,1.15765838545448,0.054,0.061,1
"CACUL1",0.906905096846856,0.780640254559334,0.169,0.182,1
"ZNF397",0.906905096846856,1.29577983039204,0.169,0.182,1
"CCNG2",0.906930161517422,0.379517725083891,0.247,0.258,1
"OIP5-AS1",0.907028203998256,0.309061341028111,0.44,0.591,1
"DCP1A",0.907361095729702,0.605162306927588,0.271,0.303,1
"TBC1D2B",0.907641378802409,0.533756228246724,0.139,0.152,1
"KMT5A",0.90809658076365,0.720954158247462,0.09,0.091,1
"ABT1",0.908595084179866,1.00452638806002,0.048,0.045,1
"BCL2L2",0.908595084179866,0.474286408986773,0.048,0.045,1
"DGKQ",0.908595084179866,0.650860898998626,0.048,0.045,1
"ENSG00000290124",0.908595084179866,0.390951352600879,0.048,0.045,1
"LMNB1",0.908595084179866,0.369382435283983,0.048,0.045,1
"RAD51D",0.908595084179866,0.148028935055489,0.048,0.045,1
"ZDHHC8",0.908595084179866,0.542501643206346,0.048,0.045,1
"TUBD1",0.91068227500651,0.612438444008357,0.078,0.076,1
"KLHL24",0.911322983784916,0.959143068680049,0.217,0.242,1
"PUS1",0.911357598000004,0.778740579291854,0.12,0.136,1
"PITPNM2",0.911688485455153,-0.470380473533055,0.042,0.045,1
"DIRC3",0.91326350683371,0.523504000634374,0.048,0.045,1
"GORAB",0.91326350683371,0.405699687663545,0.048,0.045,1
"TXNDC12",0.91326350683371,0.321890378680009,0.048,0.045,1
"LARP4B",0.91432593653368,0.487539158924829,0.277,0.303,1
"CALM3",0.91438900292303,0.836030034115718,0.145,0.152,1
"PLXNC1",0.914731312385145,1.28743743325955,0.114,0.121,1
"NBPF15",0.915005317933631,0.723493547280754,0.09,0.091,1
"RIMKLB",0.915005317933631,0.693226916961972,0.09,0.091,1
"CBLL1",0.915092856958631,0.669143975726402,0.096,0.106,1
"TGFBR1",0.915092856958631,0.945517011327392,0.096,0.106,1
"SAFB2",0.915406319589163,0.678012364155186,0.271,0.318,1
"PRXL2C",0.915523116515483,1.23715700409594,0.054,0.061,1
"XPO1",0.915946537656077,0.414309059881349,0.386,0.485,1
"PPP1R12C",0.916447460097887,0.50715896586602,0.108,0.121,1
"CEBPG",0.917344924610296,0.763637720991582,0.12,0.136,1
"CASD1",0.917354679807511,1.34582962310988,0.169,0.182,1
"VHL",0.917405855735433,0.721342680126522,0.373,0.485,1
"DMD",0.917934924345394,0.338462465028566,0.048,0.045,1
"ZNF329",0.917934924345394,0.259145766690756,0.048,0.045,1
"SLC50A1",0.918410681329639,0.718957912072728,0.096,0.106,1
"ACTL6A",0.918462129098195,1.18300189229617,0.09,0.091,1
"MTG2",0.918462129098195,0.853834065644109,0.09,0.091,1
"SNX17",0.918893430341572,0.250066885974045,0.301,0.333,1
"PIBF1",0.919369251299077,0.934088510217398,0.241,0.273,1
"EEFSEC",0.919840264673926,1.35364509574612,0.054,0.061,1
"HEIH",0.919840264673926,1.25667333877702,0.054,0.061,1
"IKZF5",0.919840264673926,1.56451088934377,0.054,0.061,1
"KSR1",0.919840264673926,0.85872920287329,0.054,0.061,1
"NFS1",0.919840264673926,1.11120018489146,0.054,0.061,1
"ZFYVE1",0.919840264673926,0.956621428055996,0.054,0.061,1
"PCID2",0.920023170789331,1.04866370169888,0.127,0.136,1
"NUP214",0.920340368343928,0.804047200234858,0.12,0.136,1
"BANP",0.920911522752365,0.218795010575506,0.114,0.121,1
"ARNTL",0.921467142033591,0.653005474665273,0.042,0.045,1
"RRAGC-DT",0.921467142033591,0.275578367705581,0.042,0.045,1
"SLC35B4",0.921467142033591,0.333241844419673,0.042,0.045,1
"CDK17",0.921779551961535,1.33706145407928,0.163,0.182,1
"TYW3",0.921920482171289,1.07388027483848,0.09,0.091,1
"IMMT",0.921926193439734,0.868430844884196,0.199,0.227,1
"EXOSC1",0.922158496155326,0.557819525110328,0.12,0.121,1
"COPB2-DT",0.922609176598964,0.45089620143664,0.048,0.045,1
"MAP3K3",0.922781979892038,0.814971161658037,0.145,0.152,1
"AIDA",0.923128037555852,0.58535289575044,0.41,0.53,1
"TGFB1",0.923657789179915,0.751823453157669,0.223,0.242,1
"UBTF",0.923667789557174,1.00956924314689,0.187,0.212,1
"CRADD",0.923712068285587,0.889829186903765,0.084,0.091,1
"ERAL1",0.923712068285587,0.610154624640669,0.084,0.091,1
"INPP5F",0.92400344365696,1.37616930644103,0.114,0.121,1
"ATG10",0.925050536515871,0.164541158109686,0.096,0.106,1
"ZNF148",0.925194088126264,1.06288742470554,0.289,0.364,1
"CCAR1",0.925710494753665,0.43182478735217,0.428,0.545,1
"TLE3",0.925999926406679,1.1518380508342,0.217,0.258,1
"DGCR2",0.926334552124346,0.760278026264442,0.12,0.136,1
"ENSG00000230773",0.926361019997855,0.601761908908223,0.042,0.045,1
"PASK",0.926361019997855,0.27165921463923,0.042,0.045,1
"TMEM187",0.926361019997855,0.691290311018278,0.042,0.045,1
"SHPRH",0.926515649110597,1.15549701018644,0.133,0.152,1
"TRAK2",0.927096513155729,1.65648286818486,0.114,0.121,1
"MYCBP",0.927250254584104,0.390772622114148,0.084,0.091,1
"SH3BP5L",0.927250254584104,0.678028254101269,0.084,0.091,1
"ZNF398",0.927250254584104,-0.256716807970888,0.084,0.091,1
"ENSG00000291107",0.927286103184712,0.701895826317349,0.048,0.045,1
"TMIGD3",0.927286103184712,0.45315540348796,0.048,0.045,1
"ZNF671",0.928090635615968,1.68780909363126,0.102,0.106,1
"PPFIBP1",0.92848152628752,2.1629701800452,0.054,0.061,1
"RIN3",0.92848152628752,1.50989225265843,0.054,0.061,1
"ZNF486",0.92848152628752,1.21534183105205,0.054,0.061,1
"PCIF1",0.929250577980034,0.92277007350159,0.145,0.167,1
"DNAJB1",0.929333314526293,1.83740221938697,0.12,0.136,1
"ADD3",0.930268201087147,0.499526250180866,0.512,0.652,1
"ZNF638",0.93054719047979,0.662019198810613,0.271,0.318,1
"ZNF273",0.930789880023915,0.641600442167154,0.084,0.091,1
"AGPAT4",0.930925262900135,1.41267611665147,0.06,0.061,1
"C1orf112",0.930925262900135,1.71663620840171,0.06,0.061,1
"CCL5",0.931257685722781,0.19731524870712,0.042,0.045,1
"NUP50-DT",0.931257685722781,0.888378919780759,0.042,0.045,1
"SNHG10",0.931257685722781,0.397597979038661,0.042,0.045,1
"TRMT2A",0.931257685722781,0.882536703704994,0.042,0.045,1
"ZNF528-AS1",0.931257685722781,0.204750252445982,0.042,0.045,1
"ZSCAN26",0.931257685722781,0.58778791276488,0.042,0.045,1
"OBI1",0.931350973221093,1.1277259841444,0.102,0.106,1
"ENSG00000289047",0.931840215032467,1.23079521396036,0.127,0.136,1
"CD2BP2",0.932304142739934,0.785958054949426,0.09,0.091,1
"TUBB4B",0.932304142739934,0.790186876188911,0.09,0.091,1
"ARHGAP30",0.932744265388189,0.724030353542366,0.319,0.409,1
"CUEDC2",0.933285911963878,0.271684034891148,0.114,0.121,1
"LATS1",0.933653721828597,1.28230852501644,0.187,0.212,1
"DDX18",0.933854293399632,0.346111274025835,0.428,0.515,1
"VPS52",0.934186213905523,0.239396401246261,0.108,0.106,1
"NIPSNAP2",0.934252948850878,0.917182220828067,0.133,0.136,1
"CIZ1",0.93431910728764,0.578799286794756,0.187,0.197,1
"PSMB8-AS1",0.934908100765933,0.483358238443603,0.217,0.242,1
"RFX3",0.935004893821156,1.44646713479374,0.163,0.182,1
"ENSG00000270605",0.935317443864602,0.922450179353766,0.108,0.121,1
"AP4S1",0.935768012940954,0.90675874539463,0.09,0.091,1
"TSGA10",0.935768012940954,0.8987853111476,0.09,0.091,1
"BCL2L1-AS1",0.936156954790394,0.233485578775573,0.042,0.045,1
"RCCD1",0.936156954790394,0.650550311539751,0.042,0.045,1
"TOB1-AS1",0.936156954790394,0.410351149576984,0.042,0.045,1
"URB2",0.936156954790394,1.00919108389349,0.042,0.045,1
"ZNF839",0.936156954790394,0.672682146711751,0.042,0.045,1
"SLC35E3",0.936382148164443,1.00784454646886,0.114,0.121,1
"APTR",0.936647336344268,-0.256254682346968,0.048,0.045,1
"EML5",0.936647336344268,-0.658535102376154,0.048,0.045,1
"TRIM35",0.936647336344268,-0.221356467816262,0.048,0.045,1
"RLF",0.936703522649948,0.957223551902193,0.193,0.212,1
"CBWD2",0.936886957182161,-0.459009160814844,0.072,0.076,1
"TCEANC2",0.937168851729874,0.856363027669067,0.133,0.136,1
"EIF2B5",0.93787316961097,0.75589410965462,0.084,0.091,1
"MAP2K3",0.938345461914186,0.896877026349139,0.096,0.106,1
"SGF29",0.939233099405902,0.635570077874664,0.09,0.091,1
"BLOC1S3",0.939280660236302,1.41653329469383,0.06,0.061,1
"MCU",0.939280660236302,1.4763688060775,0.06,0.061,1
"ATAD2B",0.939921905478148,0.576342255663378,0.211,0.227,1
"TCEA1",0.940455904784145,0.354581423453071,0.422,0.53,1
"EFTUD2",0.940661308921211,0.866891693657529,0.199,0.242,1
"DHX57",0.941058642486947,0.787959438688622,0.042,0.045,1
"RECK",0.941058642486947,0.575189119525703,0.042,0.045,1
"RRS1",0.941058642486947,0.319139903979162,0.042,0.045,1
"SYNJ2",0.941058642486947,0.452243561347247,0.042,0.045,1
"TKT",0.941664381166769,0.444650843275615,0.139,0.152,1
"ETF1",0.941883379716394,0.627076293174917,0.187,0.197,1
"AKT2",0.942320751400522,0.711997988051925,0.211,0.227,1
"DENND1B",0.942397453196204,1.1795239209001,0.145,0.152,1
"PRKD3",0.943079068981293,0.897819345232454,0.205,0.227,1
"ENSG00000274015",0.943460924929582,1.09609153783128,0.06,0.061,1
"DIS3",0.943841050158646,0.927809036083056,0.199,0.227,1
"WDR43",0.944137175223214,0.717099038909433,0.193,0.212,1
"PMPCB",0.944406003169396,0.545133961552026,0.187,0.197,1
"STAT5B",0.944406003169396,0.353324588010025,0.187,0.197,1
"ENSG00000286162",0.944523832181996,0.481293201287796,0.072,0.076,1
"PLCL2",0.945598274403917,1.45565035847589,0.163,0.182,1
"TIMM9",0.94567644433783,0.947396309519684,0.114,0.121,1
"ARRDC3-AS1",0.945962563823818,0.752675407287025,0.042,0.045,1
"DUSP10",0.945962563823818,0.321045005080406,0.042,0.045,1
"ENSG00000290040",0.945962563823818,1.36027201807562,0.042,0.045,1
"KLC4",0.945962563823818,1.22406598475666,0.042,0.045,1
"VPS18",0.945962563823818,0.587812380772545,0.042,0.045,1
"WDR4",0.945962563823818,0.900833694722255,0.042,0.045,1
"LCMT1",0.947642747363253,1.13247964013818,0.06,0.061,1
"OSBPL8",0.947759354260971,0.242324095507863,0.422,0.5,1
"NFATC1",0.947918314646172,0.896424645899305,0.108,0.121,1
"UBA7",0.948328151919922,0.842900557664304,0.096,0.106,1
"JAK3",0.949330957571241,0.371445512142333,0.235,0.258,1
"WDR75",0.949523760282757,0.801775419739077,0.193,0.227,1
"NUP205",0.949531757152452,0.843938105733328,0.133,0.152,1
"PTK2",0.950335491505666,0.60569262005673,0.205,0.227,1
"PPP1R12A",0.950616063704988,0.574130359118818,0.488,0.621,1
"ACTR3-AS1",0.95086853355845,1.5652525616034,0.042,0.045,1
"AKAP1",0.95086853355845,0.676046224062695,0.042,0.045,1
"BUD13",0.95086853355845,1.1571590058638,0.042,0.045,1
"COQ8B",0.95086853355845,0.578188095274911,0.042,0.045,1
"LIN54",0.95086853355845,0.86272301254884,0.042,0.045,1
"MED18",0.95086853355845,0.797513106439363,0.042,0.045,1
"MRPL11",0.95086853355845,0.397147650750955,0.042,0.045,1
"MYO7B",0.95086853355845,0.962643469109817,0.042,0.045,1
"PGP",0.95086853355845,0.854232944440588,0.042,0.045,1
"SELENOM",0.95086853355845,0.571843243104902,0.042,0.045,1
"ZNF496",0.95086853355845,0.866993286829635,0.042,0.045,1
"ARHGAP15",0.951329398050111,0.500384470059795,0.602,0.742,1
"TATDN1",0.951657596514124,0.615852109561452,0.096,0.106,1
"GLRX2",0.951826012666707,0.96705316000744,0.06,0.061,1
"VNN2",0.951826012666707,1.3663945790153,0.06,0.061,1
"ZBTB21",0.951826012666707,1.61886806897988,0.06,0.061,1
"AVL9",0.951977093815466,1.34820019138269,0.181,0.212,1
"ZNF142",0.952165809328027,0.122429445491785,0.072,0.076,1
"ENSG00000290793",0.95255467566685,0.330577088432817,0.127,0.136,1
"AAMP",0.952781481430827,0.611172359286282,0.229,0.273,1
"TAP2",0.95294750451117,0.308108960714237,0.349,0.409,1
"RNF141",0.953549730743299,0.809537420742138,0.163,0.182,1
"DIS3L",0.954202546637129,1.00204332987747,0.102,0.106,1
"ZBTB24",0.954202546637129,0.523917661746507,0.102,0.106,1
"TLE4",0.954987885155067,1.59590604348236,0.096,0.106,1
"SCO1",0.955516831730604,1.61230145715962,0.127,0.136,1
"ENSG00000291175",0.955601692997278,0.611572267093388,0.084,0.091,1
"IDS",0.955601692997278,0.614118833491383,0.084,0.091,1
"MAP2K5",0.955601692997278,0.858770579999256,0.084,0.091,1
"ENSG00000258210",0.955776366215342,0.542855910377584,0.042,0.045,1
"IFT27",0.955776366215342,0.817138581688509,0.042,0.045,1
"NUFIP1",0.955776366215342,0.771098445375467,0.042,0.045,1
"OBSCN",0.955776366215342,1.37497138274788,0.042,0.045,1
"OCEL1",0.955776366215342,0.99680650199566,0.042,0.045,1
"PDE4A",0.955776366215342,0.84443039896395,0.042,0.045,1
"ZNF561",0.955776366215342,0.577192561706894,0.042,0.045,1
"ZNF800",0.955859258005691,0.738794168500654,0.211,0.242,1
"NCOA6",0.955875725954791,0.621826897151959,0.139,0.152,1
"VPS28",0.955875725954791,0.643553198744566,0.139,0.152,1
"NKRF",0.956010605850049,0.78233525909544,0.06,0.061,1
"TMEM222",0.956010605850049,0.963300420643754,0.06,0.061,1
"TRAPPC2B",0.956010605850049,0.83630520631841,0.06,0.061,1
"UAP1L1",0.956010605850049,0.666748034228016,0.06,0.061,1
"ALKBH5",0.956537094886879,0.659025343700194,0.193,0.212,1
"GRAMD4",0.956574486195796,0.805985164562206,0.09,0.091,1
"PHF3",0.957240305535122,0.652823772059487,0.349,0.439,1
"HACL1",0.957377697917226,0.884514205684914,0.108,0.121,1
"VPS51",0.957377697917226,1.00398439914803,0.108,0.121,1
"LAMTOR4",0.957904288797409,0.764045916514967,0.181,0.197,1
"XRCC1",0.958080132041,0.304560548834675,0.114,0.121,1
"DDX19B",0.958318959824979,0.94915808897368,0.096,0.106,1
"TDP2",0.958318959824979,0.869221426834776,0.096,0.106,1
"C19orf12",0.958719824339003,1.25056304077299,0.139,0.152,1
"PDS5A",0.959227354234507,0.479858952439409,0.355,0.424,1
"ENSG00000291073",0.959239024210196,0.377596014425533,0.145,0.152,1
"GPATCH4",0.959368601835242,0.811376408094588,0.12,0.136,1
"CCDC127",0.960196411813579,0.600479221309915,0.06,0.061,1
"OSBPL7",0.960196411813579,1.29937769606656,0.06,0.061,1
"TBRG4",0.960196411813579,1.13129752610973,0.06,0.061,1
"SS18",0.960447486176175,0.703415996991158,0.241,0.288,1
"NIPSNAP1",0.960685876107086,0.946691208473293,0.042,0.045,1
"ZNF461",0.960685876107086,1.06916891193227,0.042,0.045,1
"ZNF829",0.960685876107086,1.21626258887538,0.042,0.045,1
"CHST15",0.960916234971526,0.993917322743447,0.199,0.227,1
"AOPEP",0.961442946510474,0.784044155384925,0.127,0.136,1
"CLNK",0.962699751720184,1.00597375494941,0.084,0.091,1
"LPIN1",0.963370144822213,0.61670060528072,0.157,0.167,1
"SOCS1",0.96351726279934,0.466432721703945,0.09,0.091,1
"ATF4",0.963743178725478,0.284181671556991,0.464,0.545,1
"ASTN2",0.96393774818434,1.1650139709067,0.175,0.197,1
"FKBP8",0.964008719516435,0.691878882087583,0.102,0.106,1
"MCM9",0.964008719516435,0.744338676330009,0.102,0.106,1
"MLLT3",0.964383315357287,1.06253375381509,0.06,0.061,1
"RGS5",0.964383315357287,1.24576456103752,0.06,0.061,1
"LINC01004",0.964406823499325,1.07497944948729,0.127,0.136,1
"UPF2",0.964542258542755,0.632875856435682,0.367,0.439,1
"AHCTF1",0.964857299757116,0.236000432026253,0.145,0.152,1
"TUFM",0.964864079865274,0.593154449129962,0.289,0.333,1
"RHOQ",0.965189971104294,0.41510420175567,0.355,0.424,1
"USP3-AS1",0.965596810642415,1.44718669793918,0.042,0.045,1
"CCDC126",0.965596877355445,1.72211639272276,0.042,0.045,1
"LAMC1",0.965596877355445,1.52659858681974,0.042,0.045,1
"LHFPL3",0.965596877355445,0.647889444281714,0.042,0.045,1
"MAMDC2",0.965596877355445,0.999720948463704,0.042,0.045,1
"RRN3P2",0.965596877355445,1.37850674299946,0.042,0.045,1
"SQLE",0.965596877355445,0.747272101024848,0.042,0.045,1
"ST13",0.96715818511419,0.110410107672741,0.578,0.758,1
"SLC18B1",0.967781500769991,1.15810608362039,0.211,0.242,1
"TMEM116",0.967901207152024,-1.40067455396179,0.03,0.03,1
"PEX5",0.968571201190371,0.871369882433961,0.06,0.061,1
"SRSF4",0.9686412617237,0.511968432583008,0.416,0.515,1
"PPP2R1A",0.968686015058491,0.708003570198723,0.229,0.258,1
"GBA2",0.969465714187256,0.725435849469204,0.163,0.182,1
"ZNF780B",0.970166885652649,0.360171986415328,0.217,0.227,1
"BTG1-DT",0.970549285717696,0.604577825554304,0.102,0.106,1
"TBK1",0.970549285717696,0.895617083966291,0.102,0.106,1
"TLNRD1",0.970549285717696,0.170126458587766,0.102,0.106,1
"SSRP1",0.970725764866537,0.431231484632746,0.307,0.348,1
"WDR12",0.97096048136191,0.195233642463941,0.12,0.121,1
"HNRNPD",0.971026307162535,0.235422296010714,0.657,0.773,1
"NBPF9",0.971148018193022,0.987781765772302,0.133,0.152,1
"L3HYPDH",0.971288470772508,0.234508411859365,0.072,0.076,1
"SNHG19",0.971288470772508,0.720753458722525,0.072,0.076,1
"TYW5",0.971649957061383,1.09222377790129,0.096,0.106,1
"HMGCS1",0.972759953940754,0.791580030234971,0.06,0.061,1
"POLI",0.972759953940754,0.910077106661225,0.06,0.061,1
"CD53",0.973156033431175,0.117987192207026,0.831,0.939,1
"ENSG00000291117",0.973352209418418,0.937065429575194,0.084,0.091,1
"ERCC6",0.973352209418418,0.935673960083804,0.084,0.091,1
"SPINDOC",0.973352209418418,1.0038591712226,0.084,0.091,1
"ZMAT1",0.973913995833165,1.11953917883696,0.193,0.212,1
"PRKCB",0.974815409903917,0.109492942337836,0.753,0.909,1
"ITGB7",0.975034558454392,0.318788790639386,0.169,0.182,1
"CASP7",0.975115337677817,0.356038665585358,0.072,0.076,1
"DCAF1",0.975115337677817,0.966149268713585,0.072,0.076,1
"LINC02100",0.975115337677817,0.914551083993602,0.072,0.076,1
"RIT1",0.975115337677817,1.58501516825201,0.072,0.076,1
"KDM4A",0.975794184896951,0.666625239469701,0.139,0.152,1
"SF3A3",0.976191543726908,0.812252165122578,0.187,0.212,1
"CYBA",0.976627410669548,0.751785803059731,0.331,0.394,1
"TRAF3IP2-AS1",0.976904179292729,1.02085745665459,0.084,0.091,1
"SPATA20",0.976949425661064,0.649675977980629,0.06,0.061,1
"PARP2",0.976949458164621,0.582775402807951,0.06,0.061,1
"COP1",0.978009357209888,1.07321324176665,0.199,0.227,1
"TCIRG1",0.97831866065181,0.913817351416639,0.096,0.106,1
"FCHO2",0.978942777492471,1.81618969126215,0.072,0.076,1
"HSD17B7",0.978942777492471,1.14879523275615,0.072,0.076,1
"PHC1",0.97916637076822,1.03349668779565,0.145,0.167,1
"ENSG00000288924",0.979232767960778,0.549645507619472,0.127,0.136,1
"BIRC6",0.979560043537888,0.471548954117479,0.386,0.455,1
"AGPS",0.979570215333834,0.940792886177229,0.03,0.03,1
"CCDC34",0.979570215333834,1.08715504323376,0.03,0.03,1
"CD99L2",0.979570215333834,-0.662616355227255,0.03,0.03,1
"DBP",0.979570215333834,0.87597944304936,0.03,0.03,1
"DTD1",0.979570215333834,1.31051495537304,0.03,0.03,1
"ENSG00000225032",0.979570215333834,1.42878070987201,0.03,0.03,1
"ENSG00000236924",0.979570215333834,0.725066978737919,0.03,0.03,1
"ENSG00000256116",0.979570215333834,0.639802371122231,0.03,0.03,1
"ENSG00000289154",0.979570215333834,1.26525897954758,0.03,0.03,1
"ENSG00000290835",0.979570215333834,0.850305739529714,0.03,0.03,1
"FAM13A-AS1",0.979570215333834,1.44668814997335,0.03,0.03,1
"GPR137B",0.979570215333834,1.74184228977986,0.03,0.03,1
"ITFG2-AS1",0.979570215333834,0.887606516608944,0.03,0.03,1
"LEF1",0.979570215333834,0.837474782016499,0.03,0.03,1
"LSAMP",0.979570215333834,0.905394586647072,0.03,0.03,1
"P2RX4",0.979570215333834,1.33204336719747,0.03,0.03,1
"PLPP6",0.979570215333834,1.19497620764894,0.03,0.03,1
"PRIM1",0.979570215333834,1.11279184321685,0.03,0.03,1
"SORD",0.979570215333834,0.854041827015223,0.03,0.03,1
"SPIRE1",0.979570215333834,2.0215519359454,0.03,0.03,1
"TSC22D1",0.979570215333834,-0.456899605344314,0.03,0.03,1
"TSHZ2",0.979570215333834,0.236042922973971,0.03,0.03,1
"TXNRD2",0.979570215333834,1.42877440965099,0.03,0.03,1
"USP49",0.979570215333834,1.57105150979158,0.03,0.03,1
"GPR108",0.979809220720398,0.646217280721964,0.114,0.121,1
"GPR174",0.980363712713773,-0.183016049927354,0.102,0.106,1
"IL17RA",0.981488491541142,1.08805359398614,0.139,0.152,1
"RNF168",0.981488491541142,1.46195688608935,0.139,0.152,1
"SLC30A9",0.981488491541142,0.858379789435223,0.139,0.152,1
"SIMC1",0.982198982090122,0.874970809524505,0.127,0.136,1
"ELOF1",0.982738632351832,0.828546432450744,0.163,0.182,1
"FAM76B",0.982738632351832,0.774838962252638,0.163,0.182,1
"LUZP1",0.98277070214356,0.285092703905697,0.072,0.076,1
"MUC20-OT1",0.983528259667135,0.554019769680629,0.151,0.167,1
"ARID1B",0.983849144460638,0.472389524685608,0.548,0.682,1
"ZNF738",0.984009422703146,0.988575643395078,0.084,0.091,1
"NUP58",0.985165442341437,0.846235005717464,0.127,0.136,1
"C14orf93",0.985406515534005,-1.25740609950566,0.03,0.03,1
"CCDC142",0.985406515534005,0.926774879567482,0.03,0.03,1
"CCL28",0.985406515534005,1.13028917687223,0.03,0.03,1
"ENSG00000267904",0.985406515534005,0.771501309787622,0.03,0.03,1
"ENSG00000286438",0.985406515534005,-0.433385266672794,0.03,0.03,1
"ENSG00000290122",0.985406515534005,0.436706346674391,0.03,0.03,1
"FAM88B",0.985406515534005,1.05223830909485,0.03,0.03,1
"LETM2",0.985406515534005,0.947529054963288,0.03,0.03,1
"MAP3K11",0.985406515534005,0.942600832187919,0.03,0.03,1
"POLDIP3",0.985406515534005,1.40343775832714,0.03,0.03,1
"RPAP1",0.985406515534005,1.04347601048959,0.03,0.03,1
"WDR76",0.985406515534005,0.994128934357715,0.03,0.03,1
"ZNF48",0.985406515534005,0.337690675054774,0.03,0.03,1
"PTER",0.985544754915192,0.518047795743986,0.169,0.182,1
"ATXN3",0.986020991228023,0.819766811128933,0.114,0.121,1
"OPA1",0.986449199902702,0.907122949361251,0.193,0.227,1
"ENTPD5",0.986599023524687,1.36623362319407,0.072,0.076,1
"JAGN1",0.986599023524687,1.16736631001901,0.072,0.076,1
"SMARCA4",0.988049336945871,0.937805477414077,0.163,0.182,1
"ZNF274",0.988324412249183,1.00923532762529,0.096,0.106,1
"USP3",0.988514416874809,0.518181421464321,0.181,0.197,1
"ATF6B",0.989091330287487,0.745976144284222,0.205,0.227,1
"RNF113A",0.989127217859688,0.651732512669024,0.114,0.121,1
"CLK4",0.989257904602005,1.0543789298916,0.211,0.242,1
"HDAC1",0.990004831493678,0.895209550687477,0.253,0.303,1
"ANKRD52",0.990427653502048,0.845498896356717,0.072,0.076,1
"RUFY2",0.990427653502048,1.07200971633393,0.072,0.076,1
"SCAMP1-AS1",0.990427653502048,1.17895750406753,0.072,0.076,1
"UBXN6",0.990427653502048,1.10567312328481,0.072,0.076,1
"FPGS",0.991066646789419,0.312652312716455,0.181,0.197,1
"PML",0.991066646789419,0.306432234365446,0.181,0.197,1
"CEPT1",0.991115357000654,0.688389937444873,0.259,0.288,1
"CDK5RAP2",0.991115934754302,0.989547640793014,0.084,0.091,1
"TTBK2",0.991115934754302,1.49455359953692,0.084,0.091,1
"C20orf27",0.991243596842106,1.32697011049556,0.03,0.03,1
"ENSG00000290569",0.991243596842106,0.882298905175751,0.03,0.03,1
"FBF1",0.991243596842106,0.461365615741368,0.03,0.03,1
"FRY",0.991243596842106,1.00825229584332,0.03,0.03,1
"GPAM",0.991243596842106,0.417304126985657,0.03,0.03,1
"IL23A",0.991243596842106,0.674045813365354,0.03,0.03,1
"KIAA0825",0.991243596842106,0.562175332843379,0.03,0.03,1
"KIF9-AS1",0.991243596842106,0.75168231499383,0.03,0.03,1
"L2HGDH",0.991243596842106,0.563006074455993,0.03,0.03,1
"NBPF1",0.991243596842106,0.36537023827562,0.03,0.03,1
"NDUFS7",0.991243596842106,0.651459094998799,0.03,0.03,1
"S1PR4",0.991243596842106,1.07007961176638,0.03,0.03,1
"SCYL1",0.991243596842106,0.654882647157816,0.03,0.03,1
"ZBTB39",0.991243596842106,1.28573443674815,0.03,0.03,1
"ZMPSTE24-DT",0.991243596842106,1.58568270353148,0.03,0.03,1
"ZNF284",0.991243596842106,1.35807413678736,0.03,0.03,1
"RBM41",0.992668964128308,0.668536659532217,0.199,0.227,1
"ATXN1",0.993453983468432,0.742448073914698,0.102,0.106,1
"PRPF4B",0.993539139747125,0.634937543598296,0.464,0.606,1
"FOXJ3",0.994076029886802,0.554620575395104,0.217,0.242,1
"BAZ2A",0.994224079979428,0.601117486974332,0.392,0.5,1
"SKA2",0.99425650392052,1.04835388459236,0.072,0.076,1
"SPTAN1",0.994347369698102,0.821986400121121,0.241,0.288,1
"CDC37L1",0.994669490358767,1.42622820584936,0.084,0.091,1
"SAMD12",0.994669490358767,1.2890716895032,0.084,0.091,1
"ZBTB7B",0.994669490358767,1.52506062287791,0.084,0.091,1
"ZBTB7A",0.995301702698271,0.449432534643942,0.44,0.53,1
"ARL5B",0.995340118491061,0.826357501616522,0.114,0.121,1
"NUP188",0.995340118491061,0.630428863955524,0.114,0.121,1
"RANBP10",0.995340118491061,0.527036609122506,0.114,0.121,1
"SNHG12",0.995727750534049,0.69994345561482,0.139,0.152,1
"SIRT2",0.99592860304786,0.464562697276744,0.157,0.167,1
"CLSTN1",0.996171352749594,0.532356360168671,0.181,0.197,1
"SLF1",0.996726964195714,0.839128276779445,0.102,0.106,1
"TRAK1",0.996848846997973,0.767634866664426,0.295,0.364,1
"SLC25A53",0.99703292435441,0.88186322884878,0.127,0.136,1
"AEN",0.997081146865143,-0.261499897091265,0.03,0.03,1
"ENSG00000227803",0.997081146865143,1.71740994306068,0.03,0.03,1
"EPS8L2",0.997081146865143,-0.361169407668837,0.03,0.03,1
"TESK1",0.997081146865143,0.642557076473434,0.03,0.03,1
"ZNF593",0.997081146865143,0.734396950055239,0.03,0.03,1
"HSPA1B",0.997470956197072,0.813070462818743,0.187,0.197,1
"RNF166",0.997904207034482,-0.153029087570145,0.06,0.061,1
"SNTB1",0.997904207034482,-0.652261891353955,0.06,0.061,1
"ACOT9",0.99808548660975,0.849885988680997,0.072,0.076,1
"CAMKK2",0.99808548660975,0.679073072991305,0.072,0.076,1
"SLC25A23",0.99808548660975,1.19800631545364,0.072,0.076,1
"YDJC",0.99808548660975,0.596393446471045,0.072,0.076,1
"MXI1",0.998494483289239,1.39778431034911,0.12,0.136,1
"WDR11",0.998672099510608,0.852757753671183,0.163,0.182,1
"MARK3",0.998958782521576,0.452197013325297,0.313,0.348,1
"IER2",0.999058263895342,-0.233664712008618,0.464,0.455,1
"FUT11",1,0.85566468501966,0.139,0.152,1
"CIC",1,0.541702288540662,0.114,0.121,1
"COA3",1,0.895747879161622,0.072,0.076,1
"LMO2",1,1.20810656488064,0.072,0.076,1
"NOL6",1,0.995017871154041,0.072,0.076,1
"TRIB1",1,0.371637215966416,0.102,0.106,1
"ZNF345",1,0.807486267638472,0.072,0.076,1
"ENSG00000277228",1,0.705505386579855,0.03,0.03,1
"EXO5-DT",1,0.280251110122626,0.03,0.03,1
"MED22",1,0.321711846993141,0.03,0.03,1
"SLC35F6",1,0.249186926201154,0.03,0.03,1
"UBE2Q2P1",1,0.119078322193194,0.03,0.03,1
