"","p_val","avg_log2FC","pct.1","pct.2","p_val_adj"
"IGFBP5",7.9573163359293e-37,2.97056039573454,0.653,0.133,2.41719398336524e-32
"SPAG6",6.8763174514685e-27,-1.27817064365264,0.435,0.888,2.08881895223259e-22
"MT-ND3",8.52087675822335e-27,-0.46252229066322,0.992,0.996,2.58838673284551e-22
"LINC01320",2.55958490882444e-25,-1.12201030885462,0.899,0.968,7.77525107753601e-21
"ENSG00000240241",2.82279102009163e-23,2.16694308388082,0.577,0.179,8.57479228173236e-19
"LINC00486",1.19368991666451e-20,-0.745734976609407,0.964,0.993,3.62607185985177e-16
"RPL27A",6.24524334292403e-20,0.68898343417651,0.976,0.968,1.89711757028003e-15
"LINC01504",3.79333847278359e-19,-1.99222428711919,0.077,0.432,1.15230242787747e-14
"RBP1",1.67289733945085e-17,-2.61717612067646,0.121,0.439,5.08176024804983e-13
"MT-ND2",8.77211850271994e-17,-0.240572579336397,0.996,0.996,2.66470643757124e-12
"DNAJA4",1.03542059516762e-16,0.558259280181995,0.972,0.979,3.14529714194067e-12
"HLA-DQB1",2.11922947312252e-15,-2.21508583106909,0.109,0.425,6.43758337050429e-11
"RPS2",6.73159554483272e-15,0.665801583704059,0.927,0.863,2.04485677865383e-10
"RPL32",1.87429462795999e-14,0.606314661175214,0.96,0.933,5.69354479135406e-10
"ENSG00000258752",2.16122974271784e-14,0.766504104925921,0.964,0.916,6.56516758945398e-10
"TMEM176B",2.8002324280908e-14,-1.3086589018722,0.262,0.589,8.50626604681144e-10
"MGST1",2.98003208769088e-14,-1.26710128290052,0.464,0.754,9.05244347277859e-10
"RPS3A",3.15043022877587e-14,0.619102157256876,0.935,0.909,9.57006190595246e-10
"RPL37",3.18158999198469e-14,0.511523406729543,0.988,0.979,9.6647159186519e-10
"RPL37A",5.49991906621469e-14,0.538583980189771,0.968,0.94,1.67071041474404e-09
"EEF1A1",5.74686167681633e-14,0.403186205319102,1,0.996,1.7457241715665e-09
"FOS",6.70357657507447e-14,2.58788757917125,0.492,0.225,2.03634545621037e-09
"DAW1",6.83542653021806e-14,-2.66790551422688,0.044,0.295,2.07639751708434e-09
"GJA1",1.48355403722948e-13,-4.28770629968542,0.008,0.218,4.50659209889199e-09
"TACC2",1.95495965409478e-13,-0.670931357003794,0.847,0.93,5.9385809412437e-09
"AVPR1A",2.04832209187541e-13,-2.27903585880531,0.105,0.375,6.22218801848993e-09
"CD9",4.26826810815013e-13,-0.664192222640178,0.847,0.94,1.29657180321277e-08
"RPS8",6.51574957476313e-13,0.457234282321051,0.992,0.982,1.9792892483258e-08
"CP",7.26720577667236e-13,-0.554914901140672,0.964,0.993,2.20755909877976e-08
"ENSG00000230730",1.01566208821061e-12,-2.87503583159808,0.081,0.323,3.08527672535739e-08
"HLA-A",1.1414250323986e-12,0.612067925138429,0.98,0.982,3.46730682091724e-08
"SLC35F1",1.94113496965726e-12,1.96140754725088,0.427,0.182,5.89658569732785e-08
"RPS24",2.03309574839691e-12,0.429660468576843,0.984,0.989,6.1759349549053e-08
"CD46",2.45805369737042e-12,-0.567009165548037,0.919,0.954,7.46682971650212e-08
"ERRFI1",4.74340613061568e-12,-0.830946906828087,0.653,0.849,1.44090448029713e-07
"RERG",6.56589823922924e-12,-0.782645007036974,0.661,0.874,1.99452290813067e-07
"UGT2B7",7.26291875854686e-12,-0.870717923525041,0.827,0.912,2.20625683128378e-07
"BIRC3",1.36582441632074e-11,-1.04460445515758,0.456,0.733,4.1489648294575e-07
"RPL39",1.56947499833861e-11,0.485767636697774,0.972,0.968,4.7675942024532e-07
"NPM1",2.00416373802381e-11,0.423662634773888,0.984,0.989,6.08804818699493e-07
"CERNA2",2.11244367234715e-11,-0.818973207920865,0.706,0.849,6.41697014348895e-07
"C20orf96",2.14880404832578e-11,0.502476192225842,0.96,0.933,6.52742205759922e-07
"CLDN3",2.47436514000274e-11,0.767700341962508,0.915,0.856,7.51637898578633e-07
"RPS18",2.86297271787261e-11,0.528618704404756,0.956,0.912,8.69685222508162e-07
"RPL34",2.92189809139858e-11,0.357053755130062,1,0.989,8.87584983224145e-07
"TMEM176A",3.38717556879925e-11,-0.976182548698912,0.218,0.523,1.02892232253415e-06
"RPS29",3.44907093828895e-11,0.439951242007402,0.976,0.968,1.04772427892404e-06
"KCTD12",4.80833400054222e-11,3.38744168651537,0.194,0.021,1.46062761934471e-06
"SCNN1A",6.81665295531956e-11,-0.594862824392238,0.758,0.919,2.07069466823742e-06
"CFAP44",7.5891005473827e-11,-1.08483118595023,0.343,0.621,2.30534107327844e-06
"RPS6",9.94573176646863e-11,0.424948961878895,0.992,0.979,3.02121493870018e-06
"PIK3R1",1.05020869270256e-10,-2.04265533624085,0.044,0.253,3.19021894582258e-06
"SORL1",1.55418222234604e-10,-0.935730474410895,0.496,0.744,4.72113933682058e-06
"HLA-B",1.72129587849763e-10,-0.489360456089186,0.96,0.993,5.22878049011225e-06
"ENOSF1",2.09852804952467e-10,-0.70009868175323,0.621,0.825,6.37469865604109e-06
"ENSG00000290677",2.40689784882093e-10,-1.48652129088005,0.306,0.544,7.31143359536332e-06
"HRH1",3.56563180505165e-10,-0.934947013091147,0.472,0.688,1.08313197342054e-05
"MDK",3.73091656520609e-10,-2.50666344288192,0.032,0.218,1.13334052501265e-05
"GREB1",5.09551183419998e-10,-0.849853737285109,0.48,0.744,1.54786362987493e-05
"PLPP1",5.23524923406508e-10,-1.99020096573024,0.036,0.228,1.59031165983195e-05
"RPL7A",5.53950139153877e-10,0.67609396546428,0.911,0.811,1.68273433770773e-05
"RPL31",6.0033111060814e-10,0.369370010983574,0.996,0.993,1.82362581469435e-05
"AHCYL1",7.44938948448813e-10,-0.460336913678562,0.984,0.989,2.26290104370296e-05
"TDRD9",8.38787695149593e-10,-0.840265074661643,0.516,0.765,2.54798538155592e-05
"RPS4X",8.80278343731863e-10,0.389531353533597,0.996,0.986,2.67402152475428e-05
"RPL30",9.16214210178425e-10,0.42665341774825,0.964,0.968,2.783183906259e-05
"JUN",9.58995094165095e-10,2.05230061645182,0.419,0.207,2.91313939754531e-05
"FBXO21",1.59282966720049e-09,-0.576975520152991,0.835,0.926,4.83853868005494e-05
"RPL12",1.71835404041321e-09,0.571330519443778,0.919,0.891,5.21984406856319e-05
"RPL3",2.28180647922958e-09,0.416172813501315,0.935,0.933,6.93144354195571e-05
"CDH1",2.33720803036112e-09,-0.555914459017351,0.73,0.867,7.09973683382796e-05
"C12orf75",2.42006914194708e-09,0.538131809193179,0.964,0.947,7.35144403249263e-05
"CFAP276",2.55732218257202e-09,0.336861961385338,0.992,1,7.76837759399903e-05
"PERP",3.1924326452528e-09,-0.391993087281925,0.988,0.993,9.69765264648443e-05
"DYNLRB2",3.24579258478909e-09,0.585098902469658,0.911,0.856,9.85974413481381e-05
"CROCCP2",3.66057681756142e-09,1.09395191237375,0.556,0.365,0.000111197341987063
"ZNF273",3.87835166531631e-09,0.689677224192526,0.694,0.481,0.000117812688537313
"VCAN",4.7923360622844e-09,-1.96145168712076,0.004,0.14,0.000145576792564013
"B2M",6.38478227601348e-09,0.326294607689258,1,1,0.000193950531198461
"CACNA1C",6.54956486351818e-09,-0.763146799582543,0.331,0.607,0.000198956131859092
"TPPP3",6.68141563894137e-09,0.31856956460789,1,1,0.000202961362864122
"COA3",7.75123138107678e-09,0.601885018382469,0.847,0.807,0.000235459155662969
"ENSG00000253474",8.52577349895637e-09,1.44702804530718,0.403,0.189,0.000258987421577798
"DYNLT1",8.88075792708483e-09,0.473067779093954,0.984,0.982,0.000269770783551056
"PLG",1.04419690371897e-08,1.79531413830379,0.363,0.151,0.000317195693442711
"MYL12B",1.21355047799246e-08,0.34633689627368,0.992,0.996,0.000368640228699768
"RXFP1",1.35903548290956e-08,-1.06985725837244,0.44,0.646,0.000412834208643436
"PPP1CB",1.37242193810325e-08,-0.457227184246425,0.96,0.968,0.000416900612137624
"PIM1",1.48327089660485e-08,-2.313939082455,0.016,0.161,0.000450573200261654
"TMEM190",1.53340232733384e-08,1.20047027284662,0.444,0.214,0.000465801624974199
"CAMKMT",1.60930812169633e-08,-1.55270113744192,0.194,0.411,0.000488859528127695
"RPL9",1.73121727507274e-08,0.346529159261108,0.992,0.989,0.000525891871648847
"KAZN",1.97109819066383e-08,-0.613988594562926,0.823,0.909,0.000598760497377952
"SLC39A14",2.07678699047399e-08,-1.51780235049142,0.206,0.418,0.000630865584096284
"IFITM2",2.22115560058991e-08,-0.570329867602436,0.831,0.923,0.000674720436791198
"RPL38",2.50914623016478e-08,0.328991596055381,0.996,0.989,0.000762203350337155
"MT-CYB",2.99200851824767e-08,-0.161213565786696,0.992,1,0.000908882427588094
"RPS16",3.49655869453519e-08,0.300480095111529,0.988,0.993,0.00106214963463895
"IGFBP4",4.03061718181877e-08,-0.736771433801402,0.685,0.828,0.00122438058132109
"MUC13",4.07304213293101e-08,-0.601017315268555,0.746,0.877,0.00123726800872045
"RPL36",4.32821476401893e-08,0.470271143312663,0.952,0.888,0.00131478179886603
"PDK4",4.46221329723231e-08,-0.958489986978796,0.669,0.814,0.00135548653330026
"PSMD7",5.66379627207863e-08,-0.572480683034191,0.581,0.775,0.00172049139356932
"TMTC4",6.25698049052117e-08,-0.915104681193543,0.367,0.586,0.00190068296360562
"SNTN",6.73427017433478e-08,0.373874224151654,0.992,0.993,0.00204566925085768
"SOD3",8.24743594826175e-08,0.704131363103188,0.891,0.768,0.00250532361800347
"RPLP0",8.39017376109077e-08,0.565775205624843,0.887,0.8,0.00254868308340654
"NSMCE3",8.6281584365835e-08,-1.02360832301918,0.306,0.544,0.00262097568828097
"CETN2",9.51172404980358e-08,0.256043071531092,1,0.989,0.00288937641460883
"RPS28",9.96270772960788e-08,0.342089630694632,0.976,0.972,0.00302637172702299
"RPS15A",1.10120600863933e-07,0.546021964665375,0.875,0.835,0.00334513349244368
"RPS13",1.10889130346348e-07,0.285781100801264,0.984,0.986,0.00336847911253101
"ENSG00000289911",1.11473103507394e-07,-1.82127317992787,0.044,0.2,0.00338621846524411
"MLPH",1.16748076253011e-07,-0.904011381386088,0.395,0.625,0.00354645631233773
"NEAT1",1.18479356495249e-07,-0.60008965074344,0.96,0.986,0.00359904741225619
"SLC34A2",1.26467205565912e-07,-0.424341698207833,0.927,0.954,0.0038416943034757
"ACTA2",1.31522989848711e-07,-1.42038678813512,0.04,0.196,0.00399527386263429
"LINC01541",1.47622960142479e-07,-0.65036635281775,0.565,0.768,0.0044843426602481
"DUOX1",1.56215027754291e-07,-0.713398115724697,0.677,0.804,0.0047453438980921
"NBEA",1.56695515389045e-07,-1.17662909633033,0.177,0.382,0.00475993967097302
"C17orf97",1.61755597029571e-07,0.525964165407149,0.944,0.916,0.00491364977096726
"PLPP5",1.661101236222e-07,0.453121007761718,0.94,0.891,0.00504592722527158
"EVA1A",1.70937959102005e-07,-0.791762979980777,0.452,0.649,0.00519258238364162
"TMPRSS4",1.70963947843614e-07,-1.10670817175544,0.238,0.463,0.00519337184364546
"CFI",1.77153500226338e-07,0.811923997924598,0.81,0.723,0.00538139187637545
"ZNF295-AS1",1.82201223882601e-07,1.19572603090098,0.532,0.347,0.00553472657788176
"RPS27",1.8970450550837e-07,0.382264549206754,0.972,0.944,0.00576265376382776
"BRCA1",2.40464610422571e-07,-0.67402622081,0.548,0.73,0.00730459347080644
"DTNA",2.42430135054939e-07,-1.58986368874044,0.117,0.298,0.00736430021256388
"ENSG00000290018",2.51302113632769e-07,-0.497444613040108,0.617,0.779,0.00763380430582261
"IK",2.54260857709461e-07,-0.283589843615809,0.98,0.996,0.0077236820746403
"RPL6",2.73019019231565e-07,0.391592024746723,0.964,0.954,0.00829349874719726
"YBX1",2.80773452328876e-07,0.397146518361443,0.952,0.93,0.00852905516139425
"SYT10",3.43808304196239e-07,-2.41200806468674,0.032,0.168,0.0104438648565692
"TPT1",3.58654238905806e-07,0.279572841431529,1,1,0.0108948398152417
"SUMO2",3.62757313090341e-07,0.35465707661669,0.98,0.954,0.0110194788997453
"ADH6",3.77465478803212e-07,1.21471588326624,0.504,0.333,0.0114662688496052
"RPL29",4.19989872589522e-07,0.549019124984519,0.883,0.818,0.0127580323596519
"CCDC198",5.22560882098861e-07,-0.601354254693669,0.694,0.828,0.0158738319155171
"GCNT3",6.48842705530783e-07,-1.13785940911675,0.169,0.361,0.0197098948659086
"CST3",6.77457418441534e-07,0.580160972825374,0.806,0.744,0.0205791239999985
"CCBE1",6.78731603770249e-07,-1.0183787226031,0.177,0.382,0.0206178299277289
"RPL23",7.57832810656974e-07,0.306176937259137,0.984,0.975,0.0230206872893269
"CTNNA3",7.73945363687088e-07,-1.4644638529275,0.069,0.228,0.0235101383127227
"OSBPL11",8.19880341645121e-07,-0.713845111459208,0.565,0.726,0.0249055051381538
"SLC7A2",8.47158528224594e-07,-0.830877725822873,0.726,0.818,0.0257341346118785
"FKBP5",8.98051923918483e-07,-0.529794602220874,0.629,0.782,0.0272801232928718
"GALM",9.22687970816699e-07,0.906024831060663,0.56,0.393,0.0280284924894989
"LINC02767",9.33247563531077e-07,-0.985278257650692,0.165,0.365,0.0283492612373835
"PRR18",9.36249117506531e-07,-1.00236093115655,0.238,0.446,0.0284404394424959
"ACAA2",9.55981149762229e-07,-2.6841817589972,0.016,0.13,0.0290398393863272
"HSPB1",1.03062742474478e-06,0.426834390562146,0.968,0.958,0.0313073692814723
"EIF4B",1.05195798068171e-06,0.402029897811427,0.931,0.926,0.0319553275791682
"JAG1",1.26320255397318e-06,-0.520246679808262,0.758,0.877,0.0383723039820432
"SH3BGRL3",1.36040382893807e-06,0.557856130513233,0.843,0.761,0.0413249871116519
"CAPS",1.46720493844342e-06,0.209862535055804,1,0.996,0.0445692844150959
"HPGD",1.4850351821698e-06,1.62913508466096,0.149,0.032,0.045110913728772
"LAMB3",1.48562005518717e-06,-1.14918367903954,0.125,0.305,0.0451286804164208
"CTNNB1",1.485840933507e-06,-0.653772165985081,0.52,0.688,0.045135390037142
"PSORS1C3",1.55730930672593e-06,1.64739121482724,0.206,0.067,0.0473063848104135
"B3GAT1-DT",1.60405430454804e-06,0.889606994472285,0.617,0.446,0.0487263576092558
"C5orf49",1.63910806195172e-06,0.318251002641081,0.944,0.947,0.0497911855979074
"TOPORS",1.65879904527514e-06,-1.1789451298079,0.157,0.344,0.050389338598323
"LINC02315",1.6716302287557e-06,3.58458598088162,0.097,0.007,0.050779111458912
"WDR91",1.87149341420973e-06,-0.874793762052353,0.165,0.361,0.0568503554434489
"ARG2",1.96261745832627e-06,-1.1960014292433,0.165,0.347,0.0596184305315771
"LRP1",2.01458947638493e-06,4.3948452064098,0.077,0,0.0611971845241449
"RPL5",2.01575414498207e-06,0.354404766466916,0.948,0.937,0.0612325636621203
"CDKN2A",2.05647179474015e-06,0.731375668493052,0.673,0.509,0.0624694437088215
"ENSG00000234156",2.0834270131592e-06,-3.2657956146305,0.016,0.123,0.0632882623787371
"DAPP1",2.13567422665541e-06,-1.11373352970539,0.173,0.354,0.0648753759831115
"FHL2",2.16878043835859e-06,-1.63140947190798,0.056,0.193,0.0658810433760188
"UCA1",2.4340431897158e-06,-0.544658104461075,0.702,0.846,0.0739389299739968
"FOSB",2.63964790396252e-06,2.87034366996294,0.117,0.018,0.0801845843786693
"TNFAIP2",2.64560044357528e-06,-1.08045372741459,0.431,0.628,0.0803654046744864
"ADGRG1",2.73730588750014e-06,-0.823985350079886,0.206,0.396,0.0831511409445916
"RPL26",2.9087657971817e-06,0.470441240798082,0.798,0.74,0.0883595786209885
"NAMPT",3.34085328790194e-06,-0.735159474628376,0.294,0.488,0.101485100326597
"SENP3",3.36297160696491e-06,-1.82194540645051,0.065,0.204,0.102156988504773
"YWHAE",3.67911786137146e-06,0.213477330734748,0.992,0.996,0.111760563274881
"RPL14",3.68490626874367e-06,0.416587319230328,0.96,0.947,0.111936397725626
"ARID5B",3.75172579114054e-06,-0.716448873965193,0.456,0.642,0.113966174357476
"CFAP157",4.00651063311844e-06,0.428788481667011,0.98,0.958,0.121705773502239
"OST4",4.22632058143562e-06,0.512702512774208,0.871,0.853,0.12838294030227
"HLA-DRB6",4.28374022276747e-06,1.0822914329251,0.306,0.14,0.130127176747007
"SPTLC3",4.33241365081856e-06,-1.34114873776386,0.105,0.263,0.131605729470915
"SLC11A2",4.36292960424801e-06,-0.617273891344969,0.484,0.688,0.132532712588242
"PPP3CA",4.40691787895965e-06,-0.375154289107799,0.867,0.958,0.133868944409157
"C2orf73",4.50061059018118e-06,-0.567126765952455,0.46,0.663,0.136715047897934
"PDE9A",4.55171854562951e-06,-1.13067729512825,0.105,0.263,0.138267554260588
"AQP3",4.62740133469413e-06,0.555277288032568,0.685,0.537,0.140566570344004
"TAPBPL",4.74853617938548e-06,-0.930823400074466,0.206,0.411,0.144246283521193
"CADM1",5.86674991527698e-06,-0.364925006431002,0.859,0.923,0.178214262176369
"MRPL43",5.96329347724252e-06,0.541304272421213,0.75,0.67,0.181146965958196
"NUDT7",6.02130959645035e-06,1.00315404683139,0.464,0.316,0.182909321611372
"RDH10",6.37808502141832e-06,-0.991804335103754,0.145,0.319,0.193747088695624
"GAREM1",6.48886834781165e-06,-1.24569543713379,0.153,0.323,0.197112353801475
"MB",6.56910273583901e-06,1.22489764177173,0.355,0.196,0.199549633806582
"CPAMD8",6.63966576867562e-06,-0.721382671964269,0.109,0.274,0.201693127055059
"GNAS",6.84411026241664e-06,0.250476614644595,0.996,1,0.20790353744143
"CDKN1A",6.8632686147548e-06,0.403472285866409,0.96,0.919,0.208485510710407
"WARS1",7.09497974958032e-06,-0.819859560192686,0.319,0.509,0.215524199853001
"PLAT",7.35994977161503e-06,-3.437899140564,0.012,0.105,0.22357319421235
"PARP8",7.48984846415637e-06,-0.477766219915245,0.21,0.414,0.227519126795678
"SCN1A",7.60318742364103e-06,1.33197354966664,0.266,0.119,0.230962024367944
"TIMP1",8.11101797777136e-06,-3.74377574249762,0,0.077,0.246388393110761
"TMEM37",8.30384811611081e-06,-3.10772906889109,0.004,0.088,0.252245994223098
"RPS14",8.4233458464614e-06,0.452580661904814,0.835,0.796,0.255875976777958
"RASEF",9.00011267798331e-06,-0.636521165073975,0.21,0.393,0.273396422819099
"ARHGEF5",9.1349351334417e-06,-1.34693331641239,0.109,0.263,0.277491924548559
"RPL41",9.67403916060923e-06,0.301071250509442,0.992,0.989,0.293868287581827
"HOMER2",9.72198632213307e-06,-0.352563888087865,0.919,0.947,0.295324778507436
"OAZ1",9.87759782866618e-06,0.286308059789377,0.988,0.975,0.300051789241392
"C2orf88",9.99142776499273e-06,-0.557271658192677,0.605,0.754,0.303509601217184
"ERICH3",1.07203849219072e-05,-0.379840461854811,0.952,0.989,0.325653132772775
"CCDC74A",1.118358241132e-05,0.45356479622227,0.891,0.828,0.339723682908669
"ALCAM",1.15297818858625e-05,-0.324683682260248,0.871,0.961,0.350240184346846
"RPS7",1.19565116689761e-05,0.343959218316105,0.895,0.895,0.363202954968488
"TSHZ2",1.23188562986227e-05,-0.900977294113349,0.331,0.495,0.37420989778326
"LUC7L",1.23681224342787e-05,-0.551706012283424,0.254,0.442,0.375706455186083
"LINC03015",1.25449688915153e-05,-1.29860832981523,0.044,0.165,0.381078520017562
"EPCAM",1.2637240158219e-05,-0.306196498029783,0.956,0.989,0.383881444286219
"PER2",1.27254007058761e-05,-0.507496318197969,0.456,0.656,0.386559497242397
"CPEB4",1.29228981970079e-05,-0.421935179825747,0.669,0.796,0.392558878530509
"ZNF503",1.31277441796241e-05,-0.517661360283372,0.331,0.533,0.39878148494444
"QSOX1",1.31383722985835e-05,0.995465219157245,0.423,0.277,0.399104335314072
"MTO1",1.33580097583347e-05,-2.08491298502342,0.036,0.147,0.405776262428933
"CRPPA",1.43853117874842e-05,-1.04675070393617,0.173,0.344,0.436982616168408
"LKAAEAR1",1.45810773893417e-05,-1.95926457671819,0.028,0.133,0.442929387856032
"TSC22D3",1.47122726353518e-05,-0.759451836047088,0.286,0.495,0.446914705844081
"RPL27",1.48023651630519e-05,0.30694698138536,0.956,0.94,0.449651446558026
"RPL13",1.49136468303192e-05,0.378006202064878,0.903,0.919,0.453031849764606
"EPPIN",1.53278609826335e-05,0.88685581180977,0.605,0.47,0.465614433069458
"TTTY14",1.56289351222378e-05,-0.770836163940304,0.508,0.67,0.474760162208218
"PLAG1",1.59561342981879e-05,-1.70811786480571,0.052,0.172,0.484699491576055
"MS4A8",1.63761252349679e-05,0.441126278252252,0.992,0.975,0.49745755626262
"LPIN1",1.71252705195397e-05,-1.650355403834,0.069,0.196,0.520214342572058
"ITGB8",1.7870758375389e-05,-0.62844162689747,0.714,0.779,0.542860027169193
"DMTN",1.83408866250189e-05,0.710694725929008,0.673,0.544,0.5571411130082
"RPS3",1.90987816223369e-05,0.522371907099507,0.754,0.688,0.580163689341729
"ST3GAL1",1.92693631831447e-05,-1.41723287634063,0.065,0.193,0.585345445414387
"NABP1",1.95895574716726e-05,-0.840634211460676,0.21,0.393,0.595071987316998
"PRDM4",1.96834712172198e-05,-0.932624688329355,0.169,0.34,0.597924805165485
"ZNF486",1.99685340593373e-05,0.939089085872724,0.448,0.288,0.60658415912049
"LDLRAD1",2.04536014369348e-05,0.497282824186374,0.919,0.923,0.621319050849768
"SELENOW",2.08087490567794e-05,0.415704240911682,0.875,0.846,0.632107370097788
"CLGN",2.15330729549516e-05,-0.394030735644429,0.569,0.768,0.654110157152564
"PLCL1",2.17218697452064e-05,-4.84292035826562,0,0.07,0.659845237250135
"SMIM6",2.22389130217251e-05,0.702496960919788,0.758,0.656,0.675551460860942
"SRP14",2.38249531806488e-05,0.340165141068854,0.98,0.954,0.72373060276857
"ATP5F1E",2.39828969637604e-05,0.240762682819963,0.992,0.986,0.728528461068151
"EEF2",2.40291426581578e-05,0.39846500420723,0.855,0.793,0.729933266526859
"FOXO1",2.42287630204383e-05,-0.791810458172963,0.331,0.498,0.735997134271855
"KDM6A",2.47677987657559e-05,-0.880018523088417,0.198,0.375,0.752371423107368
"SGMS2",2.50952662950086e-05,-0.461354314033873,0.778,0.867,0.762318904243477
"PTPN3",2.54415311195543e-05,-0.517970897262905,0.637,0.786,0.772837390818702
"SSBP3",2.71611344488239e-05,0.368291657160805,0.968,0.965,0.825073781151924
"TRAM1",2.84281673184201e-05,-0.396937321431581,0.81,0.853,0.863562438631647
"ATP1B1",2.85166628424741e-05,-0.487629813804651,0.738,0.877,0.866250667165835
"RPL10A",2.85743072396724e-05,0.369132462265342,0.919,0.912,0.86800173101953
"NRXN3",2.88267457581707e-05,-0.622584430463334,0.56,0.747,0.875670055895951
"KIFC3",3.08929529614951e-05,-1.00265710964339,0.181,0.347,0.938435232111336
"C10orf95",3.1210080433578e-05,0.41763535622651,0.895,0.839,0.948068613330798
"ZNF391",3.22334046790632e-05,0.93347236481162,0.464,0.309,0.979154133935903
"TAGLN2",3.29198985726246e-05,0.504646625251056,0.899,0.881,1
"ENSG00000258526",3.3383142175047e-05,-1.02594654451874,0.625,0.768,1
"ANXA13",3.36751865197077e-05,0.977779641606314,0.359,0.204,1
"LRRC41",3.54090178678444e-05,-0.649991694388854,0.319,0.516,1
"PRSS16",3.5837804702102e-05,1.65872611751427,0.145,0.042,1
"TFRC",3.6723560923479e-05,-0.639674013844449,0.306,0.502,1
"PDE4D",3.68755317749339e-05,-0.89740747347101,0.282,0.46,1
"FAM166B",3.71426664940722e-05,0.333972321622122,0.952,0.954,1
"PALLD",3.91091441674931e-05,-0.618818612640559,0.536,0.695,1
"FABP6",4.06497282601515e-05,0.558098427681379,0.633,0.47,1
"CD109",4.11868560856031e-05,-1.44770862647115,0.052,0.168,1
"NFKBIA",4.14782665009873e-05,-0.733131674518285,0.282,0.474,1
"EPHX1",4.16957709409012e-05,0.385566420191253,0.94,0.912,1
"NRSN2-AS1",4.17493959546997e-05,-1.07843896045406,0.121,0.27,1
"DSTN",4.2046182977938e-05,0.326966785013926,0.98,0.961,1
"B3GNT2",4.45006981722639e-05,-0.889615556185289,0.169,0.33,1
"ST6GAL1",4.47267345853556e-05,-0.575746647482152,0.508,0.677,1
"RACK1",4.73001606663799e-05,0.409088496836128,0.839,0.779,1
"FAM102A",4.74820501922965e-05,-0.553066724158624,0.698,0.8,1
"CYP4B1",4.79972932030489e-05,0.754739680371075,0.685,0.572,1
"LBH",4.99255673780799e-05,-0.383164440776426,0.524,0.691,1
"TRIOBP",5.12365850048057e-05,0.54211894987033,0.73,0.677,1
"SH3BP5",5.1675852617075e-05,-0.603136524539178,0.27,0.456,1
"CRYBG2",5.37978633885921e-05,-1.93282550336994,0.032,0.13,1
"HLA-DRA",5.50095804803937e-05,-0.537772865624219,0.831,0.909,1
"MUC4",5.54056019937805e-05,-1.25486495203601,0.052,0.165,1
"SIK1",5.67452578603199e-05,-1.00553929114902,0.202,0.358,1
"HOTAIRM1",5.91134659718798e-05,1.69195564455486,0.177,0.067,1
"CCDC17",5.93541724615449e-05,0.321634368452196,0.931,0.951,1
"CNKSR3",6.07754217497236e-05,-0.817195695757444,0.23,0.4,1
"CLK1",6.08579429976603e-05,-0.520168625529456,0.552,0.737,1
"IFI44L",6.19403010376247e-05,-0.289216263994357,0.121,0.27,1
"CD74",6.26588908118394e-05,-0.377474561872202,0.984,0.993,1
"OSTN",6.43272725607593e-05,3.31144846732989,0.065,0.004,1
"SOD1",6.55569469122126e-05,0.228851990545907,0.988,0.979,1
"EGR1",6.56004399732684e-05,1.79579182495167,0.234,0.109,1
"TGFBR1",6.6615680769934e-05,-1.42979437589018,0.06,0.175,1
"LINC02057",6.67391057722257e-05,-1.69809435160684,0.052,0.161,1
"ALOX5AP",7.06651639791158e-05,0.826279198132176,0.488,0.34,1
"RNF213",7.09029400363116e-05,-0.396586881988165,0.399,0.579,1
"CBR1",7.22814767527819e-05,-0.710402661191445,0.173,0.337,1
"COL1A2",7.25406750486953e-05,-0.936551371578078,0.012,0.091,1
"QRSL1",7.26445291099223e-05,-0.661345769720124,0.383,0.568,1
"MSH6",7.31437615872173e-05,-0.823539689332372,0.117,0.26,1
"PPP1R15A",7.34799627512927e-05,0.401345942788803,0.879,0.825,1
"PLCE1",7.38566298007514e-05,-0.777163341858867,0.403,0.565,1
"SLC26A2",7.38944096018708e-05,-1.92068989947001,0.117,0.246,1
"USP9X",7.41419746509188e-05,-0.337582743304725,0.81,0.895,1
"NDUFS1",7.47669622405158e-05,-0.365990620844714,0.694,0.804,1
"IL1R1",8.28606407959598e-05,-0.490781120402554,0.786,0.839,1
"PPP1R1B",8.58557035749865e-05,0.838264887795406,0.391,0.253,1
"FZD1",8.71179476141643e-05,-0.644276943627254,0.242,0.418,1
"SF3B4",8.74493798262411e-05,0.363736512500754,0.879,0.87,1
"TCF7L2",8.74884852074051e-05,-0.565386093707808,0.399,0.589,1
"TMTC3",9.09192711080667e-05,-0.789072821848482,0.25,0.404,1
"NAB1",9.28317032666168e-05,-0.866783089125715,0.169,0.319,1
"AMD1",9.42401763944419e-05,-0.665164903273955,0.343,0.509,1
"C2orf74-DT",9.42542285304868e-05,-1.35988825714873,0.065,0.179,1
"DHRS9",9.65409731561624e-05,-1.47300516802516,0.089,0.211,1
"SKIL",0.000101098453964684,-0.529869010087679,0.5,0.674,1
"HSPA1A",0.00010757317618493,0.581704498470159,0.835,0.846,1
"IQCA1",0.000108111424411936,-0.413545072495293,0.504,0.695,1
"LRRC46",0.000109559702014345,0.287275846053431,0.984,0.975,1
"RESF1",0.000113554812976422,-0.747278260342038,0.565,0.656,1
"SERP1",0.000114976774413619,0.346877683233062,0.919,0.856,1
"EMP2",0.00011772504869027,0.512018567224518,0.786,0.688,1
"ENSG00000258053",0.000118897638733239,3.51708098813245,0.06,0.004,1
"MUC20-OT1",0.000123567461299872,-0.760972837587895,0.202,0.361,1
"UBA52",0.000127644286515863,0.351025137597213,0.927,0.916,1
"GABARAPL1",0.000130093166539342,-0.627143773233869,0.23,0.418,1
"LIMK2",0.000130774845477263,-0.318862484248797,0.653,0.807,1
"AMN1",0.000132385269029047,-0.699300395828679,0.274,0.435,1
"SLC7A1",0.000133709460514042,-0.675768935150909,0.149,0.302,1
"RTCA-AS1",0.000137225593875545,-0.704745608068304,0.335,0.512,1
"JPT1",0.000137564285704209,-0.711391737304639,0.169,0.326,1
"GIHCG",0.000138333625088696,0.62077523940596,0.694,0.621,1
"CLINT1",0.000139476281872684,-0.434948837978364,0.69,0.8,1
"RPS25",0.000142279560219876,0.277015431575805,0.98,0.951,1
"C18orf25",0.000145356852049158,-0.554832772129354,0.464,0.604,1
"RNF168",0.000153242516005947,-1.07694345547754,0.093,0.218,1
"LMO4",0.000154855000170188,1.49970972368185,0.254,0.144,1
"MOCOS",0.000155340265217954,-1.63916746694659,0.048,0.147,1
"TBC1D16",0.000155558509213252,-0.575716504041248,0.254,0.425,1
"SELENOM",0.000156460462944238,-2.63739656141132,0.004,0.067,1
"CFAP97D2",0.000156483407654043,-0.478440543567982,0.472,0.635,1
"AFG3L2",0.000156804405442698,-0.663802295227156,0.23,0.389,1
"PALM2AKAP2",0.000163599050722282,-0.888118740138483,0.222,0.379,1
"MACF1",0.00016384183614112,-0.381427545495178,0.734,0.846,1
"ATF1",0.000164314742592183,-0.515319206583101,0.238,0.4,1
"PCDH17",0.00016462447109187,2.01529911411586,0.121,0.035,1
"PSAP",0.000166794832509493,-0.225825635467027,0.984,0.975,1
"ANKRD36",0.000168774129488696,-0.597632927906397,0.371,0.537,1
"ZFP36L1",0.000168850995877759,-0.340730606510268,0.863,0.937,1
"MACO1",0.000171220805061524,-0.753998967892423,0.323,0.477,1
"SNX2",0.000171752562240649,-0.526548557349204,0.528,0.681,1
"HNRNPA1",0.000171967131731275,0.28646961623107,0.931,0.961,1
"GBF1",0.000172613270216392,-0.805472949714173,0.315,0.463,1
"AK3",0.000178611310655588,-0.478994025058843,0.597,0.74,1
"PHRF1",0.000180789158397232,-1.42605006637232,0.028,0.116,1
"LIMS1",0.000183545920614993,-0.327080351379562,0.891,0.937,1
"TCEAL8",0.00018499053618946,-0.855528134036248,0.177,0.326,1
"ENSG00000291233",0.000201983256579015,-1.19073004578485,0.081,0.196,1
"RASA2",0.000202748917888746,-1.02279537973126,0.206,0.351,1
"ARHGEF35-AS1",0.000204606983206731,-0.834774808878827,0.375,0.505,1
"NOS1",0.000205907631819705,-2.44406342462762,0.008,0.074,1
"RPAIN",0.000207630483904576,0.439607172855,0.633,0.488,1
"SDC1",0.000208583639409041,1.75809208026773,0.169,0.07,1
"DIAPH2",0.000210068349678269,-0.405891213632335,0.754,0.867,1
"LAMA3",0.000210552493262067,-0.569506346393181,0.363,0.512,1
"AGR2",0.000211208323927888,0.546545906749961,0.794,0.73,1
"RPL18",0.000213347482471471,0.479939455752093,0.746,0.632,1
"SLPI",0.000214833644111679,-0.21627909172857,0.984,0.989,1
"THOC3",0.000217700350354383,-0.638108670992408,0.218,0.379,1
"REEP3",0.000218082615472253,-0.785361921816321,0.27,0.432,1
"SPATA13",0.000220053162629275,-0.572431196255661,0.46,0.618,1
"DNAJB1",0.000222693848215323,0.502537914289937,0.79,0.695,1
"LINC01235",0.000223507621717352,-1.33100239945872,0.105,0.225,1
"AKR1C3",0.000225700676773166,0.662393009073155,0.524,0.407,1
"PARP4",0.000225897153979191,-0.36905693513138,0.613,0.751,1
"DYNLT5",0.00022673441874838,-0.481700921921288,0.375,0.523,1
"OCLN",0.000235953890117864,-0.507354265637606,0.581,0.737,1
"SOD2",0.000238816122043397,-0.776102228122594,0.786,0.867,1
"TENT4B",0.000244360701933133,-0.539871182275752,0.492,0.635,1
"PBXIP1",0.000249659242803843,-0.518057698180348,0.476,0.625,1
"CDKN1C",0.000252352878500664,-3.10123893469191,0,0.053,1
"LMTK2",0.00025281699379809,-0.780556628273303,0.177,0.326,1
"ENSG00000249413",0.000260102255981913,-0.704527096434699,0.109,0.239,1
"PTMS",0.000260940043342471,1.42944689305632,0.198,0.091,1
"LRRC23",0.000262902001851509,0.341604443925349,0.948,0.898,1
"KDM2A",0.000263266786895131,-0.425764318984944,0.52,0.677,1
"GADD45B",0.000264401805367688,1.23095567897339,0.286,0.168,1
"MAP3K1",0.000265467119546156,-0.756550665692936,0.214,0.375,1
"ARHGEF35",0.000266321941947287,-0.679818901460898,0.427,0.565,1
"MXI1",0.00026651121798613,0.707362610046433,0.544,0.449,1
"FBXL7",0.00027369700102148,-1.18817371426834,0.113,0.235,1
"TMEM209",0.00027396851176489,-0.534003969875706,0.169,0.309,1
"SERTM1",0.00027448156416812,-0.811447160358428,0.238,0.393,1
"KRT38",0.000276079603997507,-1.44227844625057,0.028,0.112,1
"ABCA1",0.000277526004677298,-1.1129984643374,0.077,0.186,1
"RPS20",0.000278966208508733,0.241664990717303,0.984,0.986,1
"HDLBP",0.000279481141648175,0.339174730483554,0.923,0.933,1
"LINC01806",0.000285030212537461,-2.19638250491721,0.016,0.088,1
"CYRIA",0.000287420021903296,-1.24276551576011,0.06,0.161,1
"TMEM123",0.000287706539363737,-0.305647703421174,0.867,0.881,1
"METRN",0.000289100018575636,0.705999201741161,0.585,0.509,1
"FEM1B",0.000290642551356039,-0.610605507697354,0.294,0.446,1
"ORMDL1",0.000290689251809307,-0.678407243153736,0.21,0.365,1
"UBR4",0.000292047901470215,-1.04936711492501,0.089,0.207,1
"MID1IP1",0.000296249991178585,0.396538138036245,0.859,0.818,1
"BABAM2",0.000297344072574263,-0.716877136791621,0.27,0.428,1
"ENSG00000255480",0.000302491647522693,-1.69320902113543,0.052,0.147,1
"TMCO1",0.000302758660586105,-0.377629180856987,0.69,0.825,1
"PIM3",0.000311519207847965,-0.605762854362027,0.185,0.347,1
"CD55",0.000317131529688421,-0.319872291785485,0.718,0.828,1
"REEP1",0.000321036563563987,0.673942334786033,0.508,0.393,1
"DCDC2",0.000322376211202662,-0.306245775022246,0.899,0.958,1
"FURIN",0.000324889528823703,-1.63413927604248,0.036,0.123,1
"ENSG00000257176",0.000327063096289167,-1.51652497149992,0.052,0.147,1
"SNW1",0.000327366266082606,-0.357216579334014,0.677,0.807,1
"MYCBP2",0.000330016524636551,-0.706959208682503,0.218,0.372,1
"RPLP2",0.00033814454401704,0.390567169866768,0.895,0.898,1
"GDA",0.000338514319661263,-0.714296602427119,0.363,0.53,1
"FMR1",0.000345117612480453,-0.567683963882357,0.343,0.495,1
"SORT1",0.000347842592815148,-0.568253802543342,0.448,0.618,1
"CFAP298",0.000348234555482821,0.248765676391784,0.948,0.954,1
"TCEAL9",0.000352589901970871,-0.382834141960626,0.653,0.779,1
"ARL4D",0.00035263200964206,-0.6378961072842,0.536,0.656,1
"LINC00698",0.000353777723573881,1.75659234410612,0.125,0.042,1
"SFTA2",0.000359550086212242,0.748975197819919,0.552,0.428,1
"PAXIP1-DT",0.000360891455858693,-0.453474119109263,0.254,0.414,1
"REL",0.000364302343517059,-0.873455504777387,0.129,0.26,1
"MYO9A",0.000366851448500303,-0.431360116917981,0.617,0.751,1
"NME5",0.000367798997038907,0.281732787552393,0.879,0.881,1
"NDUFA4",0.00037409079875143,-0.198144118156284,0.964,0.979,1
"WWOX-AS1",0.000374965952342838,2.44380035230679,0.077,0.014,1
"TMBIM6",0.000376966037119751,0.196170504706315,0.992,0.993,1
"ARID1A",0.000380647546926686,-0.326269978750689,0.641,0.775,1
"ENSG00000257322",0.000382470798775377,-0.683565825046866,0.246,0.404,1
"ATP5MC2",0.000382977793506857,0.258228570465703,0.984,0.951,1
"PLAA",0.000384981541268408,-0.851096892619035,0.19,0.326,1
"HEG1",0.000392480515925932,1.35636946845797,0.218,0.112,1
"LMO3",0.0003930739221164,-1.54770488912166,0.089,0.193,1
"PCDH10",0.000394660986532566,-1.4632884013329,0.028,0.109,1
"CDH6",0.000395014069688407,-2.54886507074393,0.016,0.084,1
"TMEM258",0.000397593184281787,0.24416339588569,0.972,0.961,1
"LINC00706",0.000397879517243559,-2.57942947816096,0.004,0.06,1
"H1-2",0.000400642663465586,-0.447242794070223,0.508,0.649,1
"TXNIP",0.000404771506346318,0.309643644234646,0.96,0.919,1
"RPS23",0.000404852838935463,0.263088735395742,0.923,0.902,1
"ROBO2",0.000409645414440857,-2.49728410823231,0.012,0.077,1
"HCP5",0.000409963595052904,-0.919686670867631,0.109,0.228,1
"ZMYM5",0.000411477541706165,-0.588205827558532,0.153,0.288,1
"CILP",0.000411887418051767,-3.17570461911874,0,0.049,1
"S1PR2",0.000411887418051767,-3.06253297239176,0,0.049,1
"ZEB1",0.000411887418051767,-4.01086309646325,0,0.049,1
"CACHD1",0.000413353073254092,-0.795365867561822,0.149,0.281,1
"PHC2",0.000414268651658289,-0.500123808557629,0.335,0.488,1
"NBAS",0.000415012698615273,-0.743120106441733,0.25,0.393,1
"CREB3L1",0.000418274219377359,3.14154812990285,0.052,0.004,1
"ZNF217",0.000427034946301355,-0.79860561722346,0.214,0.358,1
"ROMO1",0.000430265126923584,0.447871215566246,0.698,0.653,1
"ODAD1",0.000433547155767904,0.257169456896005,0.952,0.94,1
"CCPG1",0.000440386717000455,-1.08777571402712,0.113,0.232,1
"ZNF813",0.000442561114241132,-1.27463000154765,0.044,0.133,1
"NCEH1",0.0004460517772503,-0.770812473392321,0.246,0.382,1
"RHOB",0.000449879188572999,0.720612085426382,0.839,0.789,1
"LINC02166",0.000450285236305022,0.45002090032885,0.661,0.589,1
"RIIAD1",0.000451076786691997,0.407019498976553,0.827,0.782,1
"GMPR2",0.000451423249643104,-0.465713402393938,0.536,0.677,1
"PYGB",0.000451495673457901,-0.942208840985095,0.113,0.235,1
"SARAF",0.000465364052553811,-0.183439373032605,0.952,0.982,1
"RNF167",0.000466303117643011,0.360617573954304,0.778,0.74,1
"ENSG00000260136",0.000466347916260976,-0.731378525450559,0.149,0.288,1
"CYFIP1",0.000467291496867164,-0.326319134743441,0.415,0.589,1
"NDUFC1",0.000474358334497618,0.215930823659564,0.972,0.979,1
"PPP4R3A",0.000486013597200818,-0.33147856306616,0.734,0.835,1
"YPEL5",0.000487277626613824,-0.304089381889223,0.827,0.902,1
"UCK2",0.000488988951042068,1.34180988305022,0.214,0.112,1
"LINC00332",0.000490185651027041,1.17608126024888,0.161,0.067,1
"P2RY6",0.000497065186827333,2.06113632001825,0.06,0.007,1
"ELP4",0.000497200660726179,-1.00627763832947,0.161,0.291,1
"KTN1",0.000497454489650391,-0.224722045131025,0.984,0.993,1
"LRRC1",0.000503181693955857,-0.570234310300604,0.258,0.418,1
"ENSG00000286332",0.000503986982903006,2.10442133456533,0.06,0.007,1
"MX2",0.000505620952274263,-1.84752729069867,0.016,0.084,1
"LEPROT",0.000505942017380189,-0.385271185578603,0.806,0.867,1
"ENSG00000270792",0.000506857820320918,-0.663683949916437,0.198,0.337,1
"LRRC4",0.00050994721575462,-1.39314660112318,0.052,0.144,1
"SLFN11",0.000510806542335185,-1.10669292888679,0.109,0.225,1
"NACA",0.000519910469854869,0.24297382113478,0.923,0.919,1
"SUPT7L",0.000520843860901049,0.495453692270335,0.565,0.467,1
"TMEM165",0.000522370796476151,-0.62323722877929,0.532,0.635,1
"RPL13A",0.000522612841203208,0.212241444436501,0.972,0.982,1
"MAP1LC3B2",0.000522772639217364,-2.5255678618451,0.008,0.067,1
"KLF12",0.000524756289661498,-0.852393632392207,0.141,0.27,1
"SH3BP5-AS1",0.000526664994403161,-1.73145590890217,0.028,0.105,1
"MADD",0.000530422182949135,-1.57585006549946,0.036,0.119,1
"PFN1",0.000532479531554184,0.25238011109207,0.96,0.972,1
"JUND",0.00053533248489155,0.268440323533452,0.972,0.972,1
"ENSG00000287561",0.000546026903453285,-2.57907177801071,0.008,0.067,1
"TBC1D5",0.000556427887112999,-0.470388171607273,0.423,0.568,1
"SGPL1",0.000564132602204722,-0.187089119465721,0.492,0.639,1
"C1orf21",0.000566722437202165,-2.02060700987453,0.008,0.067,1
"CKS1B",0.000568611368596586,0.961632409410538,0.351,0.249,1
"SMOC1",0.000569529671401623,0.645160248609273,0.532,0.421,1
"MT-ATP6",0.000573047639516266,0.100037350780515,0.996,0.996,1
"SNX29",0.000587219940151261,-0.407617388258309,0.484,0.635,1
"CANX",0.000591785602993666,-0.206645003432834,0.964,0.982,1
"MACC1",0.000593864622656611,-1.12044311536822,0.157,0.281,1
"IKBKG",0.00059559647059078,-0.573576372694066,0.161,0.295,1
"RPS9",0.000623172255907031,0.400966588832959,0.758,0.698,1
"ARGLU1",0.000628452088271459,-0.338701712195583,0.79,0.863,1
"CXCL14",0.000631718358411414,3.51468991935651,0.04,0,1
"MAP3K2-DT",0.000632050007065942,-0.841100951287373,0.093,0.196,1
"PNKD",0.000639518918013379,-0.289418552862445,0.69,0.832,1
"ARFGAP1",0.000647569012013612,-1.05287004565313,0.052,0.144,1
"ENSG00000273486",0.000651031294468841,-2.18010708177781,0.012,0.074,1
"FAM20A",0.000672476075781535,-3.3640640038056,0,0.046,1
"GOLGA8R",0.000672476075781535,-2.73644610633461,0,0.046,1
"EIF3L",0.000680973644690532,-2.23122705780627,0.004,0.056,1
"LONRF2",0.000682322283745873,-0.836115109470028,0.202,0.337,1
"ECRG4",0.000684207898263687,-1.26534186457879,0.044,0.13,1
"RLF",0.000687872417815317,-0.903833799933065,0.198,0.333,1
"ZMIZ1",0.000690082710468152,-0.870057062518563,0.129,0.249,1
"KIAA0232",0.000694017746951659,-0.348769143242447,0.617,0.765,1
"ITGB1BP1",0.000705141828473455,-0.575454429936948,0.359,0.498,1
"TCF7",0.000706447428692845,0.468513951742689,0.847,0.86,1
"C9orf152",0.000711099974363515,1.56463930371454,0.145,0.06,1
"GAS7",0.000713697338422525,1.03305437177526,0.27,0.158,1
"MRPL40",0.000714139127056247,0.494413340402035,0.657,0.593,1
"CLU",0.000715039379632154,-0.23494397191831,0.935,0.951,1
"UBE2D4",0.00071953025022464,-0.669773309086211,0.202,0.34,1
"CBX4",0.000724697756442377,-0.658135295773484,0.19,0.333,1
"SGO1-AS1",0.000726362273580939,-1.4331418229991,0.016,0.081,1
"GLUD1",0.000730926578387985,-0.394904079111193,0.593,0.737,1
"UGGT2",0.000735978125761648,-0.863390162681927,0.206,0.34,1
"PNPLA8",0.000757793427785063,-0.490137258810263,0.448,0.618,1
"ANKRD44-AS1",0.00075986251446172,0.253941839691052,0.895,0.839,1
"GARIN2",0.000768179974588623,-0.683881515015944,0.238,0.379,1
"PSMD12",0.000769470734853942,-0.510945059954702,0.379,0.53,1
"GSTM4",0.000772306981228446,1.1144369590577,0.218,0.116,1
"POLR2L",0.000774734751993359,0.446440022485833,0.649,0.558,1
"MYO5A",0.000780661906054032,-1.29118055201373,0.077,0.175,1
"ADCY9",0.000781297893884425,-0.783173753546062,0.218,0.354,1
"ENSG00000262049",0.000784070460609942,3.05544512816228,0.048,0.004,1
"PKP2",0.000784935234687907,-0.336780329233824,0.714,0.807,1
"GPM6A",0.000796460486662457,-1.43388188881699,0.06,0.151,1
"SNAPC1",0.000799044829715721,-0.628446306907509,0.274,0.418,1
"KIAA0895",0.000822521645545857,-0.77282207594764,0.206,0.344,1
"MFGE8",0.000831300924218054,-2.34668295100286,0.008,0.063,1
"DEAF1",0.000832932081295893,-0.743931928087878,0.121,0.242,1
"MYCT1",0.000836669593729781,-0.599759458102685,0.081,0.186,1
"LINC01913",0.000839218377515047,-1.4771261814285,0.028,0.102,1
"ID1",0.000842120144399516,-0.667904093609608,0.278,0.404,1
"SRGAP2B",0.000851801498176416,-0.648188869201874,0.234,0.368,1
"RRM2B",0.000851892549321933,-0.325013068982763,0.879,0.895,1
"CFL1",0.000852180077748248,0.227029866240703,0.976,0.972,1
"UBE2W",0.000853168371285562,-0.457041997776254,0.29,0.446,1
"PPARGC1A",0.000853701499649349,-1.17397792531015,0.052,0.14,1
"C2orf42",0.000855142820607973,-0.892774077552592,0.113,0.228,1
"KCNK1",0.000865557244762788,-0.431984565358073,0.431,0.596,1
"ENSG00000233451",0.000869848136267083,-1.3692827616448,0.02,0.088,1
"RPL22",0.00088297384874512,0.237211167769475,0.96,0.93,1
"SGSH",0.000890052236549213,-1.18249557811662,0.044,0.13,1
"BEX4",0.000896934678966745,-0.668365232411547,0.129,0.253,1
"SIK2",0.000901126626224727,-0.6283517024941,0.298,0.442,1
"UCP2",0.000905511523619622,0.286029580578245,0.98,0.968,1
"INPP4B",0.000915301842515592,-0.725106438744376,0.327,0.467,1
"VDR",0.000917835604748725,-0.542751622284477,0.319,0.463,1
"RALGAPA2",0.000918783573611538,-0.38488673815678,0.633,0.74,1
"PPP2R5C",0.000931663141499064,0.338040845140806,0.931,0.912,1
"OXR1",0.000931923603591333,-0.754886268335842,0.75,0.825,1
"NRP1",0.000933119733181851,-0.266890534712358,0.363,0.547,1
"ANXA5",0.000937184344492572,0.189376050688052,0.988,0.993,1
"TPM1",0.00093809218474043,0.445838858527271,0.661,0.565,1
"EFNA5",0.000940915760632975,-1.29421283376474,0.052,0.14,1
"NECTIN2",0.000944603870207295,-0.333379151121432,0.254,0.418,1
"DIPK1A",0.000952710933581326,-0.648265023178331,0.23,0.368,1
"RND3",0.000954495534081416,-1.10541223986312,0.149,0.256,1
"ISG20",0.000955021293681409,-0.588683712993944,0.331,0.481,1
"BANF1",0.000956620200166147,0.298586919446657,0.96,0.947,1
"ZDHHC21",0.000957918689491957,-0.600645633488697,0.137,0.263,1
"ZNF738",0.000973192091337943,-0.671381812850607,0.117,0.228,1
"POLR2I",0.000978720984796596,0.415642299057955,0.806,0.765,1
"SEC11C",0.000997276459250879,-0.446978162870786,0.649,0.754,1
"SLC40A1",0.00100186318593475,-0.2089735313955,0.581,0.719,1
"WIPF3",0.00100686817132776,1.20605472527715,0.262,0.154,1
"NUAK2",0.00101919617200999,-0.60794785964686,0.23,0.375,1
"CPQ",0.00103974641499841,-0.906187093698159,0.222,0.351,1
"GTF2H5",0.00104230274731669,0.393259919721309,0.714,0.667,1
"LINC03026",0.00104638028441573,-0.428950654684458,0.19,0.323,1
"ZC3H12C",0.00104948414499371,-1.01543282287743,0.077,0.175,1
"PLAC8",0.00105122658947787,0.61031977121043,0.694,0.642,1
"PPOX",0.00105212743960722,0.569869264461622,0.605,0.561,1
"LDB1",0.00105887846631575,-0.9220162251524,0.117,0.228,1
"RAMACL",0.00106668022728182,-2.75027823801593,0.004,0.053,1
"EDEM3",0.00107696677795771,-0.651911449765715,0.27,0.414,1
"RBBP4",0.00108746884406143,-0.312508535007307,0.569,0.709,1
"CRY1",0.0010881292155084,0.465369786544227,0.69,0.618,1
"ENSG00000290937",0.0010985812886721,-3.05260590768219,0,0.042,1
"PKDCC",0.0010985812886721,-3.04433152162227,0,0.042,1
"CAPZA2",0.00110265612335471,-0.400566066145471,0.702,0.814,1
"NAA60",0.00112753617577983,0.771914296664284,0.391,0.277,1
"SMIM20",0.00114619154845778,0.77691150267012,0.431,0.326,1
"SBF2",0.00114710730814927,-0.72318901863348,0.238,0.382,1
"HNRNPR",0.00116284091650857,-0.271066527029799,0.746,0.825,1
"RAPGEF3",0.0011705994415789,-0.591245927275252,0.133,0.256,1
"MYL12A",0.00117085374155648,0.217280093864402,0.968,0.982,1
"HSPBAP1",0.00117165459695302,-0.36223386118197,0.169,0.312,1
"ARL17A",0.00117496969212959,-1.22608706044332,0.04,0.119,1
"ENSG00000288632",0.00117510353114373,-0.491520937086277,0.097,0.204,1
"DSCAML1",0.00119583340570491,-0.870992779870128,0.242,0.389,1
"FOXA2",0.00119918503105254,0.357663423210138,0.742,0.628,1
"RAB32",0.00119927656384639,3.03653509674332,0.036,0,1
"TUBB8",0.00122633101912036,-1.41948096498577,0.032,0.105,1
"GUCY1A1",0.00122948474148564,1.53919621480831,0.149,0.067,1
"TUSC3",0.0012340629684143,-0.291941681735696,0.835,0.912,1
"FAF2",0.00123882289182303,-0.458854993184624,0.323,0.474,1
"DNAJB13",0.00125402566798355,0.268542381398202,0.935,0.912,1
"BTBD3",0.0012777546607915,-0.575070197272973,0.423,0.558,1
"ITSN2",0.00127856811781254,-0.298178638288967,0.593,0.719,1
"VPS13C",0.00128824160467213,-0.430718481709687,0.645,0.765,1
"ENSG00000290689",0.00129577874336037,-0.501769306138275,0.544,0.663,1
"IFITM1",0.0012993508215925,-1.42997548089323,0.02,0.084,1
"C19orf33",0.00130474149017147,-1.4645586617277,0.024,0.091,1
"SPPL2A",0.00130522690829641,-0.287519263381583,0.742,0.825,1
"RPL28",0.00130741720431114,0.444021035082935,0.794,0.804,1
"PLA2G4A",0.00130871861847852,-0.557104585647758,0.472,0.582,1
"TMEM54",0.00131094726459684,1.66482492910161,0.121,0.046,1
"ENSG00000288075",0.00131793997102118,-1.06291873041592,0.121,0.232,1
"ENSG00000231533",0.00131949964501175,-0.837473374498474,0.226,0.347,1
"RBBP6",0.0013204194258556,-0.351949013238552,0.665,0.811,1
"RPL35A",0.00132730759433014,0.274626483397089,0.96,0.937,1
"DST",0.00132910359120122,-0.470714903645352,0.411,0.558,1
"DNER",0.00133142452330107,-0.877184201779565,0.185,0.302,1
"HSF2",0.00133727651124069,-0.653413437407459,0.23,0.368,1
"SASH1",0.0013519381672546,-0.397038746089917,0.722,0.856,1
"BCAS4",0.00135277699706967,-2.26114333035542,0.008,0.06,1
"BICRAL",0.00135294688456224,-0.726878066448322,0.153,0.281,1
"ZC3H15",0.00135510335417904,-0.29012415034902,0.617,0.765,1
"ENSG00000290948",0.00136017176173334,-1.21954796209547,0.052,0.137,1
"HMGN5",0.00136708964028463,1.03924187621332,0.351,0.239,1
"LRFN3",0.00136936883906143,-2.49259776104446,0.008,0.06,1
"GRAMD1C",0.00137121109126979,-0.357046114299736,0.71,0.779,1
"HTRA1",0.00139427130755271,1.7673608626338,0.093,0.028,1
"SNRK",0.00141700363641208,-0.642793891820385,0.206,0.34,1
"PLPP3",0.00142219492601516,-0.959962478937437,0.036,0.112,1
"LRBA",0.00142493696068261,-0.348201661804186,0.786,0.87,1
"PTPRM",0.00143996083423259,-0.533417267254576,0.512,0.66,1
"KATNAL2",0.00145320495528323,-0.723799144654455,0.335,0.481,1
"UBE3A",0.00147001803803794,-0.282621891192374,0.71,0.846,1
"HACD4",0.00147379728995999,0.516436384824789,0.597,0.495,1
"PRRG4",0.00147474465094898,-0.356152033810281,0.778,0.856,1
"ATRAID",0.00148643983030181,0.318473426550273,0.895,0.874,1
"PAK1IP1",0.00151017132296371,-0.743037597404333,0.137,0.256,1
"ECHDC1",0.00151251920053187,-0.575669040496776,0.294,0.442,1
"EPS8",0.00151458112838337,-0.333920017042579,0.641,0.789,1
"DPY19L2",0.00151606493915887,-0.63423363264145,0.081,0.175,1
"RHPN2",0.00152489682160527,-0.340581944409029,0.75,0.842,1
"IFNGR1",0.00152797451025994,-0.371165912678538,0.48,0.639,1
"KCNMA1",0.0015283833289325,-0.674777147084753,0.113,0.221,1
"BORCS7",0.00153843231625627,0.331400609531246,0.774,0.681,1
"TSC22D2",0.00154700466329945,-1.06436068572592,0.097,0.196,1
"TMEM243",0.00155302284197054,-0.576418182458369,0.294,0.432,1
"ENSG00000291130",0.00155564818806546,-0.494362500507617,0.391,0.537,1
"ENSG00000290784",0.00156904902881789,-2.0751576815185,0.012,0.067,1
"GPN3",0.00157372396106506,-0.621734374608514,0.242,0.382,1
"TMBIM4",0.00161313861637276,0.470892779904363,0.649,0.575,1
"CCDC54-AS1",0.0016359591152513,-1.67831746101374,0.048,0.126,1
"ZBTB16",0.00163912802163494,-0.479523082009464,0.202,0.323,1
"HLA-DRB1",0.00164077511127709,-0.265867022713695,0.645,0.772,1
"YWHAH",0.00164820047192535,0.290156301103548,0.907,0.898,1
"KIAA0930",0.00166114580955984,-0.330156683271013,0.137,0.246,1
"ELF1",0.00166410823565183,-0.404630826777243,0.573,0.691,1
"CYTH3",0.00166881168912316,-2.1103650378407,0.012,0.067,1
"GPAM",0.00168461072332727,-1.14670151088033,0.036,0.109,1
"ENSG00000285677",0.00169209704425107,-1.30998844832658,0.04,0.116,1
"WDR86-AS1",0.0017052268899478,0.327776199352676,0.944,0.919,1
"LMBRD1",0.00171280558168456,-0.316199618117394,0.734,0.796,1
"C4orf19",0.00172292157854256,-0.498421475551668,0.427,0.554,1
"RAD23B",0.00172532704191636,-0.326988734861308,0.758,0.863,1
"ZNF385D",0.00172812736822358,-2.53317910615392,0.004,0.049,1
"ATP13A3-DT",0.00173975249423087,-2.43911853681989,0.004,0.049,1
"ENSG00000231769",0.0017480081579727,0.624499448918198,0.282,0.168,1
"CREB3L2",0.001749277554231,-0.227594752418756,0.137,0.267,1
"CALN1",0.00175144948952716,-2.32727626397754,0.004,0.049,1
"ENSG00000284762",0.00177343806481952,-1.45092890979664,0.032,0.102,1
"BAHCC1",0.0017750606847735,-2.149297351898,0.004,0.049,1
"HERC4",0.00178111542599964,-0.51572078154672,0.294,0.425,1
"EMP1",0.00178697568787847,-1.93808963084091,0.004,0.049,1
"LAIR1",0.00179640210174841,-2.68120605632425,0,0.039,1
"ROBO1",0.00179640210174841,-3.16096026890226,0,0.039,1
"LINC02875",0.00179640210174841,-2.77706667649388,0,0.039,1
"CTAGE9",0.00179896416659648,-1.71004826144506,0.004,0.049,1
"LINC00958",0.00180746753540324,1.03582488667008,0.258,0.158,1
"ZNF512",0.00181760284825163,-0.712227183312389,0.101,0.204,1
"DACT2",0.00183451856792007,-1.33647673777482,0.012,0.067,1
"ENSG00000290357",0.00184237400205943,-1.26669397907494,0.052,0.133,1
"NXF3",0.00184599732670958,1.2782473880669,0.177,0.091,1
"PPARD",0.00186089026391274,-1.02832089805711,0.073,0.165,1
"DIAPH1",0.00188106262472582,-0.324422414259858,0.609,0.709,1
"MCAT",0.00190499349757086,-0.557340820371332,0.23,0.368,1
"TRPC4AP",0.0019088232446312,-0.466309620195858,0.246,0.389,1
"APOL1",0.00193276124481782,-0.373563852630669,0.677,0.793,1
"TTLL3",0.00193741909390819,-0.992328971064911,0.056,0.14,1
"KIF3A",0.00194421837894341,-0.280438759095787,0.726,0.849,1
"MPP7",0.00194923834010234,-0.634438174935075,0.262,0.396,1
"KANK2",0.0019519088992235,-1.45593816232062,0.016,0.074,1
"SPAST",0.00195317701694692,-0.687707640956476,0.109,0.214,1
"GLYR1",0.00195378148242248,-0.28832695678576,0.815,0.881,1
"GSE1",0.00196496251593078,-0.457478022667659,0.444,0.589,1
"PCDH7",0.00196981910156183,-0.239283967367912,0.903,0.951,1
"GBP2",0.00197958339860647,-0.62119114880658,0.137,0.249,1
"ABCB11",0.00198746838029087,-0.794460612251558,0.06,0.144,1
"YTHDF1",0.00198932754244528,-0.405887124689205,0.399,0.533,1
"A1BG-AS1",0.00199378558399055,-1.02379213670821,0.141,0.242,1
"RPSA",0.00199734667390882,0.49253147493426,0.71,0.642,1
"GDAP1",0.00200661497683315,-0.852320337638073,0.165,0.277,1
"ALYREF",0.00200683059666637,-0.567683733348595,0.23,0.365,1
"TSPYL5",0.00201441311105258,-1.39649674684708,0.048,0.126,1
"ADI1",0.00201462425067683,0.662702710801645,0.496,0.407,1
"ATP2A2",0.00201501364621824,0.201242057233912,0.972,0.975,1
"LMBR1",0.00203299851010228,-0.419396045518042,0.613,0.73,1
"MUC15",0.00203350205850463,-0.304790633559122,0.653,0.747,1
"SIL1",0.00203909825242564,-0.932930058362431,0.129,0.242,1
"IGF1R",0.00204302816743054,-0.488569039381883,0.774,0.835,1
"PRAF2",0.00204416981295406,-0.771109372030531,0.105,0.211,1
"PRKAB2",0.00205267515325728,1.99445296500278,0.089,0.028,1
"KMT2A",0.00205430985276666,-0.480441943821856,0.427,0.575,1
"PORCN",0.00205713126080633,0.848767423508255,0.185,0.095,1
"PSME2",0.00206727272950512,-0.297268650106208,0.262,0.396,1
"SLC38A2",0.00207356232472774,-0.544445047756172,0.262,0.393,1
"KCTD9",0.00207522825819291,-0.694520017375074,0.206,0.33,1
"CCDC71L",0.0020951108892302,-0.778930654868129,0.141,0.253,1
"SMC5",0.00209692573368995,-0.521230062917563,0.44,0.579,1
"TCIM",0.00209880641031158,-1.81076904749531,0.04,0.112,1
"EIF3F",0.00211928756061418,0.497292943364018,0.653,0.593,1
"F11R",0.00213641857304056,0.400069023049812,0.766,0.709,1
"HOXB2",0.00214016463526231,0.345978676196478,0.891,0.825,1
"TEKT4P2",0.00214238193003352,-0.793911757325202,0.016,0.074,1
"MSRB2",0.00215319185235247,0.890500716207381,0.347,0.249,1
"FAIM",0.00217261505542468,-0.236923291412023,0.911,0.933,1
"GOLT1B",0.00219253686691056,-0.561484988594169,0.129,0.239,1
"ENSG00000237525",0.00219715895885953,-2.34525995016535,0.008,0.056,1
"TBL1XR1",0.00221367472511423,-0.328825747367717,0.548,0.691,1
"ACTR10",0.00222008248951286,0.353695959958815,0.706,0.635,1
"MORF4L2",0.00222939994687158,0.261009773323013,0.968,0.982,1
"ADCY7",0.00223716864441572,-2.1325495916015,0.008,0.056,1
"CCDC181",0.0022504811017322,-0.418569589234488,0.649,0.761,1
"ZFP36",0.00225221048108088,0.580300715571905,0.879,0.867,1
"LINC02388",0.00226160885616749,1.84107204858154,0.109,0.042,1
"SPOPL-DT",0.00227784491750098,-2.04837502466035,0.008,0.056,1
"GASK1B",0.00228247538986181,3.47799250748555,0.032,0,1
"TFAP2A",0.00228247538986181,3.21789273800254,0.032,0,1
"WBP1L",0.00230236768614415,-0.64301481944158,0.27,0.396,1
"FAM3C",0.00230593607490171,-0.36559994304692,0.669,0.761,1
"GPX3",0.00231634805624718,1.25355642704637,0.399,0.291,1
"LIPH",0.00231919767559246,-1.85169227306036,0.008,0.056,1
"RPS19",0.00233971226374266,0.358968511538511,0.81,0.818,1
"FHIT",0.00233982010598984,-0.975953197311955,0.19,0.302,1
"AUTS2",0.00235992762411652,-0.653278952042589,0.298,0.421,1
"ENSG00000248399",0.00237540433686317,-1.70128948114988,0.008,0.056,1
"RPL10",0.00239163425639581,0.383964356853071,0.79,0.758,1
"STEAP1B",0.00239225171884417,-0.287335508666926,0.71,0.782,1
"DCAF1",0.00239362215362799,-0.732691169787308,0.177,0.295,1
"MAGEF1",0.00239483000029053,-0.351088913782795,0.44,0.593,1
"RPL15",0.00240094648421243,0.241392979276702,0.98,0.982,1
"ENSG00000226281",0.00240719068130087,-0.892715313952762,0.081,0.172,1
"ICOSLG",0.00240918188178136,-1.07583558773536,0.056,0.137,1
"CEMIP2",0.00245751248432201,-0.655989170682089,0.274,0.404,1
"PON2",0.0024637185370581,-0.365769622547521,0.565,0.663,1
"RPRD1A",0.00246824911126366,-0.472313627718702,0.218,0.358,1
"IFTAP",0.00247150271289914,0.33735224027628,0.855,0.814,1
"AVIL",0.00249275653215396,-0.582912785977629,0.202,0.316,1
"TMED4",0.00249417199118352,-0.313333960511821,0.738,0.832,1
"RNF146",0.0024951941468236,-0.582277654597284,0.258,0.379,1
"MAGT1",0.00249864337546896,-0.685414740914211,0.137,0.246,1
"FBXO42",0.00250105785867027,-0.851424901392014,0.141,0.253,1
"PDGFA",0.00251334895049414,-0.637283595872334,0.202,0.326,1
"CDK2",0.00251744091738516,-0.877810166355372,0.081,0.172,1
"FAM86DP",0.00252413650763897,-0.577297360735273,0.113,0.221,1
"ENSG00000289261",0.00253908904294402,-2.22831125700579,0.016,0.07,1
"COTL1",0.0025417143007172,2.19689374881017,0.056,0.011,1
"TOX-DT",0.00254293090878243,-1.45948123295467,0.052,0.13,1
"ADGRE5",0.0025603889217768,-0.906261907852807,0.185,0.291,1
"ABHD14A",0.00257480934163936,1.00575131084181,0.266,0.168,1
"SPA17",0.0026080104099214,0.246105486741009,0.968,0.961,1
"ENSG00000272742",0.0026126212087416,1.53880519285677,0.177,0.098,1
"PPP1CB-DT",0.00263693526450602,-0.972748167682791,0.077,0.165,1
"INTS1",0.00265029382495118,1.13529510261257,0.19,0.105,1
"DPY30",0.00266228545359777,0.183146067496683,0.984,0.979,1
"CDK17",0.00268085494992124,-0.477331480822442,0.282,0.435,1
"LINC01226",0.00268987057402992,-3.2253692910438,0.004,0.046,1
"PSENEN",0.00269210063391552,0.203451299005335,0.98,0.993,1
"RPL8",0.00269325280630406,0.376195898970242,0.891,0.853,1
"ENSG00000251393",0.00270303736904536,2.31888623842093,0.069,0.018,1
"HMGN3",0.0027095846566807,0.20459191184371,0.984,0.986,1
"SPEF2",0.00271937774376887,0.177955742797833,0.972,0.972,1
"CCDC144BP",0.0027458966482746,-1.04648458166176,0.036,0.105,1
"ENSG00000203472",0.00274864279054783,-1.62577315047985,0.012,0.063,1
"LINC00997",0.00274864279054783,-1.45885718395732,0.012,0.063,1
"LINC01128",0.00275036744912794,-0.862158704436304,0.056,0.137,1
"FGFR2",0.00275947698089399,-0.491127815046675,0.222,0.344,1
"SLIT2",0.00276823346127324,-0.461710421329678,0.246,0.372,1
"PICK1",0.00277013535429568,-1.30734110058322,0.032,0.098,1
"SAA2-SAA4",0.00277188205967293,-1.51021535087392,0.016,0.07,1
"ENSG00000249679",0.00278115640996335,-2.37616160599263,0.004,0.046,1
"RAB24",0.00279730191242056,3.13702764551878,0.04,0.004,1
"OXSR1",0.002803937074493,-0.549287763036384,0.254,0.379,1
"PLPP2",0.00280775068854474,-0.498815380132068,0.435,0.554,1
"LINC02958",0.00281498758806067,-0.77795909521925,0.306,0.425,1
"CD36",0.00281833738136639,3.14433887177443,0.04,0.004,1
"MARCKS",0.00282540228296383,0.653208150796778,0.56,0.477,1
"NUP50",0.0028299708662004,-0.367001447825822,0.641,0.747,1
"ENSG00000226622",0.00283140550605602,-1.76080954473771,0.02,0.077,1
"ENSG00000288765",0.00283951720519298,2.77876810407986,0.04,0.004,1
"SLC20A1",0.0028455540711381,-0.407380482116174,0.298,0.439,1
"LEFTY1",0.00284984240722433,1.62674655944573,0.093,0.032,1
"TMEM17",0.0028516692468811,-0.449830170983478,0.306,0.453,1
"GPCPD1",0.00285744997631937,-0.435565463549417,0.367,0.516,1
"IFITM3",0.00285996462047774,-0.121571326880388,0.859,0.874,1
"PDE8A",0.00288283626990362,-0.760654228177006,0.089,0.179,1
"SAA1",0.00291283326096159,-1.6380930234778,0.081,0.165,1
"ENSG00000286546",0.00291785999896153,-1.34501757623125,0.056,0.133,1
"CFAP99",0.00292035115421259,-0.755919301026466,0.105,0.2,1
"ARHGEF10L",0.00292906691102419,-1.53696606750959,0.02,0.077,1
"LINC01684",0.00292906691102419,-1.59061864625089,0.02,0.077,1
"FLRT2",0.00294164511537928,-3.05699050087193,0,0.035,1
"MYH3",0.00294164511537928,-2.77981456924096,0,0.035,1
"PBX3",0.00294164511537928,-3.20057666173149,0,0.035,1
"PDE10A",0.00294164511537928,-2.87831282225126,0,0.035,1
"ZIK1",0.00294164511537928,-2.72785040109683,0,0.035,1
"HIPK3",0.00295384871806274,-0.302914989961122,0.891,0.933,1
"IRS2",0.00296514197375735,-0.204662918710095,0.556,0.705,1
"NLK",0.00297084548350299,-0.499005940308033,0.294,0.425,1
"TEAD1",0.00298175861722306,-0.239270238984326,0.798,0.874,1
"PIFO",0.00298214031522191,0.174861220194201,0.988,0.993,1
"SYMPK",0.00300447318484108,-0.7576799293202,0.121,0.221,1
"IQCG",0.0030117350746529,0.235791855026619,0.956,0.972,1
"MAK",0.0030132602998698,-0.21158035760685,0.508,0.656,1
"PIK3C3",0.0030220406368263,-0.585999126216362,0.29,0.425,1
"NBPF9",0.00305705337588384,1.46244542374625,0.161,0.084,1
"TOB1",0.0030660968756692,-0.318371703795565,0.726,0.786,1
"SLC31A2",0.00306722507546233,-0.346617740544212,0.794,0.863,1
"ENSG00000291113",0.00306864463868984,0.346353463948164,0.706,0.628,1
"VPS37A",0.00306969309609451,-0.352600791073516,0.25,0.389,1
"ATP11A",0.00307889538878867,-0.736297660394107,0.169,0.284,1
"SYNE3",0.00310126082881658,-0.807029015940623,0.153,0.26,1
"LINC00963",0.00310155630940195,-0.455486224581945,0.56,0.649,1
"LUC7L3",0.00311366674400249,-0.269297323556072,0.843,0.891,1
"MARVELD3",0.00312744587457127,-0.718780192333501,0.198,0.312,1
"NQO1",0.00314661159071457,0.328009771960332,0.782,0.712,1
"ICAM1",0.0031584066480928,-1.11639198523148,0.044,0.116,1
"SMAD6",0.00317898375433283,-0.88755925971242,0.036,0.105,1
"CES2",0.00317919389776838,0.388461551826658,0.746,0.709,1
"TXNRD1",0.00318775023887907,-0.300313903572884,0.637,0.761,1
"ADA2",0.00318880376384255,0.47741826393254,0.702,0.646,1
"ENSG00000277978",0.00319434558401984,-1.11645234597719,0.024,0.084,1
"NTN4",0.00320154341422812,-0.245356030445019,0.698,0.793,1
"MYSM1",0.00322385954233253,-0.436435995961817,0.198,0.319,1
"HMGB3",0.00322714360313279,-0.463325848836399,0.464,0.589,1
"CTTNBP2NL",0.00323145078733977,-0.637477184180226,0.181,0.295,1
"GSAP",0.00323374930668109,-0.536035495138041,0.335,0.467,1
"LPGAT1",0.00323473366203235,-0.240282335905659,0.488,0.66,1
"FAM81B",0.00323723134571047,0.210510713294806,0.964,0.965,1
"OSBPL3",0.00326745773999766,-0.340079344648519,0.573,0.705,1
"MORN5",0.00327309102320079,0.327436033517384,0.831,0.832,1
"BAIAP2L1",0.00327559761899262,-0.497682702488584,0.327,0.46,1
"LRWD1",0.00328780486499175,0.430157595222756,0.75,0.698,1
"OSGIN2",0.00332801947546426,-0.681445107174173,0.218,0.333,1
"IRAG1-AS1",0.00333326212213838,-0.655759358454236,0.081,0.172,1
"LINC01091",0.00334594512212513,0.189691861133789,0.855,0.807,1
"ADPRS",0.00335430345229736,0.501259259760665,0.641,0.554,1
"ETFBKMT",0.00336188130879282,-0.38963116790297,0.363,0.519,1
"CD99L2",0.00336243784999849,-0.601847835354817,0.222,0.34,1
"ACTG2",0.00338339975019165,-1.00581582742593,0.02,0.077,1
"NCOA7",0.00345306873059406,-0.403142188342742,0.359,0.474,1
"SPECC1",0.00347755818350751,-1.01136311091302,0.109,0.2,1
"SMAGP",0.00356142901845336,-2.01730040577699,0.008,0.053,1
"ATP6V1A",0.00356235657284906,-0.233630752359833,0.742,0.853,1
"CHMP1B",0.00356709131798872,-0.413809407604371,0.573,0.684,1
"RPS21",0.00357641751139532,0.277123780190605,0.891,0.884,1
"SLC30A1",0.00360254188155727,-0.388494410094766,0.492,0.611,1
"MATR3",0.00360620810167784,-0.227028962188836,0.907,0.94,1
"LINC01480",0.00362115571987663,-0.304263607625365,0.685,0.761,1
"COX20",0.00363809775502936,0.396905910643531,0.637,0.54,1
"DENND5A",0.00365764043761937,-0.892157332923941,0.113,0.211,1
"SRRT",0.00366802312437019,-0.434291895489986,0.411,0.554,1
"CRISP2",0.0036896847169193,-0.724918299489578,0.089,0.179,1
"ENSG00000249049",0.00369208758043207,-0.88432022640979,0.121,0.218,1
"DLX5",0.00369760144141317,0.281931542807479,0.847,0.828,1
"ANXA4",0.0037072410942546,0.327015027988196,0.935,0.909,1
"ENSG00000266538",0.00375288738772267,1.93715864025039,0.06,0.014,1
"UBN2",0.00376073996454549,-0.449229884029889,0.411,0.551,1
"FSTL1",0.00376897931247761,0.547503730373072,0.73,0.709,1
"PLTP",0.00377207079839693,0.658413470271875,0.714,0.663,1
"HPYR1",0.00378922282231919,-1.28955462789205,0.036,0.102,1
"COL14A1",0.00380843085937209,-0.615501993138079,0.194,0.305,1
"LRP2BP",0.00381546670180598,0.503913563208528,0.613,0.547,1
"VPS13B",0.00386249830508721,-0.559083319829756,0.27,0.382,1
"IGF2BP3",0.0038715654631907,-0.253983458641435,0.363,0.502,1
"ZNF148",0.00389289292040666,-0.475492737017334,0.302,0.425,1
"STX8",0.00389354493350307,0.567285738840891,0.411,0.302,1
"LGALS8",0.00389566856382081,-0.336719004508642,0.472,0.596,1
"NWD1",0.0039186625802653,0.24919405282657,0.919,0.902,1
"AIP",0.00392704140954073,0.978598848295473,0.177,0.095,1
"ATOH8",0.00393358190583193,-1.45189085704926,0.044,0.112,1
"GRIN3B",0.0039576184216833,-0.64470946353711,0.129,0.239,1
"PPDPF",0.00396100822580112,-0.38352847386676,0.738,0.786,1
"MRPL18",0.00397022433730957,0.224377192827981,0.815,0.793,1
"BMERB1",0.00397690361786166,-0.885743492480231,0.06,0.137,1
"CPEB1",0.00397987710771481,-2.14243795289199,0.012,0.06,1
"GJB7",0.00398587716248788,-0.449057791822801,0.512,0.649,1
"BTG1",0.00399642833807797,0.523064305772878,0.617,0.554,1
"MAP3K5",0.00402111259261827,-0.407810005800666,0.488,0.604,1
"RAP1B",0.00406285160352979,-0.354211729028541,0.444,0.579,1
"GOLM1",0.00406763552711679,0.291786277918284,0.935,0.919,1
"FOLR1",0.00406953365281901,1.04336933476075,0.21,0.123,1
"TVP23B",0.00407352862228038,-0.502092336507196,0.431,0.551,1
"SLMAP",0.00409601322336131,-0.400175737503248,0.403,0.53,1
"ID2",0.00409992173282389,-0.364565483890478,0.427,0.568,1
"SLC20A2",0.00411908126907019,-0.365428240357952,0.641,0.768,1
"OAS2",0.00412210378574433,-1.05558658687399,0.129,0.225,1
"LACTB2",0.00412233363511444,-0.379720981359844,0.387,0.533,1
"CPEB3",0.0041315433034374,-0.492634275265362,0.238,0.372,1
"NFKBIZ",0.004134364426299,-0.701912525436892,0.149,0.253,1
"DCAF12L1",0.00413565801337201,-1.86389443419229,0.016,0.067,1
"HNRNPL",0.00416740669864046,0.289147392532716,0.827,0.818,1
"CACNB3",0.00418649534578233,0.841514109543741,0.319,0.225,1
"ERV3-1",0.00419051926358306,-1.71208590223153,0.02,0.074,1
"SCAF8",0.00419596377218364,-0.552582576542462,0.319,0.449,1
"GSTA3",0.00422044257235752,0.329851144811599,0.839,0.842,1
"MCUB",0.00422222866439479,-1.20422022944814,0.077,0.158,1
"ACACB",0.00422634769456212,-1.06684421025577,0.044,0.112,1
"ABCC1",0.00424896929745386,-0.507918988479967,0.488,0.614,1
"CNN3",0.00425060703843325,-0.627153801910367,0.282,0.411,1
"HNRNPH1",0.00425624085037347,-0.383871880387428,0.419,0.561,1
"CCDC190",0.00426192823225521,1.41319842385042,0.125,0.056,1
"CD47",0.00426454537279853,-0.253730894646517,0.931,0.954,1
"PTTG1IP",0.00428168180555125,-0.245387879134425,0.742,0.828,1
"TMEM11",0.004287341173147,-0.435668106561684,0.149,0.26,1
"RPL35",0.0042937537470126,0.388442772816244,0.77,0.737,1
"LCMT2",0.00430272894598,-0.908002977380211,0.077,0.158,1
"CDKL4",0.00430673850810346,-1.05754620640651,0.065,0.14,1
"APIP",0.00431077467463481,-0.515233838150498,0.399,0.547,1
"HES2",0.00431215322880849,0.649444624092848,0.415,0.305,1
"CHRM2",0.004316394780328,-1.65684316803841,0.012,0.06,1
"SPINT1",0.00432789951982093,-0.36838647923373,0.444,0.593,1
"ENSG00000288061",0.00432966802381939,-1.17385399182356,0.032,0.095,1
"FRG1",0.0043558996613472,-0.409939809459226,0.419,0.554,1
"ENSG00000286898",0.00435988896703186,2.45323676198235,0.028,0,1
"PAN3",0.00436525879759722,-0.604739275223332,0.339,0.46,1
"IKZF5",0.0043715907427551,-0.871187864287582,0.101,0.189,1
"CPSF2",0.00437973145483614,-0.427592589508652,0.504,0.639,1
"LINC02241",0.00438671731871327,-1.06464209447716,0.012,0.06,1
"H1-0",0.00438725082778176,0.512751514588363,0.593,0.498,1
"ATF4",0.00440112827982268,0.434402115019607,0.665,0.593,1
"ZNF407",0.00440363495883338,-1.14376530869656,0.105,0.193,1
"ZSCAN5A-AS1",0.00441110308163167,1.4733050976576,0.133,0.063,1
"UTP3",0.00441901088329671,-0.347991408518169,0.387,0.533,1
"MOSPD2",0.0044210122238724,-0.445758593221154,0.431,0.561,1
"VSTM2L",0.0044604992491715,0.696055758286548,0.387,0.284,1
"ASAP1",0.00449410453177706,-1.23178803700769,0.06,0.137,1
"LINC01013",0.00449603942567591,-1.07564712464239,0.056,0.13,1
"ERG28",0.00449626171251101,0.406996441267549,0.782,0.716,1
"LAMP2",0.00450078646072001,-0.298308607807587,0.742,0.818,1
"SLC9A9",0.00450572976046714,-1.27902987664975,0.016,0.067,1
"ENSG00000224905",0.00450700445436424,-3.30973967949638,0.004,0.042,1
"FRS2",0.00451485093072059,-0.68502014561691,0.181,0.295,1
"SNHG16",0.0045195479254332,-0.310852389095832,0.766,0.818,1
"PLCB1",0.00452834777415429,-0.427820353183127,0.448,0.579,1
"BST2",0.00453060100044504,-1.00961960387518,0.032,0.095,1
"PAMR1",0.00453578050896923,-0.381500118076524,0.343,0.491,1
"TMEM41B",0.004538594289426,-0.501168095953346,0.27,0.4,1
"WDR53",0.00455001379339307,-0.601664330694893,0.077,0.161,1
"LACTB",0.00456925005619958,-0.67228962593669,0.117,0.218,1
"DNAAF8",0.00457049704549984,0.477458589542843,0.657,0.575,1
"ZBTB1",0.0045710681183668,-0.526276192042281,0.286,0.411,1
"ENSG00000290396",0.00459415917689607,0.784973502583699,0.387,0.284,1
"ITPR1",0.00459453373158331,-0.498419216424828,0.113,0.207,1
"RCN1",0.00460850632104917,-0.470554145852897,0.661,0.737,1
"LIMA1",0.00461717113974265,-0.301807925714734,0.633,0.74,1
"NUP153",0.00463213112755175,-0.308265801490539,0.456,0.611,1
"LETM2",0.00464902464350257,-0.398287937898596,0.31,0.439,1
"SMAD1",0.00464903447867323,-0.628823215888415,0.278,0.4,1
"SLC25A10",0.00465338943555429,0.885313292017359,0.198,0.112,1
"HIKESHI",0.00468000659071906,0.689745882147221,0.399,0.316,1
"DNMT3A",0.00468827745563427,-0.972768706956979,0.137,0.232,1
"EFHD2-AS1",0.00468915479802206,-1.7328492404797,0.004,0.042,1
"TM4SF1",0.00471795123962992,1.79747377911493,0.077,0.025,1
"ANKRD28",0.00479778389148489,-0.513713928745406,0.335,0.463,1
"CDC42EP3",0.0048006106556544,0.633604991767188,0.512,0.439,1
"CCDC28A-AS1",0.00482282949522047,1.19581811043307,0.129,0.06,1
"COL6A3",0.00482667101933911,-2.22193636736968,0,0.032,1
"ENSG00000227218",0.00482667101933911,-2.44919401840972,0,0.032,1
"LINC02620",0.00482667101933911,-2.12302123031688,0,0.032,1
"MAEL",0.00482667101933911,-3.51665671790751,0,0.032,1
"PLA2G4C",0.00482667101933911,-2.6838915267314,0,0.032,1
"PLAGL1",0.00482667101933911,-2.69984836401417,0,0.032,1
"ZKSCAN2-DT",0.00482667101933911,-2.69466970546111,0,0.032,1
"PNMT",0.00482667101933911,-2.23019197307511,0,0.032,1
"NUP98",0.00483366485189484,-0.599643030879003,0.306,0.418,1
"SMIM14",0.00485722164026396,-0.221537426162341,0.915,0.947,1
"DOCK9",0.00485988301339772,-0.582491437085666,0.198,0.316,1
"MIGA2",0.00486090035990094,-0.705821612396526,0.137,0.239,1
"ZNF92",0.00487592666547622,-0.945054987744741,0.077,0.158,1
"USP54",0.00493574675601864,-0.460941695658918,0.415,0.575,1
"HID1",0.00495361159919509,-1.09957352817396,0.04,0.105,1
"ENSG00000286087",0.00496881093564578,-0.831183818327616,0.238,0.34,1
"MYL6B",0.0049773503377694,0.725098611577817,0.282,0.186,1
"ASRGL1",0.00499674956104766,-0.220350303444135,0.952,0.975,1
"RNF215",0.00501533330623335,-1.1736381423859,0.02,0.074,1
"PPP2R2B",0.00501533330623335,1.76362001748631,0.077,0.025,1
"NDUFAF3",0.00503123722350204,0.478806107242766,0.569,0.477,1
"SCCPDH",0.00511438054946037,-0.280764042279897,0.875,0.926,1
"USP13",0.00512155488939682,-0.996301905286741,0.093,0.175,1
"SMDT1",0.00514671172651959,0.373383298395573,0.762,0.719,1
"PARVB",0.00517403954523929,2.45950540868255,0.044,0.007,1
"CNOT10",0.00518038141780617,-0.344672236900469,0.448,0.589,1
"FNBP1L",0.00519280342291514,-0.461594990126031,0.395,0.526,1
"ZCRB1",0.00522212980380199,0.303703496119413,0.867,0.867,1
"NAE1",0.00523676377303563,-0.562334797770117,0.262,0.389,1
"NSUN7",0.00524401131648835,-0.447775789597656,0.661,0.747,1
"CLPTM1L",0.00524936411009926,-0.313470107250296,0.609,0.733,1
"DDX59",0.00528297295042963,-0.484433082300836,0.31,0.442,1
"ENSG00000285885",0.00529425251201454,-0.246184159873735,0.565,0.67,1
"RHOU",0.00529943959516523,-0.477000336646037,0.431,0.544,1
"CD58",0.00530295039469355,-0.48989560291004,0.375,0.502,1
"KCNC3",0.00531013809707904,-0.284648905685712,0.367,0.523,1
"C2orf68",0.00533943499452543,0.467972909306479,0.601,0.533,1
"ZNF667-AS1",0.00534204561818148,-0.387323129769423,0.31,0.446,1
"ENSG00000260000",0.00534546595595226,2.07246136084914,0.044,0.007,1
"LPA",0.00534546595595226,2.27100665037216,0.044,0.007,1
"TXNL4B",0.00535609175476148,0.967382857853825,0.266,0.179,1
"C9orf72",0.00537851050069342,-0.271051985314234,0.694,0.772,1
"FLVCR2-AS1",0.00538036057679302,1.80325114219136,0.044,0.007,1
"NXNL2",0.00540744642785912,-0.417948434504791,0.532,0.656,1
"PREX2",0.00540891186359752,-0.705862952090001,0.23,0.351,1
"IGF2BP2",0.00541749073778459,-0.326636409518991,0.685,0.814,1
"MRPL34",0.00542438637974829,0.493450898788556,0.621,0.554,1
"SMURF2",0.00543596239307024,-0.400792145522074,0.415,0.554,1
"RRAGC",0.00543699010258184,-0.644422478928611,0.206,0.319,1
"EBPL",0.00543800855206493,0.518829581041155,0.496,0.411,1
"TRIM24",0.00545528327728977,-0.425535375411554,0.27,0.404,1
"ALDH1L1",0.00548748830678074,0.805549762341105,0.258,0.172,1
"PIWIL2",0.00552637283013497,-1.80079061118214,0.028,0.084,1
"NPC1",0.00553700050884928,-0.351027499415805,0.133,0.239,1
"STC1",0.0055401616036064,-0.908786805975172,0.113,0.204,1
"ZFAND5",0.00555004773745663,0.291402800391662,0.887,0.849,1
"REG1A",0.00556718464004523,2.16807834948224,0.036,0.004,1
"CTBS",0.00558623731210614,-0.428643659818509,0.302,0.432,1
"ARL5A",0.00559418470780766,-0.428713624805002,0.327,0.446,1
"PHF8",0.00560074124665593,-0.345134769623454,0.544,0.67,1
"APPBP2",0.00560286318340226,-0.32843422027486,0.363,0.498,1
"CYBA",0.00560989723225508,-0.777145911744414,0.121,0.218,1
"IKZF2",0.00561058753837595,-0.512165422881122,0.359,0.488,1
"KCTD15",0.00561578374012265,1.23896465924514,0.141,0.07,1
"CIB1",0.00564090225643868,0.24046324019684,0.935,0.951,1
"SNRPN",0.00565008612024263,0.290295666336484,0.625,0.526,1
"SLC35F6",0.00566590298600068,-0.617579065037307,0.21,0.319,1
"CITED4",0.00567129279440692,0.490157419314802,0.758,0.73,1
"C4BPA",0.00568135485451205,-0.352983912694638,0.766,0.811,1
"CBLN3",0.00569356941329996,-2.11732746697186,0.008,0.049,1
"CMBL",0.00572512162003567,1.33014780205554,0.254,0.175,1
"COG1",0.00575789392584693,-0.425327763262754,0.516,0.621,1
"ENPP3",0.00576022969643805,-0.292068783916486,0.794,0.842,1
"KDM4C",0.00578678966467685,-0.383166126674516,0.274,0.386,1
"ENSG00000269559",0.00579424259166319,-1.83884587373592,0.008,0.049,1
"LINC00032",0.00579424259166319,-2.07433228262876,0.008,0.049,1
"BEX3",0.00579913842288013,-0.300546268019737,0.726,0.811,1
"TMCO4",0.00582359311890937,-0.414602702320628,0.234,0.354,1
"GDF15",0.0058444023630811,-0.363196806649903,0.19,0.305,1
"DBI",0.00584906883262448,0.34170551330387,0.742,0.716,1
"TSPYL1",0.0058553764049996,-0.379296319478375,0.383,0.516,1
"TPD52L2",0.00586194564069335,-0.52488779824806,0.282,0.418,1
"RPP25L",0.00587961442443082,-0.613143461350394,0.145,0.249,1
"ZNF185",0.00588716725390031,-0.953226965136315,0.093,0.175,1
"ENSG00000289312",0.00590893349128422,0.674114926446091,0.298,0.207,1
"IER3",0.00594810752487357,-0.115859094606384,0.097,0.186,1
"NIBAN2",0.00596558486244569,-0.224707599087292,0.5,0.646,1
"GLIS3",0.00596898717269001,-0.441995897819441,0.685,0.796,1
"SEMA3C",0.00599067390441031,0.804435544492346,0.206,0.123,1
"PDIA4",0.00600619615139325,0.270828022001005,0.867,0.832,1
"GOSR1",0.00601719841084402,-0.292323652977037,0.524,0.646,1
"ENSG00000227338",0.0060400243462135,-1.4762991840144,0.024,0.077,1
"PPFIBP1",0.00609033320259073,-0.649042258200791,0.327,0.439,1
"ANKS1A",0.00609804551403786,-0.426829705384767,0.56,0.681,1
"KLF4",0.00614432742137303,-0.769156728213356,0.161,0.26,1
"POR",0.0061677869563304,-0.121257746698932,0.484,0.621,1
"SLC46A2",0.00617004420090409,-0.858781301577381,0.069,0.144,1
"THNSL2",0.00617908807175093,-1.02762062125906,0.048,0.116,1
"RAB30-DT",0.00618899647265034,0.540656781069119,0.488,0.393,1
"RIMBP2",0.00620275378439308,-0.438268759855826,0.218,0.33,1
"PRXL2A",0.00620342166887732,-0.342128876900769,0.669,0.768,1
"XRN1",0.00620740299916196,-0.503008602476513,0.444,0.561,1
"WDR70",0.0062085634751323,-0.62099642890672,0.202,0.305,1
"DDR1",0.00621099443923119,-0.258613016433623,0.915,0.961,1
"SYT7",0.00621855357469109,-0.624851099815928,0.113,0.207,1
"STAG1",0.00622139503177403,-0.710664798804949,0.331,0.446,1
"KLHL29",0.00626094823416836,-0.68447600122993,0.093,0.179,1
"CERS4",0.00626116266668042,-1.14207702329771,0.073,0.147,1
"SLC38A1",0.0062619691017029,-0.502199106184759,0.359,0.481,1
"KIAA1549",0.0062879355050199,-0.553276666191282,0.238,0.361,1
"SPIN4",0.00628995905422988,-0.771703867003189,0.04,0.105,1
"GOSR2",0.00631265861476709,-0.489927387135498,0.153,0.26,1
"SEPTIN11",0.0063229363721715,-0.324577810673226,0.742,0.782,1
"ARHGAP5",0.00632775380887577,-0.280021770060785,0.714,0.8,1
"PPP2R5A",0.0063343506426157,-0.120540336323456,0.524,0.667,1
"CHGA",0.00633925136435537,-3.19609306039347,0.012,0.056,1
"HMGN1",0.00633958926016054,0.162617212137837,0.964,0.979,1
"PCBP2",0.00640341361583688,0.199499004009537,0.952,0.961,1
"TFPI",0.0064133800307484,1.38640345668774,0.125,0.06,1
"PDZD2",0.00643006350999986,-0.505360637440401,0.198,0.312,1
"CACUL1",0.00649411848716676,-0.308183203823305,0.597,0.716,1
"RPN2",0.00654349772811898,-0.210702935993961,0.774,0.877,1
"LINC02672",0.00654753573763368,-0.785578621349542,0.073,0.151,1
"SLC7A5",0.00655531672036615,-1.16424015957239,0.044,0.109,1
"RNF103",0.00659867215295107,-0.220411402675957,0.367,0.498,1
"CLDN10",0.00662812939767006,-1.29516494265015,0.024,0.077,1
"RGS22",0.00663671985673895,-0.170040275921989,0.657,0.796,1
"RHBDD2",0.00666815874547156,-0.224175510330317,0.718,0.796,1
"ENSG00000273748",0.0066813548873331,-0.625032981182886,0.254,0.372,1
"GBP1",0.00671951262274394,-0.368359481356698,0.552,0.698,1
"OTUD3",0.00672137429393106,-0.722060681043057,0.093,0.179,1
"TMEM67",0.00673963641726057,-0.267924740482866,0.754,0.828,1
"C2orf76",0.00674276725494271,0.548835525111835,0.468,0.386,1
"ENSG00000276850",0.00677472907969836,-0.664158341244469,0.048,0.116,1
"ENSG00000226644",0.00678483887091142,-0.303553293024075,0.536,0.656,1
"NPIPB11",0.00679863572329315,-0.738402750186002,0.048,0.116,1
"SPART-AS1",0.00681501548867454,-0.22533826662056,0.02,0.07,1
"EIF4A3",0.00681984324802279,-0.342711998305878,0.427,0.561,1
"ABHD12",0.00682271204353654,-0.191354881000304,0.298,0.428,1
"BACE1",0.00683531382024777,-1.14612041906165,0.024,0.077,1
"UBR5",0.00685324610375463,-0.391953824280656,0.399,0.533,1
"ABHD17C",0.00699961062208811,-0.383189857577652,0.149,0.256,1
"PABPC1",0.00700100117541733,0.206198071043495,0.94,0.926,1
"ENSG00000250790",0.00702919933704584,-0.325110961375898,0.319,0.449,1
"TOLLIP",0.00703046671933086,-0.370004769821942,0.282,0.418,1
"TRIM66",0.00703234368612124,-0.626814967402305,0.169,0.27,1
"ATP6V1H",0.00704612637287735,-0.361925141202687,0.694,0.772,1
"NBR2",0.00706118724269931,-0.606227676472669,0.181,0.284,1
"TK1",0.00706356241669296,1.02064176839896,0.19,0.116,1
"ZNF687",0.00707629974621725,1.46742530871324,0.105,0.046,1
"ATN1",0.00711329028568555,0.364160681934685,0.742,0.709,1
"DESI2",0.00716001772049712,-0.350580922757124,0.375,0.526,1
"MAOA",0.00719267391371924,-0.339155025751443,0.681,0.761,1
"RPL23A",0.00719547967529492,0.193164217435359,0.915,0.912,1
"PNMA8C",0.00721211153317837,-2.35910822117051,0.004,0.039,1
"PPIF",0.00724012763750185,-0.420907558157557,0.222,0.337,1
"ELF3",0.00725382081734701,0.350942311803146,0.746,0.702,1
"CHD1",0.00727782138905504,-0.328431823456975,0.419,0.537,1
"LINC-PINT",0.0072846250546023,-0.708306184460443,0.472,0.582,1
"KIN",0.00729036632051054,-0.51698829767455,0.185,0.291,1
"SPIRE2",0.00729189820381943,-0.668115772050225,0.218,0.326,1
"DGKD",0.00735306344031162,-0.961230606917924,0.056,0.126,1
"BCL11B",0.00735550508560108,-2.28708396944226,0.004,0.039,1
"ZNF75A",0.00735962798433115,-0.53449294010849,0.21,0.319,1
"ECT2L",0.00739406871178894,-0.399537008209241,0.46,0.589,1
"AFF3",0.00740386823653534,-2.2251947015634,0.004,0.039,1
"CAPS2",0.00741246603661328,-0.33608280461334,0.661,0.747,1
"P4HA1",0.00744908378950019,0.342596403492882,0.802,0.782,1
"TM2D1",0.00745181039647269,-0.409592576563836,0.504,0.621,1
"ENSG00000283445",0.00745251643052307,-2.29720168893891,0.004,0.039,1
"ARRDC1",0.00748357989426547,-0.517944932851115,0.23,0.351,1
"RBBP8",0.00749086177014625,-0.260013135104669,0.71,0.789,1
"SMYD2",0.00752726896210319,0.348191622175179,0.726,0.674,1
"HDAC4",0.00753419696089856,-0.360412995276493,0.141,0.246,1
"ENSG00000279277",0.00755067373090045,-1.8559111926661,0.004,0.039,1
"SAA2",0.00755263251864792,-2.71082540704707,0.044,0.105,1
"INTS14",0.00755800331558065,-0.641316845700746,0.27,0.379,1
"CFAP74",0.00756444738663061,-0.448066317319031,0.504,0.611,1
"RBM19",0.00757294794004323,-0.480719975818238,0.117,0.211,1
"PNRC2",0.00757360251569269,-0.230483356194361,0.5,0.646,1
"TFIP11-DT",0.00759469093897131,-0.657472458236907,0.137,0.232,1
"TMA7",0.00759526797269263,0.28405263409051,0.895,0.853,1
"KCNRG",0.00760366295957126,0.303245671301398,0.786,0.716,1
"KLHDC10",0.00761288546914857,0.361386861724677,0.706,0.674,1
"ENSG00000276449",0.00764998861068258,-1.45620896493762,0.004,0.039,1
"PHYHIPL",0.00767978887725535,-0.514204587049811,0.129,0.225,1
"ARFGEF1",0.00769348369741135,-0.327981287225483,0.613,0.751,1
"PANK3",0.0077014279048434,-0.601880745671168,0.153,0.249,1
"SLC2A1",0.00770688901301348,-0.267703729563483,0.653,0.765,1
"PELI2",0.00775836483110106,-0.672880261513282,0.202,0.305,1
"ATP2B4",0.00776715140788994,-0.214766739542234,0.911,0.933,1
"PHLDB3",0.00779635928375659,1.69957349747664,0.113,0.053,1
"GLO1",0.00780350084047533,-0.226042392478267,0.819,0.874,1
"MED13",0.00781036479750578,-0.420058401841215,0.399,0.498,1
"PLIN2",0.00785387737253147,-0.92445216907191,0.169,0.263,1
"ENSG00000223393",0.0078762495416765,-0.225195084042558,0.202,0.312,1
"CFAP141",0.0078785303446698,0.296198892877519,0.883,0.839,1
"ADARB2",0.00788219641566699,-0.566409939048645,0.044,0.109,1
"AFDN",0.00788608572391214,-0.186220631129417,0.895,0.951,1
"SLC1A3",0.00794106586915737,-0.518334246221715,0.27,0.382,1
"ADAMTSL1",0.00794165583012209,-2.27232968687895,0,0.028,1
"CD163L1",0.00794165583012209,-2.7361835560292,0,0.028,1
"CHST15",0.00794165583012209,-2.17392011484902,0,0.028,1
"CYBRD1",0.00794165583012209,-2.0602858398665,0,0.028,1
"EFEMP1",0.00794165583012209,-2.4365093883693,0,0.028,1
"ENSG00000236833",0.00794165583012209,-2.6922011235058,0,0.028,1
"ENSG00000267924",0.00794165583012209,-2.31214489093529,0,0.028,1
"ENSG00000287069",0.00794165583012209,-3.64845464296803,0,0.028,1
"ENSG00000289092",0.00794165583012209,-2.144312150191,0,0.028,1
"ENSG00000289810",0.00794165583012209,-2.53602265310443,0,0.028,1
"NKD2",0.00794165583012209,-2.46717482592974,0,0.028,1
"PCBP3",0.00794165583012209,-3.60949782147437,0,0.028,1
"ASCC3",0.0079598666321271,-0.570761002039321,0.238,0.347,1
"NTN1",0.00797026406244265,-0.321767001925444,0.222,0.344,1
"C3",0.00798823862033946,-1.06185818599318,0.036,0.095,1
"ESRRG",0.00799405542538934,-0.46024425175998,0.694,0.804,1
"NDRG4",0.00799824399966236,2.28896217196809,0.048,0.011,1
"EIF3D",0.00800282687117956,0.281800615272264,0.79,0.747,1
"CAMSAP1",0.00804886909005927,-0.368132011302379,0.403,0.516,1
"POLR2C",0.00810137904993969,-0.413179686184157,0.327,0.453,1
"PEX2",0.00810221864565082,0.39868227004574,0.71,0.656,1
"ZBTB6",0.00815411679874832,-0.445016001221425,0.093,0.179,1
"TMTC1",0.00815607861895895,-0.64880239322742,0.093,0.172,1
"KANSL3",0.00819988322899202,-0.510074588689797,0.202,0.309,1
"TP53TG1",0.00826697904081055,0.683143453025607,0.323,0.235,1
"THOP1",0.00827157380106722,1.22129412834548,0.105,0.046,1
"LINC01748",0.00828241730240491,1.99789130634525,0.048,0.011,1
"PKM",0.00829126441651625,0.241529533712925,0.952,0.933,1
"RPUSD2",0.00830211304704844,-0.868156636554044,0.04,0.102,1
"CHORDC1",0.00830354681688996,-0.310466545490314,0.625,0.691,1
"C21orf58",0.00830827418268163,0.267522626499792,0.931,0.909,1
"GTF2H1",0.00834768649273354,-0.445775080240921,0.234,0.354,1
"CAHM",0.00837184250079329,2.86867426427449,0.024,0,1
"ENSG00000284809",0.00837184250079329,2.99974033987072,0.024,0,1
"ENSG00000290199",0.00837184250079329,2.76394935407737,0.024,0,1
"PI15",0.00837184250079329,2.63298352750821,0.024,0,1
"MBIP",0.00838044103344654,-0.668316364627381,0.149,0.246,1
"SET",0.00838442387370553,0.205640232194246,0.96,0.947,1
"DALRD3",0.00843223302072973,0.448016126270421,0.71,0.674,1
"JAK1",0.00844511358299009,-0.210906569112249,0.633,0.723,1
"C1orf87",0.0084897343954987,-0.213123225534976,0.887,0.947,1
"PRKDC",0.0085133074532527,-0.323916494612888,0.488,0.611,1
"DIS3",0.0085164304214698,-0.500671234043799,0.262,0.379,1
"SGK1",0.00851741402963341,-0.660008785822252,0.202,0.305,1
"RBM14",0.00853995265809945,-0.358569138631968,0.379,0.502,1
"GNA12",0.00860943465706545,-0.688113613227702,0.121,0.211,1
"LINC00683",0.00863240894526674,-0.625467176538226,0.21,0.316,1
"PPP1R14B",0.00866622745006852,1.51177453824112,0.073,0.025,1
"PSMA3",0.00868919700086411,-0.213715668412411,0.81,0.849,1
"TSPAN19",0.00869431474134492,-1.23714194548839,0.044,0.105,1
"EPPIN-WFDC6",0.00869529200843359,1.1851454121821,0.141,0.074,1
"OMA1",0.00870615723849999,-0.265445782903244,0.581,0.691,1
"GRAMD2A",0.00874654734452187,-0.360325302768083,0.637,0.747,1
"RSRP1",0.00874664038954606,-0.230093046881031,0.839,0.888,1
"ANP32E",0.00877206858860389,-0.280185257595394,0.44,0.558,1
"MXRA7",0.00879386714733036,-0.386158168733178,0.399,0.519,1
"NME4",0.00879606706203266,1.14372468817379,0.234,0.158,1
"TNFRSF12A",0.00882186317007231,-0.501986017022056,0.077,0.154,1
"ENSG00000285945",0.00883891204745801,-0.666819500265885,0.101,0.186,1
"HDGF",0.00886634589924712,0.154778701260511,0.98,0.986,1
"TFB2M",0.00887753912205205,-0.552630024536966,0.117,0.207,1
"GPC5",0.00887800692611672,-2.03557131823847,0.008,0.046,1
"ZBTB24",0.00891265345211328,-0.867084109330429,0.06,0.13,1
"CCDC6",0.00891933484772103,-0.378492453785308,0.617,0.688,1
"CCND3",0.00892897925617398,-0.229054487757819,0.19,0.295,1
"CLSTN3",0.00892932558704968,-1.90098723147102,0.008,0.046,1
"NEB",0.00892932558704968,-2.32830641561082,0.008,0.046,1
"CRYBG3",0.00893038641732907,-0.564380069786293,0.31,0.418,1
"MFAP1",0.00895207629798292,-0.517388708891579,0.29,0.407,1
"DUSP10",0.00898277248247645,-0.540851573739559,0.254,0.375,1
"DNALI1",0.0090026465486389,0.213444667313977,0.968,0.937,1
"DOCK8",0.00901792550107356,-1.35372122946115,0.032,0.088,1
"ENSG00000230612",0.00902541937955216,-0.866715988969215,0.036,0.095,1
"ZNF83",0.00903114268893595,-0.508216853829052,0.306,0.432,1
"MAP7",0.00905202781261511,-0.288765792151618,0.387,0.519,1
"CDIN1",0.00905549857348846,-1.37530822697183,0.056,0.123,1
"C11orf58",0.00909552903741801,-0.231407978187877,0.867,0.923,1
"CKMT1A",0.00913725974140508,-1.91517086317429,0.008,0.046,1
"PEF1",0.00915506771432916,-0.382859615455236,0.319,0.456,1
"KATNAL1",0.0091652831138716,-0.134248381605771,0.246,0.358,1
"IDE",0.00916993517224503,-0.568261930776331,0.298,0.421,1
"EPB41L3",0.00917786087135539,-0.388226006757718,0.274,0.393,1
"FKBP14",0.00918991401386762,-1.69284031415876,0.008,0.046,1
"TEX14",0.00920526004140414,-1.91353235723437,0.02,0.067,1
"SFXN2",0.00923419368484186,-0.465772926296886,0.177,0.284,1
"EOGT",0.00927595667386891,-0.671348115121474,0.101,0.186,1
"RPGR",0.00927864562494463,-0.232276318351719,0.839,0.884,1
"PRKX",0.00929001904528969,-0.303075739039958,0.867,0.888,1
"MICAL3",0.00929843344662822,-0.532729642136697,0.149,0.246,1
"ZNF644",0.00932539664074703,-0.315178284966714,0.367,0.481,1
"KHSRP",0.00933425616769523,0.190227449230027,0.847,0.786,1
"RPL24",0.00936608184674151,0.247608660596843,0.875,0.863,1
"ZSCAN18",0.00937176166611286,-0.125320448696168,0.782,0.891,1
"UQCR10",0.00940528796118664,0.317176046519096,0.895,0.863,1
"ENSG00000259341",0.00940630476967464,2.41645883695979,0.04,0.007,1
"BAD",0.00942702050175361,1.14130693637737,0.222,0.151,1
"KCNG3",0.00947607084995419,-1.02573583404632,0.081,0.154,1
"RUNDC3B",0.00949659817973229,-1.03320299371593,0.056,0.123,1
"RAET1E",0.00952937363594918,1.50353032380067,0.093,0.039,1
"USP38-DT",0.009548061520948,-1.67567109753026,0.02,0.067,1
"ENSG00000272927",0.00955477912236182,-0.752376411664798,0.048,0.112,1
"STK17B",0.00964231650489874,-1.11301339912046,0.028,0.081,1
"TLR2",0.00964450372664811,-2.16931629111109,0.012,0.053,1
"ELP5",0.00964813106379783,-0.773922748394967,0.153,0.246,1
"C6orf118",0.00969988734844835,0.225811336361124,0.847,0.846,1
"AGPS",0.00971889688245579,-0.410414325645614,0.319,0.446,1
"LSM5",0.00975230644367211,0.350430749615842,0.673,0.628,1
"TRMT13",0.00976242589803533,-0.588417988793307,0.242,0.351,1
"ENSG00000290951",0.0097634713906078,-1.02775270651842,0.024,0.074,1
"RNF128",0.00976804993819103,-1.67804494441329,0.02,0.067,1
"ZHX1",0.00977222761622585,-0.328521399495294,0.169,0.277,1
"CNTNAP2",0.00979692860511199,-1.94318821487747,0.012,0.053,1
"HLA-F",0.00982721704971702,-0.429341871853233,0.117,0.207,1
"P3H2-AS1",0.00983540556121737,2.02864842035584,0.04,0.007,1
"MMD",0.00984727390679594,-1.19085169676688,0.052,0.116,1
"MYOF",0.00986953355881813,-0.26421470668981,0.673,0.765,1
"ZNF425",0.00989247660241358,-0.917500922317636,0.069,0.14,1
"BNC2",0.00992281978004307,-0.950364362993235,0.141,0.228,1
"SLC39A10",0.00993071044968438,-1.35660180728009,0.069,0.133,1
"CR1L",0.00993653627685026,-0.455483950211069,0.29,0.4,1
"WFDC2",0.00997071978790957,0.194757110913918,0.996,0.993,1
"ZNF618",0.00999998943548641,2.25982315350222,0.032,0.004,1
"KLHL24",0.0100085037517375,-0.36596866220975,0.379,0.505,1
"ADGRL1",0.0100192087986907,-0.796928300739944,0.185,0.277,1
"GTF2B",0.0100322194365578,-0.368666751010476,0.282,0.407,1
"TPMT",0.0100982221305211,-0.439024061376489,0.274,0.396,1
"SAMD4A",0.0101082330896733,-1.61136713129894,0.012,0.053,1
"CSTF1",0.0101098658456137,-0.531167925740891,0.238,0.347,1
"BPNT2",0.0101393937470172,-0.495344026937063,0.448,0.544,1
"PRKAG2",0.0101415648512778,-0.336380947802852,0.347,0.481,1
"HSP90B1",0.010142624333255,-0.160127200656922,0.98,0.986,1
"DRAM2",0.010142809412854,0.35879160325737,0.794,0.74,1
"RNF150",0.0101489771496408,-0.644440345063569,0.185,0.291,1
"GPR156",0.0101739600342474,-0.864828791590538,0.065,0.133,1
"NID2",0.0101916749541447,-1.18585478688311,0.024,0.074,1
"CYTH1",0.0102144574732956,-0.366983177420724,0.306,0.435,1
"MIR22HG",0.0102216225743657,-1.44535256224885,0.02,0.067,1
"ERICH5",0.0102310635470285,0.705385862840858,0.242,0.158,1
"TUFT1",0.0102720880724617,-1.10448652868714,0.06,0.126,1
"EIF2S1",0.0102732420552406,-0.407214549824732,0.238,0.361,1
"PPIC-AS1",0.0102960889235772,2.16584646252543,0.032,0.004,1
"WWP1",0.0103265621075448,-0.430042593406945,0.452,0.554,1
"BMPR1A",0.0103702039589762,-0.505006241636937,0.327,0.446,1
"LINC01997",0.0103743499318998,-1.31591179151611,0.012,0.053,1
"CNNM2",0.0103781355029773,-0.49052130807521,0.238,0.347,1
"ENSG00000290535",0.0103842838061497,-1.10671137257421,0.04,0.098,1
"IL32",0.0103974796042318,-1.11066583480592,0.065,0.133,1
"MANSC1",0.0104159982288334,-0.483483067834827,0.234,0.354,1
"WFDC3",0.0104189531784586,-0.795453575169613,0.044,0.105,1
"HCLS1",0.0104368736355023,-0.798857608070131,0.06,0.126,1
"MARK1",0.0104596289075343,-0.456398752802532,0.202,0.309,1
"POU5F1",0.0104812425560811,-0.409910275900265,0.258,0.372,1
"CDC5L",0.0104970645666424,0.429563884699102,0.702,0.639,1
"SCART1",0.0105026791497644,-1.18240314821821,0.02,0.067,1
"IER2",0.0105040773723684,1.48287973842694,0.327,0.27,1
"ENSG00000275894",0.0105232585685261,2.08684096545811,0.032,0.004,1
"TM9SF3",0.0105458223280068,-0.170455824742552,0.71,0.804,1
"GNL1",0.0105649516448225,-0.507523867482069,0.101,0.186,1
"SQSTM1",0.0105760494198245,-0.185371275160535,0.714,0.796,1
"CYP2S1",0.0105885400072682,-0.586857301132595,0.27,0.375,1
"TMEM140",0.0105914529816,-0.340979393106391,0.105,0.189,1
"LINC01115",0.0106365179909789,-1.01396021528068,0.024,0.074,1
"RPL11",0.0106537652549514,0.274533518240796,0.883,0.891,1
"MYNN",0.0106585940149732,-0.768417814727254,0.097,0.175,1
"ENSG00000290588",0.010661954150154,-0.393425818518812,0.319,0.418,1
"ENSG00000226816",0.0106652520035159,-0.352415269735174,0.145,0.246,1
"KLHL23",0.0106777842695236,-0.87527757379479,0.105,0.186,1
"SNX32",0.0106819383274849,-1.04162092693696,0.024,0.074,1
"ABHD13",0.0106841359466408,-0.576070428545115,0.133,0.225,1
"INTS11",0.0106873391598625,-0.811420764562889,0.097,0.175,1
"CUL5",0.0106886087214977,-0.346091628024878,0.552,0.688,1
"AK7",0.0107003333077365,-0.191384156591024,0.919,0.954,1
"FBXO30",0.0107086553152277,-0.592013597966063,0.085,0.165,1
"THAP7-AS1",0.0107092461727022,-1.42419367930646,0.016,0.06,1
"H2AZ1",0.0107290431832577,0.29251107468273,0.79,0.775,1
"LINC01697",0.0107394232546372,-1.01419408658773,0.06,0.126,1
"ARHGAP23",0.0107504863497969,-0.218383723754225,0.117,0.204,1
"PPP1R35",0.0107688052226871,0.646259094828134,0.431,0.365,1
"FICD",0.0107759666507203,-0.717437191197793,0.121,0.207,1
"STX3",0.0107929895348181,-0.316498379110112,0.339,0.46,1
"HERC2P9",0.0108075842704475,-1.02149882596913,0.04,0.098,1
"CREBRF",0.0108218097967762,-0.309837437654274,0.444,0.593,1
"WNT5A",0.010846794609177,-0.850697376421997,0.105,0.182,1
"RSRC2",0.0108491759891912,-0.267298649020666,0.669,0.74,1
"MOSPD3",0.010881352428253,0.500279096517374,0.5,0.418,1
"TBC1D4",0.010925191389914,-0.446890789191843,0.476,0.572,1
"PEX14",0.0109258217711877,-0.439361971871419,0.282,0.4,1
"RTL8C",0.010928186641028,-0.370284012721644,0.444,0.582,1
"CDC34",0.0109775987487173,-0.457753600151271,0.141,0.235,1
"CATSPERE",0.0110006874641741,-0.361682605193654,0.222,0.33,1
"CCDC134",0.0110010876387965,0.926962053573242,0.266,0.193,1
"CAMSAP3",0.0110047385355729,-1.09956722231835,0.024,0.074,1
"CST6",0.0110307484348298,-0.677739552961316,0.069,0.14,1
"GADD45A",0.0110435834727602,-0.205355456845801,0.238,0.347,1
"SNTB1",0.011085495311399,-0.813797092105226,0.02,0.067,1
"TMEM106B",0.0110934907630657,-0.246305838718603,0.532,0.656,1
"CISH",0.0111055418571839,-0.939433206186334,0.097,0.172,1
"RPLP1",0.0111373111790456,0.241137370224975,0.931,0.93,1
"MOCS2",0.0111599329438796,0.566518701242627,0.512,0.442,1
"LMO7-AS1",0.0111730055891026,-0.372841315928296,0.097,0.179,1
"ZFX",0.0112065783216198,-0.33251838927722,0.185,0.291,1
"NUP42",0.0112387711542192,-0.484599251118531,0.315,0.439,1
"CHM",0.0112488759548186,-0.608860856940269,0.141,0.232,1
"SACM1L",0.0112879670412925,-0.473679061761015,0.198,0.305,1
"C6orf89",0.0113266986739892,-0.453528330215221,0.359,0.467,1
"KCMF1",0.0113756663568026,-0.290442602510654,0.536,0.642,1
"BCL2L11",0.0113909138408933,-0.461218828427328,0.185,0.295,1
"WDR35",0.0114213258486223,-0.369690850542443,0.532,0.656,1
"PBRM1",0.0114482370959248,-0.396325323919747,0.577,0.656,1
"XPOT",0.0114553896045331,-0.245619324249817,0.335,0.456,1
"DGKH",0.0115087570348679,-0.369939311701908,0.548,0.646,1
"TRIP13",0.0115139314727987,-0.333791330248426,0.468,0.589,1
"GOLGA6L10",0.0115412830889912,-0.793036159812204,0.02,0.067,1
"ARIH1",0.0116730101448067,-0.30584987613069,0.649,0.754,1
"ATP13A3",0.0117164224196798,-0.343786096811774,0.234,0.333,1
"NUCB2",0.0117324910212018,0.248175611830842,0.839,0.856,1
"TSTD1",0.0117674598047116,0.308279574797981,0.79,0.779,1
"CNTRL",0.0117712089489291,-0.386551412148196,0.681,0.789,1
"EXOSC10-AS1",0.0117806478720184,-2.38877183394122,0.004,0.035,1
"PARK7",0.011804050533369,-0.190661562441277,0.746,0.8,1
"IGFBP7",0.0118050293606492,0.112147648391788,0.992,1,1
"MAPK15",0.0118232613436582,0.332587597568456,0.653,0.6,1
"SPATA20",0.0118515677827086,-0.556357280005846,0.117,0.204,1
"QPCT",0.0118574680099514,-2.18079014818938,0.004,0.035,1
"RPH3A",0.0118574680099514,-2.29575143450971,0.004,0.035,1
"SPRY4",0.0118574680099514,-2.43887364062884,0.004,0.035,1
"EMC4",0.0118589789139903,0.2788631894144,0.827,0.818,1
"KCND2",0.0118670745027782,-0.890715685513075,0.089,0.161,1
"DVL1",0.0119061540289645,-0.235787020165604,0.198,0.316,1
"NF2",0.0119189509811139,-0.664305224662323,0.117,0.2,1
"NEDD9",0.0119257255381682,-0.446148387253493,0.286,0.389,1
"ENSG00000286861",0.0119347320362621,-2.00463178625892,0.004,0.035,1
"WNT7A",0.0119626031769889,-0.368806973741421,0.105,0.189,1
"COQ6",0.0119730189595117,-0.381246435489039,0.278,0.407,1
"SOX30",0.0119763399101342,-0.730245122746862,0.052,0.116,1
"LITAF",0.0119860276206814,-0.217471167587483,0.823,0.881,1
"SAFB",0.0120053548771818,-0.448784173990414,0.391,0.519,1
"TRMT44",0.012007214979786,-0.63772981418502,0.073,0.144,1
"FLII",0.0120336371969629,-0.422927271908262,0.25,0.365,1
"AGRN",0.0120456501767549,-0.356381129192654,0.073,0.147,1
"ENSG00000243655",0.0120906003918047,-2.21861790883827,0.004,0.035,1
"TIMM17A",0.0121335778840985,-0.427320834055404,0.359,0.474,1
"STAG3",0.0121641955008444,0.802006486278993,0.266,0.186,1
"MKLN1",0.0121683550812819,-0.310142395980366,0.609,0.73,1
"LAMC1",0.0121688418648321,-0.373349739653195,0.246,0.365,1
"C14orf178",0.0121746951000602,-0.879906408626767,0.036,0.091,1
"OTUD1",0.0121861440989381,-0.359911519383163,0.262,0.372,1
"MYLK3",0.0122126675275846,-0.286853825019335,0.702,0.786,1
"VTI1A",0.0122180108295916,-0.867931902946369,0.214,0.302,1
"VKORC1",0.0122299882414976,0.660511267163661,0.395,0.323,1
"UQCRB",0.0122305225501581,0.234779800800404,0.944,0.891,1
"HCFC2",0.0122504308068637,-0.541834168042108,0.101,0.182,1
"DEPP1",0.0122759902091378,1.25134848497677,0.129,0.067,1
"USH1C",0.0122825176569961,1.45865890847461,0.065,0.021,1
"ZFYVE19",0.0123162275473913,-0.494051577690522,0.117,0.204,1
"C19orf44",0.0123566920710979,-0.747409879188707,0.129,0.214,1
"WDR59",0.0123689939878841,-0.581233380241867,0.194,0.295,1
"PREX1",0.0124077592145159,-1.50066720829556,0.004,0.035,1
"APCDD1",0.0124158402847485,-0.421093806551356,0.431,0.554,1
"ALG12",0.0124215974753497,-0.497778001954304,0.097,0.179,1
"ARF1",0.0124529910553612,0.19475501295089,0.984,0.975,1
"SBDS",0.0124826401741255,-0.519989380194429,0.347,0.449,1
"SAPCD1-AS1",0.0125595639188709,-0.210666933667265,0.427,0.547,1
"COPS5",0.0125980385016897,-0.516272434412997,0.302,0.411,1
"ATP2C2",0.0126194897141755,-0.415442659990452,0.29,0.407,1
"GAB2",0.012626990220027,-0.345067007303298,0.121,0.211,1
"TIAM1",0.0127032112943386,-0.69767122835941,0.238,0.34,1
"ENSG00000226690",0.012703592839209,0.320622097977645,0.774,0.698,1
"TMED5",0.0127091078199058,-0.425985388355701,0.5,0.589,1
"RORA-AS1",0.0127372368899941,-1.02166784787249,0.065,0.13,1
"TRAPPC2",0.0127431910061118,0.884832407245361,0.242,0.165,1
"NDUFA2",0.012796437591321,0.296604454885605,0.758,0.751,1
"SHROOM2",0.0128123701173008,-0.419690562722185,0.093,0.172,1
"SERINC2",0.0128532539666429,0.586704436769429,0.536,0.505,1
"CCDC107",0.0129051893277123,0.710321220631433,0.367,0.284,1
"GLUL",0.0129281703049558,-0.190828881943834,0.956,0.93,1
"DHRS4-AS1",0.0130250236200791,0.543459705881315,0.496,0.425,1
"APBB2",0.0130281744142128,-1.16449704790629,0.089,0.161,1
"HK1",0.0130427214321328,-0.313725468531474,0.581,0.677,1
"NCS1",0.0130831040656229,0.827785940501952,0.315,0.239,1
"SOAT1",0.013094917963657,-0.249404380420576,0.758,0.839,1
"ALB",0.0131169870979887,-2.44847055944504,0,0.025,1
"ANKDD1A",0.0131169870979887,-2.17297487482691,0,0.025,1
"C9orf40",0.0131169870979887,-2.08735484426802,0,0.025,1
"CAV2",0.0131169870979887,-2.50181303523713,0,0.025,1
"CHRNA7",0.0131169870979887,-1.75195806938341,0,0.025,1
"ENSG00000243004",0.0131169870979887,-2.58295293982975,0,0.025,1
"ENSG00000253200",0.0131169870979887,-1.98708014510223,0,0.025,1
"ENSG00000258690",0.0131169870979887,-2.43221411695944,0,0.025,1
"ENSG00000262211",0.0131169870979887,-1.7811454948129,0,0.025,1
"ENSG00000274322",0.0131169870979887,-2.47329120529653,0,0.025,1
"ENSG00000287129",0.0131169870979887,-2.13891535003514,0,0.025,1
"ENSG00000287704",0.0131169870979887,-1.6305707667125,0,0.025,1
"ENSG00000289250",0.0131169870979887,-2.0837269804555,0,0.025,1
"HCAR2",0.0131169870979887,-2.01857396337706,0,0.025,1
"HSD11B1-AS1",0.0131169870979887,-1.86616453769224,0,0.025,1
"LDB2",0.0131169870979887,-2.33552315540737,0,0.025,1
"SGIP1",0.0131169870979887,-2.45775338306197,0,0.025,1
"SMG7-AS1",0.0131169870979887,-2.23352317188812,0,0.025,1
"WAS",0.0131169870979887,-2.35147510780977,0,0.025,1
"ENSG00000287056",0.0131169870979887,-1.98110935659532,0,0.025,1
"AVEN",0.0131581046470686,-0.826016020959811,0.036,0.091,1
"SMN1",0.0132029925500801,-0.601767293426421,0.149,0.242,1
"MYO9B",0.0132583697977798,-0.724579842756997,0.077,0.147,1
"GNG11",0.013264044452445,0.893963143862031,0.181,0.109,1
"VASP",0.0132866776094973,0.838587090692944,0.323,0.246,1
"CACNA1D",0.0133157921204951,1.25233644782371,0.081,0.032,1
"ENSG00000291186",0.0133170216702896,1.05153056625432,0.157,0.091,1
"ACADM",0.0133236495690915,-0.436228602653306,0.266,0.382,1
"DCUN1D2",0.0133298418177487,-0.643638465813013,0.093,0.168,1
"NPTX2",0.0133330507106779,-0.455910050900773,0.153,0.242,1
"CBFA2T2",0.0133501056888462,-0.524135382579203,0.246,0.351,1
"AMMECR1L",0.0133847925433873,-0.507263433075865,0.137,0.232,1
"YES1",0.0134126689843163,-0.516169196323198,0.214,0.316,1
"KLF9",0.013413003079533,-0.661141708581606,0.109,0.189,1
"ZNF292",0.0134888401192972,-0.470109806409327,0.444,0.554,1
"FAM216B",0.0135430814457509,-0.145613866965623,0.968,0.986,1
"RAB17",0.0135432471386002,-0.36597183874578,0.206,0.33,1
"NRIP1",0.0135752480875641,-0.475443625090805,0.242,0.347,1
"ZDHHC7",0.0136116026073226,-0.432161761958936,0.27,0.375,1
"DPCD",0.013647572906296,0.381631435970048,0.601,0.523,1
"MRPL52",0.0136496982432485,0.403706203555309,0.673,0.625,1
"RSPH1",0.0136506781169227,-0.113360480910143,0.984,1,1
"GRINA",0.013651534322985,-0.307459755031885,0.552,0.66,1
"FBN2",0.0136539806320829,-0.487266131433082,0.093,0.168,1
"TMBIM1",0.0137005563902437,-0.366036820144862,0.56,0.663,1
"PML",0.0137135979768057,-0.137214884975865,0.242,0.358,1
"DYRK1A",0.0137424164709347,-0.278759895395646,0.367,0.488,1
"ENTPD6",0.0138226061637865,-0.477594433474741,0.105,0.186,1
"MTMR9",0.0138256463141841,-0.772246299414666,0.101,0.179,1
"TRAM2",0.0138325704574417,-1.05763339003499,0.028,0.077,1
"HLA-DPB1",0.0139153764207967,0.880879536252807,0.097,0.042,1
"C9orf24",0.0139325760562687,0.146140686756925,0.988,0.993,1
"CIAO2B",0.0139476913226436,0.260321854567279,0.71,0.663,1
"CFAP251",0.0139690797814646,-0.147416332702256,0.81,0.891,1
"WASF3",0.0139836323946169,2.1555692002033,0.044,0.011,1
"STRN3",0.0139905675810723,-0.395765479391863,0.315,0.414,1
"TOR2A",0.0140447887350394,-0.387855587924332,0.181,0.277,1
"SAP30-DT",0.0140566472167435,0.622645179786223,0.472,0.407,1
"LARP4",0.0140756023980841,-0.105094874819086,0.327,0.453,1
"CEBPG",0.0140873144855111,-0.256554740541332,0.512,0.642,1
"TMEM260",0.0140980933959315,-0.294044859121756,0.371,0.491,1
"MFSD14C",0.0141826727990803,-0.405085498020898,0.294,0.418,1
"ZNF76",0.0141872167396575,-0.744261983350027,0.101,0.179,1
"FAM110C",0.0141920651963185,-0.204777170300329,0.431,0.537,1
"SLC24A3",0.0142692152768151,-1.99668512614522,0.02,0.063,1
"SOX9",0.0143557135591509,0.98485466544194,0.19,0.119,1
"CDC27",0.0143595718104084,-0.378473078583963,0.294,0.421,1
"SORBS1",0.0143848400103736,-2.10408670079921,0.008,0.042,1
"ZNF233",0.0143848400103736,-1.97953988482581,0.008,0.042,1
"DRC1",0.0144211074993758,-0.198687862900851,0.895,0.909,1
"ENSG00000289725",0.0144662890351928,-1.77558799235213,0.008,0.042,1
"ENSG00000290846",0.0144662890351928,-1.64713574279597,0.008,0.042,1
"MANCR",0.0144662890351928,-1.66100236935035,0.008,0.042,1
"ANKLE2",0.0144704355716219,-0.421908417567516,0.23,0.337,1
"NBPF3",0.0144896561494348,-0.51615396431027,0.097,0.175,1
"GALNT7",0.014511868714557,-0.411680022360584,0.29,0.393,1
"LINC02307",0.0145296079786065,-0.462802335903811,0.06,0.126,1
"CLTCL1",0.0145481444738077,-1.81420638614208,0.008,0.042,1
"USP31",0.0145520802968419,-0.51913381163392,0.141,0.232,1
"KIAA1191",0.0145560063249439,0.438427871492023,0.621,0.589,1
"PRKCB",0.0146304080133498,-1.73213774754943,0.008,0.042,1
"HDAC7",0.0146557703155024,-0.445778716703054,0.302,0.418,1
"ENSG00000287733",0.0146668296971051,-0.242835593822477,0.073,0.144,1
"ALDH3A1",0.0147452177818584,0.919172622984769,0.181,0.109,1
"CHST4",0.0147465701516359,-1.21109248529155,0.04,0.095,1
"IL17RA",0.0147563594309547,-0.407217553395995,0.157,0.253,1
"USP15",0.0147670932720059,-0.528254814878887,0.238,0.337,1
"ATG12",0.0147675248999176,0.577896913434739,0.431,0.365,1
"KANSL1L-AS1",0.0147728951305273,-2.14974450986834,0.016,0.056,1
"TAOK1",0.0147775035497218,-0.380493777236616,0.431,0.533,1
"CTSB",0.0148080584908255,-0.207939813557884,0.931,0.94,1
"MAD2L1-DT",0.0148175149901041,-1.1733038381842,0.048,0.105,1
"FAM193A",0.0148436127285071,-0.288171321020361,0.335,0.46,1
"RETREG1",0.0149207175656653,-0.71505529897161,0.19,0.281,1
"UBL5",0.0149780762589073,0.260137294162969,0.903,0.87,1
"VIM",0.0150169513171333,0.25143179153355,0.976,0.961,1
"PDE4DIP",0.0150209264380115,-0.194963018061966,0.577,0.698,1
"ENSG00000249000",0.0151667960467887,-1.62685121843495,0.012,0.049,1
"TRMU",0.0151826932044622,-1.48276389005539,0.02,0.063,1
"B3GALNT2",0.0151829515336499,-0.625533602005532,0.153,0.246,1
"EYA1",0.0151846871328618,-0.5616957177505,0.29,0.386,1
"UBE2D3",0.0152130995158345,-0.224999609617053,0.855,0.902,1
"PGBD5",0.0152178223907156,1.76418499354667,0.044,0.011,1
"SNHG12",0.0152424717020374,-1.05535593835562,0.089,0.158,1
"ZNF236",0.0152503182545978,-0.428084037581471,0.153,0.246,1
"ZCWPW1",0.0152841043051607,-0.519462321618855,0.157,0.242,1
"AKR7A2",0.0152893944880582,0.302467982473488,0.645,0.596,1
"NDUFA6",0.0153617587902929,-0.180366614934169,0.387,0.53,1
"KPNA4",0.0153662197287951,-0.24156814619089,0.669,0.737,1
"MED27",0.0153697292785093,-0.765685154734119,0.145,0.228,1
"SON",0.015449174256588,-0.148519075814887,0.948,0.947,1
"SGMS1-AS1",0.0154493343435477,-0.603374298982353,0.089,0.158,1
"HOOK1",0.0154579890863303,-0.400744344952123,0.379,0.505,1
"ITGAD",0.0154794807110614,-2.60806677307362,0.012,0.049,1
"ZNF571-AS1",0.0155896934902018,-1.36091803682561,0.02,0.063,1
"SIRT1",0.0156083288254042,-0.455976452206743,0.153,0.246,1
"PSMD1",0.0156218280232611,-0.244143805139228,0.641,0.761,1
"LINC01090",0.0156379400274275,-1.52933991344196,0.012,0.049,1
"FBLN5",0.0156480485959062,-0.454046017179721,0.331,0.432,1
"C7orf57",0.0156554441358388,-0.246998856667032,0.512,0.646,1
"TXNDC11",0.0156598634046894,-0.269883126183373,0.31,0.432,1
"GAPVD1",0.0157676411928453,-0.33941187901492,0.435,0.554,1
"SLC23A1",0.0158345627158702,0.403703587969246,0.734,0.695,1
"DMKN",0.0159251136991594,0.224129474566752,0.819,0.811,1
"SBNO2",0.0159442315346491,-0.492003579421969,0.339,0.46,1
"HELZ",0.0159472157507636,-0.408169073153112,0.319,0.432,1
"SHQ1",0.0159648740022507,-0.448908129127239,0.286,0.404,1
"FAM166C",0.0160184667261257,-0.369367798837409,0.194,0.288,1
"PPM1A",0.016060799185429,-0.27352597687937,0.379,0.509,1
"TCEANC2",0.0160755185057504,-0.190749664948697,0.27,0.386,1
"MAL2",0.0160763069343219,-0.327908018251538,0.484,0.589,1
"TXLNB",0.0160953233357383,-0.960364876350958,0.065,0.126,1
"SYS1",0.0161018080061622,0.40871709092742,0.698,0.67,1
"TNFAIP8",0.016115883901106,-0.506416900832453,0.25,0.34,1
"SOX4",0.0161623569259811,0.612457426803538,0.601,0.544,1
"ARX",0.0161983800490392,3.12129421204814,0.02,0,1
"CRAT",0.0161983800490392,2.45542861101375,0.02,0,1
"CRYBB2",0.0161983800490392,2.42102791693123,0.02,0,1
"DOK5",0.0161983800490392,2.81137576387654,0.02,0,1
"ENSG00000291099",0.0161983800490392,2.21773457224268,0.02,0,1
"FBXO2",0.0161983800490392,2.55438392477897,0.02,0,1
"NIHCOLE",0.0161983800490392,3.15131548430648,0.02,0,1
"NLRP12",0.0161983800490392,2.66698611650728,0.02,0,1
"NUDT19-DT",0.0161983800490392,2.27859992940123,0.02,0,1
"PAEP",0.0161983800490392,2.96947297523909,0.02,0,1
"TFAP2A-AS2",0.0161983800490392,2.6797012699273,0.02,0,1
"ALDH1L1-AS1",0.0161983800490392,2.34815902934829,0.02,0,1
"ENSG00000231980",0.0161983800490392,2.53730090844428,0.02,0,1
"TMX4-AS1",0.0161983800490392,2.54636877718381,0.02,0,1
"PSMB8-AS1",0.0162072898357522,-0.392203913292547,0.161,0.26,1
"HSD3B7",0.0162139099672042,1.43006082513894,0.056,0.018,1
"DDRGK1",0.0162571313514859,-0.293034756667562,0.282,0.407,1
"SLC7A9",0.0162893835502568,-1.29664761099407,0.02,0.063,1
"WWOX",0.0162894351749727,-0.560174341650573,0.391,0.509,1
"GOLPH3",0.0162984534684294,-0.267519622546926,0.532,0.649,1
"TPCN1",0.0163015546489881,-0.378348041786834,0.29,0.396,1
"ILF2",0.0163035263322565,-0.138853937196509,0.633,0.744,1
"BDKRB2",0.0163086350074789,-1.42413670701549,0.016,0.056,1
"CCNH",0.0163533312236992,-0.382212958333052,0.427,0.544,1
"AKAP9",0.0163538046910477,-0.168152013886163,0.972,0.996,1
"EXD3",0.0163874513736633,-0.948342556004683,0.093,0.161,1
"FBLN7",0.0164021290399327,-0.975834539592326,0.081,0.147,1
"DGLUCY",0.0164035295740752,-0.537261162147894,0.395,0.491,1
"ZNF248",0.0164229718365348,-0.698447162914962,0.185,0.274,1
"TGOLN2",0.0164243578203398,-0.193325795112162,0.875,0.919,1
"CCDC78",0.0164428040633388,0.459152303868384,0.645,0.614,1
"ENSG00000290835",0.0164632370615185,1.69606913893062,0.077,0.032,1
"GARS1-DT",0.0164664351612956,-0.376132679311602,0.226,0.34,1
"LAMP1",0.0164744944670065,-0.261465995815797,0.762,0.821,1
"UBAC1",0.0164814808809132,0.184481180376828,0.919,0.905,1
"CRYAB",0.0165019122043973,-0.597332218917633,0.359,0.446,1
"BRIX1",0.0165042348263152,-0.686622099493672,0.226,0.312,1
"RMC1",0.0165061361592243,-0.459544456418833,0.258,0.361,1
"CYP20A1",0.0166014330050332,-0.283496364416263,0.589,0.656,1
"ARL16",0.0166017846604156,0.732663157059912,0.29,0.221,1
"FAM20C",0.0166245419306337,-0.699229329502754,0.052,0.112,1
"CAT",0.0166507072547857,-0.177821816504396,0.806,0.874,1
"PTPN14",0.0166690716611867,-0.1475921240234,0.48,0.589,1
"USP37",0.0166696333310577,-0.299173222106407,0.23,0.333,1
"TLE3",0.0168201200289689,1.50334724248358,0.073,0.028,1
"FOXP1",0.0168308269382874,0.35810046601636,0.774,0.726,1
"IRAK4",0.016832578344433,-0.311773324608891,0.302,0.421,1
"ENSG00000277228",0.0169333199717032,-1.57468727807128,0.04,0.091,1
"FAU",0.0169476876479028,0.312662719803651,0.843,0.775,1
"ARF4",0.0169497238743468,0.2637933455815,0.911,0.874,1
"ENSG00000278903",0.0170398741904688,2.4073308383093,0.036,0.007,1
"SLC7A6OS",0.017058417373091,-0.915083610215524,0.089,0.158,1
"RRP12",0.0171077195733606,-0.602062779095566,0.109,0.186,1
"CSNK1E",0.0171467996652924,0.309834125175325,0.766,0.782,1
"MSANTD2-AS1",0.017188435282121,1.28470144644325,0.129,0.07,1
"ZSWIM1",0.0172346439609802,-0.755214479596516,0.06,0.123,1
"CSRP1",0.0172565367096991,-0.399721578827154,0.315,0.439,1
"STT3B",0.0173185214676411,-0.278036952598376,0.319,0.449,1
"GNGT1",0.0173484169092855,0.566874381467089,0.246,0.161,1
"ENSG00000286850",0.0173607501272333,2.48554744315983,0.036,0.007,1
"SAP130",0.0173611064144269,-0.527055896253805,0.097,0.172,1
"SYS1-DBNDD2",0.0173923644888999,-0.910955068387903,0.056,0.116,1
"PNISR",0.0174141580521546,-0.229425381294244,0.867,0.916,1
"PM20D2",0.0174274559423808,-0.619201060092314,0.177,0.267,1
"CRADD",0.0174361645427765,-0.45256758347843,0.52,0.607,1
"RTP4",0.0174366256605037,-0.46191439124547,0.141,0.232,1
"SLC15A2",0.0174434367713719,1.9571496234426,0.06,0.021,1
"FABP5",0.0174531228716554,1.50021640634839,0.073,0.028,1
"AKR1E2",0.0174688800538186,1.98611224844346,0.036,0.007,1
"STRN",0.0174864610192564,-0.554123979630081,0.194,0.288,1
"FOXN2",0.0175008195354149,-0.827810466840074,0.056,0.116,1
"ZW10",0.0175008195354149,-0.880662176997688,0.056,0.116,1
"FAM199X",0.0175531813165932,-0.558669966600628,0.169,0.26,1
"VDAC2",0.017573929476403,0.293440344338004,0.77,0.737,1
"ENSG00000226965",0.0175776000112982,2.28497482556469,0.036,0.007,1
"BZW2",0.0175826076300528,0.77163487465757,0.339,0.274,1
"ECSIT",0.017653268954255,-0.922353167460039,0.036,0.088,1
"MON1A",0.0176822105665748,1.70030118261919,0.06,0.021,1
"CENATAC",0.017702987854215,-0.430954334785428,0.165,0.253,1
"NDE1",0.0177075206203911,-0.50045588022597,0.278,0.382,1
"CTCF",0.017710276883464,-0.369139709416299,0.351,0.463,1
"LNC-LBCS",0.0177817360006274,-0.27483213825156,0.694,0.814,1
"LINC01982",0.0177968206132369,2.11856906040105,0.036,0.007,1
"CCT5",0.0178009886615015,-0.298438632921742,0.758,0.772,1
"FGGY",0.0178196585000895,0.628698745772468,0.323,0.246,1
"TIFA",0.0178405144630763,-0.817299916571752,0.101,0.172,1
"TLR4",0.0178448367900567,-0.839406004642572,0.121,0.196,1
"TTC5",0.0178450574110549,0.494853034771041,0.633,0.596,1
"CASTOR3",0.0178725835498699,-0.259695131157136,0.601,0.712,1
"ZNF264",0.0179117098188595,-0.370902526233313,0.536,0.649,1
"SLC28A2-AS1",0.018005028930185,1.88215841537205,0.06,0.021,1
"ABCA5",0.0180338387239588,-0.361274870823502,0.359,0.47,1
"HLA-DMA",0.0180683403450065,-0.507874290563224,0.294,0.404,1
"PKHD1L1",0.0181147608674272,-0.635471172462415,0.298,0.389,1
"LINC00342",0.0181327428522262,-0.528366996167615,0.556,0.646,1
"TMEM220",0.0181415747223378,-0.643538061559897,0.097,0.168,1
"CTNNA1",0.018304368807727,-0.153248430299175,0.935,0.951,1
"CLP1",0.0183119131592346,-0.773404724043513,0.121,0.2,1
"USP24",0.0183541664353204,-0.25244754036285,0.327,0.449,1
"PRR5",0.0183553839198436,1.58729814235759,0.036,0.007,1
"APBA1",0.0184111790476955,-0.917321665944443,0.073,0.137,1
"TMEM50A",0.0184355079899288,-0.200775191401375,0.895,0.902,1
"LINC02762",0.0184689200881791,1.60825141275388,0.036,0.007,1
"ZHX2",0.0184875286400374,-1.16356571440833,0.06,0.119,1
"PRKD1",0.0184967831142109,-1.06047043460727,0.032,0.081,1
"NHSL1",0.0184992982740751,-0.46404178499057,0.315,0.428,1
"HIBADH",0.0185425910614193,0.424070928444935,0.56,0.526,1
"POLI",0.018542861299886,-0.289978725317243,0.347,0.446,1
"SSBP2",0.0185467918059547,-0.33336183761623,0.548,0.656,1
"SCD5",0.0185844847716127,-0.680543458076653,0.214,0.298,1
"CD4",0.0185947323334321,0.627292912480724,0.456,0.379,1
"SENP8",0.0186203852154486,-0.668497740007821,0.101,0.175,1
"RDH13",0.0186284834441088,-0.973467465014333,0.052,0.109,1
"CCDC28A",0.0186346287673881,0.28720054760746,0.827,0.811,1
"SERPINA6",0.0186485047325389,0.379620713161748,0.875,0.821,1
"PLEKHA7",0.0186609226033037,-0.293055857341874,0.512,0.642,1
"PCCA",0.0186674103354314,-0.518392576540147,0.407,0.509,1
"PRKAR1A",0.0187479051368842,-0.126642240390278,0.96,0.968,1
"ENSG00000289100",0.0187503047594775,1.51721504665774,0.06,0.021,1
"SIAH3",0.018769873925137,-0.158003015948996,0.464,0.6,1
"ENSG00000234405",0.0187837344116643,-0.785174664946406,0.065,0.126,1
"CEBPZOS",0.0187915374585776,0.308780221164603,0.734,0.691,1
"HECA",0.0189035065886929,-0.556758213606059,0.306,0.4,1
"HNRNPA1L3",0.0189339839245226,-0.350619413676346,0.177,0.281,1
"B3GNT4",0.0189429844200287,2.64987643461719,0.028,0.004,1
"ENSG00000286488",0.0189429844200287,2.2240479178765,0.028,0.004,1
"FAM110A",0.0189429844200287,2.47552301349815,0.028,0.004,1
"COX8A",0.0189484480523882,0.280379975999688,0.835,0.818,1
"NUP85",0.0189587404780651,0.834647698243317,0.339,0.263,1
"ACTR2",0.01896897344371,-0.225100426917225,0.778,0.846,1
"GLB1L2",0.0189871749558525,-0.645024046417639,0.149,0.232,1
"ENSG00000260658",0.0189974257575032,-1.12193979526205,0.06,0.119,1
"GOLGA6L4",0.0190174615525628,-2.17097357319803,0.004,0.032,1
"ILRUN-AS1",0.0190432373800182,1.10707043045517,0.153,0.091,1
"NFIB",0.0190756585265932,-0.133952193705565,0.798,0.881,1
"ABCC11",0.0190795121674489,3.41079769182765,0.028,0.004,1
"TRIR",0.0190841688347092,0.464459326841919,0.823,0.779,1
"TNKS2",0.0190909046287741,-0.221212499648833,0.512,0.6,1
"OGT",0.0191210407195542,-0.321691516952963,0.383,0.498,1
"VWA5B2",0.0191560948829355,0.478841546915078,0.351,0.267,1
"TXLNG",0.0191995915933525,-0.128017754844082,0.355,0.456,1
"CLPTM1",0.0192142639116789,-0.265345757992371,0.315,0.449,1
"SCRN1",0.0192255779496082,-0.552774461743421,0.153,0.239,1
"STAU2-AS1",0.0193876713494624,-1.98987484255458,0.004,0.032,1
"ENSG00000286536",0.0193877148537168,-1.95550028943001,0.004,0.032,1
"ENSG00000290230",0.0193877148537168,-2.04300893416328,0.004,0.032,1
"SNX11",0.0193928345716309,-0.645584818909167,0.117,0.193,1
"FBP1",0.0194056536362394,1.83003441257295,0.048,0.014,1
"SLC25A24",0.0194860399981081,-0.262119839013537,0.585,0.684,1
"ENSG00000272541",0.0194942699558652,1.90788712073254,0.028,0.004,1
"CTNNAL1",0.0195119846082187,-0.179123068566903,0.641,0.74,1
"SERINC1",0.0195191931083465,-0.280063474647592,0.565,0.688,1
"SLC2A11",0.0195210078453509,-1.03765849710709,0.077,0.14,1
"SERPINB8",0.0195212312057671,-0.829446437560083,0.044,0.098,1
"SPIRE1",0.0195607240635168,-0.987141743647721,0.032,0.081,1
"MAP1LC3B",0.019610872029362,-0.261570418726378,0.79,0.811,1
"ENSG00000213062",0.0196380357173414,-1.89681889539386,0.004,0.032,1
"ENSG00000234740",0.0196380357173414,-2.00173817837327,0.004,0.032,1
"VPS26A",0.0196583106627414,-0.390668861613824,0.226,0.326,1
"ENSG00000274253",0.0197542069598302,1.03749118428345,0.145,0.084,1
"GSTM2",0.0197642513615665,-1.63768860218672,0.004,0.032,1
"SERPINE1",0.0197751316583397,1.91814672138218,0.028,0.004,1
"SNRNP70",0.019778365203964,-0.308474728423969,0.427,0.53,1
"SYT14",0.0197798134707638,-0.882295189118403,0.032,0.081,1
"KLF2",0.0197991540677957,0.957717021134851,0.278,0.204,1
"ENSG00000230325",0.0198053408547459,1.90501541693994,0.048,0.014,1
"RAPGEFL1",0.0198744148790874,1.3370815458264,0.06,0.021,1
"RALGPS2",0.0198827812310695,-0.461484788030636,0.415,0.512,1
"DOP1A",0.0198896281857366,-0.536051614931643,0.194,0.288,1
"BRAF",0.0199020116750483,-0.422225947490189,0.448,0.537,1
"CEP85L",0.0199047358822226,-0.727316633130745,0.093,0.165,1
"TRPC4",0.0199168828598397,1.69922160182893,0.028,0.004,1
"PREPL",0.0199185999973168,-0.234202572726345,0.48,0.611,1
"IMMP2L",0.0199618738318709,-0.69428282127692,0.222,0.316,1
"SCGB2A1",0.0199774271850391,0.339204123272729,0.992,0.989,1
"STK3",0.0200098608511212,-0.404552197480268,0.387,0.477,1
"GNS",0.0200151759677292,-0.232203544394728,0.694,0.779,1
"CLEC4D",0.0200188091965397,-1.41192680492668,0.004,0.032,1
"ENSG00000280850",0.0200188091965397,-1.66577345490532,0.004,0.032,1
"FAM106A",0.0200188091965397,-1.47462749791105,0.004,0.032,1
"PDZK1IP1",0.0200188091965397,-1.58426123300157,0.004,0.032,1
"TACC3",0.0200188091965397,-1.63424834385152,0.004,0.032,1
"TAS2R14",0.0200188091965397,-1.76690372860453,0.004,0.032,1
"ENSG00000288973",0.0200422205282117,1.35152636156223,0.077,0.032,1
"SYPL1",0.020060723714168,-0.267733022231615,0.778,0.846,1
"ADNP",0.0201413003526876,-0.229091865881386,0.391,0.495,1
"HEBP1",0.0201471578656969,-0.979985249437498,0.004,0.032,1
"DYNLL1",0.0201886228851712,0.143586426081659,0.996,0.996,1
"ABHD4",0.020193436834299,0.8622301507514,0.177,0.109,1
"CDK16",0.0202686221880219,0.934977524245432,0.339,0.284,1
"LAD1",0.0202962069606779,0.502546946040402,0.415,0.351,1
"SOX2-OT",0.0203001959426139,-0.944803626291894,0.04,0.091,1
"DHX57",0.0203801372423493,-0.335002778962228,0.371,0.495,1
"CREBBP",0.0204055282136488,-0.221032869756076,0.456,0.589,1
"MYLK",0.0204178059583388,-0.294360011153955,0.698,0.751,1
"CLDND1",0.0204955529487701,-0.248168042024204,0.44,0.579,1
"ARHGAP21",0.0205145254868261,-0.379884712177585,0.294,0.393,1
"ENSG00000268458",0.0206263272600311,1.64191080725516,0.048,0.014,1
"RNF5",0.0206310304823052,0.356846095203886,0.714,0.681,1
"BLZF1",0.0206836153457467,-0.404703356929932,0.181,0.27,1
"SLC4A7",0.0207014514941813,-0.614179845743776,0.165,0.253,1
"ZBTB7C",0.0207200102553122,0.757397240146713,0.25,0.175,1
"GINM1",0.0207788258686121,-0.185834594644356,0.419,0.558,1
"NENF",0.0208344196160355,-0.960135721008128,0.028,0.074,1
"EEF2K",0.0208421516008151,0.325927473609945,0.702,0.66,1
"FOSL2",0.020861997223723,-0.271448365182855,0.399,0.53,1
"WDR77",0.0208764668835989,0.703561636299024,0.367,0.305,1
"SUOX",0.0209041851951686,0.535096423261608,0.319,0.242,1
"STAT1",0.0209232352517235,0.474454608126236,0.71,0.663,1
"STARD9",0.020964749648762,1.16367488178307,0.169,0.105,1
"TPRG1L",0.0209832078258442,0.479853786020341,0.52,0.463,1
"TSKU-AS1",0.0209848439183074,-0.563864652140935,0.032,0.081,1
"TUBA1B",0.0210099296493587,0.255891760251071,0.81,0.807,1
"ZNF84",0.0210132267833033,-0.35525553029449,0.234,0.347,1
"OPTN",0.0210171840460146,-0.439377652196076,0.371,0.481,1
"SLAIN1",0.0210590630398808,-0.55301442583397,0.198,0.281,1
"ENSG00000286656",0.0210773408364422,-0.680612544365528,0.028,0.074,1
"YWHAQ",0.0211243713408419,-0.231597677241281,0.794,0.835,1
"LGMN",0.0211313815700393,-0.322057971365692,0.435,0.572,1
"ABCA13",0.0211316115044941,-0.755202939655709,0.052,0.109,1
"RALGAPB",0.0211329031997081,-0.375879430725295,0.371,0.502,1
"NT5E",0.0211508106846622,0.787594334085877,0.27,0.193,1
"ZBTB26",0.0211554363200295,-0.926393499282859,0.04,0.091,1
"ACSS1",0.0211729209143784,0.610329792256107,0.31,0.232,1
"ENSG00000285081",0.0211842253563772,-0.661963551231354,0.073,0.137,1
"MYO1C",0.0211862531323765,-0.54284102038215,0.048,0.105,1
"STARD13",0.0211947803222881,-0.617639407591514,0.214,0.305,1
"C5AR1",0.0212128693372386,0.255747356563554,0.79,0.828,1
"ARID1B",0.021284613104257,-0.183123527071784,0.641,0.73,1
"MUC20",0.0213592958218466,-0.957856614252544,0.036,0.084,1
"CUL2",0.0213675521047301,-0.378779909193222,0.266,0.375,1
"TRA2A",0.0214020803580844,-0.281303937464521,0.778,0.804,1
"MRPS9",0.0214085950506565,-0.270086035164133,0.504,0.635,1
"PIP5K1A",0.0214223305118349,-0.474736080946063,0.177,0.267,1
"STING1",0.0214262909206434,0.260481547416483,0.851,0.839,1
"RNF141",0.0214311723801083,0.380224964491312,0.565,0.505,1
"DDAH2",0.0214578823952556,0.919107581655995,0.294,0.232,1
"LINC02035",0.0214805853984526,-0.746456721870455,0.073,0.137,1
"RBM26",0.0215025291228982,-0.356665441891473,0.431,0.519,1
"MCUR1",0.0215138168790776,-0.448371239246455,0.234,0.333,1
"ENSG00000286830",0.0215506776911517,-0.280236187529911,0.629,0.733,1
"ZCCHC2",0.021605587112839,-0.518186744904758,0.266,0.372,1
"IL6ST",0.021661202266612,-0.346004470032596,0.516,0.642,1
"XKR8",0.0216894818485587,-0.647972895484528,0.056,0.116,1
"ANGPT1",0.0217798361325603,-2.24081084502828,0,0.021,1
"ANKRD33B",0.0217798361325603,-1.99890215396192,0,0.021,1
"CCDC141",0.0217798361325603,-2.20061624746186,0,0.021,1
"CCL5",0.0217798361325603,-2.24720848527135,0,0.021,1
"CDK6",0.0217798361325603,-1.87814472416461,0,0.021,1
"CRACR2A",0.0217798361325603,-1.88066576873278,0,0.021,1
"CYP4F29P",0.0217798361325603,-3.07376102881306,0,0.021,1
"ENSG00000248837",0.0217798361325603,-2.0762964811194,0,0.021,1
"ENSG00000249678",0.0217798361325603,-2.14496690159233,0,0.021,1
"ENSG00000257894",0.0217798361325603,-3.18422456543068,0,0.021,1
"ENSG00000275092",0.0217798361325603,-2.35251235357909,0,0.021,1
"ENSG00000275580",0.0217798361325603,-2.60275356079278,0,0.021,1
"ENSG00000275720",0.0217798361325603,-2.43669693521472,0,0.021,1
"ENSG00000276517",0.0217798361325603,-1.98999664986972,0,0.021,1
"ENSG00000284642",0.0217798361325603,-2.59134073625737,0,0.021,1
"ENSG00000285696",0.0217798361325603,-2.0513769625114,0,0.021,1
"ENSG00000288845",0.0217798361325603,-2.14613348637192,0,0.021,1
"ENSG00000289276",0.0217798361325603,-2.04514884208652,0,0.021,1
"FMNL1",0.0217798361325603,-2.04778309004675,0,0.021,1
"GPC6",0.0217798361325603,-1.97492676377656,0,0.021,1
"GPR153",0.0217798361325603,-1.99898244631683,0,0.021,1
"GSTA4",0.0217798361325603,-2.07828123614013,0,0.021,1
"HAGLR",0.0217798361325603,-2.36196943960252,0,0.021,1
"HAUS4",0.0217798361325603,-2.31565857046616,0,0.021,1
"HS6ST3",0.0217798361325603,-2.26096938036702,0,0.021,1
"LBX2",0.0217798361325603,-2.09162603426104,0,0.021,1
"LDLRAD3",0.0217798361325603,-2.29911542169302,0,0.021,1
"MMP7",0.0217798361325603,-2.17694933760198,0,0.021,1
"NEURL2",0.0217798361325603,-1.97065131801629,0,0.021,1
"PLA2G2C",0.0217798361325603,-2.34048607839518,0,0.021,1
"PLPPR5",0.0217798361325603,-1.96129520152044,0,0.021,1
"PPP1R16B",0.0217798361325603,-2.21762576298423,0,0.021,1
"PSEN2",0.0217798361325603,-1.98581104591456,0,0.021,1
"RAPGEF4",0.0217798361325603,-2.0544621427204,0,0.021,1
"SCEL",0.0217798361325603,-1.66628996783911,0,0.021,1
"SCRG1",0.0217798361325603,-2.30232099270335,0,0.021,1
"SLC22A3",0.0217798361325603,-2.05922704509711,0,0.021,1
"TTN",0.0217798361325603,-2.14928249544083,0,0.021,1
"ENSG00000289599",0.0217798361325603,-2.20705820594397,0,0.021,1
"ENSG00000259937",0.0217798361325603,-2.15670136578114,0,0.021,1
"ENSG00000287313",0.0217798361325603,-2.12431587020203,0,0.021,1
"PHB1",0.0217882997474807,0.485419939657601,0.544,0.505,1
"HGD",0.0218088120791121,-0.232453861800411,0.673,0.737,1
"UPF3B",0.0218218570404492,-0.280552510969447,0.31,0.418,1
"ENSG00000228792",0.0218279485929837,1.15012862498337,0.081,0.035,1
"MPHOSPH8",0.0218680758644066,-0.184827108561568,0.677,0.751,1
"ZNF677",0.0219056593381445,1.12594687088752,0.133,0.077,1
"PRKACB",0.0219056687395015,1.25444335402066,0.133,0.077,1
"FSD1L",0.0219124856639754,0.340305690980486,0.661,0.628,1
"TIPIN",0.0219656966219947,-0.774786022486607,0.069,0.13,1
"KLF3-AS1",0.0219697218539553,-0.640198376145306,0.137,0.218,1
"CDK7",0.02198270681056,0.352381940566912,0.629,0.547,1
"ENSG00000290110",0.0219862857354043,-2.3617374795247,0.008,0.039,1
"MTHFD1L",0.0220345344419237,-0.556786907127341,0.169,0.26,1
"WDR5",0.0220954555113976,-0.584347199614769,0.145,0.228,1
"SCIN",0.022144202460697,-0.302001842230355,0.56,0.646,1
"GJB6",0.0221569218350489,-0.539938968426454,0.177,0.263,1
"ENSG00000259865",0.0221712580875756,-0.669550194315363,0.081,0.147,1
"NLGN1",0.0222317829924098,-3.17849648444359,0.008,0.039,1
"ZBED3",0.0222375230647885,-0.76492873016523,0.202,0.277,1
"LRRC8A",0.0222853212540393,-0.564609962603422,0.044,0.098,1
"NEURL1B",0.0222853212540393,0.920997355033152,0.101,0.049,1
"SCGB2A2",0.0222919778193794,-0.100564736536177,0.282,0.379,1
"TLNRD1",0.0223284675119275,-0.384143823004564,0.181,0.281,1
"TBCA",0.022337395486129,0.234614417588706,0.919,0.94,1
"DNAJC16",0.0223440694428096,-0.293142361127161,0.516,0.618,1
"INO80C",0.0223845969761865,0.273625027451753,0.169,0.267,1
"GFM2",0.0224162192285535,-0.256120528361644,0.589,0.695,1
"FARP1",0.0224477112049833,-0.260524437529761,0.556,0.667,1
"PLEKHG3",0.022469147181064,-0.113465471625319,0.185,0.288,1
"ENSG00000223786",0.0224796606090456,-1.95050835751846,0.008,0.039,1
"EIF5A",0.0224873376169808,0.574193456966066,0.573,0.505,1
"GET3",0.0225711280910899,0.483655853282764,0.359,0.274,1
"UFL1-AS1",0.022589603937251,-1.14044243494879,0.048,0.102,1
"CPLANE1",0.0226341498273478,-0.412644587001075,0.484,0.572,1
"USP22",0.0226663039564077,0.188590547520244,0.802,0.786,1
"ZNF703",0.0226999151242174,-0.449211617628306,0.141,0.225,1
"BRCA2",0.0227299372076193,-1.79452255112662,0.008,0.039,1
"NCAPH2",0.0227299372076193,-1.77354567469606,0.008,0.039,1
"RABL3",0.0227465257793738,-0.342417334383809,0.472,0.575,1
"UTP11",0.0227470617070236,-0.285949635145514,0.294,0.414,1
"CWC27",0.0227979311014715,-0.413075256466402,0.379,0.498,1
"KRBOX4",0.0228290531006375,-0.787136585602996,0.105,0.175,1
"SYT5",0.0228559809704071,-1.86567742070261,0.008,0.039,1
"LSP1P5",0.0228717390032181,-1.08794595640906,0.024,0.067,1
"C22orf39",0.0228736163670434,-0.541953053607725,0.129,0.207,1
"PPP1R12B",0.0228857441064417,-0.591135554677308,0.315,0.393,1
"EGFR",0.0229055130891237,-0.309480386108151,0.407,0.523,1
"LAMA5",0.0229116210671825,-0.288998030612856,0.391,0.516,1
"CCHCR1",0.0229184216409774,0.828096464119006,0.234,0.165,1
"ENSG00000254777",0.0229449819066046,-0.793018238760903,0.056,0.112,1
"KDELR3",0.022950683637332,-0.597428511400118,0.081,0.147,1
"NIPA2",0.0230295781034804,-0.319208326711344,0.367,0.474,1
"CCDC113",0.0230529363680071,0.183702827819308,0.927,0.923,1
"PLSCR4",0.0230664285894423,-0.287297247475398,0.181,0.27,1
"DIO3OS",0.0231098911650944,-1.70531209141769,0.008,0.039,1
"ENSG00000285877",0.0232377623115015,-1.62533470273457,0.008,0.039,1
"SEC24C",0.0233033978886643,-0.241151134225227,0.29,0.414,1
"SFMBT2",0.0233087618239422,-1.2705476241783,0.02,0.06,1
"RANBP3",0.0233108881647717,-0.380328446413859,0.113,0.193,1
"ODAD4",0.0233214598185885,-0.212532482414216,0.855,0.891,1
"SP4",0.023352950092188,-0.84830886340044,0.04,0.091,1
"LCMT1-AS1",0.0233662473100946,-1.37805023421676,0.008,0.039,1
"PGAP4",0.0233767988023586,-0.50233807209287,0.278,0.379,1
"BACE2",0.0233909530452411,-0.239717217997835,0.528,0.646,1
"EXOSC9",0.0234126463045972,-0.352531624971957,0.319,0.425,1
"ARL14EP",0.0234273710509979,-0.342138684595302,0.27,0.375,1
"ENSG00000275674",0.0234363612847556,-0.879447312308042,0.056,0.112,1
"TMED7",0.0234675629469332,-0.294688016019029,0.581,0.674,1
"ANGEL2",0.0234725123693904,-0.532377690435528,0.234,0.333,1
"SEMA5A",0.0234890395762174,-1.67767561844343,0.016,0.053,1
"EYS",0.0234953485328308,-1.37759781966833,0.008,0.039,1
"PLEKHG2",0.0234953485328308,-1.43327169130003,0.008,0.039,1
"SANBR",0.0235186299280092,-0.415104651854525,0.427,0.53,1
"TSKU",0.0235654421641274,-0.588553664560842,0.149,0.228,1
"PDCD5",0.0236005271552267,-0.254709180419233,0.387,0.495,1
"TET1",0.023625068357542,-1.61153217108352,0.008,0.039,1
"ENSG00000289185",0.023625068357542,-1.43276428516777,0.008,0.039,1
"ZZEF1",0.0236544011146844,-0.402144402170947,0.137,0.218,1
"IRX3",0.0236550113620178,-0.125662745390152,0.919,0.93,1
"FRMD4B",0.0236589855893378,-0.190080300330874,0.633,0.751,1
"JMY",0.02366688602142,-0.266269782037187,0.161,0.256,1
"LSAMP",0.0236711293584991,-0.732632438531336,0.036,0.084,1
"PEX1",0.0236767747183139,-0.378973856353773,0.185,0.277,1
"LMBRD2",0.0237259805313046,-0.538469454987663,0.161,0.246,1
"NUCKS1",0.0237626170082432,0.164464386542177,0.935,0.961,1
"ZCCHC7",0.0237831549636497,-0.560826386031444,0.25,0.34,1
"SLC38A7",0.0238100373951795,-0.745108317567984,0.089,0.154,1
"SAP18",0.0238554769312898,0.192206871058853,0.968,0.958,1
"LINC01719",0.0238561710836017,-1.48648125169193,0.012,0.046,1
"NBPF14",0.0238652420745364,-0.457313001604879,0.173,0.26,1
"JAGN1",0.0238756157276428,-0.453765563612676,0.242,0.333,1
"MRPS27",0.0239281799558016,-0.40686470571986,0.222,0.326,1
"PAX2",0.0239370045712633,-1.10682588934932,0.044,0.095,1
"AMACR",0.0239749643701698,-1.3875824474997,0.012,0.046,1
"WDR17",0.0240325652218463,-1.32198284702782,0.016,0.053,1
"PJVK",0.0240902663865094,1.24565537843705,0.133,0.077,1
"ENSG00000289439",0.0240942703127651,-1.58201536093906,0.012,0.046,1
"FAM110B",0.0240942703127651,-1.45076870053774,0.012,0.046,1
"ALMS1P1",0.0240967494456012,-0.553481354600179,0.06,0.119,1
"GCA",0.0241488399440331,0.625282504372944,0.403,0.344,1
"HOMEZ",0.0241777739594215,-0.537233604377854,0.109,0.182,1
"NTRK2",0.0242140906877949,-1.49329509550597,0.012,0.046,1
"VPS4B",0.0242472928001838,-0.317141879231889,0.472,0.6,1
"DNAJC3",0.0242691190917515,-0.205051921383419,0.375,0.498,1
"HPF1",0.024274375873933,0.57616747617237,0.355,0.288,1
"LINC02438",0.0243330835717653,-1.10990509583056,0.052,0.105,1
"MED14OS",0.0243344272755745,-1.36783569390548,0.012,0.046,1
"TAMM41",0.0243397361283448,0.790971021288417,0.198,0.13,1
"AIG1",0.0244036343562424,-0.254902231925865,0.794,0.853,1
"PPP2R1B",0.0244785020877627,-0.297670777650283,0.286,0.396,1
"GTF2IRD1P1",0.0245506289557006,2.28873142227537,0.04,0.011,1
"BICRA",0.0245524079442542,-0.639612012914993,0.153,0.232,1
"CHST6",0.0245664871598181,-0.377642196558382,0.407,0.502,1
"AP1AR-DT",0.0245766562301679,-1.40636750184145,0.012,0.046,1
"ENSG00000257178",0.0245766562301679,-1.55810245218627,0.012,0.046,1
"ZC3H3",0.024581927588682,-0.672244965436456,0.101,0.172,1
"ENTPD4",0.024584046091511,-0.247346980152928,0.234,0.34,1
"ZNF318",0.0246121144022807,-0.40425282275484,0.31,0.411,1
"ANO3",0.0246357223642262,-0.612809238747228,0.02,0.06,1
"ENSG00000290928",0.0246472599125451,-0.53479967748503,0.198,0.281,1
"LINC02997",0.0246614794315129,-1.36548369947758,0.06,0.116,1
"RASA3",0.0246615438586869,-0.211872829156833,0.294,0.4,1
"MYO10",0.0246844940642853,-0.219710626063419,0.423,0.565,1
"NRDC",0.0247235600865173,-0.270212976222285,0.54,0.663,1
"TACSTD2",0.0247271513727659,-0.3237474522977,0.625,0.712,1
"COASY",0.0248122030161116,-0.172114856715775,0.206,0.319,1
"PEMT",0.0248163269106143,-0.714603563701562,0.097,0.165,1
"PTPN23",0.0248172769852781,0.451784281673108,0.347,0.277,1
"TRAIP",0.0248207791142756,2.22521584097438,0.04,0.011,1
"ZDHHC11B",0.024835671720887,1.19541644511013,0.085,0.039,1
"PTK2",0.0249255778835026,-0.378939953855138,0.593,0.667,1
"AMOTL2",0.0249502622939767,-0.274592307364806,0.331,0.446,1
"PLBD1",0.0249568170292083,2.26994952362354,0.04,0.011,1
"ENSG00000249773",0.0250287346140048,-0.39842427055117,0.121,0.2,1
"UNK",0.0250311060177415,0.587963642097615,0.347,0.288,1
"AP5B1",0.0250673874593792,-0.951478555132886,0.012,0.046,1
"ENSG00000268858",0.0250682475184002,-0.70971597632282,0.069,0.13,1
"CLN5",0.0250878741964985,-0.181549489726593,0.306,0.435,1
"GPX2",0.0251390057912771,1.09282161447963,0.19,0.126,1
"ALDH5A1",0.0251756343508769,0.314385200887043,0.613,0.575,1
"ABCC4",0.0251910709384709,-0.694672310739726,0.056,0.112,1
"PRELID2",0.025191387712935,-1.11450902248942,0.012,0.046,1
"SMIM1",0.025191387712935,-1.12185861069654,0.012,0.046,1
"ADGRL2",0.0251939424893298,-0.630310564800377,0.161,0.246,1
"CBY1",0.0252202928003321,0.308837641130765,0.802,0.796,1
"ANKRD13C",0.0252378040171041,-0.423134869803234,0.202,0.302,1
"RPGRIP1L",0.0253775809604567,-0.180836906346972,0.528,0.656,1
"PCMTD2",0.0254563003102147,-0.332762760830514,0.492,0.611,1
"NIPBL-DT",0.0254693543418421,-0.525799313098605,0.06,0.119,1
"WNK4",0.0255074446454918,2.00103061152899,0.04,0.011,1
"SEC23B",0.0255329137889568,-0.297862739217903,0.56,0.667,1
"MLLT3",0.0255759841094866,0.855661838484943,0.27,0.2,1
"SH2D3A",0.0256336885990295,-0.526276401289891,0.081,0.147,1
"SPATA6L",0.0256569212529174,0.257622373286628,0.669,0.628,1
"MAP4K3-DT",0.0256592651262945,-0.469205973726967,0.371,0.467,1
"RABL2B",0.0256642268563565,0.148823223506535,0.964,0.961,1
"ENSG00000290879",0.0256927128564435,-0.780999530454143,0.012,0.046,1
"ATOX1",0.0257271292154388,-0.455471995407574,0.238,0.333,1
"N4BP1",0.0258013158965768,-0.348489005782991,0.254,0.347,1
"TDRD5",0.0258193842805186,-0.740609885600345,0.012,0.046,1
"ARL17B",0.0258457712435284,-1.03792387867421,0.016,0.053,1
"ICMT",0.0258767008508279,-0.236220737536454,0.391,0.505,1
"ENSG00000233223",0.0258821380357174,1.69933250110415,0.073,0.032,1
"CFAP57",0.0259240058323471,-0.184728125249076,0.758,0.863,1
"ARMC2",0.0259798153553068,0.219878249602691,0.859,0.835,1
"MEGF9",0.0260212022400044,-0.715198075146533,0.202,0.274,1
"PTPRS",0.0260350161703825,0.294466590280003,0.165,0.26,1
"ZNF532",0.0260370191105097,-0.283904686559209,0.161,0.246,1
"UXS1",0.0260384034906635,-0.32964025984589,0.456,0.561,1
"DIS3L-AS1",0.0260685519243638,1.47379091529426,0.04,0.011,1
"SYTL1",0.0261164680556815,0.462164542164738,0.375,0.312,1
"PTP4A3",0.0261247369987126,1.61726786800248,0.052,0.018,1
"CASZ1",0.0261372083005919,0.466450642584931,0.492,0.428,1
"HMGB1",0.0261560919309766,0.158597972253817,0.976,0.972,1
"REV1",0.0261763824201852,-0.340896860884394,0.431,0.526,1
"SPATA2L",0.0262304868727804,-1.4488680026353,0.028,0.07,1
"POLR1B",0.0262498858839649,-0.499930174535602,0.105,0.175,1
"ENSG00000276790",0.026353084977975,1.74428249485878,0.04,0.011,1
"SKP2",0.0264005071868677,0.877796910917238,0.157,0.095,1
"TSNAX",0.0264204628551746,-0.361555901594363,0.472,0.586,1
"MTUS1",0.0264438767489883,-0.359119569993246,0.31,0.411,1
"MED23",0.0265579822103755,-0.360041884567202,0.177,0.267,1
"ARMC6",0.0265721903132285,-1.13391048366701,0.056,0.109,1
"ZNF713",0.026583048105636,-0.463181324222649,0.113,0.186,1
"PSMD13",0.0266243757847189,-0.304907344363979,0.331,0.442,1
"TKT",0.0266969166174035,-0.318394547346191,0.476,0.561,1
"HSPA1B",0.0267349627064868,0.30072983001486,0.927,0.951,1
"SNX6",0.0267469285059314,-0.31026836225289,0.484,0.586,1
"ACSBG1",0.0268302851368933,0.638734877312098,0.274,0.204,1
"SRRM2",0.0268530163956169,-0.293535688122225,0.798,0.821,1
"CHN1",0.0268552352739898,-0.822357834801652,0.105,0.172,1
"EIF5",0.0268665534702495,-0.135185245634671,0.863,0.916,1
"SPATA5",0.0268707564258201,-0.824072985933633,0.101,0.168,1
"ZNF577",0.0268815617822734,-0.371959286217157,0.073,0.137,1
"WSB1",0.0269224256469986,-0.249534321223032,0.79,0.835,1
"MPC2",0.0269270070233596,0.294425243239202,0.556,0.477,1
"GUCY2C",0.0269302098044772,1.34981445058642,0.04,0.011,1
"SMIM27",0.026964777098153,0.860155258534086,0.266,0.204,1
"STK36",0.0270213173390351,0.368511299098052,0.629,0.589,1
"WASHC2C",0.0270413358092085,-0.354824393914794,0.218,0.323,1
"PSMG3-AS1",0.0270484582566355,-0.741880435309497,0.105,0.172,1
"SEC61A2",0.027062411841639,-0.48908767575029,0.137,0.214,1
"SMIM22",0.0271074166384038,0.283363924229549,0.609,0.547,1
"PCNA",0.027147297979829,0.410003756023351,0.496,0.428,1
"SPSB2",0.0272704305028887,-0.30328354785058,0.198,0.298,1
"RYK",0.0272914265295792,-0.294916663714329,0.363,0.467,1
"USP8",0.0274071260985609,-0.233612817044661,0.77,0.814,1
"ENSG00000289143",0.0274505315865259,-0.874303128018682,0.044,0.095,1
"MPLKIP",0.027450904856816,-0.393834785050439,0.29,0.389,1
"BTG2",0.027453901087763,0.711947197930562,0.577,0.558,1
"NOL9",0.0274804376559573,-0.447512341904237,0.137,0.218,1
"ENSG00000278817",0.0275194134324657,-0.862727220181059,0.052,0.105,1
"TMEM116",0.0275397517431639,-0.606470655998256,0.202,0.288,1
"RSAD1",0.0276038198692233,-0.498441285563857,0.129,0.211,1
"GRIK2",0.0276038198692233,0.67615872850141,0.21,0.14,1
"CHMP2A",0.0276170034845618,0.37528588562345,0.565,0.533,1
"HSD17B10",0.0276285419234903,-0.459444482916104,0.137,0.218,1
"CREM",0.0276413841998517,-0.244356078176654,0.294,0.4,1
"CECR2",0.0277411815698631,-0.724399100692067,0.129,0.2,1
"PITRM1",0.0277664705373245,-0.590341488305847,0.206,0.298,1
"PPP1R12C",0.0279463458249134,-0.421373537334571,0.19,0.281,1
"PDZD11",0.0279492607599679,-0.385101785443202,0.23,0.326,1
"ENSG00000248515",0.0279686243179336,-0.941552824860765,0.597,0.663,1
"KLHL5",0.028012565912688,-0.58709877710738,0.089,0.154,1
"CKS2",0.0280666349061658,0.446173996482884,0.367,0.288,1
"ILRUN",0.028112032480445,-0.284346935574537,0.214,0.319,1
"TMEM170B",0.028126080930437,0.924933991291778,0.052,0.018,1
"DUSP14",0.0281517476780877,-0.284087895600618,0.738,0.825,1
"ENSG00000288526",0.0281930636720908,-1.22827186934591,0.028,0.07,1
"RBPMS",0.0282029312312568,0.414780636164467,0.536,0.491,1
"SLC17A8",0.0283096282502596,-0.357372658766266,0.117,0.193,1
"KPNA1",0.0283828208059905,-0.29176880366308,0.548,0.642,1
"TEKT1",0.0284393622655245,0.159501945521072,0.972,0.986,1
"ATP6V1F",0.0284838645636093,0.42711700106784,0.706,0.688,1
"LAMP3",0.0285281946588128,-0.695032465587118,0.077,0.137,1
"METTL8",0.0285326294213576,-1.1986964465573,0.04,0.088,1
"LHFPL3",0.0285647016374082,-0.763900810034815,0.093,0.161,1
"COQ5",0.0285659509810104,0.418593728975381,0.492,0.432,1
"ASNSD1",0.0285682863300744,-0.324652514632217,0.319,0.418,1
"GPX7",0.0285800131302874,-0.643464703457097,0.065,0.123,1
"HSBP1",0.0286111117815163,0.214955144901926,0.835,0.86,1
"NDUFA5",0.0287642245264722,-0.261508669991565,0.742,0.786,1
"PRDX3",0.0287728375813355,0.133230201496295,0.931,0.916,1
"PTDSS1",0.02880967745415,-0.44043493040338,0.21,0.302,1
"ENSG00000275476",0.0288385555870989,-1.12216954177182,0.028,0.07,1
"LINC03025",0.0289310352594912,0.857672169472456,0.222,0.158,1
"ZNF335",0.0289467291599341,1.14029288632302,0.101,0.053,1
"PPIP5K2",0.0289487685515792,-0.47882665153122,0.278,0.358,1
"DHX9",0.0289813750619849,-0.195639071532468,0.669,0.772,1
"ISCA2",0.0290419252843531,0.273142348232169,0.641,0.561,1
"ZSCAN5A",0.0290496701064462,-0.281806106021142,0.254,0.351,1
"EFCAB2",0.0290901067412641,-0.232729525614572,0.798,0.867,1
"MECR",0.029101597890791,-0.299557620609308,0.202,0.298,1
"CA12",0.0291138479539154,-0.380693370050354,0.145,0.225,1
"GGNBP2",0.0291714801308752,0.325943515341012,0.758,0.733,1
"MLF1",0.0291750264175204,-0.151399815366985,0.823,0.895,1
"IKBKB",0.0291935557975837,-0.54128392241205,0.278,0.372,1
"GOLM2",0.0293286182270041,-0.252585268802467,0.706,0.818,1
"EFCAB13",0.0293664450911872,-0.79354850063233,0.06,0.116,1
"CRIM1",0.0293712354365252,-0.264726573145739,0.621,0.716,1
"LDAH",0.0295459616996771,-0.734956370108101,0.069,0.126,1
"DFFA",0.0296000103074727,0.341127681358512,0.516,0.463,1
"SLK",0.0296986973394569,-0.270002586283106,0.496,0.596,1
"PHYHD1",0.0297144810179725,-0.493539586892441,0.19,0.274,1
"RIPK2",0.0297918245198532,-0.632542889926806,0.206,0.288,1
"MRPS25",0.0298190491814562,-0.611047814553835,0.177,0.256,1
"SEPHS2",0.0299237106314836,0.359372469786937,0.548,0.488,1
"C8orf34-AS1",0.0299726011226167,0.532920571135216,0.46,0.396,1
"ARHGAP12",0.0300019392383402,-0.384629955424871,0.327,0.428,1
"AASS",0.0301278130357682,-0.695945028724227,0.113,0.182,1
"PRAME",0.0302207627850721,-0.475392195492861,0.121,0.189,1
"TAF6",0.0302484849305994,0.281853673872069,0.665,0.614,1
"ING3",0.0302889783921183,-0.484580909387654,0.415,0.519,1
"SDAD1",0.0303397782886472,-0.335392164712693,0.359,0.463,1
"RPA1",0.0303824093710414,-0.126549176822444,0.407,0.526,1
"PCGF6",0.0303944729111093,-0.701929865777759,0.077,0.137,1
"TNFRSF21",0.0303953857065461,-0.423904121998999,0.085,0.151,1
"TASOR2",0.0304558396817428,-0.26969851053972,0.226,0.319,1
"TRAF6",0.0304947064013941,-0.434359234939886,0.121,0.193,1
"TMC3-AS1",0.0305652618321214,1.09448742564114,0.073,0.032,1
"ZC3H14",0.0305945373984476,-0.291050440954237,0.613,0.709,1
"EHMT2",0.0306242043206418,0.699676436314053,0.274,0.211,1
"HOXA3",0.0306355933169287,1.65129297311753,0.077,0.035,1
"FAM86C2P",0.0307155020305283,-0.833964780168512,0.077,0.137,1
"LEMD3",0.0307886265844378,-0.388518664218848,0.298,0.4,1
"SLC46A3",0.0308359780028502,-0.661809167453773,0.121,0.189,1
"EIF2A",0.0308475948836237,-0.357408547013821,0.351,0.453,1
"SLC22A15",0.030872259817296,-0.751141543182065,0.153,0.232,1
"HNRNPK",0.0308877965981416,0.170905411835633,0.96,0.965,1
"ITPRIP",0.0309236906915088,2.45913807215492,0.032,0.007,1
"RAB34",0.0309453215807128,-0.488989376108085,0.109,0.179,1
"HERC5",0.0309934576709532,-0.745899016026919,0.109,0.175,1
"PEX3",0.0310556905622792,0.491780041971031,0.359,0.295,1
"YBEY",0.0311772728290131,0.766545720911898,0.306,0.249,1
"PHAF1",0.0311947200352193,-0.345483113701587,0.194,0.284,1
"PNPT1",0.0312489999614924,-0.294175098402743,0.423,0.544,1
"DDX60",0.0312791307314983,-0.599892580267351,0.222,0.319,1
"AZU1",0.0312986490927651,2.18792774417561,0.032,0.007,1
"ENSG00000283003",0.0313477231179014,-2.03263157173311,0.004,0.028,1
"HAUS6",0.0314012433466525,-0.520658983393868,0.129,0.204,1
"FLCN",0.0314776686900704,-0.461680702153417,0.411,0.498,1
"ALDH1A3",0.0315323218041564,-0.294816616318861,0.512,0.614,1
"ENSG00000255250",0.0315469877264974,-2.13528957405159,0.004,0.028,1
"ATRX",0.0315516512512215,-0.17182883857924,0.69,0.761,1
"SLC12A2",0.0315628846307553,-0.24174249858777,0.258,0.365,1
"PKN2",0.0315926241516128,-0.344814879204667,0.415,0.512,1
"UCKL1",0.0316181353836782,-0.287753920161626,0.488,0.593,1
"MTHFD2L",0.0316349074269713,-0.297885878792952,0.355,0.463,1
"GOLGA8A",0.0316540985131089,-0.777121612646446,0.056,0.109,1
"PFDN5",0.0316668689539211,-1.03090129108929,0.028,0.07,1
"FAM181A",0.031680644575673,-0.537006450822634,0.125,0.2,1
"ACVR2B-AS1",0.0316998836692484,2.34720070380354,0.016,0,1
"ALDH1B1",0.0316998836692484,1.96982085805297,0.016,0,1
"DDN-AS1",0.0316998836692484,2.49606377463327,0.016,0,1
"ENSG00000197332",0.0316998836692484,2.07368201359912,0.016,0,1
"ENSG00000225649",0.0316998836692484,2.10071378505203,0.016,0,1
"ENSG00000228201",0.0316998836692484,2.60375937306669,0.016,0,1
"ENSG00000233848",0.0316998836692484,1.96594245950795,0.016,0,1
"ENSG00000259407",0.0316998836692484,2.09247994203063,0.016,0,1
"ENSG00000262823",0.0316998836692484,2.39758059464979,0.016,0,1
"ENSG00000270951",0.0316998836692484,2.61479335893875,0.016,0,1
"ENSG00000271797",0.0316998836692484,2.26809933203466,0.016,0,1
"ENSG00000272707",0.0316998836692484,2.42541567941517,0.016,0,1
"ENSG00000273321",0.0316998836692484,2.08228135030973,0.016,0,1
"ENSG00000273348",0.0316998836692484,2.10677665465417,0.016,0,1
"ENSG00000276527",0.0316998836692484,1.96766171703644,0.016,0,1
"ENSG00000284391",0.0316998836692484,2.24126414082116,0.016,0,1
"ENSG00000286138",0.0316998836692484,2.32529638429637,0.016,0,1
"ENSG00000286585",0.0316998836692484,2.04365929296914,0.016,0,1
"EVC2",0.0316998836692484,2.13475771016845,0.016,0,1
"FOXN4",0.0316998836692484,2.25156715979117,0.016,0,1
"LINC00412",0.0316998836692484,2.23851789917281,0.016,0,1
"MCM8-AS1",0.0316998836692484,2.36154139994124,0.016,0,1
"NFE2",0.0316998836692484,2.52474605568066,0.016,0,1
"PDE4A",0.0316998836692484,1.99107110229775,0.016,0,1
"PLAUR",0.0316998836692484,2.33764139183418,0.016,0,1
"PRR34",0.0316998836692484,1.87181058526611,0.016,0,1
"SLC15A3",0.0316998836692484,2.16373252298426,0.016,0,1
"SRPX2",0.0316998836692484,2.50942723372961,0.016,0,1
"SYT1",0.0316998836692484,2.11812487852513,0.016,0,1
"TFAP2A-AS1",0.0316998836692484,2.44518484620579,0.016,0,1
"TRIM46",0.0316998836692484,2.33079748456552,0.016,0,1
"UTY",0.0316998836692484,2.24339303909825,0.016,0,1
"ZNF208",0.0316998836692484,2.21714470972648,0.016,0,1
"ENSG00000227047",0.0316998836692484,2.35509225635582,0.016,0,1
"ENSG00000279206",0.0316998836692484,2.10073539279853,0.016,0,1
"ENSG00000289356",0.0316998836692484,2.61243011686064,0.016,0,1
"HCN4",0.0316998836692484,2.615529932829,0.016,0,1
"NOD2",0.0317284505135018,0.485489366574195,0.133,0.077,1
"ENSG00000259868",0.0317411895688898,-1.33767212928368,0.024,0.063,1
"ENSG00000273989",0.0317473377592414,-1.74716807902563,0.004,0.028,1
"EPHA1",0.0317473377592414,-2.06007566189378,0.004,0.028,1
"CGRRF1",0.0317618835284861,-0.434216907095227,0.137,0.218,1
"SLC25A20",0.0317789341966832,-0.938914875628098,0.048,0.098,1
"ZFC3H1",0.0317896425202092,-0.179530261284645,0.25,0.347,1
"ZNF691",0.0318294227599451,-0.716869687630446,0.04,0.088,1
"BCL2L14",0.0318299344420736,-1.19906601410033,0.052,0.102,1
"SLC3A2",0.0318819501896168,-0.584588307821024,0.302,0.386,1
"TMEM160",0.0319261925461015,2.23963018785246,0.044,0.014,1
"ENSG00000289003",0.031948777842702,-1.94534616546114,0.004,0.028,1
"GPAT4-AS1",0.031948777842702,-1.90423564719993,0.004,0.028,1
"SUSD5",0.031948777842702,-1.8457802829771,0.004,0.028,1
"YIPF5",0.032008365176093,-0.197310495163275,0.528,0.646,1
"TLE1",0.0320716472568666,0.394137291696441,0.214,0.309,1
"ENSG00000274922",0.0320748036753012,-0.811536547989312,0.048,0.098,1
"SLC27A5",0.0321173753274281,-1.2359707910183,0.024,0.063,1
"CLMN",0.0321181900498922,-0.222447865117041,0.706,0.793,1
"ENSG00000271993",0.0321513126146655,-1.97061622478494,0.004,0.028,1
"ENSG00000273507",0.0321513126146655,-1.77207070552182,0.004,0.028,1
"ENSG00000291060",0.0321513126146655,-1.52161749180902,0.004,0.028,1
"FERMT2",0.0321513126146655,-1.85380624167039,0.004,0.028,1
"LINC02826",0.0321513126146655,-1.62943254446054,0.004,0.028,1
"PCDHB14",0.0321513126146655,-1.74905147118023,0.004,0.028,1
"PTHLH",0.0321513126146655,-1.43907715770275,0.004,0.028,1
"PLCL2",0.03217015305329,0.460125513869421,0.194,0.126,1
"ENSG00000291068",0.0321851194951755,-0.518341873370509,0.157,0.242,1
"RANBP2",0.0321922771676932,-0.247498110464958,0.581,0.656,1
"GOLPH3-DT",0.0322158437994399,0.619672725976103,0.323,0.263,1
"SLC25A46",0.0322349707440845,-0.419858878118292,0.262,0.347,1
"TPPP",0.0323043537378723,-0.41901571774917,0.262,0.365,1
"LINC00865",0.0323090654094456,-0.793398438369286,0.056,0.109,1
"CAB39",0.032354500497705,-0.280319900014122,0.536,0.628,1
"ENSG00000260808",0.0323549467241073,-1.5151162451204,0.004,0.028,1
"ENSG00000271553",0.0323549467241073,-1.80020964496902,0.004,0.028,1
"NCMAP",0.0323549467241073,-1.39042002888978,0.004,0.028,1
"PRR7-AS1",0.0323549467241073,-1.58290641133117,0.004,0.028,1
"TMEM139-AS1",0.0323549467241073,-1.35767701606521,0.004,0.028,1
"MTERF3",0.032379343192869,-0.529478736141092,0.125,0.2,1
"STXBP2",0.0323883748746566,0.599986700250525,0.298,0.225,1
"AK8",0.0323926218681943,0.31174694046885,0.581,0.516,1
"DDX31",0.0324191421436301,-0.645106707606027,0.069,0.126,1
"SOS2",0.0324235936715888,-0.464290397988796,0.226,0.316,1
"MSX1",0.0324365097560626,0.142742290979522,0.919,0.881,1
"AASDHPPT",0.0324366133204956,-0.259821695196632,0.532,0.618,1
"RAB25",0.0324567590646265,0.428963251729921,0.56,0.498,1
"ENSG00000253853",0.032506550202542,-0.207735076685492,0.129,0.204,1
"SPAG1",0.0325065900771785,-0.183743277165044,0.867,0.888,1
"DDX43",0.0325596848311639,-1.57586023647891,0.004,0.028,1
"ENSG00000279342",0.0325596848311639,-1.52344762930982,0.004,0.028,1
"ENSG00000285889",0.0325596848311639,-1.42154790261006,0.004,0.028,1
"MEG3",0.0325596848311639,-1.55620483190494,0.004,0.028,1
"ENSG00000284707",0.032562197429669,-0.690915473803661,0.105,0.165,1
"USP6NL",0.0325983192942286,-0.431554485789498,0.222,0.319,1
"NCOR1",0.0326211871892298,-0.122973230065896,0.597,0.716,1
"ENSG00000232451",0.0326248953380195,-1.00026936624638,0.024,0.063,1
"TPP2",0.0326630172539227,0.465840405825037,0.504,0.439,1
"ORAI2",0.0326679540632082,-0.202046319785208,0.573,0.688,1
"ENSG00000290818",0.032688520062091,-0.789905539485309,0.056,0.109,1
"ENSG00000287562",0.0327655316071033,-1.08907404755562,0.004,0.028,1
"PCDH11X",0.0327655316071033,-0.930108124353114,0.004,0.028,1
"AARS2",0.0328226434580501,-0.563621638558439,0.06,0.116,1
"PPP1R42",0.0328547766700123,0.133081469615371,0.887,0.842,1
"RPS12",0.0328559520039856,0.191136378183964,0.79,0.807,1
"MT1E",0.0328762511260506,0.659284544634016,0.202,0.133,1
"ENSG00000227598",0.0330100287363138,-0.530624712973091,0.024,0.063,1
"LRRC20",0.0330433542526227,1.60611199851272,0.044,0.014,1
"TMEM14A",0.0330938963565054,0.406207695472685,0.411,0.347,1
"VRK1",0.0331036412708713,-0.536538996976486,0.181,0.263,1
"ETV3",0.0332055693230781,-0.37265981569861,0.161,0.242,1
"ZNF706",0.0333459697853954,-0.149203521666137,0.665,0.765,1
"B4GALNT3",0.0333622759127067,-0.345908664204529,0.202,0.302,1
"ENSG00000272221",0.0333752033894261,-0.922067915799907,0.036,0.081,1
"ANKRD13A",0.0334095080740547,-0.325254872656619,0.302,0.407,1
"ST3GAL6-AS1",0.0334123582569848,-0.488009664447519,0.19,0.267,1
"CHURC1",0.0334700207737272,-0.328096663070775,0.444,0.551,1
"ENSG00000254573",0.0334794078202905,-1.65138537342168,0.02,0.056,1
"ENSG00000261211",0.0334794078202905,-1.2112697103903,0.02,0.056,1
"DPY19L3-DT",0.0335295888246589,-0.923541680269122,0.024,0.063,1
"KIAA0513",0.0335731181444427,-0.634497003169976,0.06,0.116,1
"HNRNPUL1",0.0335979379408464,0.267308199658796,0.927,0.916,1
"NEU3",0.0336188665023616,-1.40533849878718,0.02,0.056,1
"MAPKAPK3",0.033663257946364,-0.597162465437514,0.105,0.172,1
"EXOSC6",0.0336696447868624,-0.330051948112945,0.339,0.435,1
"TRAPPC9",0.0336819517537293,-0.293471688783212,0.306,0.421,1
"MORF4L1",0.0336878835430642,0.116392238678267,0.98,0.982,1
"SNX9",0.0337348195527663,-0.283540550392589,0.52,0.607,1
"ZBED3-AS1",0.033790511456374,-0.547054990611989,0.149,0.225,1
"SOWAHA",0.0338040728515617,-0.86846907031726,0.052,0.102,1
"MTM1",0.0338309081328477,-0.472831295246443,0.218,0.305,1
"KIF26B-AS1",0.033843189368108,0.693780598595345,0.202,0.137,1
"C1orf131",0.0338737530225893,-0.456713510007532,0.181,0.263,1
"CDK9",0.0339133339462011,-0.397822897119752,0.323,0.428,1
"ENSG00000238221",0.0339238351033459,-0.953428820286391,0.024,0.063,1
"TTC39C",0.0339333834655944,-0.290816506702772,0.544,0.67,1
"TNFAIP1",0.0339334535206675,-0.430187917165265,0.19,0.277,1
"RBFOX2",0.0339855040005819,-0.268444372558258,0.548,0.649,1
"AKT2",0.0339858409842865,0.2717430105338,0.629,0.572,1
"PDZRN3",0.0340341759462457,0.471402499071627,0.032,0.007,1
"UQCRQ",0.0341036581057506,0.197699966396027,0.915,0.891,1
"ALKBH7",0.034110280853072,-0.551879401040595,0.129,0.196,1
"ENSG00000283580",0.0341938098703732,-2.04707472473351,0.012,0.042,1
"NT5C3B",0.0342127336353994,-0.678317428882189,0.048,0.098,1
"WDR82",0.0342715878671533,-0.223342001778296,0.48,0.607,1
"URB1",0.034293213418961,-0.227535645348737,0.552,0.635,1
"RAD51AP1",0.0342951399567671,-0.561964403980707,0.036,0.081,1
"ENSG00000263731",0.0343609231674253,1.63303133283027,0.044,0.014,1
"EXOC1",0.0343628123893774,-0.309237151945409,0.46,0.582,1
"SDHD",0.0344442624192099,-0.266309055454292,0.476,0.604,1
"PNO1",0.0345375139409643,-0.352963591039464,0.202,0.288,1
"RBMS1",0.0345673707247629,-0.141379417996828,0.411,0.537,1
"CNOT9",0.0345957130559488,-0.26097882872525,0.641,0.737,1
"DYNC2I1",0.0346371416274361,0.113613529812589,0.919,0.912,1
"PARP6",0.0346876709773928,-0.307113843579633,0.161,0.242,1
"TPST2",0.0347064262105737,-0.39900841033071,0.44,0.53,1
"PTPN4",0.0347835256628882,-0.21617057242222,0.319,0.428,1
"FUT3",0.0347852281153667,-1.24799395484173,0.032,0.074,1
"ZDHHC14",0.0347862774403497,-1.53969215387095,0.016,0.049,1
"NAPA-AS1",0.0348005792750994,-0.470818576660137,0.077,0.137,1
"TLR6",0.0348469438376764,1.03597273040273,0.077,0.035,1
"CAPN2",0.0348471297840723,-0.262480619705597,0.552,0.625,1
"FNIP1",0.0348539741491547,-0.367326142551302,0.161,0.246,1
"C19orf53",0.0348611493057459,0.285292260446503,0.669,0.614,1
"MECP2",0.0348708219263733,-0.207327811950303,0.375,0.495,1
"ENSG00000234147",0.0348872751581442,-0.839743591030985,0.065,0.119,1
"ZNF540",0.0348965053815016,-1.17454061274131,0.02,0.056,1
"RUFY3",0.0349498606862755,0.292766124422881,0.565,0.488,1
"TTN-AS1",0.0349561815799369,-0.756375264472546,0.093,0.154,1
"SLC25A16",0.034986660361141,-0.467889849100363,0.113,0.182,1
"TSSK6",0.0350238111362655,1.23972538505991,0.081,0.039,1
"CERS5",0.0350799013007426,-0.741520649446284,0.065,0.119,1
"ZNF789",0.0350799013007426,-0.81942578197996,0.065,0.119,1
"ASAP2",0.0350865177379893,-0.205437857303578,0.052,0.105,1
"UBB",0.0351174187377901,0.141438412997346,0.935,0.961,1
"IL13RA1",0.0351576539148155,-0.188974147043022,0.657,0.74,1
"ENSG00000269091",0.0351578373324659,-0.416400865910844,0.093,0.158,1
"ENSG00000247121",0.0351651601923586,-0.923264891016201,0.044,0.091,1
"USP33",0.0351697575438973,-0.233080286216983,0.488,0.611,1
"UBXN7",0.0351983339293653,-0.286315413207695,0.496,0.589,1
"DKKL1",0.0352069953437546,1.33301613940923,0.044,0.014,1
"FEM1A",0.0352167248547894,-0.594916219332984,0.06,0.116,1
"CC2D1A",0.0352187820506718,-0.422448898586958,0.101,0.168,1
"RTN4",0.0352242164207377,-0.113665337695979,0.964,0.972,1
"LINC00685",0.0352560203788225,-1.87403876076164,0.008,0.035,1
"RELB",0.0352560203788225,-2.77085770243626,0.008,0.035,1
"DNAAF1",0.0353035720655252,0.13386707930541,0.952,0.926,1
"HIPK1",0.0353625382123455,-0.107829298681367,0.952,0.947,1
"GPR137C",0.0353783267741974,1.65587701851062,0.044,0.014,1
"TMC4",0.0353791647094883,0.238924761932432,0.911,0.874,1
"G3BP2",0.0353812335764462,-0.157010732212971,0.601,0.677,1
"GRK4",0.0354530603505512,-0.844428977082035,0.056,0.109,1
"RRAGD",0.0354542395236013,0.44450848853994,0.331,0.253,1
"USP2-AS1",0.0354640736494815,-0.358297800251432,0.544,0.663,1
"GEN1",0.0356577945800973,-1.2178620794342,0.032,0.074,1
"UBR3",0.0356920265246087,-0.419370043575211,0.226,0.323,1
"ZFYVE26",0.0357082642376633,-0.593643109599818,0.129,0.2,1
"CHFR",0.0357127219708741,0.223209595284036,0.198,0.284,1
"RTL10",0.0357160635624343,0.811219952630768,0.218,0.158,1
"STRADA",0.0357264637760851,-1.47941144949866,0.016,0.049,1
"ENSG00000286912",0.0357265011478791,-1.2460832939688,0.016,0.049,1
"ZNF79",0.0357265011478791,-1.36264980570866,0.016,0.049,1
"MFSD8",0.0357370863359216,-0.38114963088928,0.169,0.256,1
"DDA1",0.0357489920776996,-0.30433873962546,0.335,0.446,1
"ARPP21",0.0358325297063037,-1.66676542348572,0.008,0.035,1
"LINC01427",0.0358325297063037,-1.71321079327709,0.008,0.035,1
"RHOQ",0.0358996006496181,-0.263298198017898,0.444,0.558,1
"CLVS1",0.0359571954058631,-0.79978365546875,0.036,0.081,1
"ENSG00000272720",0.0359572791154779,2.38981455575427,0.024,0.004,1
"ENSG00000272741",0.0359572791154779,2.02887624491961,0.024,0.004,1
"ZNF202",0.036033081003852,1.54936674450843,0.06,0.025,1
"CCNA2",0.0360667665078146,-0.767989611895279,0.02,0.056,1
"ENSG00000275741",0.0360667665078146,-1.05791126887082,0.02,0.056,1
"MPC1",0.0361055988316689,-0.331110525298204,0.379,0.47,1
"TTLL5",0.0361354908195388,-0.363366460788928,0.532,0.625,1
"TCEA3",0.0362109478046093,2.21546829477487,0.024,0.004,1
"PDE7A",0.0362114836806207,-0.772515131654727,0.145,0.218,1
"ALOX15",0.0362213197446998,-1.56796840363722,0.008,0.035,1
"HACD1",0.0362213197446998,-1.59237340434971,0.008,0.035,1
"LINC01508",0.0362456941440984,-1.55491950359616,0.012,0.042,1
"PELP1",0.0362623047588307,-0.320903735864191,0.315,0.418,1
"NUDT12",0.036287567422847,1.19925732265927,0.153,0.102,1
"SP6",0.0363652880236198,-1.57916391902253,0.016,0.049,1
"ENSG00000289045",0.0364010746338189,-0.865069968308604,0.069,0.123,1
"ENSG00000259052",0.0364170594361918,-1.47621945087019,0.008,0.035,1
"ENSG00000275441",0.0364170594361918,-1.60102125042954,0.008,0.035,1
"GBP5",0.0364205030298642,-1.24587988678474,0.032,0.074,1
"CFAP299",0.0364338250534096,-0.504912056162756,0.722,0.821,1
"ADGRL4",0.0364346222957532,-1.50615762246911,0,0.018,1
"AKT3",0.0364346222957532,-2.01750463429753,0,0.018,1
"C1orf74",0.0364346222957532,-1.99561714780229,0,0.018,1
"CACNA2D1",0.0364346222957532,-1.46787875939714,0,0.018,1
"CD300A",0.0364346222957532,-2.3966592038094,0,0.018,1
"CENPV",0.0364346222957532,-1.90624705516885,0,0.018,1
"CFAP44-AS1",0.0364346222957532,-2.15811855614594,0,0.018,1
"DGCR6",0.0364346222957532,-1.70095777018428,0,0.018,1
"ENG",0.0364346222957532,-1.85829238138662,0,0.018,1
"ENSG00000234396",0.0364346222957532,-1.70719026060023,0,0.018,1
"ENSG00000250764",0.0364346222957532,-1.38639968008153,0,0.018,1
"ENSG00000257298",0.0364346222957532,-1.73257338869249,0,0.018,1
"ENSG00000257496",0.0364346222957532,-1.75180608355693,0,0.018,1
"ENSG00000262801",0.0364346222957532,-1.63993347735002,0,0.018,1
"ENSG00000262877",0.0364346222957532,-2.01535864390582,0,0.018,1
"ENSG00000269940",0.0364346222957532,-1.69738233127948,0,0.018,1
"ENSG00000271743",0.0364346222957532,-2.20847018838285,0,0.018,1
"ENSG00000271858",0.0364346222957532,-2.29510935667198,0,0.018,1
"ENSG00000276216",0.0364346222957532,-1.93107588018157,0,0.018,1
"ENSG00000287474",0.0364346222957532,-1.83747710928876,0,0.018,1
"ENSG00000287621",0.0364346222957532,-2.15053393319993,0,0.018,1
"ENSG00000289592",0.0364346222957532,-2.21497257201432,0,0.018,1
"ENSG00000291298",0.0364346222957532,-1.57329967535732,0,0.018,1
"FGFBP2",0.0364346222957532,-1.97345144942481,0,0.018,1
"ITPRIPL1",0.0364346222957532,-2.11379252861107,0,0.018,1
"KCNC2",0.0364346222957532,-2.26975371032719,0,0.018,1
"LINC00689",0.0364346222957532,-2.29324080245217,0,0.018,1
"LINC02694",0.0364346222957532,-1.36363742558017,0,0.018,1
"LMTK3",0.0364346222957532,-1.90825472102232,0,0.018,1
"LRRIQ4",0.0364346222957532,-1.97934157288358,0,0.018,1
"MYOM3",0.0364346222957532,-1.79208032349931,0,0.018,1
"NFILZ",0.0364346222957532,-1.5715760179753,0,0.018,1
"NSMF",0.0364346222957532,-2.05090109903793,0,0.018,1
"P2RY11",0.0364346222957532,-1.54192371721456,0,0.018,1
"PAX3",0.0364346222957532,-1.8478289769212,0,0.018,1
"PECAM1",0.0364346222957532,-2.06909681237323,0,0.018,1
"PGM5-AS1",0.0364346222957532,-1.86465588017361,0,0.018,1
"PLEKHH2",0.0364346222957532,-2.23748980815463,0,0.018,1
"PTCHD1",0.0364346222957532,-1.63844784873164,0,0.018,1
"RBMS3",0.0364346222957532,-1.94111106993016,0,0.018,1
"REL-DT",0.0364346222957532,-2.37046799600966,0,0.018,1
"RERE-AS1",0.0364346222957532,-1.84621515485942,0,0.018,1
"RFTN1",0.0364346222957532,-1.52063999476975,0,0.018,1
"RNFT1-DT",0.0364346222957532,-1.63395825281187,0,0.018,1
"SCARB1",0.0364346222957532,-2.2779796203275,0,0.018,1
"SGCZ",0.0364346222957532,-1.87418162003621,0,0.018,1
"SLCO4A1-AS2",0.0364346222957532,-1.91119059678201,0,0.018,1
"SNURF",0.0364346222957532,-1.74859253936612,0,0.018,1
"STEAP3-AS1",0.0364346222957532,-1.39318781558854,0,0.018,1
"TUNAR",0.0364346222957532,-1.68553913927355,0,0.018,1
"WWTR1-AS1",0.0364346222957532,-1.74324948451125,0,0.018,1
"ENSG00000257327",0.0364346222957532,-2.20093462808005,0,0.018,1
"ENSG00000261938",0.0364346222957532,-2.13767626365249,0,0.018,1
"ENSG00000269966",0.0364346222957532,-1.93986338767122,0,0.018,1
"ENSG00000272473",0.0364346222957532,-2.2298188630482,0,0.018,1
"ENSG00000282904",0.0364346222957532,-1.56722063424656,0,0.018,1
"ENSG00000286449",0.0364346222957532,-1.73633140355652,0,0.018,1
"ENSG00000286636",0.0364346222957532,-2.33121117804135,0,0.018,1
"TUSC8",0.0364346222957532,-1.84543052331974,0,0.018,1
"ENSG00000231990",0.0364346222957532,-2.04354229771197,0,0.018,1
"ENSG00000288938",0.0364346222957532,-1.91539281767268,0,0.018,1
"LINC02833",0.0364346222957532,-2.03651270558365,0,0.018,1
"FBXL12",0.0364396631492264,-0.209036574084124,0.085,0.151,1
"PLA2G1B",0.0364661403426704,1.79644838094113,0.024,0.004,1
"OSER1",0.0364718626228668,0.243559780367899,0.202,0.302,1
"SUPT3H",0.0364759288771661,-0.704743027933684,0.165,0.239,1
"RYR3",0.0365657507816748,-0.647809022923685,0.198,0.27,1
"HSD17B7P2",0.036597681937721,-1.65276393723735,0.012,0.042,1
"PRKN",0.036602021704674,-0.843926167906997,0.133,0.204,1
"ENSG00000288098",0.0366136998237941,-1.55902077511537,0.008,0.035,1
"IKBKE",0.0366136998237941,-1.33380956211649,0.008,0.035,1
"TBC1D2",0.0366727362845175,-0.3025946610615,0.173,0.263,1
"SMCHD1",0.0367376734652224,-0.489695409928597,0.214,0.295,1
"HSPBP1",0.0368043730653861,0.188848646809559,0.887,0.881,1
"RABL2A",0.0368234221225917,0.242462846790738,0.758,0.656,1
"TMEM9",0.0368374379268462,-0.249926008109193,0.226,0.323,1
"TJP1",0.0368946195080206,-0.283410150534269,0.407,0.516,1
"NUP54",0.0368987671409781,-0.405837479981027,0.246,0.333,1
"YAE1",0.0369021103373498,-0.527713648755854,0.145,0.221,1
"ENSG00000286234",0.0369525778095492,-1.9883865488971,0.012,0.042,1
"ZSWIM6",0.0369700535268103,-0.510517869164261,0.331,0.428,1
"ARPC5L",0.0369760758224311,0.373656917189413,0.601,0.565,1
"ENSG00000255160",0.0369811252028984,1.74444755445685,0.024,0.004,1
"CLDN23",0.0370137830790411,-1.21639834890557,0.016,0.049,1
"ESRRA",0.0370623592837871,-0.519312714994107,0.149,0.221,1
"ENSG00000269749",0.0371311220478939,-1.36725381451031,0.012,0.042,1
"GIPC2",0.0371314574781394,0.518719472725378,0.339,0.277,1
"ENSG00000289529",0.0371359447785234,-0.281157233695046,0.206,0.298,1
"KATNA1",0.0371388701226327,-0.390557054589547,0.254,0.344,1
"MOB3C",0.0371774370135484,-1.0263337176977,0.016,0.049,1
"ENSG00000232306",0.0371799274313738,-0.607331113279921,0.173,0.246,1
"ANKRD30B",0.0372090571270923,-0.80232099756986,0.008,0.035,1
"ENSG00000272267",0.0372090571270923,-1.34967815749954,0.008,0.035,1
"TNNT3",0.0372090571270923,-1.15372418144799,0.008,0.035,1
"ATP5MGL",0.0372403244092469,-0.601516649529956,0.125,0.193,1
"NAV1",0.0372409316866862,1.62883278301898,0.024,0.004,1
"SOX13",0.037266971810499,0.510304020052624,0.367,0.302,1
"OMG",0.0372993479572504,0.203043197622955,0.968,0.933,1
"MMP25-AS1",0.0373104002411948,-1.38027785839642,0.012,0.042,1
"VWA3B",0.0373791532715501,-0.134143370499492,0.935,0.968,1
"PCDH11Y",0.0374093322926636,-0.88375105752671,0.008,0.035,1
"RHOBTB2",0.0374093322926636,-1.15159423524714,0.008,0.035,1
"HLA-DRB5",0.0374174291563374,-0.769339541313244,0.165,0.239,1
"CIPC",0.0374353124563497,-0.223914407371203,0.407,0.53,1
"RPSAP58",0.0374760107570518,-0.353715499303629,0.387,0.495,1
"ENSG00000273398",0.0375022903425031,0.678776695037683,0.024,0.004,1
"ENSG00000287252",0.0375022903425031,1.65065108214729,0.024,0.004,1
"MAN1A1",0.0375022903425031,1.44661620198348,0.024,0.004,1
"MACROD2",0.0375325920847468,-0.28310241060112,0.335,0.46,1
"SFI1",0.0376095221098526,-0.346654618635196,0.125,0.2,1
"H3-7",0.0376105241807403,-1.07118580528702,0.008,0.035,1
"ENSG00000266573",0.0376538173262963,1.73572813415755,0.065,0.028,1
"ZNF674",0.0376711677756059,-1.40206482520477,0.012,0.042,1
"ENSG00000231901",0.0376720996603935,-0.854465260931252,0.016,0.049,1
"SUGT1",0.0377902830473323,-0.226674961354981,0.621,0.705,1
"ERO1B",0.0378126360143128,-1.02964568486773,0.008,0.035,1
"ENSG00000248802",0.0378382267675914,-1.05617017679739,0.016,0.049,1
"ENSG00000291117",0.0378570218086044,-1.45756392084438,0.028,0.067,1
"R3HDM1",0.0378813153119715,-1.01027449919675,0.137,0.204,1
"CCNG2",0.0378936150675128,-0.450925727009407,0.173,0.253,1
"SDE2",0.0379203278988981,-0.201490004868548,0.177,0.27,1
"PPTC7",0.0379435293513483,-0.304535139993276,0.319,0.407,1
"ID4",0.0379539578902796,-0.520814750350336,0.714,0.73,1
"PMS2",0.0379559173699339,-0.81832456993332,0.052,0.102,1
"RPS6KC1",0.0380106273979094,-0.47234520041521,0.198,0.284,1
"CRAT37",0.0380348990167056,-1.28875986030806,0.012,0.042,1
"AP3S1",0.0380507565434391,0.414410920164939,0.548,0.498,1
"HADHB",0.038102024523286,-0.186955001250556,0.802,0.846,1
"HINT1",0.0381949430713258,0.112598699158733,0.98,0.986,1
"PDS5A",0.038207033905765,-0.298716476843883,0.452,0.547,1
"LAMB2",0.0382157107496737,-1.10056640116582,0.048,0.095,1
"DHX37",0.0382178818575726,-1.27909363736236,0.012,0.042,1
"ANAPC16",0.0382345363940466,0.226342791805201,0.895,0.877,1
"KCTD7",0.0382696026921843,0.829645637509663,0.153,0.098,1
"OSMR-DT",0.0382805416913561,0.53969545051326,0.238,0.172,1
"ATP5MF",0.0382832255754295,0.288651663158775,0.867,0.849,1
"APPL1",0.0383668758309203,-0.421334509192934,0.23,0.323,1
"ENSG00000259366",0.0384016126290259,-1.34103070580329,0.012,0.042,1
"ENSG00000272420",0.0385094710880636,1.16254761274568,0.085,0.042,1
"TMCC1-DT",0.0385860936735407,-1.12616410112645,0.012,0.042,1
"LRRFIP1",0.0385895166135103,-0.119570924549379,0.96,0.989,1
"MAP2K5-DT",0.0387713273373333,-0.908854076697019,0.012,0.042,1
"RWDD4",0.0388374698924028,0.326708269960619,0.488,0.425,1
"KDM4B",0.0388397678344089,-0.325715918180028,0.379,0.474,1
"ST6GALNAC1",0.0388454070127048,-0.173197432154634,0.843,0.881,1
"SFMBT1",0.0389288411403786,-0.553722795884195,0.121,0.189,1
"ENSG00000235934",0.0390334941754251,0.932125190595332,0.06,0.025,1
"MT1F",0.0390377211224216,-0.784802469643082,0.234,0.309,1
"NSUN2",0.0390600428831635,-0.249496065630545,0.395,0.495,1
"KIF5B",0.039137462592385,-0.176411853388341,0.851,0.916,1
"CYGB",0.0391437923655384,-0.912035993352379,0.073,0.126,1
"ECE1",0.0391440619262487,-1.08287184158825,0.012,0.042,1
"MOGS",0.0391602231076377,-0.414815914051879,0.117,0.186,1
"LRCH1",0.0391639597731297,-0.75598854037627,0.06,0.112,1
"NUAK1",0.0392003918176996,-0.869927637469811,0.032,0.074,1
"SLC27A2",0.0392140949130215,0.729578646813167,0.319,0.26,1
"GCNT4",0.0392256324524637,0.639200602571418,0.27,0.207,1
"CUL4A",0.0392434305235298,-0.293851020324955,0.448,0.547,1
"PUS1",0.0393278687791119,-0.555164058296505,0.081,0.14,1
"AK4P3",0.0393315675623996,-0.879759711827117,0.012,0.042,1
"TMOD1",0.0393621531077982,-0.609933134851718,0.044,0.091,1
"TMEM33",0.0393796592291569,-0.209508710405277,0.435,0.544,1
"TAB2",0.0394435213947446,-0.283836631482641,0.282,0.396,1
"CDS1",0.0394448627812595,-0.12166220729699,0.956,0.993,1
"RAB11A",0.0394645261931569,0.176569819429716,0.891,0.87,1
"FBXW2",0.0394919624461859,-0.425501633837913,0.165,0.242,1
"VWA8",0.0395502787661426,-0.167037919256332,0.246,0.33,1
"ENSG00000287497",0.0395551307835255,-0.744026886009537,0.073,0.126,1
"CHIC1",0.0396064232722414,-0.807309938455958,0.153,0.221,1
"HABP4",0.0396732451004125,-0.608835328772115,0.077,0.133,1
"ME3",0.0396905968301618,1.38118403191265,0.109,0.063,1
"SLC6A6",0.0396980552624142,-0.132830528052195,0.448,0.565,1
"NCOA6",0.0397053430177503,-0.282901114314361,0.411,0.516,1
"CD72",0.0397092310004583,-1.20997003787941,0.028,0.067,1
"ENSG00000257568",0.0397124393997237,-0.359329194662639,0.258,0.344,1
"MAZ",0.0397195025511718,0.34134095368026,0.617,0.593,1
"SELENON",0.0397498330911541,-0.819439149166646,0.032,0.074,1
"ENSG00000273471",0.0397538033099789,-1.01185653411798,0.048,0.095,1
"CZIB",0.0397557181163074,-0.377211204184092,0.242,0.33,1
"CHAMP1",0.0397698257689967,-0.43131800016861,0.234,0.316,1
"LGR4",0.0399005873054005,-0.253557373315997,0.528,0.632,1
"CEP170",0.0399240862661372,-0.284413663871905,0.327,0.435,1
"DANT2",0.0399496678293249,-0.644054311833384,0.121,0.189,1
"WEE1",0.0400201414728197,-0.147783674879831,0.617,0.751,1
"PSMC6",0.040022973481302,-0.18973951709149,0.516,0.611,1
"TSPAN10",0.0400247087086702,1.35275618899946,0.065,0.028,1
"AFAP1",0.0400269955549057,-0.740113912989224,0.032,0.074,1
"ECHS1",0.0400293682173885,0.273677090876382,0.536,0.453,1
"ZC2HC1C",0.0401374500097038,0.686451937268672,0.343,0.298,1
"NTHL1",0.0402253293480788,1.66857306191557,0.048,0.018,1
"MEIS1",0.0402386942463559,-0.309000983927787,0.488,0.572,1
"TERF2IP",0.0402835932965607,0.216724254194152,0.891,0.849,1
"SLC9A1",0.0403524435716955,-0.647153136395401,0.093,0.154,1
"SMIM24",0.0404058990931652,2.10054705394227,0.048,0.018,1
"ASIP",0.0404556294699605,-0.362064282672302,0.165,0.253,1
"SRPRA",0.0404876488208667,-0.17952521995246,0.585,0.67,1
"CYREN",0.0405194067808811,-0.399864958939716,0.177,0.253,1
"ZC3H12A",0.040534228749905,-0.330552164262994,0.129,0.204,1
"RIBC1",0.0405762198947224,0.297290875509636,0.766,0.804,1
"CRYZ",0.0406074649156985,-0.157966923338181,0.895,0.926,1
"CLEC11A",0.0406139995772996,0.966176808144458,0.133,0.081,1
"UBE2K",0.0406704057984919,-0.274338056670959,0.512,0.632,1
"PTER",0.0407136275929097,-0.269337910698862,0.359,0.463,1
"PRDX6",0.0407459315037709,0.18982063358307,0.839,0.825,1
"HNRNPDL",0.0407598702187776,-0.148036489890921,0.851,0.937,1
"ENSG00000278834",0.040774293075196,-0.528102013917585,0.073,0.13,1
"C19orf12",0.0407954976409073,-0.410726737099385,0.262,0.347,1
"NDUFA1",0.0408127769261858,0.152250249677674,0.972,0.972,1
"ASPH",0.0408525702725486,-0.275150114401082,0.286,0.389,1
"RSPH10B2",0.0409523217259206,-0.831662819402358,0.04,0.084,1
"NACC1",0.0409983151732999,0.522845880885193,0.298,0.239,1
"TRIM38",0.0410003557335417,-0.27302294592888,0.226,0.305,1
"TAF2",0.0410177826771419,-0.344716960228334,0.206,0.295,1
"SENP6",0.041117937124897,-0.347637678095539,0.633,0.709,1
"ARAF",0.0411209212828155,-0.562152184303456,0.214,0.291,1
"TES",0.0412863286835085,-0.210084872616545,0.661,0.758,1
"C11orf97",0.0412962442278932,0.236695908102094,0.819,0.768,1
"EMC1",0.0413019033372669,-0.254711742171021,0.129,0.204,1
"CFAP20DC",0.0413178148417425,-0.223131362781896,0.161,0.235,1
"LANCL1",0.0413447646561822,0.363325613365017,0.508,0.456,1
"PPARA",0.0414206170471365,-0.408555703507054,0.117,0.182,1
"FAM13C",0.0414395946784019,-0.432180077234882,0.359,0.446,1
"NDUFS8",0.0414454415580338,-0.176880957503864,0.367,0.498,1
"TMEM101",0.0414804008500504,-0.357355775625456,0.573,0.628,1
"DSP",0.0414812461322018,-0.169292689407865,0.887,0.94,1
"FUT2",0.041486668907348,-0.937401245646866,0.028,0.067,1
"ZNF280B",0.041487427040269,1.21967501430278,0.093,0.049,1
"ENSG00000291006",0.0415038105643297,1.53694381297256,0.048,0.018,1
"SSR1",0.0415084136067541,-0.156074245868898,0.657,0.751,1
"JAG2",0.0415190702371062,0.387458617793719,0.532,0.477,1
"AHNAK2",0.0416154348162148,1.59667714187458,0.093,0.049,1
"POLR3E",0.0416344129995329,-0.338821511545433,0.21,0.295,1
"SPART",0.0416614328132867,-0.302696282137838,0.641,0.702,1
"SORD2P",0.0416773112233846,0.971931734505169,0.206,0.147,1
"KIAA2012",0.0417296157749593,0.281770440174775,0.645,0.607,1
"IFI44",0.0417614206251694,-0.470912214195848,0.137,0.204,1
"SLC41A3-AS1",0.0417905221904626,-1.02452960976634,0.044,0.088,1
"OGA",0.0419397162841033,-0.281480603864308,0.589,0.705,1
"STAU1",0.0419702489817599,0.173569071027978,0.919,0.919,1
"ELF2",0.0419709893258534,-0.334984407894237,0.544,0.621,1
"ZNF507",0.0420127347700678,-0.463749917791461,0.137,0.211,1
"RNF123",0.0420337275879935,0.622589430743269,0.335,0.284,1
"RPL7",0.0420567072398247,0.149573431508296,0.927,0.947,1
"C4orf47",0.0421438405789723,0.163802113188436,0.911,0.905,1
"KNOP1",0.0421444747580515,0.625867568438056,0.222,0.158,1
"ZSCAN16-AS1",0.0421644449722486,0.560433360401296,0.415,0.351,1
"ENSG00000291230",0.0421663413845852,-0.284458345184081,0.585,0.495,1
"RCC2",0.0422284150474641,0.612617719290994,0.363,0.298,1
"ZNF529-AS1",0.0422333047976317,0.602603259050202,0.298,0.225,1
"CDKN2AIP",0.0423965129387082,-0.447423529807936,0.149,0.221,1
"ENSG00000261526",0.0424003631345332,-1.03421896763446,0.028,0.067,1
"SLC9A3R1",0.042401201782712,-0.310917074583489,0.298,0.382,1
"KDM5A",0.0424480604190351,-0.187969389745452,0.5,0.618,1
"CNN1",0.0424497442911776,-0.448896787570193,0.032,0.074,1
"BAG4",0.0424537956181074,-0.277019177292775,0.177,0.267,1
"ZBTB3",0.0424689055027037,-0.685200880206921,0.069,0.123,1
"NEDD8",0.0425458950631378,0.388312164160212,0.589,0.579,1
"SLC35F5",0.042635210057568,-0.214800531499628,0.637,0.747,1
"LINC02693",0.0426584934812325,1.18299182246287,0.089,0.046,1
"AP3D1",0.0427132094968881,-0.18236983814711,0.625,0.719,1
"GMPPB",0.0427345342486262,-0.551662276033186,0.149,0.221,1
"TBC1D13",0.0428126048763686,-0.479192909738871,0.097,0.161,1
"VAMP5",0.0428165333150738,1.53018265321389,0.048,0.018,1
"DENR",0.0428188215770123,-0.271597538682801,0.5,0.579,1
"VPS37B",0.0428767575070247,-0.114839433199961,0.254,0.354,1
"TRIM35",0.0428826770176191,-0.474204612785949,0.117,0.182,1
"HNRNPC",0.0428843291976877,0.113700875596302,0.964,0.989,1
"KRCC1",0.0429275051232441,-0.213862833161143,0.633,0.719,1
"NR4A1",0.0429477845786856,2.29658860021815,0.036,0.011,1
"TMEM135",0.042982431079114,-0.4725101643102,0.117,0.186,1
"ATG2B",0.0430236867826712,-0.145214853941509,0.274,0.372,1
"TRIO",0.043024093046057,-0.512887503378419,0.153,0.225,1
"ENSG00000291096",0.0430576433902452,0.939083365694375,0.19,0.13,1
"SKAP1",0.0430710485921567,-0.148081450984147,0.315,0.407,1
"GEMIN4",0.0431979826868113,1.35135901759118,0.048,0.018,1
"GALNT2",0.0432004531061872,0.460670448868922,0.496,0.46,1
"COP1",0.0432255186941917,-0.456258312012129,0.359,0.463,1
"SUMF1",0.0432547649465245,-0.287112625414456,0.556,0.656,1
"TMEM70",0.0432617155858827,0.440708688947324,0.778,0.818,1
"CTF1",0.0433075904724628,0.545360466496342,0.407,0.365,1
"CRYZL1",0.0433215599887255,-0.128475037509904,0.21,0.302,1
"GLCCI1",0.0433790237171972,-0.744984738898797,0.169,0.232,1
"PGS1",0.0434128745642751,-0.161581372296366,0.242,0.34,1
"IGF2R",0.0435053756227676,-0.248199660706518,0.573,0.67,1
"CFAP69",0.0435180485508462,-0.269084294690221,0.742,0.832,1
"ZNF383",0.0435563227724705,-0.417206780440132,0.089,0.151,1
"FBXL17",0.0436092635247619,-0.506574944508672,0.25,0.337,1
"PTMA",0.0438797482692943,0.112914923229633,1,0.996,1
"PDCD6IP",0.0438941142131372,-0.133098789268372,0.887,0.912,1
"ENSG00000273014",0.0439447705000106,-0.185952970482751,0.19,0.281,1
"SEC24B",0.0439898428169833,-0.320019567568613,0.315,0.407,1
"ARFGAP3",0.0440712498236489,-0.215350827523985,0.403,0.519,1
"AAMP",0.0440762504283315,0.252207730754731,0.714,0.705,1
"DLEU1",0.0440860636800685,-0.442578304913069,0.266,0.347,1
"STX7",0.0441115957225022,-0.219035992898207,0.468,0.593,1
"KIF4A",0.0441349765604753,-0.273618711053816,0.46,0.579,1
"ZNF283",0.0441581153948669,-0.752790303837768,0.048,0.095,1
"WDFY1",0.0441797844192398,-0.324688252627171,0.218,0.309,1
"NCOA2",0.0441867921472006,-0.420917416545039,0.431,0.512,1
"CSRNP1",0.0442182177298785,-0.609277747866599,0.06,0.112,1
"SULF2",0.0442240797025539,-0.403101250596764,0.23,0.316,1
"TMEM107",0.0442326180838316,0.166020643941154,0.887,0.863,1
"ASH1L",0.0442755714173135,-0.427517553804176,0.44,0.516,1
"PPP6R3",0.0443076642805421,-0.144033755243517,0.435,0.519,1
"KCTD3",0.0443626623280635,-0.311269694993966,0.234,0.326,1
"TXLNA",0.0444107230890191,-0.181789123263954,0.294,0.404,1
"EPAS1",0.0445368248113845,0.101257563023463,0.093,0.154,1
"WAPL",0.0445975554545183,-0.264553360531373,0.327,0.442,1
"IL16",0.0446176733123876,-0.573515448874707,0.161,0.232,1
"ZNF821",0.0447765879856044,0.891592187397658,0.157,0.105,1
"NDUFS3",0.0448041814500261,0.285126547489291,0.56,0.512,1
"TUBA4A",0.0448588147017781,-1.34255811615509,0.024,0.06,1
"FAAH2",0.0449245229043963,-0.357194923012596,0.698,0.754,1
"CA13",0.0449972364914955,-0.635534594392654,0.081,0.137,1
"PBLD",0.0449973957784305,0.290241729170237,0.661,0.614,1
"TRMT112",0.0450510655921345,0.163904460711439,0.935,0.944,1
"XPO4",0.0451578619769305,-0.487051292847827,0.157,0.232,1
"LRRC10B",0.0451756155823972,0.258119080361552,0.774,0.782,1
"ATP9B",0.0452145723308872,0.468114434296522,0.31,0.246,1
"PMP22",0.0452551957852218,1.81726724204521,0.036,0.011,1
"WDR38",0.0452727529553723,0.243382963616912,0.887,0.87,1
"FBXO6",0.0453314816870621,0.739807375709284,0.234,0.179,1
"LINC01341",0.0453787547796698,-1.13175196338044,0.06,0.109,1
"MORC2",0.0453889221082145,-0.562178377467852,0.129,0.196,1
"STMND1",0.0456288424501279,0.21460964330103,0.919,0.923,1
"LAP3",0.0456620106833257,-0.196200413584586,0.556,0.642,1
"APBB1",0.0456810218443987,-0.312297528860286,0.343,0.432,1
"ENSG00000254290",0.0457511500402142,1.90313464186118,0.052,0.021,1
"ARHGEF26-AS1",0.0457612604967765,0.162989890785532,0.347,0.281,1
"RABGAP1",0.0458393077527108,0.315107154681564,0.702,0.663,1
"FH",0.04588981830782,-0.189142175738487,0.335,0.439,1
"METTL26",0.0459445689292233,0.386200811259682,0.488,0.449,1
"C2CD4A",0.0459674718804146,1.58203558299541,0.036,0.011,1
"FNDC11",0.0459891990601998,-0.430765479646725,0.177,0.26,1
"TRAF4",0.0459977807206722,-0.309920422721249,0.327,0.428,1
"AURKA",0.0460054643220091,1.04696128552153,0.101,0.056,1
"ADPGK",0.0460251756893275,0.390823671420513,0.435,0.4,1
"CSRP3-AS1",0.0460316011773712,0.921687091316296,0.149,0.095,1
"GYG2",0.0460753526531213,0.412826229077233,0.44,0.365,1
"ENSG00000284526",0.0460809654771615,-0.368997342676495,0.105,0.168,1
"ARHGEF33",0.0461001588564918,-1.07713067249055,0.077,0.13,1
"FSIP1",0.046154159338333,-0.275229454092828,0.198,0.281,1
"MYCBP",0.0461769789006067,0.352861619736939,0.698,0.691,1
"MAPK1IP1L",0.0462600465701646,-0.244327452810666,0.609,0.712,1
"COMMD6",0.0462935434853636,0.241510096290808,0.859,0.867,1
"C16orf89",0.0463010803301377,1.24923919431821,0.109,0.063,1
"BTBD9",0.0463859182016922,-0.519096676320058,0.597,0.677,1
"CACNB1",0.0463927204694897,-0.634734287395121,0.028,0.067,1
"ENSG00000276136",0.0463956906123375,-0.875880094624252,0.065,0.116,1
"DNAJB9",0.0464505931456943,-0.160148124902353,0.339,0.435,1
"RBM22",0.0464838551041443,-0.32565551333673,0.403,0.509,1
"SGPP2",0.0465329377805151,-0.268633092379999,0.681,0.744,1
"TUBB2A",0.046539960292012,0.621029017554881,0.27,0.211,1
"BOD1",0.046636180468538,-0.334852353653318,0.145,0.221,1
"SNTB2",0.0466367780617878,0.535065328517943,0.19,0.263,1
"RNF7",0.0466756773668161,0.445319206377741,0.508,0.467,1
"EOLA2-DT",0.0466812762012665,-0.635554647047396,0.157,0.228,1
"XKR6",0.0467063489948041,0.830064103418175,0.089,0.046,1
"PLA2G6",0.0467642644683479,-0.315756911444938,0.226,0.316,1
"FA2H",0.0468924145663924,1.17053001708735,0.069,0.032,1
"NKAIN3",0.046931841272481,0.208970408966391,0.036,0.011,1
"ENSG00000290460",0.0469933519551505,-0.677979069945248,0.048,0.095,1
"JDP2",0.0469933519551505,-0.712810718846712,0.048,0.095,1
"TSPAN6",0.0470925127198533,0.3120509286203,0.774,0.765,1
"ZNF562",0.0470938187224198,-0.317988632509015,0.19,0.27,1
"LINC00115",0.047127180825627,-0.730916927950694,0.024,0.06,1
"TBC1D9",0.0472126290110151,-0.292727653410619,0.387,0.488,1
"GOT2",0.0472575686448764,0.414223281233283,0.589,0.512,1
"IFNLR1",0.0473055975037935,-0.829643958262444,0.024,0.06,1
"DENND4C",0.0473072384272889,-0.278633374515258,0.335,0.432,1
"ZBTB45",0.0474337279034342,-0.262608458715745,0.149,0.228,1
"ARHGDIA",0.0474433367553993,-0.204827338248944,0.54,0.632,1
"SAMD11",0.0474845818799523,-0.855218179547427,0.024,0.06,1
"ZNF135",0.0475144185054546,-0.372753933485334,0.165,0.242,1
"SLC41A3",0.0475396884798612,-0.36004793499223,0.706,0.754,1
"ENGASE",0.0475512396029389,1.4424979506412,0.077,0.039,1
"BACH1",0.0476224099797327,-0.696704519617881,0.056,0.105,1
"EPSTI1",0.0476430369835858,-0.468318481242823,0.198,0.277,1
"VAMP2",0.0476462501626593,-0.227217125998372,0.448,0.551,1
"CD96",0.0476641352998784,-1.00093491187964,0.024,0.06,1
"APLF",0.0476662397386711,0.897300812396028,0.036,0.011,1
"ENSG00000259359",0.0477139026794798,0.740024542587012,0.319,0.27,1
"ORC3",0.0477354676435346,-0.226071683233879,0.278,0.375,1
"ENSG00000286540",0.0478250268850792,-1.70620645611901,0.02,0.053,1
"PCAT1",0.0478677392978444,-0.596798214421146,0.169,0.246,1
"USP12",0.0478870922552614,-0.309493645551413,0.29,0.382,1
"PIR",0.0479345949483922,-0.348638228554705,0.294,0.386,1
"VAMP1",0.0479471325883625,-0.509386627755489,0.117,0.179,1
"ZNF800",0.0479556902356886,-0.307231407740536,0.214,0.298,1
"ENSG00000272913",0.0479742385517187,-0.434673376719763,0.194,0.27,1
"MISP3",0.0480392748241074,-0.365848991577757,0.214,0.302,1
"TRIM3",0.048044084114929,1.39713433178998,0.073,0.035,1
"ERAP1",0.0481417031577407,-0.407209871131665,0.282,0.365,1
"SLC38A9",0.048189391587195,-0.474088244263291,0.081,0.137,1
"ENSG00000275465",0.0482247031667589,0.725174569718725,0.185,0.126,1
"IDH3A",0.0482658646592268,-0.226423447658908,0.544,0.667,1
"PNPLA6",0.048283759166694,-0.472824450793743,0.141,0.214,1
"DMXL2",0.0484098164002484,-0.619344825263469,0.117,0.179,1
"IPP",0.0484697606279896,-0.33334984067019,0.226,0.309,1
"FER",0.0484941543384875,-0.515367325827007,0.202,0.274,1
"S100A6",0.0485078626184598,0.481048731987881,0.754,0.705,1
"SIGIRR",0.0485224327925321,-0.277752934723155,0.327,0.435,1
"FNTA",0.0485672487711494,-0.246475497692678,0.508,0.621,1
"BCL9",0.0485898704878214,-0.240671682862881,0.524,0.625,1
"ENSG00000268566",0.0486224744979774,-0.2684152426006,0.371,0.477,1
"MIR4713HG",0.0486693397743046,-0.288300766988293,0.173,0.256,1
"ERBB4",0.0487342407088963,-0.337235737650058,0.589,0.667,1
"CCT6P3",0.048753481271868,-0.849579004855194,0.024,0.06,1
"MGAT1",0.04883117423515,-0.361716958147875,0.25,0.347,1
"HRAS",0.0489013519746322,-0.267574186281219,0.161,0.239,1
"TRIM11",0.0489718247172391,-0.446962475091188,0.077,0.133,1
"HEBP2",0.0490234030065416,-0.138894860142151,0.778,0.877,1
"ABCE1",0.0490304473757561,0.596525851757062,0.391,0.344,1
"TSG101",0.0490446637006133,0.165161306595256,0.847,0.835,1
"SMIM19",0.0490510815499974,0.249815630977013,0.831,0.825,1
"ADIPOR2",0.0490988532531641,-0.330642482347409,0.238,0.323,1
"RAB1B",0.0491114796023957,0.259990543537536,0.726,0.719,1
"UBE2H",0.049144308533301,-0.16516195949728,0.899,0.93,1
"RNF8",0.0492610022299049,0.385664811245305,0.496,0.46,1
"EPHB6",0.049288886424105,1.47001177650371,0.052,0.021,1
"ENSG00000188897",0.0493059457673418,-0.850401883396216,0.024,0.06,1
"PLEKHA5",0.0494983755134629,-0.417148969624172,0.528,0.611,1
"ZBTB4",0.0495430547763902,-0.171365626679658,0.532,0.632,1
"ARMC1",0.0495686747110585,-0.321009132144016,0.29,0.382,1
"ENSG00000237773",0.0495760869018046,-0.649792657488896,0.073,0.126,1
"SNX14",0.0496443291840332,-0.912564236933249,0.044,0.088,1
"PVT1",0.0496552801593988,1.2657892749768,0.06,0.109,1
"FUS",0.0496708324311303,-0.326072645854781,0.649,0.723,1
"TMEM44-AS1",0.0496786392125009,-0.411670844365422,0.133,0.2,1
"PLA2G12A",0.0497196352654124,-0.373834715666248,0.173,0.253,1
"ANKRD35",0.049780742546,-0.104237169540877,0.226,0.323,1
"TIRAP",0.0497846366091656,-0.553093179513832,0.121,0.186,1
"ENSG00000248359",0.0498098933753544,1.50830823434904,0.077,0.039,1
"RBM33",0.0498292837948188,-0.203961310931856,0.258,0.361,1
"SLC6A12",0.0498519023462374,-0.300048001021535,0.185,0.267,1
"SERF2",0.0498579850299326,0.151645732468984,0.948,0.912,1
"CFAP91",0.0499062606470651,-0.304295344452152,0.649,0.705,1
"ENSG00000259647",0.0499463018212405,-0.93466444146725,0.044,0.088,1
"GLA",0.0499772408287947,-0.355050911177229,0.165,0.242,1
"TUT7",0.0499912360328176,-0.375004526909293,0.302,0.386,1
"FAM193B",0.0500083237260617,0.743061202973441,0.266,0.214,1
"HMGN4",0.0501867541904086,-0.428004421327982,0.286,0.382,1
"NDUFAF4",0.0501981437359744,-0.645566659228143,0.242,0.309,1
"KIAA1143",0.0503371452510586,0.323342867305762,0.48,0.425,1
"TSC1",0.0505835337747043,-0.397903308876254,0.161,0.239,1
"CD164L2",0.0507176630503302,-0.246214786989321,0.476,0.579,1
"ERICH2",0.0507244325241019,-0.171858779553389,0.806,0.877,1
"ENSG00000290834",0.0508605057675806,-0.484687550532052,0.145,0.218,1
"MIR4458HG",0.0508869545666027,-0.510086870241045,0.085,0.14,1
"DKC1",0.0509036670981289,-0.181802914537711,0.427,0.551,1
"NDUFB8",0.0509456205124196,0.35349690026807,0.573,0.533,1
"ZNF548",0.0509705202492677,-0.546640014562263,0.093,0.151,1
"GTF3C1",0.0509848821044214,0.455674808385991,0.375,0.33,1
"PAPOLA-DT",0.0510182026086187,0.578565897461987,0.298,0.235,1
"AGO2",0.0510185098792486,-0.225335986274077,0.472,0.554,1
"LAPTM4B",0.0510375891417695,-0.151963794224282,0.673,0.73,1
"ENSG00000282080",0.0510817234415754,-0.95523967744006,0.085,0.137,1
"ENSG00000290385",0.0511271416307039,-2.21901082518848,0.004,0.025,1
"NOSIP",0.0511538740542573,-0.889343044996789,0.06,0.109,1
"BRWD3",0.0511686996391435,-0.438300581798643,0.129,0.2,1
"AKAP13",0.0512090445168023,-0.259482676520996,0.734,0.8,1
"GUSBP2",0.0512099512853845,-0.171129307034507,0.073,0.123,1
"CAPZA1",0.0512169050060967,0.233101368632581,0.831,0.821,1
"SIAH1",0.0512738535596372,-0.291055825154851,0.363,0.463,1
"TGFBR2",0.0512786543153441,-0.512007250202886,0.262,0.333,1
"EHBP1L1",0.0514038456459701,-1.05787497151144,0.02,0.053,1
"ZNF3",0.0514079825047782,0.485885652821743,0.569,0.544,1
"C16orf46",0.0514468249558549,-1.92950324246725,0.004,0.025,1
"FAM111A-DT",0.0514496777255667,0.782920800538174,0.141,0.088,1
"LINC02976",0.0514555111603145,-0.312768064094519,0.137,0.211,1
"CRLF3",0.0515163245062321,-0.34854559655609,0.157,0.232,1
"SUSD6",0.0515692152480013,-0.102990380185541,0.621,0.737,1
"ZDHHC17",0.0516155449329401,-0.490319217494237,0.198,0.281,1
"SERPINA1",0.0517296884754019,-0.236903560147033,0.875,0.926,1
"ENSG00000273759",0.0517681796747188,-2.40513881622796,0.004,0.025,1
"ENSG00000286409",0.0517681796747188,-1.81475615243618,0.004,0.025,1
"GET1-SH3BGR",0.0517681796747188,-1.84590279076136,0.004,0.025,1
"ACSF3",0.0517964518444281,-0.703659933877964,0.081,0.133,1
"HDAC11",0.051868090367035,-0.17211332857415,0.177,0.263,1
"NET1",0.0519478278316214,-0.10419060097015,0.69,0.789,1
"MAP3K21",0.0519528945500014,-0.895023295711717,0.06,0.105,1
"PRSS12",0.051974520943577,-0.375521721459223,0.391,0.491,1
"PKP3",0.0519987592608829,-0.584993890535755,0.113,0.175,1
"DDOST",0.0520439281350024,0.527680053598281,0.323,0.263,1
"SNRPA",0.0520661273121534,0.537889913171685,0.282,0.218,1
"ENPP2",0.0520705392283526,-0.363885101455608,0.379,0.463,1
"EIF2S3",0.0520710123835685,0.236332747497535,0.847,0.814,1
"KIF13A",0.0520802929102937,-0.512881809554643,0.339,0.418,1
"NME7",0.0520811243166644,-0.262450031074213,0.573,0.653,1
"ENSG00000272844",0.0520912122103301,-1.49922995061835,0.004,0.025,1
"HLA-V",0.0520912122103301,-1.44724746548698,0.004,0.025,1
"WDR54",0.0520931654849728,0.174833296079054,0.915,0.905,1
"COP1-DT",0.0521401731076734,-0.984661127266721,0.032,0.07,1
"TMEM125",0.0521541829252923,0.480566483271151,0.464,0.4,1
"DDAH1",0.0521740824791094,0.21212161556709,0.766,0.747,1
"TRAPPC1",0.0521859662055804,0.365243484164713,0.641,0.653,1
"ALOX12P2",0.0522825953719346,-1.11125237007078,0.056,0.102,1
"COG8",0.0523008194407377,0.627272455448451,0.27,0.214,1
"PLEKHG1",0.0523040207271846,-0.492900056059447,0.315,0.404,1
"UBE2M",0.0523041017320077,0.29752721633231,0.609,0.561,1
"ZMYND11",0.0523651565399099,0.349718069615026,0.698,0.667,1
"UBXN11",0.0523690299509961,0.416190550417686,0.573,0.54,1
"ENSG00000253190",0.052415928995143,-1.54755510829945,0.004,0.025,1
"GABRB3",0.052415928995143,-1.83548067293582,0.004,0.025,1
"OPRM1",0.052415928995143,-1.58342930339055,0.004,0.025,1
"TMOD4",0.052415928995143,-1.67310471277717,0.004,0.025,1
"FXR2",0.0524486880241751,0.48146389383579,0.315,0.249,1
"JAZF1",0.0525451865398051,-0.38080853596023,0.343,0.421,1
"KRT10",0.0525762564330524,0.240117533250653,0.71,0.688,1
"CFAP73",0.0526399631318889,0.180615847959606,0.927,0.961,1
"PPP1R12A",0.0526630994957652,-0.31375845993459,0.444,0.523,1
"PPWD1",0.0526763036666183,-0.251383056918313,0.202,0.284,1
"ENSG00000227088",0.0527423364709415,-1.8313764022025,0.004,0.025,1
"ENSG00000280383",0.0527423364709415,-1.35621864681216,0.004,0.025,1
"ENSG00000284977",0.0527423364709415,-1.51250054445532,0.004,0.025,1
"ENSG00000289552",0.0527423364709415,-1.95846153874001,0.004,0.025,1
"TVP23A",0.0527423364709415,-1.31673046469404,0.004,0.025,1
"MRI1",0.0527947360738394,-0.234897508088051,0.395,0.502,1
"DYRK1B",0.0528405470576585,0.40174820884884,0.46,0.432,1
"PDK2",0.052854158774748,0.985086280411775,0.141,0.091,1
"SPG11",0.0528866590136908,-0.177894802133395,0.569,0.702,1
"CKB",0.0528958117323906,0.188598484740604,0.964,0.968,1
"SLC51B",0.0529291987805011,-0.698598143115278,0.089,0.144,1
"ZKSCAN4",0.0530293077026379,1.05446379882943,0.073,0.035,1
"BCO2",0.0530396137986605,-0.487481199772449,0.294,0.379,1
"C8orf48",0.0530704410887497,-1.53943074710493,0.004,0.025,1
"ENSG00000276718",0.0530704410887497,-1.40877956099197,0.004,0.025,1
"ENSG00000287627",0.0530704410887497,-1.48040754233368,0.004,0.025,1
"ERCC5",0.0530704410887497,-0.942625777962594,0.004,0.025,1
"ZNF284",0.0530704410887497,-1.33693576916814,0.004,0.025,1
"SIPA1L1-AS1",0.0531190337973692,0.914209700231895,0.145,0.091,1
"MT-ND6",0.0531531509549358,-0.24873796146051,0.5,0.589,1
"BIN1",0.0532756996107653,-0.898001993444711,0.02,0.053,1
"LINC02878",0.0532756996107653,-0.680828981185648,0.02,0.053,1
"BTRC",0.0532889869430393,-0.417959187931978,0.25,0.333,1
"PCYT1B",0.05330418081737,0.576058609097769,0.331,0.274,1
"SGTA",0.0533154188927005,-0.600312434598691,0.069,0.119,1
"UBQLN1",0.0533294455480383,-0.179053213996864,0.407,0.512,1
"C2",0.05337082151214,1.4248198688,0.089,0.049,1
"PLXDC2",0.0533822120836695,-0.470267382086584,0.335,0.421,1
"ENSG00000285608",0.0534002493087399,-1.19627039875939,0.004,0.025,1
"PDGFD",0.0534002493087399,-1.17896697263839,0.004,0.025,1
"EMC3",0.0534159126542345,-0.30910481368849,0.504,0.593,1
"DENND4A",0.0534276880949895,-0.373163633924352,0.371,0.46,1
"PAPOLA",0.0534320862630484,-0.114034589001131,0.931,0.951,1
"ARPC2",0.0534471509656201,0.202355818962134,0.907,0.947,1
"MAB21L4",0.0534796232756224,-1.30565203403122,0.016,0.046,1
"NAPG",0.0534834958856469,-0.239084962115443,0.29,0.389,1
"DISC1",0.0534849645805332,-1.12703228506461,0.065,0.112,1
"NR3C2",0.0535248251339171,-0.94680889293064,0.052,0.098,1
"SCAMP5",0.0535414179095252,-1.9335403454352,0.012,0.039,1
"ENSG00000291133",0.0535797538551653,-0.68741463980856,0.081,0.133,1
"MTA2",0.0536398460844343,-0.434325184570797,0.137,0.207,1
"BRPF3-AS1",0.0536993099514847,-0.392747077175626,0.02,0.053,1
"FKBPL",0.0536993099514847,-0.656175567248568,0.02,0.053,1
"ENSG00000251438",0.0537090879183248,-1.20507779114121,0.016,0.046,1
"PEBP4",0.0537255482313232,-0.426240074204241,0.069,0.119,1
"ENSG00000288891",0.0537482641233746,-0.849671041030982,0.056,0.102,1
"CFH",0.0538315091567428,-0.84662585292048,0.06,0.109,1
"SPDYA",0.0539310755396714,-0.795720247496398,0.032,0.07,1
"MRPL33",0.0540235041628826,0.16810544437559,0.806,0.775,1
"MIA3",0.0541143508999167,-0.445090893659466,0.319,0.396,1
"CENPA",0.054125728825451,-0.791733862845549,0.02,0.053,1
"TGDS",0.0541314792753689,-0.354389312470335,0.177,0.253,1
"EIF1",0.054190535562723,-0.13102916621104,0.964,0.993,1
"LSR",0.0541924839840667,-0.275281061074908,0.234,0.333,1
"KBTBD4",0.0542324758783281,-0.203351739376654,0.456,0.568,1
"PRMT2",0.0542611882612032,0.232686066252521,0.702,0.681,1
"LINC00857",0.0543016830277335,2.03405987076196,0.04,0.014,1
"IGHMBP2",0.0543845799377179,-0.487255870227581,0.073,0.126,1
"PLBD2",0.0544024190809153,-1.14394518306189,0.016,0.046,1
"FAM107A",0.0545552840071621,-0.491591455154837,0.06,0.109,1
"CCDC157",0.0546563830089726,-0.245612604021189,0.419,0.537,1
"UPF2",0.054697679787177,-0.130758925561146,0.577,0.649,1
"SMIM7",0.0547145066556742,0.383302160874723,0.512,0.46,1
"LINC02666",0.0547757942340234,-0.966235354333473,0.048,0.091,1
"ENSG00000291201",0.0548709848458948,-1.86579139345958,0.008,0.032,1
"TTC37",0.0549247170976388,-0.300822090532834,0.423,0.533,1
"ENSG00000288752",0.0549999065763217,-0.911406328709865,0.04,0.081,1
"LINC01132",0.0550135451963698,0.721012398082522,0.141,0.091,1
"NEK7",0.055050485412221,-0.133421596621897,0.411,0.516,1
"ENSG00000265750",0.0551032012592954,-1.30855076491712,0.016,0.046,1
"NMB",0.0551401321277682,-0.488140408616152,0.06,0.109,1
"ENSG00000227355",0.0551608954576752,-2.19831982140522,0.008,0.032,1
"CNN2",0.055168349590489,0.48896748581017,0.387,0.358,1
"FAT1",0.0552216593058105,-0.244528879631992,0.177,0.256,1
"NDUFB4",0.0552943741819585,0.129798319143411,0.911,0.898,1
"C21orf91",0.0553066437619847,-0.23452593845482,0.194,0.274,1
"ARRDC3-AS1",0.0553361987618375,-0.476850469485664,0.157,0.225,1
"PIGY-DT",0.0553384611550664,-1.08001324144797,0.016,0.046,1
"PEX11G",0.055342520262494,-1.1163797189502,0.04,0.081,1
"B4GALT1",0.0553700728845873,0.370916369875761,0.629,0.642,1
"COA4",0.0554371377656373,0.418825036836997,0.48,0.439,1
"TRUB2",0.0554468289301406,0.687916666534302,0.266,0.214,1
"RPL7L1",0.0554571369871981,-0.142051546192891,0.778,0.796,1
"ELAVL1",0.0554926799096608,-0.248815485648084,0.573,0.663,1
"TBC1D22A-DT",0.055586511442897,-0.236687419213408,0.032,0.07,1
"LINC01765",0.0556136706073665,0.204251270052265,0.79,0.8,1
"MAP4K3",0.0556178205039213,-0.328971211433823,0.375,0.47,1
"ZNF764",0.055698493360121,-0.483926244800221,0.177,0.249,1
"ENSG00000242588",0.0557050684938873,-0.417498107329049,0.282,0.361,1
"KDM2B-DT",0.055744547891677,-2.04822194083139,0.008,0.032,1
"SURF1",0.0557539072030905,0.706420800198072,0.222,0.168,1
"SOX5",0.0558323273353476,-0.568168475579409,0.375,0.442,1
"LRRC37A5P",0.0558746917191146,0.505830724309974,0.407,0.361,1
"SMAD2",0.0559755123578353,0.234184218436877,0.766,0.733,1
"FAM131A",0.0559827423908821,-0.524300939244738,0.044,0.088,1
"GP6",0.0560492685848386,-0.822065585883765,0.016,0.046,1
"AGBL4",0.0561098407039679,-0.676327105238686,0.532,0.614,1
"SENP7",0.0561116022206223,-0.390137530430018,0.423,0.498,1
"ENSG00000277611",0.0561228291205649,2.10569536409617,0.028,0.007,1
"HEATR6-DT",0.0561228291205649,1.76615730997763,0.028,0.007,1
"MINDY2",0.0561246623372786,-0.250519516889993,0.593,0.67,1
"CARF",0.0563282111668673,-0.312072073203187,0.27,0.361,1
"TRPS1",0.0563576367607332,-0.376721316501909,0.496,0.614,1
"ABCC6",0.056373199206278,-1.70520451433342,0.012,0.039,1
"PKP4",0.0564178475167649,-0.292028799982095,0.653,0.737,1
"CCDC81",0.0565174096708217,0.281630190288864,0.77,0.8,1
"GAS2L2",0.0565697308819496,0.273232479977094,0.532,0.449,1
"NBN",0.0566023527396253,-0.159421171131243,0.819,0.839,1
"ENSG00000287965",0.0566116802793124,1.29947736063433,0.056,0.025,1
"HEYL",0.0566918469458987,1.00889417616195,0.081,0.042,1
"PER1",0.0567134895502983,-0.631053347897854,0.032,0.07,1
"CHL1",0.0567676630791732,-0.886223627407239,0.016,0.046,1
"PTEN",0.0568228807665634,0.351603655670179,0.613,0.604,1
"TMEM147-AS1",0.0568817465525883,-1.10154638313,0.048,0.091,1
"PDZK1",0.056901234816664,-1.29496936646734,0.012,0.039,1
"LOXL1-AS1",0.0569263505792377,-1.07186683961616,0.028,0.063,1
"IL15RA",0.0569272920054027,-1.50752198413432,0.008,0.032,1
"DPYD",0.0569581816293966,-0.652982959028174,0.069,0.119,1
"GSTZ1",0.0570277019848197,-0.644549263274842,0.081,0.133,1
"AKAP11",0.0570285668256596,-0.276474171270694,0.363,0.47,1
"AOC1",0.0570464960412709,-0.791134370955311,0.048,0.091,1
"FBP2",0.0571056919410896,1.7522821493656,0.028,0.007,1
"NUP214",0.0571092674940308,-0.445519587583227,0.246,0.337,1
"CALM1",0.0571471430515112,0.113389172722929,1,0.993,1
"ACADVL",0.0571574767901727,-0.285081339548328,0.524,0.625,1
"CASC9",0.0572262184288973,-1.26091796958973,0.008,0.032,1
"ZNF286B",0.0572590221247779,-0.871697927135133,0.04,0.081,1
"MCPH1-AS1",0.0572939386811369,-0.454942587170169,0.149,0.218,1
"NAP1L4",0.0572941331180616,-0.215136526311813,0.593,0.677,1
"RNF103-CHMP3",0.0573004045314976,-0.322144756435613,0.081,0.133,1
"HMGN2",0.0573228801424426,0.195384429825761,0.964,0.954,1
"FAM104B",0.0573229561096132,0.308145735799951,0.754,0.737,1
"BBS1",0.0575264492170341,-1.46408614631318,0.008,0.032,1
"CARD11",0.0575264492170341,-1.60187744077092,0.008,0.032,1
"BTBD16",0.0575304883329718,-1.0685117214609,0.028,0.063,1
"CIRBP",0.057541821221163,0.170936171081284,0.911,0.94,1
"TMED10",0.0575528179043998,0.131640017704266,0.98,0.982,1
"HECTD3",0.0575891398940469,-0.237810143718264,0.234,0.319,1
"LIPT1",0.0576133349979984,-0.815161647494969,0.04,0.081,1
"KLC2",0.0576671037712677,-0.436676269143614,0.032,0.07,1
"RMND5A",0.0576926945643372,-0.271486971983625,0.556,0.642,1
"ORAI1",0.0577202453062974,0.294349735390169,0.056,0.102,1
"ENSG00000213981",0.0578279884805415,-1.00729753254011,0.008,0.032,1
"ENSG00000262560",0.0578279884805415,-1.39821898889727,0.008,0.032,1
"TRAV30",0.0578594174330023,-0.409386815754683,0.032,0.07,1
"IFT22",0.0579601120437698,0.298269030019945,0.819,0.825,1
"GFPT2",0.0579696550440303,-1.2208604939036,0.012,0.039,1
"EDEM1",0.0580159200028298,-0.232498970943544,0.165,0.242,1
"ZBED9",0.0581028306114056,1.7165442119328,0.028,0.007,1
"VGLL1",0.0581028306114056,1.70765686882514,0.028,0.007,1
"CARNMT1",0.0581952040474733,-0.882873330583589,0.093,0.144,1
"EPN2",0.0582059834696435,0.231125999620395,0.657,0.635,1
"LCA5",0.0582260883524272,0.248618476702489,0.806,0.768,1
"XPR1",0.0582296418570243,-0.172836212627991,0.613,0.702,1
"ENSG00000280241",0.0582393496532611,-1.2623790413474,0.012,0.039,1
"ENSG00000286145",0.0584350088973648,-1.12343134081778,0.008,0.032,1
"SLFN12L",0.0584350088973648,-1.13489327412764,0.008,0.032,1
"ENSG00000289437",0.0584384083588318,1.45563844884166,0.028,0.007,1
"GS1-24F4.2",0.0584384083588318,1.06309390850393,0.028,0.007,1
"ENSG00000233757",0.0585100858684597,-1.19896543327044,0.012,0.039,1
"ENSG00000275710",0.0585100858684597,-1.07289922445674,0.012,0.039,1
"ENSG00000273702",0.0585111565622978,-0.591053346372977,0.093,0.147,1
"WASF2",0.0585222977879212,0.25373185963337,0.802,0.775,1
"UBR2",0.0585816905902329,-0.376887488688302,0.391,0.467,1
"ISY1",0.0587121522719819,-0.306864552545026,0.145,0.214,1
"ZNF474",0.0587279533238486,0.432437147488706,0.331,0.263,1
"ALDH1L2",0.0587404982927801,-0.957897517388009,0.008,0.032,1
"SUGT1P3",0.0587755944290338,1.36644128958778,0.028,0.007,1
"CLEC4E",0.0587818665865909,-0.261718469619123,0.012,0.039,1
"ENSG00000227479",0.0587818665865909,-1.26806667028508,0.012,0.039,1
"ENSG00000286037",0.0587818665865909,-1.36274533869563,0.012,0.039,1
"KEAP1",0.0588299108491068,-0.230995392462315,0.206,0.295,1
"ENSG00000279529",0.0590473126476707,-0.892049759766977,0.008,0.032,1
"NKAIN2",0.0590473126476707,-1.08352570508338,0.008,0.032,1
"NPTXR",0.0590473126476707,-0.979962580922987,0.008,0.032,1
"PKN2-AS1",0.0590473126476707,-0.909271985604807,0.008,0.032,1
"SETD7",0.0590488623579952,-0.624900897966094,0.04,0.081,1
"KLHL17",0.0590546947071251,-0.921594870837355,0.012,0.039,1
"JMJD6",0.059111529214368,-0.254212199162404,0.085,0.144,1
"COL16A1",0.0591676291619262,-0.912136572949519,0.028,0.063,1
"SOGA1",0.0591865481487049,-0.423048830943231,0.214,0.284,1
"PDHB",0.0592446572835483,0.341069940617826,0.625,0.6,1
"PANX1",0.0593011238153984,-0.511418370199706,0.069,0.119,1
"TMEM109",0.0593070359585093,-0.292889386660076,0.246,0.333,1
"HPS5",0.0593183280907168,-0.29314229355254,0.181,0.26,1
"SEC31B",0.0593285731320125,-0.85280430787165,0.012,0.039,1
"ENSG00000287979",0.0593554560931244,-0.592276106281519,0.008,0.032,1
"TOX3",0.0593554560931244,-0.914775706953859,0.008,0.032,1
"TMEM104",0.0593749643191082,-0.878764822814389,0.028,0.063,1
"C5orf34",0.0594221649592325,1.73975304260297,0.06,0.028,1
"ENSG00000291075",0.0595280261799234,0.384429946628717,0.452,0.404,1
"RNF138",0.0595720010805735,-0.210223619010173,0.363,0.467,1
"FBXO31",0.059575062527937,-0.37526045472795,0.44,0.519,1
"ENSG00000286724",0.0596035047656558,-0.714379628415982,0.012,0.039,1
"ERC2",0.0596035047656558,-0.883146537671153,0.012,0.039,1
"NDRG1",0.0596035047656558,-0.887109176271357,0.012,0.039,1
"WIPI2",0.0596251647253605,0.266271171115553,0.742,0.691,1
"GAL3ST1",0.0597968580603121,1.07070068218644,0.028,0.007,1
"IPO7",0.0598448280714536,-0.231471333570306,0.698,0.779,1
"LINC02863",0.0598794925148838,-0.670106456120842,0.012,0.039,1
"PTPRC",0.0599757467996732,-0.212080389553534,0.008,0.032,1
"ZNF707",0.0599757467996732,-0.83923770205703,0.008,0.032,1
"MTMR4",0.0601073876051422,-0.583800233121522,0.125,0.186,1
"LRRC36",0.0601316933268717,0.497242419394551,0.569,0.526,1
"ST7-AS1",0.0601565392889245,-0.753297416563996,0.012,0.039,1
"SUN1",0.0602978713634645,-0.138093547499057,0.77,0.853,1
"ENSG00000288819",0.0603291874404176,-0.744674909199803,0.04,0.081,1
"DCAKD",0.0603456063507556,0.436327509454026,0.528,0.491,1
"PCNT",0.0603729655591678,-0.422703443345577,0.194,0.263,1
"NUDT15",0.0603935656763921,0.354874690320869,0.371,0.298,1
"LINC01124",0.0604858439174178,0.871992020477347,0.028,0.007,1
"CTDSPL2",0.0605042100189823,-0.445876216182944,0.165,0.235,1
"TPT1-AS1",0.0605295537597646,-0.622996711263272,0.161,0.228,1
"SLC44A1",0.0606651362164236,-0.196213419199467,0.585,0.684,1
"CDKAL1",0.0607568591034939,-0.433503456764097,0.335,0.425,1
"SNRPC",0.0608263796860257,0.377121750346121,0.694,0.667,1
"TUBGCP2",0.0608676892464253,-0.392852755939607,0.298,0.375,1
"PTP4A2",0.0608710112552178,-0.178396530494854,0.81,0.846,1
"ENSG00000261584",0.060900766340308,0.715393009461095,0.117,0.07,1
"ITFG1",0.0609610607152677,-0.208517930185795,0.613,0.705,1
"UBXN10",0.061033395848911,0.112326289032453,0.952,0.951,1
"ATP1A1",0.0610854285286944,-0.143422322445041,0.81,0.825,1
"SMG1P5",0.0611066276454729,0.342486271512402,0.44,0.379,1
"LINC01708",0.0611671116160841,1.4681054318321,0.089,0.049,1
"GLUD1P2",0.0611867148150842,0.761910236384301,0.121,0.074,1
"SERTAD3",0.0612713625949051,-0.546306074297649,0.073,0.123,1
"BZW1",0.0613521041874796,-0.215284558080229,0.569,0.646,1
"PSME4",0.0614209473418856,-0.324121415259045,0.367,0.474,1
"LRP6",0.0614260230860366,-0.20391594396051,0.177,0.256,1
"WAC",0.061480113431236,-0.193000661245561,0.694,0.751,1
"ENSG00000291100",0.0615043195501942,-0.928637864457697,0.06,0.105,1
"CES4A",0.0615253069764489,0.258399331633043,0.702,0.674,1
"ADCY1",0.0616166975972945,-1.5044229063377,0,0.014,1
"AMPH",0.0616166975972945,-1.62636234967581,0,0.014,1
"ANOS1",0.0616166975972945,-1.89637027258167,0,0.014,1
"ATP2A1",0.0616166975972945,-1.5167072241705,0,0.014,1
"ATP2B2",0.0616166975972945,-1.228235432131,0,0.014,1
"AUNIP",0.0616166975972945,-1.1968810833277,0,0.014,1
"C1QB",0.0616166975972945,-2.56552507688929,0,0.014,1
"C1QC",0.0616166975972945,-3.37846475062249,0,0.014,1
"C9orf153",0.0616166975972945,-2.13451905381245,0,0.014,1
"CBX2",0.0616166975972945,-1.75559394465131,0,0.014,1
"CLEC19A",0.0616166975972945,-1.27289372795589,0,0.014,1
"CNGA1",0.0616166975972945,-1.56468826922961,0,0.014,1
"CTAGE4",0.0616166975972945,-1.86632427201185,0,0.014,1
"DGKG",0.0616166975972945,-1.47735664550568,0,0.014,1
"DNAH8",0.0616166975972945,-1.57278342320433,0,0.014,1
"EMILIN2",0.0616166975972945,-2.12367187941436,0,0.014,1
"ENSG00000225457",0.0616166975972945,-1.50919439998423,0,0.014,1
"ENSG00000232035",0.0616166975972945,-2.15674863212982,0,0.014,1
"ENSG00000233005",0.0616166975972945,-1.44325203542841,0,0.014,1
"ENSG00000233571",0.0616166975972945,-1.93132664416711,0,0.014,1
"ENSG00000234352",0.0616166975972945,-1.79397559282157,0,0.014,1
"ENSG00000235189",0.0616166975972945,-1.52337103803166,0,0.014,1
"ENSG00000237445",0.0616166975972945,-1.46883102189385,0,0.014,1
"ENSG00000237596",0.0616166975972945,-1.83415157968388,0,0.014,1
"ENSG00000240086",0.0616166975972945,-1.4635844338219,0,0.014,1
"ENSG00000245025",0.0616166975972945,-1.90574248566269,0,0.014,1
"ENSG00000247765",0.0616166975972945,-1.11427785937367,0,0.014,1
"ENSG00000248165",0.0616166975972945,-1.3046191697434,0,0.014,1
"ENSG00000249602",0.0616166975972945,-1.94133019440696,0,0.014,1
"ENSG00000253284",0.0616166975972945,-2.71564927027625,0,0.014,1
"ENSG00000254741",0.0616166975972945,-1.34739132112353,0,0.014,1
"ENSG00000255021",0.0616166975972945,-2.84192308773455,0,0.014,1
"ENSG00000257060",0.0616166975972945,-1.61659041472273,0,0.014,1
"ENSG00000258216",0.0616166975972945,-1.35016182973498,0,0.014,1
"ENSG00000258471",0.0616166975972945,-1.47429989750214,0,0.014,1
"ENSG00000260495",0.0616166975972945,-1.5847802391232,0,0.014,1
"ENSG00000260536",0.0616166975972945,-1.80938977201651,0,0.014,1
"ENSG00000260774",0.0616166975972945,-1.94187015854438,0,0.014,1
"ENSG00000264151",0.0616166975972945,-1.65929432147413,0,0.014,1
"ENSG00000268119",0.0616166975972945,-2.2923553504574,0,0.014,1
"ENSG00000268707",0.0616166975972945,-1.79890954753746,0,0.014,1
"ENSG00000271155",0.0616166975972945,-1.49467388876054,0,0.014,1
"ENSG00000274769",0.0616166975972945,-1.67900512780322,0,0.014,1
"ENSG00000281091",0.0616166975972945,-1.33592113368672,0,0.014,1
"ENSG00000284606",0.0616166975972945,-1.84677076754485,0,0.014,1
"ENSG00000284699",0.0616166975972945,-1.76312797415447,0,0.014,1
"ENSG00000285016",0.0616166975972945,-1.43743082703795,0,0.014,1
"ENSG00000285622",0.0616166975972945,-1.71968505637905,0,0.014,1
"ENSG00000285982",0.0616166975972945,-1.59025079454219,0,0.014,1
"ENSG00000286076",0.0616166975972945,-1.7639764206285,0,0.014,1
"ENSG00000287086",0.0616166975972945,-1.46553687647026,0,0.014,1
"ENSG00000287539",0.0616166975972945,-1.84448899341026,0,0.014,1
"ENSG00000288815",0.0616166975972945,-2.33300294281715,0,0.014,1
"ENSG00000288995",0.0616166975972945,-1.88492713791183,0,0.014,1
"ENSG00000289191",0.0616166975972945,-1.73960076186462,0,0.014,1
"ENSG00000289463",0.0616166975972945,-1.5185436401727,0,0.014,1
"ENSG00000289594",0.0616166975972945,-1.64699760860139,0,0.014,1
"ENSG00000289880",0.0616166975972945,-1.55138990149312,0,0.014,1
"ENSG00000290117",0.0616166975972945,-1.95334861394228,0,0.014,1
"ENSG00000290553",0.0616166975972945,-1.57074664636218,0,0.014,1
"ENSG00000290688",0.0616166975972945,-1.5481510204217,0,0.014,1
"ENSG00000290737",0.0616166975972945,-1.37052079116351,0,0.014,1
"ENSG00000291185",0.0616166975972945,-1.32964741672356,0,0.014,1
"FAM124A",0.0616166975972945,-1.53439215777554,0,0.014,1
"FAM131B-AS2",0.0616166975972945,-1.27771978783736,0,0.014,1
"FLRT3",0.0616166975972945,-1.83575329281754,0,0.014,1
"GABRA3",0.0616166975972945,-1.29997215484995,0,0.014,1
"GCNT7",0.0616166975972945,-1.39899320947069,0,0.014,1
"GNAL",0.0616166975972945,-1.26138149640434,0,0.014,1
"GNAO1-DT",0.0616166975972945,-1.75734780082963,0,0.014,1
"GRIK5",0.0616166975972945,-1.41326957712011,0,0.014,1
"HSD17B13",0.0616166975972945,-1.95256210927248,0,0.014,1
"HSF5",0.0616166975972945,-1.51666446628617,0,0.014,1
"IFNG-AS1",0.0616166975972945,-1.92203260070739,0,0.014,1
"IGSF22-AS1",0.0616166975972945,-1.51871918787311,0,0.014,1
"INSYN2A",0.0616166975972945,-1.30600758238002,0,0.014,1
"JPH1",0.0616166975972945,-1.65807994572466,0,0.014,1
"KCNJ6",0.0616166975972945,-1.7093355092376,0,0.014,1
"KEL",0.0616166975972945,-1.36743174350087,0,0.014,1
"KLC3",0.0616166975972945,-1.59481845411095,0,0.014,1
"LAYN",0.0616166975972945,-1.34144028048538,0,0.014,1
"LINC00471",0.0616166975972945,-1.56769879489151,0,0.014,1
"LINC01117",0.0616166975972945,-2.11607915003609,0,0.014,1
"LINC01162",0.0616166975972945,-1.84332128482878,0,0.014,1
"LINC01163",0.0616166975972945,-1.56636406121959,0,0.014,1
"LINC01799",0.0616166975972945,-2.16059545738711,0,0.014,1
"LINC02054",0.0616166975972945,-1.29478713307061,0,0.014,1
"LINC02193",0.0616166975972945,-1.681015811888,0,0.014,1
"LINC02432",0.0616166975972945,-2.0750663312155,0,0.014,1
"MANSC4",0.0616166975972945,-1.20700665951116,0,0.014,1
"MGAM",0.0616166975972945,-1.87270405526541,0,0.014,1
"MTUS2",0.0616166975972945,-1.4238814181882,0,0.014,1
"NEXMIF",0.0616166975972945,-1.61252713015291,0,0.014,1
"NEXN-AS1",0.0616166975972945,-1.96477624017056,0,0.014,1
"NIBAN1",0.0616166975972945,-2.14158832160251,0,0.014,1
"P4HA3",0.0616166975972945,-1.20045605749718,0,0.014,1
"PDGFA-DT",0.0616166975972945,-1.59016551034966,0,0.014,1
"PKIA-AS1",0.0616166975972945,-1.84700652778963,0,0.014,1
"PLEKHA4",0.0616166975972945,-1.99225316154994,0,0.014,1
"POU2F3",0.0616166975972945,-2.1783103417441,0,0.014,1
"POU5F2",0.0616166975972945,-1.94691573630818,0,0.014,1
"PROC",0.0616166975972945,-1.21122634249187,0,0.014,1
"PTGES",0.0616166975972945,-2.90356946093129,0,0.014,1
"PTPN7",0.0616166975972945,-1.8690425790059,0,0.014,1
"RAB40A",0.0616166975972945,-1.78605808409824,0,0.014,1
"RBFOX3",0.0616166975972945,-1.59297482738535,0,0.014,1
"RGPD1",0.0616166975972945,-1.69104717520096,0,0.014,1
"RTKN2",0.0616166975972945,-1.69404681502361,0,0.014,1
"SEMA3F",0.0616166975972945,-1.710390505261,0,0.014,1
"SH3PXD2B",0.0616166975972945,-2.0296221676314,0,0.014,1
"SLC25A34",0.0616166975972945,-2.08827243276848,0,0.014,1
"SLC49A3",0.0616166975972945,-1.82408466308808,0,0.014,1
"SLCO5A1",0.0616166975972945,-1.46247414875452,0,0.014,1
"SP9",0.0616166975972945,-1.84376889266146,0,0.014,1
"SPATA22",0.0616166975972945,-1.78769653410606,0,0.014,1
"SPATC1",0.0616166975972945,-1.74763832741945,0,0.014,1
"ST6GALNAC3",0.0616166975972945,-2.18850061827587,0,0.014,1
"ST8SIA5",0.0616166975972945,-1.45611482381417,0,0.014,1
"STAC",0.0616166975972945,-2.09041940991076,0,0.014,1
"TBC1D3P1-DHX40P1",0.0616166975972945,-2.07066591583465,0,0.014,1
"THOC1-DT",0.0616166975972945,-2.14434843610702,0,0.014,1
"TMEM163",0.0616166975972945,-1.36850754498082,0,0.014,1
"TMEM92-AS1",0.0616166975972945,-1.80957321496669,0,0.014,1
"TNFRSF1B",0.0616166975972945,-1.1612572511674,0,0.014,1
"TRHDE",0.0616166975972945,-1.74950733591359,0,0.014,1
"UAP1L1",0.0616166975972945,-2.01615846318342,0,0.014,1
"WASF1",0.0616166975972945,-1.42374744965256,0,0.014,1
"ZCCHC24",0.0616166975972945,-1.87868937464011,0,0.014,1
"ZNF114-AS1",0.0616166975972945,-1.20281339649805,0,0.014,1
"ZNF582-DT",0.0616166975972945,-1.80440908432599,0,0.014,1
"ZP3",0.0616166975972945,-1.23991026039868,0,0.014,1
"BSN-DT",0.0616166975972945,-1.74557619382733,0,0.014,1
"ENSG00000188223",0.0616166975972945,-1.33911590851768,0,0.014,1
"ENSG00000269799",0.0616166975972945,-1.36362155598755,0,0.014,1
"ENSG00000273367",0.0616166975972945,-2.14345286847143,0,0.014,1
"STK4-DT",0.0616166975972945,-1.48751278829599,0,0.014,1
"SUCLA2-AS1",0.0616166975972945,-1.29322686379719,0,0.014,1
"ENSG00000285606",0.0616166975972945,-1.35516138845616,0,0.014,1
"UROC1",0.0616166975972945,-1.52680806755628,0,0.014,1
"ENSG00000285699",0.0616166975972945,-2.28552506311068,0,0.014,1
"TNRC6B-DT",0.0616166975972945,-1.40278028069078,0,0.014,1
"RERG-AS1",0.0616166975972945,-2.19455519786502,0,0.014,1
"ENSG00000259561",0.0616166975972945,-1.36358068667604,0,0.014,1
"GBA3",0.0617863682926829,-0.664658619111733,0.137,0.2,1
"MIPEP",0.0617979443950001,0.166600232250076,0.786,0.751,1
"PTPRA",0.0618180083690616,-0.292475402460516,0.456,0.537,1
"EMX2",0.0618536956065661,0.332607037011876,0.577,0.547,1
"LINC03009",0.061885904031187,-0.544478116796843,0.081,0.133,1
"SPTAN1",0.0619289493980424,-0.205037706955095,0.843,0.881,1
"ENSG00000285932",0.0620090500872991,-0.455896440009766,0.04,0.081,1
"ANTXR2",0.0620172090910199,0.810121689975256,0.202,0.154,1
"C12orf60",0.0620282147979154,-0.710263357693883,0.089,0.14,1
"RIC1",0.062061759510719,-0.572480580324928,0.077,0.126,1
"FZD3",0.0620819900912204,-0.355255403422247,0.423,0.498,1
"RPS11",0.0620823554190274,0.172655108814253,0.935,0.909,1
"SNHG29",0.0621015822495886,0.192597811937061,0.665,0.688,1
"HMGA2",0.0621421406693539,-0.633974089035834,0.169,0.239,1
"ERGIC2",0.0621457210345379,-0.23726036404883,0.609,0.67,1
"CFAP61",0.0622122485023025,0.15906057412813,0.831,0.779,1
"CEP120",0.0623475891383202,-0.244356899077818,0.363,0.467,1
"SPTBN1-AS2",0.0623539615777942,-0.597679460171753,0.048,0.091,1
"KCNB1",0.0623683354239101,-0.229262506449048,0.544,0.628,1
"RBKS",0.0623831968223713,0.288190977372101,0.577,0.53,1
"NGLY1",0.0624281956561414,-0.340154435195959,0.226,0.309,1
"STX17",0.0624958027661723,-0.237632470115585,0.246,0.333,1
"ENSG00000213204",0.0625055339372316,-0.433284621494791,0.169,0.242,1
"CCDC9",0.0625180423466424,-1.19483653114866,0.024,0.056,1
"CFAP418-AS1",0.0626092349359494,-0.759596666307425,0.141,0.204,1
"FAM98B",0.0626623505720393,-0.155174868357022,0.327,0.421,1
"TCEAL1",0.0626843705844394,0.710076579278184,0.266,0.207,1
"OFD1",0.0627140145784817,0.231058296443575,0.738,0.684,1
"RBSN",0.0627307025020242,0.676031295890541,0.121,0.074,1
"GARIN5A",0.0627487392980503,-1.22543111467165,0.024,0.056,1
"ZNF274",0.0627707541701558,-0.164333267137761,0.109,0.172,1
"SULT1E1",0.0627751271873201,-0.764611775255955,0.028,0.063,1
"RIF1",0.0628061645589048,-0.149178757379185,0.44,0.53,1
"CSF2RA",0.0628830966461008,-0.734087948101758,0.089,0.14,1
"SHROOM1",0.0628885901294361,-0.539544490856805,0.048,0.091,1
"KANSL1",0.0629017553212134,-0.302565937336104,0.347,0.432,1
"ZNF621",0.0629227272955252,-0.421116294204721,0.298,0.382,1
"PARN",0.0629373771160715,-0.346473257648429,0.319,0.396,1
"EP300",0.0630740760092749,-0.263067332159569,0.726,0.8,1
"THUMPD2",0.0631288901671244,-1.04675799118395,0.044,0.084,1
"ABCG2",0.0631574141310015,1.7555637285885,0.012,0,1
"ADAT2",0.0631574141310015,2.23740994982478,0.012,0,1
"CD52",0.0631574141310015,3.30829226965172,0.012,0,1
"CLEC12A",0.0631574141310015,2.25582798505615,0.012,0,1
"CLEC18A",0.0631574141310015,1.92235555683205,0.012,0,1
"CYP24A1",0.0631574141310015,2.02834566283356,0.012,0,1
"DIO2-AS1",0.0631574141310015,1.70117801016915,0.012,0,1
"DUSP5-DT",0.0631574141310015,1.83076589191034,0.012,0,1
"ENSG00000235837",0.0631574141310015,1.69263196569712,0.012,0,1
"ENSG00000259347",0.0631574141310015,2.31880025599854,0.012,0,1
"ENSG00000259985",0.0631574141310015,1.965091291325,0.012,0,1
"ENSG00000260647",0.0631574141310015,1.62314149104227,0.012,0,1
"ENSG00000263990",0.0631574141310015,1.58727650291655,0.012,0,1
"ENSG00000265413",0.0631574141310015,2.01513394983289,0.012,0,1
"ENSG00000267892",0.0631574141310015,1.92442794169446,0.012,0,1
"ENSG00000269102",0.0631574141310015,2.03171868446751,0.012,0,1
"ENSG00000269951",0.0631574141310015,2.43657432111198,0.012,0,1
"ENSG00000271763",0.0631574141310015,2.06876031435644,0.012,0,1
"ENSG00000273797",0.0631574141310015,1.80993777966472,0.012,0,1
"ENSG00000276952",0.0631574141310015,2.55012036774323,0.012,0,1
"ENSG00000277369",0.0631574141310015,1.82246568206233,0.012,0,1
"ENSG00000286937",0.0631574141310015,2.3555982375954,0.012,0,1
"ENSG00000287419",0.0631574141310015,2.00443367423596,0.012,0,1
"ENSG00000287678",0.0631574141310015,1.76062861113544,0.012,0,1
"ENSG00000287726",0.0631574141310015,1.80761287866322,0.012,0,1
"ENSG00000287801",0.0631574141310015,1.75247853242465,0.012,0,1
"ENSG00000288586",0.0631574141310015,1.97984578160115,0.012,0,1
"ENSG00000288888",0.0631574141310015,2.37634996816078,0.012,0,1
"ENSG00000288909",0.0631574141310015,1.64208021808972,0.012,0,1
"ENSG00000290843",0.0631574141310015,1.97845792115301,0.012,0,1
"ESRRB",0.0631574141310015,1.90576722866883,0.012,0,1
"EVC",0.0631574141310015,2.10406478033834,0.012,0,1
"FRMPD3",0.0631574141310015,2.06745356149897,0.012,0,1
"GATA3",0.0631574141310015,1.7962903392311,0.012,0,1
"GJB1",0.0631574141310015,1.6260421787446,0.012,0,1
"GLCCI1-DT",0.0631574141310015,2.34467401817084,0.012,0,1
"GTSE1",0.0631574141310015,1.91352320391405,0.012,0,1
"HLF",0.0631574141310015,1.86674910427893,0.012,0,1
"HOXA2",0.0631574141310015,2.01478071613171,0.012,0,1
"HS3ST1",0.0631574141310015,1.90639243857807,0.012,0,1
"HSD17B6",0.0631574141310015,1.80930022537745,0.012,0,1
"IL10RA",0.0631574141310015,1.74049170371626,0.012,0,1
"LHB",0.0631574141310015,2.28056078092674,0.012,0,1
"LINC01568",0.0631574141310015,1.84054629319596,0.012,0,1
"LINC01926",0.0631574141310015,2.08952332197742,0.012,0,1
"LINC02569",0.0631574141310015,1.62565178999967,0.012,0,1
"LYPLAL1-AS1",0.0631574141310015,2.68652069616888,0.012,0,1
"MANEAL",0.0631574141310015,1.84898830241165,0.012,0,1
"MFSD2B",0.0631574141310015,1.88673456750671,0.012,0,1
"MPP3",0.0631574141310015,2.19293500035449,0.012,0,1
"MYBPC1",0.0631574141310015,2.48092366308541,0.012,0,1
"NUP133-DT",0.0631574141310015,1.88547701225135,0.012,0,1
"PAK6-AS1",0.0631574141310015,2.17552143585576,0.012,0,1
"PCDHB9",0.0631574141310015,1.81847809669814,0.012,0,1
"PRSS8",0.0631574141310015,2.45535791482532,0.012,0,1
"RRN3P3",0.0631574141310015,2.12218639396395,0.012,0,1
"SLC43A1",0.0631574141310015,1.73420915915358,0.012,0,1
"STAB1",0.0631574141310015,2.3323383767374,0.012,0,1
"SYCE2",0.0631574141310015,1.62445466105234,0.012,0,1
"TENM2-AS1",0.0631574141310015,2.16309647130757,0.012,0,1
"TENT5B",0.0631574141310015,1.99729104351684,0.012,0,1
"THEMIS",0.0631574141310015,2.05792799747886,0.012,0,1
"TLCD3B",0.0631574141310015,1.57474571261374,0.012,0,1
"TMEM178B",0.0631574141310015,1.88891214143528,0.012,0,1
"TRIL",0.0631574141310015,2.28907246856402,0.012,0,1
"WNT4",0.0631574141310015,1.99885041954672,0.012,0,1
"YAE1-DT",0.0631574141310015,1.8709487283455,0.012,0,1
"ARMH2",0.0631574141310015,1.9175590706418,0.012,0,1
"ENSG00000230628",0.0631574141310015,2.16991722497623,0.012,0,1
"ENSG00000236164",0.0631574141310015,1.90674539939511,0.012,0,1
"ENSG00000249588",0.0631574141310015,1.77964402525305,0.012,0,1
"ENSG00000257265",0.0631574141310015,1.66402590070679,0.012,0,1
"ENSG00000273328",0.0631574141310015,2.07273102627424,0.012,0,1
"ENSG00000278769",0.0631574141310015,1.9011653040159,0.012,0,1
"ENSG00000286463",0.0631574141310015,1.88371022080467,0.012,0,1
"ENSG00000287370",0.0631574141310015,2.10716943990228,0.012,0,1
"FAM169A-AS1",0.0631574141310015,1.66772272510948,0.012,0,1
"GJB5",0.0631574141310015,1.70980153608173,0.012,0,1
"KRT27",0.0631574141310015,2.07362791929861,0.012,0,1
"LINC00458",0.0631574141310015,1.82427405303857,0.012,0,1
"PACRG-AS1",0.0631574141310015,1.43316464986421,0.012,0,1
"SRPK3",0.0631574141310015,2.33747145335532,0.012,0,1
"UBE2E3-DT",0.0631574141310015,1.75184335477161,0.012,0,1
"NR1D2",0.0631761618506262,-0.284164739092173,0.306,0.404,1
"TOMM40",0.0632391422649898,-0.370150169282187,0.097,0.154,1
"ARHGEF11",0.0632547730886925,-0.238029754699306,0.198,0.281,1
"ADK",0.0632724179415281,-0.43959519181472,0.423,0.505,1
"TM7SF3",0.0632799919686574,0.42754827208961,0.44,0.404,1
"FMO5",0.0632931177477645,-0.486695041102316,0.093,0.147,1
"FAM184A",0.0632933371448196,-0.986536581988017,0.036,0.074,1
"EOLA1-DT",0.0633838233597301,-0.492307584256656,0.121,0.179,1
"ACO1",0.0634225050544384,-0.294790751801716,0.169,0.246,1
"AKAP7",0.0635338361388577,0.496266534607843,0.323,0.274,1
"SNX7",0.0635377481090377,0.201067075061239,0.516,0.463,1
"REX1BD",0.0636029179809024,-0.694995267868986,0.089,0.14,1
"MFSD12",0.0636030314437457,-0.302292579265375,0.161,0.235,1
"TPGS1",0.0636785767814618,-1.16646187675036,0.024,0.056,1
"SMARCC1",0.063747349448229,-0.115548607979673,0.508,0.6,1
"COPS4",0.063827824567974,-0.371844549143787,0.226,0.305,1
"TCTA",0.0639576323421868,-0.226560579283181,0.419,0.512,1
"NEIL2",0.0639967740000431,-0.300420959419625,0.222,0.305,1
"REPIN1",0.0640421252534314,-0.215986601094041,0.645,0.681,1
"TAT-AS1",0.064091010143611,-0.702516733437243,0.028,0.063,1
"ERBIN",0.0640916516125055,-0.297874728517961,0.536,0.596,1
"KMT2B",0.0641071906800268,-0.146998068163226,0.153,0.232,1
"SLC12A7",0.0641353554293459,-0.114850863049008,0.427,0.537,1
"STOX1",0.0641414432205043,0.317154630065107,0.831,0.779,1
"HLA-DMB",0.064204060897606,-0.130460711711236,0.331,0.428,1
"DVL3",0.0642477826636754,-0.188101939652854,0.359,0.453,1
"SLAIN2",0.0643989890375414,0.191153042455734,0.895,0.895,1
"ADAMTS9",0.0644235158868584,1.69289325067554,0.065,0.032,1
"ZDHHC16",0.0644782756267734,-0.541242897475236,0.081,0.133,1
"TGIF1",0.0645927502719524,-0.185250146940525,0.625,0.712,1
"DNMT1",0.0646867423965622,-0.216566244747089,0.609,0.688,1
"E2F8",0.0647153887772793,1.09075754492859,0.101,0.06,1
"C14orf93",0.0647156776444756,1.22484769898899,0.105,0.063,1
"PWWP3A",0.064788470494045,-0.198659445452051,0.5,0.596,1
"ARPIN",0.0648463310821127,0.396991322815038,0.448,0.404,1
"SKAP2",0.0648478568479787,0.299133637229741,0.5,0.449,1
"LRRC61",0.0649113889816264,-0.237438969561841,0.419,0.516,1
"RAB14",0.0649116893391196,-0.17817287078516,0.698,0.754,1
"CLCN7",0.0649184774635974,-0.5938407368825,0.065,0.112,1
"CCDC120",0.0649965438823644,-0.517489535564677,0.056,0.102,1
"RPA3",0.0650322122101308,0.17841444019207,0.819,0.804,1
"BRD1",0.065079846872184,-0.276287689394304,0.319,0.418,1
"LY6H",0.0650946499041156,-1.08088860721763,0.024,0.056,1
"CCDC33",0.065158595430078,0.325071544604077,0.621,0.579,1
"GCDH",0.0651709609516586,0.700802128656483,0.173,0.123,1
"PPP1R11",0.0651726814880159,0.408614366986811,0.593,0.544,1
"ERMARD",0.0651836924018443,-0.193639515077825,0.266,0.358,1
"PGAP6",0.0652268855635116,-0.171996601296019,0.315,0.414,1
"C9orf64",0.065230989260449,-0.269133005086562,0.331,0.432,1
"PGAP3",0.0653275801499498,-0.497397984566537,0.101,0.158,1
"PLEKHA1",0.0653359666951898,-0.247172853070358,0.371,0.484,1
"ASH2L",0.0653695893961552,0.330961430827496,0.589,0.551,1
"EMSY-DT",0.0653839083901044,0.855839021810056,0.161,0.112,1
"KIAA1958",0.0653880984293557,-0.319355525823773,0.444,0.533,1
"ZBTB2",0.0654324835386047,-0.889990312981144,0.052,0.095,1
"ENSG00000275765",0.0654866336280102,0.988470839829867,0.125,0.081,1
"OOEP",0.0654933228724764,-0.100539994239933,0.399,0.523,1
"ABRAXAS2",0.0655563009888773,-0.391686775054178,0.238,0.316,1
"ENSG00000273456",0.0655724077032254,-0.801282760994211,0.024,0.056,1
"TBC1D15",0.0656439327653674,-0.310875069665355,0.343,0.428,1
"MED31",0.0656874366674588,-0.189623280646699,0.508,0.593,1
"CNGA4",0.0657621749284066,-0.565898912736515,0.073,0.123,1
"ENSG00000290192",0.0659940886414778,1.43750282534205,0.065,0.032,1
"GGPS1",0.0660136985838529,-0.318961789131437,0.234,0.312,1
"MYLK-AS1",0.0660141697406974,-1.15096388598078,0.073,0.119,1
"TMEM251",0.0660612814800944,-0.296353038422704,0.323,0.411,1
"CHDH",0.0660801680941915,1.67973825316554,0.044,0.018,1
"APBA2",0.0661566075945012,-0.818127399079581,0.036,0.074,1
"SETD6",0.0662368841330761,-0.333975723394228,0.254,0.34,1
"ENSG00000286162",0.0662762620941452,-0.812146209171081,0.069,0.116,1
"SAMD13",0.0662782254530482,0.975255043608628,0.125,0.081,1
"CDKL1",0.0663583180105131,0.249023838034996,0.577,0.516,1
"DPH5-DT",0.0663586341572143,1.25830346738884,0.089,0.049,1
"ENSG00000289028",0.0663618029731717,1.58033787598491,0.044,0.018,1
"ZNF674-AS1",0.0663632307347326,0.343150514701986,0.048,0.091,1
"ANO1",0.066382224043755,-1.32673117152946,0.04,0.077,1
"ITGA2",0.0664023734278887,-0.387979644366601,0.073,0.123,1
"CYB5A",0.0664884668349468,0.275375981433892,0.778,0.754,1
"SLC15A4",0.0665757564571897,-0.28577193410813,0.294,0.375,1
"COX6A1",0.0666444492428284,0.102537590206363,0.895,0.902,1
"PLEKHF2",0.0666538941534352,-0.291863004183206,0.294,0.389,1
"FGD6",0.0666767835690856,1.4558974611383,0.065,0.032,1
"CLN8",0.0667284995271786,0.393984563353245,0.302,0.239,1
"EXD2",0.0667563729176737,-0.468997592573396,0.242,0.319,1
"EFCAB12",0.0667746250535075,0.289139859219258,0.585,0.551,1
"GKAP1",0.066781156771664,0.560677855178622,0.335,0.284,1
"SRGAP3",0.0668952407186227,-0.422829108112583,0.569,0.653,1
"ZDHHC20",0.0669171325414174,0.470540748118776,0.298,0.246,1
"OS9",0.067022142055147,-0.177694240211561,0.681,0.733,1
"GPX4",0.0671307576097431,0.247826437553484,0.863,0.849,1
"CCDC22",0.0671447550940228,-1.14061395740452,0.044,0.084,1
"B3GNT3",0.0671538983931322,-0.176362336851314,0.23,0.309,1
"NAXE",0.0672003106355705,0.423186137379457,0.419,0.365,1
"POLRMT",0.0672097537617151,-0.362880790782125,0.097,0.154,1
"NDOR1",0.0672673767199492,-0.850514485500792,0.024,0.056,1
"SNHG8",0.0673123958016851,-0.243345713899009,0.323,0.421,1
"RSAD2",0.0674313510960377,-0.620286071559224,0.198,0.26,1
"PFKM",0.0674557130419747,-0.405952938088149,0.06,0.109,1
"RC3H2",0.0674844272823564,-0.262178746796176,0.238,0.326,1
"IMPA2",0.0674942087377971,0.726246802677803,0.153,0.102,1
"SNX18",0.0675113679356064,-0.416182898012981,0.129,0.193,1
"CPD",0.0675706150095084,-0.216957265203695,0.548,0.639,1
"VRK3",0.067587927313535,0.19854360316412,0.806,0.832,1
"TRAPPC2L",0.0676183279236943,0.454407007374383,0.484,0.439,1
"ANKRD39",0.0676388902824542,-0.586849484677652,0.077,0.126,1
"ARL6IP1",0.0676965012390804,0.196585413909391,0.778,0.73,1
"ENSG00000284691",0.0677398363862048,0.816459722443412,0.23,0.182,1
"ZSCAN30",0.0677640002213054,-0.362528980552286,0.161,0.228,1
"ATP5PO",0.0677947679089386,0.369727123187685,0.52,0.456,1
"MVP",0.0679180272072159,-0.295670337444261,0.556,0.628,1
"ARPP19",0.0679216608255196,-0.330904211640268,0.565,0.625,1
"CNOT6",0.0679639653275629,-0.315770892258498,0.532,0.596,1
"TAF15",0.0680074062002761,-0.287759037029114,0.508,0.596,1
"TANC1",0.068015541712151,-0.396615502637707,0.165,0.235,1
"ZNF468",0.068044311690515,-0.452284798136715,0.19,0.256,1
"APH1B",0.0680619037202737,0.219509228551812,0.653,0.582,1
"KIFC2",0.0681054330736216,-0.895192685217824,0.093,0.144,1
"ZNF385A",0.068114834501066,0.439363109656819,0.468,0.418,1
"IPO13",0.0681702194190683,0.49016569561201,0.222,0.165,1
"GPATCH8",0.0682233564401218,-0.446736526197719,0.452,0.53,1
"FKBP8",0.0682767579135817,0.303910148570349,0.423,0.375,1
"EBF4",0.068432644294759,1.49570982738247,0.069,0.035,1
"CCN2",0.0684410735117599,-0.271317491193589,0.75,0.793,1
"AIFM3",0.0684428157573139,1.85360071727619,0.02,0.004,1
"ANXA6",0.0684428157573139,2.11217328290184,0.02,0.004,1
"C5orf67",0.0684428157573139,2.5207905018511,0.02,0.004,1
"DSCC1",0.0684428157573139,2.06120137625707,0.02,0.004,1
"ENSG00000241168",0.0684428157573139,2.28091419954604,0.02,0.004,1
"ENSG00000249967",0.0684428157573139,1.81816575868776,0.02,0.004,1
"ENSG00000263235",0.0684428157573139,2.00380941709854,0.02,0.004,1
"ENSG00000264558",0.0684428157573139,2.13044948068892,0.02,0.004,1
"ENSG00000284879",0.0684428157573139,2.26136404925897,0.02,0.004,1
"ENSG00000291297",0.0684428157573139,1.90432431062868,0.02,0.004,1
"LINC02253",0.0684428157573139,2.46074380930117,0.02,0.004,1
"MT1G",0.0684428157573139,1.92644256211278,0.02,0.004,1
"PCAT7",0.0684428157573139,1.69801451649627,0.02,0.004,1
"EI24",0.0684495151415226,0.270917119604628,0.75,0.744,1
"LINC01186",0.068476022819477,-0.750697805858616,0.113,0.168,1
"TAP2",0.0685054225479182,-0.166082767320231,0.181,0.256,1
"ENSG00000287549",0.068529223283466,-0.815882451869598,0.044,0.084,1
"SLC22A4",0.0685860372229486,0.129151855288571,0.331,0.432,1
"MYL6",0.0685973796965489,0.181200591822795,0.923,0.93,1
"SEPTIN9",0.0686586133669562,-0.174718581623876,0.742,0.796,1
"RANGRF",0.0686806909687872,-0.156354939651233,0.254,0.333,1
"SLC52A1",0.0686950117211118,-0.714184813269895,0.036,0.074,1
"ENSG00000227486",0.0687112941164736,-0.776536792559002,0.093,0.144,1
"COLCA1",0.0687285618747438,0.422525945525027,0.359,0.302,1
"SMIM2-AS1",0.0688033784545318,0.951689671606111,0.121,0.077,1
"GULP1",0.068867267357412,-0.61401509313084,0.145,0.207,1
"ABCC5-AS1",0.0689122607485745,1.70155792845884,0.02,0.004,1
"MROH1",0.068999652240505,-0.67207101124269,0.137,0.196,1
"FAM91A1",0.0690179317533708,-0.203667447001987,0.298,0.396,1
"LINC02725",0.0692366471135148,-1.22792929699383,0.02,0.049,1
"RPL19",0.0692976353427285,0.146980638066744,0.895,0.909,1
"APOLD1",0.0693843480434898,2.05473204716168,0.02,0.004,1
"FANCG",0.0693843480434898,1.62788419615856,0.02,0.004,1
"ZEB2",0.0693843480434898,1.72770384788459,0.02,0.004,1
"ENSG00000290514",0.0693843480434898,1.5872208158246,0.02,0.004,1
"ABHD6",0.0694807761295424,0.44003752576563,0.427,0.379,1
"MICAL2",0.0695141431827627,-0.490744210663165,0.145,0.207,1
"CDKL3",0.0695255340531793,1.38267463882131,0.044,0.018,1
"CLSTN2",0.0695324262055526,-0.796269974956817,0.044,0.084,1
"PDGFC",0.0695605917076474,-0.469899734776853,0.185,0.263,1
"UNC119B",0.0696032443628178,0.260731029977099,0.806,0.814,1
"MSX2",0.0696692595799346,0.797083499602502,0.363,0.33,1
"ENSG00000278390",0.0697583966861619,-0.257141714016223,0.093,0.147,1
"DNAH3",0.0697780183426363,0.275568023008994,0.629,0.589,1
"ENSG00000249574",0.0698590879943005,1.49896160195326,0.02,0.004,1
"ENSG00000256615",0.0698590879943005,1.54953901815808,0.02,0.004,1
"ATG16L1",0.0698865045403086,-0.353268539336432,0.214,0.291,1
"EXOSC2",0.0700217121991726,0.987069210135383,0.125,0.081,1
"NDUFAF6",0.0700264922986319,0.242096769001944,0.528,0.46,1
"CDK14",0.070038501541667,-0.785372054706796,0.044,0.084,1
"SSPN",0.0700741100559195,0.630328070720923,0.327,0.277,1
"CALM3",0.0701478338254821,0.318263168571066,0.593,0.575,1
"ADGRF5",0.0701545715633184,0.132985456217617,0.069,0.116,1
"PTOV1-AS1",0.070256839462573,-0.705322337632929,0.024,0.056,1
"MGA",0.0703006334174755,-0.117254665537821,0.294,0.379,1
"CDC20",0.0703364909607618,1.69374687538952,0.02,0.004,1
"PPIA",0.0703386530358869,0.100296371802251,0.96,0.989,1
"ENSG00000260729",0.0704646846394016,-1.11523789921874,0.048,0.088,1
"ENSG00000290548",0.0704711069372014,-0.627343156816327,0.089,0.14,1
"ENSG00000287600",0.0705595033183841,-0.516948749157473,0.145,0.207,1
"EXT1",0.0705645925704944,-0.367740396372105,0.395,0.474,1
"IGSF10",0.0705843046599529,0.326409389815036,0.222,0.158,1
"CAPN10-DT",0.0707141247141776,1.3672192928449,0.069,0.035,1
"ERCC6L2",0.0707596605291106,0.638626686930591,0.258,0.207,1
"NUTF2",0.0707679823348818,0.163120808602113,0.871,0.828,1
"PHACTR2",0.0707687655457515,-0.36242159400846,0.444,0.523,1
"INTS4P1",0.0708165673098884,1.2521297728019,0.02,0.004,1
"MFSD13A",0.0708165673098884,0.713588890801133,0.02,0.004,1
"NTPCR",0.070985457847336,0.409537752341915,0.395,0.361,1
"MBNL1-AS1",0.0710209992421541,-0.360972744498946,0.024,0.056,1
"SDF2",0.0710703710945303,-0.461227032697993,0.218,0.281,1
"IL15",0.0710870053357546,-0.317736886512182,0.145,0.207,1
"AGA-DT",0.0710916789376396,-0.412375577278526,0.036,0.074,1
"MYD88",0.0710986213612576,-0.319901891438866,0.125,0.189,1
"CCDC88A",0.0711140858354173,-0.620011752544374,0.383,0.453,1
"AZIN2",0.0711397384208476,-1.14820967594964,0.02,0.049,1
"MILIP",0.0711745333930075,-0.435610643965084,0.048,0.091,1
"PRADC1",0.0712271669408413,-0.583934467188528,0.052,0.095,1
"CHMP1A",0.0714109852311762,0.376363191114193,0.488,0.442,1
"KRT80",0.0714722290841253,-0.23452474087556,0.331,0.432,1
"GDI2",0.07153816512646,0.327176568364799,0.649,0.646,1
"ENSG00000264187",0.0716025508664729,0.913075453435837,0.044,0.018,1
"TCEAL4",0.0716376324762971,-0.268680130794562,0.315,0.411,1
"FHL1",0.0716440150805823,1.10333248159897,0.069,0.035,1
"UVRAG-DT",0.07164687044894,0.871331648672457,0.101,0.06,1
"UMODL1",0.0717609526663948,-0.936168329970257,0.032,0.067,1
"FADS3",0.071791960091776,0.209400411367056,0.024,0.056,1
"NBPF1",0.0718516838109431,0.799664970811421,0.173,0.123,1
"IFIT2",0.0719011331833386,-0.839146437767635,0.085,0.137,1
"IFFO2",0.0719211829372783,-0.171519834006796,0.238,0.323,1
"FRAT2",0.0719860020570801,-0.390064435517582,0.165,0.235,1
"ANAPC13",0.0719868901105948,0.315906738682011,0.597,0.561,1
"AFF2",0.0719952969529049,-1.07202951233547,0.032,0.067,1
"INTS6L",0.0720180350252954,-0.12711108549697,0.185,0.263,1
"CFAP77",0.0721469662166001,0.163010691019768,0.915,0.888,1
"MR1",0.0722470641946258,-0.344371899925255,0.121,0.182,1
"MIER3",0.0722562593194019,-0.530670289260531,0.077,0.126,1
"PPP5D1P",0.0723479883367264,0.754433582538089,0.069,0.035,1
"PI4KA",0.0723635919679187,-0.562544396694144,0.161,0.225,1
"ZNF106",0.0724893239984857,-0.111257778289222,0.581,0.684,1
"MEIS2",0.0725217973989035,0.295816319464818,0.476,0.404,1
"IREB2",0.0725249124045654,-0.192645447882279,0.355,0.446,1
"ATP7A",0.072525176492278,-1.15263774818625,0.02,0.049,1
"LINC01426",0.072525176492278,-1.36793392486293,0.02,0.049,1
"SLC44A4",0.0725538704729547,0.132181964142677,0.976,0.975,1
"CBR3",0.0725718026137391,0.671829857219631,0.093,0.053,1
"TTLL11",0.0726043162613724,-0.499769036076911,0.153,0.218,1
"KNDC1",0.0727584461643312,0.432812454474288,0.331,0.27,1
"TTLL9",0.0728595399997018,-0.141503624660884,0.597,0.705,1
"CDC37L1-DT",0.0728810146202557,-0.23515162588545,0.081,0.133,1
"ANKRD6",0.0729253665894044,-0.397876584080729,0.254,0.337,1
"EMC8",0.0729691281643211,-0.244832659181111,0.29,0.379,1
"NUP62",0.0729864055573271,0.552265886730595,0.476,0.435,1
"TRAF7",0.0730491852544438,0.555628114392482,0.315,0.256,1
"SAMD10",0.0730888733111233,-1.02623748270649,0.048,0.088,1
"BBIP1",0.0731535095214425,-0.21657189153787,0.52,0.628,1
"HCCS",0.0732038365023248,-0.431307115499025,0.185,0.26,1
"SNCAIP",0.0732358535935141,-0.220988018115486,0.097,0.154,1
"MTX1",0.0732867976058568,0.533619562105867,0.274,0.228,1
"WAC-AS1",0.073353394440279,-0.194909823060289,0.383,0.481,1
"COPS8",0.0734974312201659,-0.165622171978645,0.532,0.639,1
"RNF4",0.0735538065524341,-0.288786041849917,0.319,0.425,1
"SCNN1G",0.0735803556996416,-0.583815996079452,0.052,0.095,1
"ATR",0.0737239277741044,-0.387058215486345,0.512,0.575,1
"ENSG00000287825",0.0737632396489786,0.766872758362252,0.101,0.06,1
"USP4",0.0737699684952271,-0.263837281045048,0.492,0.565,1
"MYORG",0.0738078037344742,1.10956555413524,0.153,0.109,1
"HSCB",0.0739324784569128,0.713503727598293,0.214,0.165,1
"RABAC1",0.0740555351017525,-0.593829659850757,0.097,0.151,1
"INTS3",0.0740556932244598,-0.182306054533238,0.589,0.695,1
"WIPF2",0.0740915482558967,-0.180098790476413,0.609,0.688,1
"CD82",0.0741947747615532,-0.267813338463385,0.363,0.463,1
"ITGAX",0.0742167768028808,-0.817320655521683,0.02,0.049,1
"BHLHE40-AS1",0.0742350623926634,0.338055009504711,0.081,0.042,1
"PSMA3-AS1",0.0742555219661994,-0.263548127493954,0.379,0.474,1
"LINC00930",0.0742929011581985,2.27564949227136,0.032,0.011,1
"SMURF1",0.0743426306423904,-0.285163046338297,0.355,0.439,1
"TNS4",0.0743733853666496,-0.801919084338869,0.032,0.067,1
"TRIM36",0.0744144419108647,-0.412425323902519,0.089,0.14,1
"ZBTB7A",0.0744356012431454,0.222513314988291,0.879,0.835,1
"FTL",0.0744958200283759,0.215094558241065,0.629,0.611,1
"CFAP95",0.074504896416514,0.136384121062255,0.891,0.933,1
"MDM4",0.0745084525785702,-0.240236670380779,0.222,0.302,1
"UCKL1-AS1",0.074603826178947,0.306757041460472,0.29,0.228,1
"NINJ2",0.0746135628111793,1.25592561469816,0.157,0.116,1
"ENSG00000272009",0.0746279174980849,0.661140759283093,0.23,0.179,1
"ENSG00000291207",0.074645974170569,-0.474974336913903,0.117,0.175,1
"FZR1",0.0746509477579565,-0.284421398398293,0.097,0.154,1
"LAMA2",0.0747298878224521,-0.765053457877434,0.181,0.246,1
"ZNF616",0.0747308495333382,-0.467479829435669,0.044,0.084,1
"TSC22D1",0.0747486356721031,0.27422017506251,0.706,0.723,1
"PKHD1",0.0747877583916067,-0.929749598116562,0.02,0.049,1
"ITGB1",0.0748143547828132,0.262224062640777,0.851,0.853,1
"EVA1C",0.0748984183320538,-0.609083807591328,0.423,0.498,1
"LPAR6",0.0749429620755123,-0.418708661916363,0.069,0.116,1
"C19orf47",0.0749452175790933,-0.667037698621635,0.044,0.084,1
"SNRPD1",0.0749646940490606,0.208376777142625,0.645,0.639,1
"BEST1",0.0749821604806983,-0.524541658926535,0.052,0.095,1
"RGL1",0.0750545099985166,0.501617682755149,0.351,0.302,1
"DCP1A",0.075092773968902,-0.227660897954318,0.29,0.382,1
"PRKCD",0.0751478882536105,-0.157953071905844,0.573,0.691,1
"KIF2A",0.0751555515153071,-0.162915762036956,0.782,0.856,1
"SLC30A9",0.0751843345178395,-0.215933431545704,0.492,0.579,1
"ZNF396",0.0752188900673683,-0.119898997840946,0.294,0.407,1
"SVOPL",0.0752717343063248,-0.405048836879395,0.266,0.34,1
"TUBA1A",0.075336836697472,0.240079877458327,0.94,0.926,1
"EMG1",0.0753423456645481,-0.214238186411461,0.165,0.242,1
"SNHG11",0.0753441279573963,-0.565234204760062,0.093,0.144,1
"WARS2-AS1",0.0754128277358835,-0.283148296508521,0.391,0.47,1
"RAB33B-AS1",0.0754575584252431,0.450264869600682,0.476,0.442,1
"ZC3H12A-DT",0.0755208166511987,-1.26827920681377,0.028,0.06,1
"TIMM44",0.0755341083885041,-0.387965400597039,0.077,0.126,1
"NADK2",0.0755523025091833,0.699501919810417,0.27,0.218,1
"PBX4",0.0755581635866328,-0.535926625546002,0.157,0.221,1
"TMEM256",0.0756527253670495,0.444793159289612,0.472,0.456,1
"CMTM8",0.0756631646290813,-0.207947481899306,0.407,0.481,1
"KLHL8",0.0756735787354504,-0.403735586702343,0.226,0.295,1
"DGCR2",0.0756985886460292,-0.408337965377484,0.242,0.319,1
"PEX19",0.0757040145157981,0.380297525551148,0.488,0.449,1
"CYRIB",0.0757297448108978,-0.4940397874738,0.198,0.263,1
"VRK2",0.0758164391066803,-0.429851947268544,0.31,0.375,1
"MREG",0.0759164035044147,-0.317919344304359,0.073,0.123,1
"MCTP1",0.075940485880216,-0.654936073027588,0.02,0.049,1
"KATNB1",0.075969042444955,0.505277437815389,0.431,0.396,1
"FANCE",0.0760802975945839,1.51388288377837,0.048,0.021,1
"ATL3",0.07608916054994,-0.261114603567379,0.335,0.414,1
"LRRC37B",0.0760906183132592,-0.549301215989507,0.226,0.288,1
"TRIM31-AS1",0.0761021084609667,1.48083081520348,0.077,0.042,1
"ETFRF1",0.0761050370860627,-0.254407838110116,0.246,0.326,1
"AURKAIP1",0.0761580034405514,0.477897507152255,0.419,0.379,1
"MFSD11",0.0762677186154889,-0.490241458405015,0.129,0.189,1
"HNRNPA0",0.0764191435114678,0.268722063996187,0.81,0.804,1
"TMUB1",0.0765222625015514,-0.821347613884536,0.02,0.049,1
"SUMO3",0.0765361972201551,0.267801824618711,0.565,0.53,1
"CCDC85B",0.0765495216674139,2.91507020997369,0.032,0.011,1
"ENSG00000225057",0.0765681829692604,-0.65592792699108,0.032,0.067,1
"REEP5",0.0767464700944803,-0.129418235998261,0.778,0.821,1
"EEF1B2",0.0767833214927163,0.223284033860624,0.75,0.751,1
"R3HCC1L",0.0768023933660518,-0.289279013185266,0.194,0.27,1
"PPP1R36",0.076895471687002,0.271782745309099,0.629,0.618,1
"NDRG2",0.0769202825607708,-0.435530955035854,0.206,0.274,1
"ENSG00000251584",0.0769788771568274,1.42437743187152,0.048,0.021,1
"NBPF20",0.0769933883557751,0.733449642439272,0.242,0.193,1
"KCTD5",0.0770547586527842,-0.480862566246026,0.117,0.175,1
"PROSER2",0.0771037864841941,-0.337390732698972,0.214,0.291,1
"VPS51",0.0771098397362392,-0.256324474378818,0.141,0.207,1
"PRR29",0.0771761762695334,0.208866023898322,0.815,0.775,1
"ENSG00000283782",0.0771776909875063,-1.49593128956004,0.016,0.042,1
"EML6",0.0772270916394032,0.472313425304621,0.202,0.147,1
"ERLIN2",0.0772689754577585,-0.12873729957863,0.528,0.632,1
"LINC02541",0.0773140337864199,1.6027689206406,0.032,0.011,1
"NUDT22",0.0773402761707478,-0.264787814901287,0.065,0.112,1
"GTF2I",0.0773764107048554,-0.167389635630115,0.258,0.333,1
"MAP3K14",0.0774905240785283,-0.45454984230263,0.081,0.13,1
"MFN1",0.0775527510986635,-0.147212691127349,0.403,0.505,1
"ENSG00000289421",0.0776986162756934,1.50252229882581,0.032,0.011,1
"SLC45A3",0.07771567167355,-0.418110938319445,0.181,0.249,1
"TMCO6",0.0777655471794825,0.707462187847053,0.141,0.095,1
"NOTCH4",0.077886087886645,1.33852280049658,0.048,0.021,1
"RUSC2",0.0779272567016473,-0.767467870119062,0.048,0.088,1
"TYW1B",0.0779571993178191,-0.77599653211121,0.065,0.109,1
"PRUNE1",0.077969521136824,-0.339972771135991,0.161,0.225,1
"MZT2B",0.0780356226002024,0.918003819084206,0.185,0.14,1
"STK24-AS1",0.0780847554074219,1.42964173867746,0.032,0.011,1
"CCDC32",0.0780895850436185,-0.322587800203411,0.48,0.537,1
"PARD3",0.0780905981927936,-0.244801817114359,0.488,0.589,1
"AGO1",0.078131601220569,-0.240265205893686,0.169,0.239,1
"SRP54",0.0781342721083947,0.246732551415221,0.766,0.761,1
"WDR46",0.0782213875099067,-0.484018936931569,0.044,0.084,1
"CBWD2",0.0782294404407376,-0.604509520950387,0.129,0.186,1
"ILF3-DT",0.0782686342259812,-0.22150053567472,0.319,0.421,1
"NINJ1",0.078344928949297,-0.815412426548153,0.065,0.109,1
"NCAPD2",0.0783858198131386,-0.244921998445769,0.194,0.274,1
"ERP44",0.0784103995029227,-0.146365554753176,0.742,0.8,1
"HGH1",0.0785631422055289,-0.564923287429129,0.032,0.067,1
"SPACA6",0.0785631831937484,-0.646890392694532,0.032,0.067,1
"SEH1L",0.0787006363085259,0.100367594641956,0.109,0.165,1
"MET",0.0787011109811285,-0.34195857579226,0.161,0.232,1
"ENSG00000189316",0.078801985927301,1.22213638262817,0.048,0.021,1
"EIF4H",0.0788624097228492,0.115908958056106,0.956,0.965,1
"CLIP1",0.0788741283344416,-0.134768502821971,0.831,0.863,1
"DERL1",0.0789357271606462,-0.217114369258014,0.339,0.428,1
"CDHR1",0.0790197771573481,-0.862527423937927,0.04,0.077,1
"ZNF701",0.0790943025713487,-0.382895659915147,0.133,0.189,1
"SHFL",0.0791438409186391,-0.270709010535063,0.387,0.484,1
"ICE1",0.079163826730103,-0.128341962284696,0.246,0.34,1
"GEMIN2",0.0791728144034936,-0.117624457563505,0.117,0.179,1
"IGSF3",0.0794216894378653,-0.199554933250492,0.319,0.407,1
"PRPF4",0.0794272588999486,-0.302295854088369,0.246,0.326,1
"CACNG4",0.0794800823418791,-0.148216691722065,0.077,0.126,1
"PITPNM1",0.0795313202358233,-0.158716705620636,0.73,0.832,1
"MCU",0.0796959460887392,-0.296929953823282,0.536,0.607,1
"BISPR",0.0797430825630697,-0.953619420518002,0.028,0.06,1
"LIN52",0.079782901947686,-0.179510075271676,0.27,0.351,1
"ATF2",0.0797901004875886,-0.23486510462554,0.246,0.326,1
"HOMER1",0.0800801215742607,0.682008748584967,0.23,0.179,1
"KCNMB2-AS1",0.080087026382638,0.311826502326722,0.032,0.067,1
"RAB27A",0.0800871009195439,-0.337237897268256,0.351,0.425,1
"CBLL1-AS1",0.0801107352325708,-0.678580947978436,0.048,0.088,1
"ATP5F1B",0.0802353052442609,-0.126195623161183,0.915,0.954,1
"SPEF1",0.0802624774278108,-0.321349096950547,0.407,0.477,1
"PPM1J",0.0803389678240695,0.70852699877139,0.133,0.088,1
"TUT4",0.0804146961056042,-0.402151565910801,0.496,0.586,1
"LRRC9",0.0804319983262257,-0.634574019968048,0.04,0.077,1
"SMAD7",0.0805907679521135,-0.308529990300289,0.161,0.221,1
"TLE5",0.0807144707798828,0.182410720175678,0.911,0.916,1
"STIM1-AS1",0.080755482544119,-1.02012046012725,0.016,0.042,1
"GTPBP1",0.0807611931045769,0.857215857598914,0.254,0.211,1
"ENSG00000254536",0.0808100759975964,1.87492893733599,0.052,0.025,1
"ENSG00000290791",0.0808289359424879,0.525715451957907,0.351,0.291,1
"ST14",0.0808531360345642,-0.426964394572284,0.145,0.207,1
"ALKBH1",0.0809238496728792,-0.340260987461928,0.181,0.249,1
"CEACAM21",0.0810353427219627,-0.408302784232554,0.173,0.239,1
"TMEM184B",0.0810408301616607,0.334592844932642,0.407,0.368,1
"STK39",0.0812187260062911,-0.259609321672726,0.302,0.386,1
"BCAP29",0.0812304199269467,1.16083297716336,0.032,0.011,1
"PAK2",0.081285119451671,-0.135533683231941,0.778,0.821,1
"ENSG00000291220",0.0814202393766313,-0.81486989812795,0.016,0.042,1
"PYY",0.0814202393766313,-1.18869812184682,0.016,0.042,1
"METTL13",0.081516654470554,-0.313830552410261,0.181,0.26,1
"FARS2",0.081601685950205,-0.131968925709769,0.323,0.425,1
"PLIN5",0.081638321807136,-0.219371472901052,0.641,0.695,1
"ERCC3",0.0817911765943679,0.366651323186467,0.617,0.582,1
"ENSG00000270055",0.0817926582914808,0.775726403078656,0.133,0.088,1
"PYROXD2",0.0818214588335974,0.539719549626015,0.113,0.07,1
"CNTLN",0.08186165160852,-0.346574816485828,0.262,0.337,1
"ENSG00000267737",0.0820894300057341,-0.882027136546098,0.016,0.042,1
"KCNIP4",0.0820894300057341,-1.24815218639088,0.016,0.042,1
"NRXN1",0.0820894300057341,-0.883735125377001,0.016,0.042,1
"SRRM4",0.0820894300057341,-0.964818986551284,0.016,0.042,1
"CD38",0.0821668261240576,-0.462866627642361,0.173,0.242,1
"PSMG4",0.0821909859466633,-0.28250613292457,0.226,0.309,1
"TRABD",0.0822616663216885,-0.360302727400342,0.06,0.105,1
"AP1S3",0.0823091824736455,-0.47477765235669,0.065,0.109,1
"EOGT-DT",0.0823928595070269,-0.801747830109769,0.069,0.112,1
"NDST1-AS1",0.0827630741995104,-0.82356845625648,0.016,0.042,1
"AHR",0.0828297842869238,-0.177656826778765,0.351,0.449,1
"SAE1",0.082875319815919,-0.143776778233971,0.194,0.27,1
"PRR14",0.0830216683482092,-0.482895706223832,0.089,0.14,1
"MCRIP2",0.0830232999236372,-0.863777492663626,0.048,0.088,1
"GSK3A",0.0830544922945271,0.464572544047997,0.5,0.491,1
"ENSG00000285280",0.0830742815571849,-0.693869541225795,0.04,0.077,1
"RNLS",0.0830896405112197,-0.261719306703045,0.06,0.105,1
"SERPINB9P1",0.0831015725611087,-0.780278488727167,0.016,0.042,1
"ZDHHC6",0.0831889456748647,0.532150681494038,0.488,0.46,1
"USP36",0.0832707723036376,-0.14638457334119,0.137,0.196,1
"ETNK2",0.0833252512726588,-0.591785860352197,0.065,0.109,1
"DMGDH",0.0833888160962113,-0.637252209809652,0.056,0.098,1
"ACBD3-AS1",0.083455842298363,0.308943905810901,0.669,0.639,1
"CD151",0.0835025959172013,0.41464929567896,0.371,0.326,1
"CHFR-DT",0.0835676058812158,-1.70423414318951,0.012,0.035,1
"ENSG00000272345",0.0835931514612672,-0.836268661044466,0.028,0.06,1
"BCAR3",0.0836053812448279,-0.312120144046779,0.278,0.361,1
"OVCH1-AS1",0.0836315134121976,-1.14411265958641,0.036,0.07,1
"MAP2K3",0.0836823296392874,-0.408878885627968,0.282,0.344,1
"GPATCH2",0.083851858136587,-0.252207756573528,0.415,0.526,1
"ENSG00000245768",0.083857418277601,-0.248335502476817,0.052,0.095,1
"ZCCHC8",0.0838657657935664,-0.311175744004041,0.286,0.365,1
"SLC46A1",0.0839210941295211,0.44291671683476,0.46,0.428,1
"LARP1",0.0839562397537905,-0.153460755467931,0.819,0.849,1
"ANAPC5",0.0839819053070188,-0.152903841328737,0.79,0.856,1
"PFKFB3",0.084008944996381,-0.223269931665676,0.444,0.53,1
"TRMT1L",0.0840128321831999,-0.200680682467126,0.536,0.621,1
"ENSG00000223838",0.0841477693573634,-1.5978042783528,0.004,0.021,1
"GABRB1",0.0841477693573634,-2.07309665063906,0.004,0.021,1
"SH2B3",0.0841477693573634,-1.68853858867452,0.004,0.021,1
"ENSG00000290449",0.0841477693573634,-1.47262446345519,0.004,0.021,1
"KARS1",0.0841929773184712,0.269899836521871,0.661,0.66,1
"DNAJA1",0.0842321234445851,-0.121175434451515,0.944,0.958,1
"SLC9C1",0.0842572825258933,0.63571152822665,0.077,0.042,1
"ATG4C",0.0843635774684477,0.703457983147112,0.181,0.133,1
"GNAI2",0.0844029324848873,0.19496440883715,0.734,0.702,1
"STX2",0.0844152506468084,-0.15067038961667,0.887,0.898,1
"ENSG00000249001",0.0844457354075763,1.86217623472831,0.052,0.025,1
"ENSG00000260537",0.0844829545957357,0.9250335539591,0.048,0.021,1
"DNM2",0.08452439582625,-0.25180463268698,0.403,0.495,1
"TBCCD1",0.0845579196264673,-0.607059568316561,0.065,0.109,1
"EZH1",0.0846582226225812,-0.278647281313516,0.218,0.302,1
"DHX35-DT",0.0846624816415116,-1.57305450540372,0.004,0.021,1
"PTPN22",0.0846624816415116,-1.26870248172154,0.004,0.021,1
"RHCE",0.0846624816415116,-1.98994377341392,0.004,0.021,1
"ENSG00000260500",0.0846624816415116,-1.74822561856783,0.004,0.021,1
"SLC12A6",0.0847329611399533,-0.289172528462718,0.238,0.316,1
"EIF3A",0.0849107539151404,-0.118243518578502,0.883,0.916,1
"NHSL2",0.0849209673253309,-0.941286952302698,0.036,0.07,1
"ADGRA3",0.0849721543617121,-0.155027434975586,0.593,0.677,1
"MRPL11",0.0850125598711734,-0.343876819371856,0.169,0.235,1
"FBXO32",0.0851509030417262,-0.413848257126693,0.085,0.133,1
"TTC14",0.0851742013680025,-0.325038276961369,0.327,0.407,1
"POLR2F",0.0851745214278299,0.423527541708704,0.476,0.449,1
"AKAP12",0.0851797379375085,-1.47734764947494,0.004,0.021,1
"C2orf66",0.0851797379375085,-1.24075909552966,0.004,0.021,1
"ENSG00000255422",0.0851797379375085,-1.44151867686479,0.004,0.021,1
"ENSG00000286033",0.0851797379375085,-1.99383157578954,0.004,0.021,1
"ENSG00000286223",0.0851797379375085,-1.23493449919412,0.004,0.021,1
"ENSG00000287934",0.0851797379375085,-1.38471125841396,0.004,0.021,1
"EXO5-DT",0.0851797379375085,-1.56295877986964,0.004,0.021,1
"FZD5",0.0851797379375085,-1.54675075088633,0.004,0.021,1
"KIR2DL4",0.0851797379375085,-1.39179734414229,0.004,0.021,1
"LRRC66",0.0851797379375085,-1.95758466849909,0.004,0.021,1
"SHOC1",0.0851797379375085,-1.42384106941528,0.004,0.021,1
"SYP",0.0851797379375085,-1.89982065021189,0.004,0.021,1
"ZNF334",0.0851797379375085,-1.51160651430515,0.004,0.021,1
"NUMA1",0.0851814205351834,-0.231921857783191,0.431,0.523,1
"LMNB2",0.0851846368277653,1.19510088891876,0.097,0.06,1
"RHBDD1",0.0852291547958131,-0.319282498855941,0.351,0.442,1
"CHRAC1",0.0854597435190691,-0.156870424812646,0.149,0.218,1
"BTN2A1",0.0854821093262532,-0.39987106889672,0.29,0.372,1
"PROM1",0.0855130269392871,-0.143504980430048,0.891,0.926,1
"SMN2",0.0855542693234676,0.957336575418596,0.089,0.053,1
"ERN1",0.085594060455503,-0.534234602088608,0.105,0.158,1
"MITF",0.0856133783885588,-0.264423412817147,0.363,0.456,1
"CLCN2",0.0856995465691412,-1.59280142603114,0.004,0.021,1
"ENSG00000225233",0.0856995465691412,-1.35504756167851,0.004,0.021,1
"ENSG00000262312",0.0856995465691412,-1.684666588896,0.004,0.021,1
"ENSG00000265408",0.0856995465691412,-1.29947615903395,0.004,0.021,1
"ENSG00000286977",0.0856995465691412,-1.4161883842084,0.004,0.021,1
"FGF9",0.0856995465691412,-1.56724128245458,0.004,0.021,1
"LINC01909",0.0856995465691412,-1.60871500332349,0.004,0.021,1
"LINC02228",0.0856995465691412,-1.76484947806445,0.004,0.021,1
"MTHFD2",0.0856995465691412,-1.39246308618308,0.004,0.021,1
"PTPRQ",0.0856995465691412,-1.36676415508336,0.004,0.021,1
"ENSG00000228115",0.0856995465691412,-1.35374924542598,0.004,0.021,1
"ENSG00000234459",0.0856995465691412,-1.90997885183983,0.004,0.021,1
"LINC02435",0.0856995465691412,-1.73276274399813,0.004,0.021,1
"KRIT1",0.0858114610884816,-0.446158581315505,0.121,0.179,1
"METAP2",0.0858231572597546,-0.211330086615719,0.609,0.681,1
"HSF1",0.0858269426233294,0.30087492133541,0.464,0.425,1
"SIPA1L2",0.0858399784791491,1.21269142222636,0.085,0.049,1
"MICB",0.0858532169214425,-1.34471391042056,0.012,0.035,1
"STYXL1",0.0858535492824279,-0.217301474415947,0.698,0.793,1
"L3MBTL4",0.0858647256684823,-0.590327644258522,0.125,0.179,1
"SRSF4",0.0858650657706459,-0.130575248175871,0.718,0.804,1
"YTHDC1",0.0858802417668598,-0.30747380861208,0.508,0.561,1
"LINC01513",0.0858891657710023,0.288430854474483,0.577,0.544,1
"PCNP",0.0859610895141028,0.214673096620965,0.851,0.839,1
"IGSF9",0.0859919580968118,1.4041081695898,0.101,0.063,1
"AMZ2",0.0860542562647521,-0.241883686175672,0.589,0.667,1
"SEC61B",0.0860612196746012,0.221095911089617,0.766,0.733,1
"KDM7A",0.0861275441803321,-0.448344226100584,0.294,0.358,1
"ITPKC",0.0861457289787976,-0.406537570831475,0.21,0.284,1
"ENSG00000272356",0.086146728556101,-0.303142814699718,0.028,0.06,1
"MPPE1",0.0861713855113076,-0.315128058577772,0.379,0.477,1
"ENSG00000173867",0.0862219158594287,-1.4406949431699,0.004,0.021,1
"ENSG00000265702",0.0862219158594287,-1.2933149159026,0.004,0.021,1
"ENSG00000283072",0.0862219158594287,-0.982178356271032,0.004,0.021,1
"ENSG00000283959",0.0862219158594287,-1.56952185672324,0.004,0.021,1
"FLNA",0.0862219158594287,-1.18530541896153,0.004,0.021,1
"LINC00276",0.0862219158594287,-1.54544121185757,0.004,0.021,1
"LINC02257",0.0862219158594287,-1.40148014843473,0.004,0.021,1
"LINC02336",0.0862219158594287,-1.29181477558868,0.004,0.021,1
"LINC02853",0.0862219158594287,-1.40030480014106,0.004,0.021,1
"RAD9B",0.0862219158594287,-1.41606374513762,0.004,0.021,1
"PLXNA4",0.0862390180888956,-1.17751040665817,0.012,0.035,1
"CLDN12",0.0863043952334975,-0.313623593553385,0.19,0.256,1
"PDXDC2P-NPIPB14P",0.0864343082433897,-0.885666971776547,0.028,0.06,1
"SPINK5",0.08654860818832,-0.199996289082213,0.016,0.042,1
"TCF12",0.0866610714385661,-0.242801450480077,0.524,0.6,1
"ADAMTSL3",0.0867468541304129,-1.47421987071262,0.004,0.021,1
"C18orf54",0.0867468541304129,-1.23531285031177,0.004,0.021,1
"ENSG00000255572",0.0867468541304129,-0.900099853743011,0.004,0.021,1
"ENSG00000257452",0.0867468541304129,-1.16469761243644,0.004,0.021,1
"ENSG00000259539",0.0867468541304129,-1.1607717674036,0.004,0.021,1
"ENSG00000284722",0.0867468541304129,-1.06316860490943,0.004,0.021,1
"ENSG00000287299",0.0867468541304129,-1.05365856555993,0.004,0.021,1
"ENSG00000288071",0.0867468541304129,-1.11827881569369,0.004,0.021,1
"KHDRBS2",0.0867468541304129,-1.07315019660899,0.004,0.021,1
"LIMD1-AS1",0.0867468541304129,-1.0163175323857,0.004,0.021,1
"LINC03000",0.0867468541304129,-1.33004985597139,0.004,0.021,1
"LUZP2",0.0867468541304129,-1.02046198039064,0.004,0.021,1
"PIK3R6",0.0867468541304129,-0.992370294264578,0.004,0.021,1
"SYCP1",0.0867468541304129,-1.01063076985268,0.004,0.021,1
"FZD6",0.0867524671500653,-0.144730621943992,0.577,0.67,1
"N4BP2L2",0.086871804384729,-0.228988397113713,0.794,0.835,1
"ESYT2",0.0868808203158869,-0.227075924718492,0.698,0.751,1
"ENSG00000291215",0.0869355400529577,-0.586737226374589,0.125,0.179,1
"CDC14B",0.0870365717616137,-0.256374353607241,0.395,0.467,1
"CFAP65",0.0871623819116516,-0.101612865674285,0.827,0.853,1
"APOOL",0.0871969359556593,0.397172243730655,0.452,0.411,1
"PARP10",0.0871971066093386,-0.592244301303197,0.048,0.088,1
"ENSG00000232053",0.0872743697029494,-0.840764860362189,0.004,0.021,1
"ENSG00000251600",0.0872743697029494,-0.922130737471853,0.004,0.021,1
"ENSG00000288876",0.0872743697029494,-0.671961440455964,0.004,0.021,1
"GNAO1",0.0872743697029494,-0.806272259323556,0.004,0.021,1
"H3C10",0.0872743697029494,-0.531928767960593,0.004,0.021,1
"LINC01559",0.0872743697029494,-1.21647422704466,0.004,0.021,1
"PRKCQ",0.0872743697029494,-1.14685340617857,0.004,0.021,1
"SLCO1B3-SLCO1B7",0.0872743697029494,-0.647563895517451,0.004,0.021,1
"SYNGAP1-AS1",0.0872743697029494,-0.628135326889096,0.004,0.021,1
"ZC3HAV1L",0.0872743697029494,-0.85482835744173,0.004,0.021,1
"KIF11",0.0873017017538481,-0.991696822300915,0.028,0.06,1
"TRAPPC11",0.0873269964275263,-0.291079304728949,0.198,0.274,1
"NCK1-DT",0.0873502734057845,-0.714929348231613,0.125,0.179,1
"ENSG00000233633",0.087404830189185,-1.02676394427715,0.012,0.035,1
"ENSG00000271204",0.087404830189185,-0.875466656402416,0.012,0.035,1
"SLC39A4",0.0874068874759551,-0.243835902327983,0.23,0.312,1
"DLX6",0.087474649404015,-0.272625302631626,0.468,0.554,1
"AP3S2",0.0875302163615834,1.61393973051797,0.101,0.063,1
"SPTY2D1OS",0.0875329613106505,-0.901518343349812,0.044,0.081,1
"CBR4",0.0876373836346486,0.309772894856283,0.452,0.404,1
"MITD1",0.0877105176387266,-0.335868686034182,0.266,0.344,1
"ENSG00000232640",0.0877962482343954,-1.03851095390153,0.012,0.035,1
"ENSG00000289223",0.0877962482343954,-1.33045593466868,0.012,0.035,1
"ENSG00000291224",0.0877962482343954,-1.47719243640204,0.012,0.035,1
"PTAFR",0.0877962482343954,-1.15131258705106,0.012,0.035,1
"PXN",0.087829811330812,0.192636688476226,0.73,0.723,1
"ST8SIA4",0.0878838565548465,-0.719829350046356,0.028,0.06,1
"CCDC24",0.0878987812401011,0.496161685635941,0.452,0.428,1
"TC2N",0.0880010142999318,-0.189583404222007,0.552,0.642,1
"ZNF461",0.0880197382489154,-0.286549652517265,0.113,0.168,1
"TREM1",0.08802542763995,-0.67552288321161,0.065,0.105,1
"TSC22D4",0.0880657361767788,-0.443349572522215,0.165,0.228,1
"HAS3",0.0880813187625006,-0.939867126636656,0.036,0.07,1
"ENSG00000290999",0.0881761058188643,-0.688702767500415,0.028,0.06,1
"TBRG4",0.0881827476609586,-0.612934823266398,0.089,0.137,1
"LINC01645",0.0881890788572598,-0.995399476484986,0.012,0.035,1
"GNPDA2",0.0882299194850906,-0.221806746061536,0.109,0.165,1
"ARHGEF4",0.0882635324112023,1.06677223847761,0.085,0.049,1
"ADPRM",0.0883489067006493,-0.812442473808504,0.036,0.07,1
"GPKOW",0.0884452135126577,-0.473640302734015,0.19,0.256,1
"ABHD15",0.0884963799814108,-0.212793730769965,0.141,0.204,1
"ENSG00000267053",0.0885833254000558,-1.04611576369056,0.012,0.035,1
"TBK1",0.0886055677625496,-0.173867591559836,0.242,0.316,1
"GSTCD",0.0886370955162695,-0.571317314960427,0.173,0.235,1
"VAPA",0.0886437227544027,-0.102990102090703,0.956,0.986,1
"CNN3-DT",0.0887158219576028,-1.49796419284024,0.008,0.028,1
"ZGLP1",0.0887158219576028,-1.4222213374582,0.008,0.028,1
"TAF10",0.088886048475833,-0.886384421551974,0.036,0.07,1
"LCOR",0.0889483174628825,-0.171589850699617,0.508,0.596,1
"TAX1BP1",0.0889643754539364,0.112018717269443,0.988,0.993,1
"ENSG00000277701",0.0889789912044754,-0.84468655976193,0.012,0.035,1
"FBXO22",0.0889992715848737,-0.218213018421167,0.242,0.312,1
"COQ10A",0.0890147337077202,-0.150488752483123,0.185,0.263,1
"FGD4",0.0890161166196634,-0.465749352035125,0.218,0.295,1
"TRIP4",0.0890529712672597,-0.199719352723521,0.335,0.428,1
"CASC15",0.0890823163778166,-0.372152115161032,0.367,0.439,1
"ADGRL1-AS1",0.0891663260868788,-1.535628259126,0.008,0.028,1
"CDH18",0.0891663260868788,-1.32587860266205,0.008,0.028,1
"SEC22B",0.0891693001275789,0.295393482732685,0.504,0.449,1
"ZNF736",0.089194015912668,0.412150809399247,0.181,0.13,1
"PLSCR2",0.0892185618683551,-0.685898283169164,0.06,0.102,1
"CA3",0.0893466143913244,-1.40175394117539,0.024,0.053,1
"LINC02899",0.0893466143913244,-2.53597897551029,0.024,0.053,1
"LINC02742",0.0893529473744619,-0.73480792308187,0.028,0.06,1
"IL1RAPL1",0.0893760796115783,-0.802442032728423,0.012,0.035,1
"WDR37",0.0894131391136411,-0.189025602619087,0.137,0.204,1
"AGPAT2",0.0894258184470419,-0.726007125552742,0.036,0.07,1
"EHD1",0.0896168872428526,-0.294633990540255,0.101,0.154,1
"ENSG00000285571",0.0896491257597931,-0.477103642128576,0.028,0.06,1
"ALDH2",0.089659620818465,-0.194183209525546,0.31,0.379,1
"SERTAD2",0.0897229508229868,-0.208406494803117,0.282,0.358,1
"ZNF22",0.0897294832498765,0.235174630253649,0.476,0.418,1
"PDE8B",0.0897334219271883,-0.342119022931576,0.431,0.505,1
"ENSG00000285899",0.0897745939617445,-0.479253410746328,0.012,0.035,1
"ZYX",0.0897745939617445,-0.741660552072624,0.012,0.035,1
"NFE2L1",0.089862106671059,-0.231536377817352,0.786,0.828,1
"DLG2",0.089948259194715,-0.384399796092355,0.085,0.133,1
"TDRD6",0.0899682250092707,-0.760153390579465,0.036,0.07,1
"GPRIN1",0.0900728621584442,-1.45984497919463,0.008,0.028,1
"SNTG2",0.0900728621584442,-1.40734553380193,0.008,0.028,1
"SEMA4B",0.0900959868385228,0.325358789871483,0.601,0.611,1
"MRTFA",0.0901559434809672,-0.880285430246305,0.117,0.172,1
"SLC25A21-AS1",0.0901745375946277,-0.674452461201267,0.012,0.035,1
"TEDC1",0.0901745375946277,-0.876709241789691,0.012,0.035,1
"APOL3",0.0901745375946277,1.53174732777787,0.036,0.014,1
"LINC02940",0.0901745375946277,2.328219291034,0.036,0.014,1
"FAR1",0.09019012396619,-0.305780774566675,0.351,0.425,1
"TSPAN2",0.0902418402973646,0.894560818214393,0.085,0.049,1
"ARHGAP11A",0.090243853743394,-0.541634823336357,0.028,0.06,1
"LZTR1",0.0904458344379499,0.901172983054382,0.101,0.063,1
"CARTPT",0.0905289039168912,-1.00705048986295,0.008,0.028,1
"ENSG00000287222",0.0905289039168912,-1.12089901713645,0.008,0.028,1
"ENSG00000287523",0.0905289039168912,-0.968277019106496,0.008,0.028,1
"SEMA3A",0.0905289039168912,-1.13950265336476,0.008,0.028,1
"ENSG00000261411",0.0905289039168912,-1.20655163287262,0.008,0.028,1
"SMCR8",0.0905688455374107,-0.251071330038636,0.125,0.186,1
"IL1R1-AS1",0.0905759138491075,-0.732004272606024,0.012,0.035,1
"RIN1",0.0905759138491075,-0.681408830705323,0.012,0.035,1
"COBL",0.0907473512845665,-0.133079477824466,0.694,0.737,1
"R3HDML-AS1",0.0907776168238213,0.36611189790628,0.516,0.453,1
"CBFB",0.0907781172125091,-0.28424169468178,0.423,0.512,1
"ENSG00000289353",0.0907983156169025,1.16622059449423,0.052,0.025,1
"UBE2Z",0.0909019319237218,-0.129250204759359,0.581,0.67,1
"ITPRID2",0.0909528368058627,-0.277845081904115,0.391,0.477,1
"SNAP25-AS1",0.0909787260632425,-0.462331749581017,0.012,0.035,1
"ENSG00000231731",0.0909868013656923,-1.08043736744029,0.008,0.028,1
"ENSG00000267605",0.0909868013656923,-1.14080029385013,0.008,0.028,1
"RALYL",0.0909868013656923,-1.45501034307513,0.008,0.028,1
"FMNL2",0.0910292064655332,-0.367140471135984,0.169,0.232,1
"PRKCE",0.0911424084881771,0.312900192529396,0.524,0.477,1
"SECISBP2L",0.0912679725441991,-0.109775559567064,0.875,0.923,1
"ARSG",0.0913358315695282,-0.698161294082696,0.036,0.07,1
"SMCO4",0.091382977574222,-0.612552708728378,0.012,0.035,1
"SAXO2",0.0913928071504186,0.191353434838112,0.835,0.8,1
"PDCD7",0.0914168748596778,0.655757285507173,0.298,0.256,1
"ENSG00000227240",0.0914465594095002,-1.35820791697323,0.008,0.028,1
"MIR181A1HG",0.0914465594095002,-1.0204334176946,0.008,0.028,1
"DUSP11",0.0914502623780064,-0.185908060487642,0.286,0.372,1
"TOB2",0.0914585072990953,-0.238189804598284,0.56,0.618,1
"SDF2L1",0.0914872079579586,0.557252744384942,0.222,0.172,1
"RASD1",0.0914976358557368,1.7446787690044,0.056,0.028,1
"PEX13",0.091544366442035,0.672582218216429,0.335,0.288,1
"EPM2AIP1",0.0915795592645421,-0.311543536733305,0.294,0.361,1
"FTX",0.0916012338777814,-0.445090847243771,0.456,0.519,1
"SVBP",0.0916237898506887,0.504779609808259,0.411,0.361,1
"ENSG00000286618",0.0916688982179628,-0.334884709521256,0.355,0.428,1
"TK2",0.0918143969859566,-0.384655689614902,0.161,0.221,1
"QSOX2",0.0918144812571542,-0.453308163019261,0.141,0.196,1
"GATD3",0.0918710542182935,0.433448951241302,0.274,0.218,1
"CASC19",0.0919081829514344,-0.804338931670676,0.008,0.028,1
"LINC01019",0.0919081829514344,-1.11801056813177,0.008,0.028,1
"MAP3K6",0.0919081829514344,-1.06362759066928,0.008,0.028,1
"MGC32805",0.0919081829514344,-0.812420779844634,0.008,0.028,1
"MMEL1",0.0919081829514344,-0.985687998495414,0.008,0.028,1
"RGPD8",0.0919081829514344,-1.02620208673504,0.008,0.028,1
"ZFAND2B",0.0919081829514344,-0.819043604991175,0.008,0.028,1
"NUMB",0.0919181189797217,0.14511324118239,0.762,0.779,1
"AOPEP",0.0920812399465342,-0.330132127512415,0.544,0.628,1
"ZNF652",0.0921813556077355,-0.22695434794275,0.472,0.551,1
"MOGAT1",0.0921958118308411,1.91785414036215,0.036,0.014,1
"ENSG00000290832",0.0922031179262047,-0.377247447734848,0.101,0.154,1
"NUP160",0.0923284933712568,-0.278492749104087,0.238,0.316,1
"SAMD15",0.0923293493961885,-0.295147385222918,0.327,0.404,1
"ACCS",0.0923294569664726,-0.326977735270579,0.109,0.165,1
"ACBD4",0.0923716768929898,-0.966876762071472,0.008,0.028,1
"HPGDS",0.0923716768929898,-0.927336301062811,0.008,0.028,1
"DHRS13",0.0924207788431583,-0.265419820989757,0.137,0.196,1
"SHLD1",0.0924760021905858,0.540541509927944,0.145,0.098,1
"PCMTD1-DT",0.0925099223008896,0.87600322997214,0.085,0.049,1
"RAB8B",0.0925816367552783,-0.657724373566178,0.044,0.081,1
"ENSG00000235122",0.0926044012460842,1.62331801500249,0.036,0.014,1
"ENSG00000259275",0.0926044012460842,1.7010379543797,0.036,0.014,1
"C10orf143",0.092624908560106,-0.229472213835584,0.073,0.119,1
"EIF3B",0.0926636344070246,0.413028487141513,0.492,0.456,1
"LINC00240",0.0926714295324106,-0.216200851977248,0.806,0.821,1
"ENSG00000272732",0.0926848533407446,-0.459294269088945,0.194,0.256,1
"SMG5",0.0927785151007315,0.331605077728454,0.105,0.158,1
"MAN2C1",0.0927997012738719,-0.189849510396101,0.234,0.312,1
"ZNF462",0.0928286567960209,-0.452430359251118,0.056,0.098,1
"TMEM39B",0.0928346071034083,-0.582198882977135,0.06,0.102,1
"ENSG00000253736",0.0928370461339454,-0.562696596011914,0.008,0.028,1
"LINC01470",0.0928370461339454,-0.672461705298597,0.008,0.028,1
"DPH3",0.0930467854223259,-0.165392826666086,0.355,0.446,1
"TRIM14",0.0931349670412579,-0.408713938605371,0.121,0.172,1
"DCTN6",0.0931520498124451,-0.38122016684245,0.359,0.428,1
"MRPL16",0.0932136515940681,-0.225814257088263,0.359,0.446,1
"FKBP9",0.0932305689947723,-0.200191127158064,0.565,0.642,1
"DPH6",0.0932659716871097,-0.678939171494473,0.214,0.277,1
"ENSG00000287249",0.0933042955722728,-0.676671984959357,0.008,0.028,1
"ZFP37",0.0933042955722728,-0.769025335408255,0.008,0.028,1
"ENSG00000235419",0.0934845721348272,-0.251794793388155,0.145,0.207,1
"ARID4B",0.0935485332203686,-0.125964844412938,0.75,0.818,1
"ACSS2",0.0937479808740832,-0.434942177224604,0.113,0.165,1
"ENSG00000258593",0.0937734301040439,-0.787847747305148,0.008,0.028,1
"ENSG00000285637",0.0937734301040439,-0.602560780121506,0.008,0.028,1
"LINC02926",0.0937734301040439,-0.424268360655475,0.008,0.028,1
"PRICKLE2-AS1",0.0937734301040439,-0.801920160287352,0.008,0.028,1
"BLCAP",0.0938537337253937,0.171148615469211,0.875,0.814,1
"TNFRSF11A",0.0940398525408884,1.36458110351764,0.056,0.028,1
"PTBP2",0.094102891180395,-0.355305864377019,0.165,0.228,1
"AGO4",0.0941310866662071,-0.280950907468003,0.286,0.361,1
"UFC1",0.0941622783513687,0.139522266212555,0.972,0.972,1
"ZNF862",0.0942052028626324,-0.188193925829052,0.234,0.316,1
"RBM38",0.0942493377990227,0.390587074365635,0.589,0.586,1
"SLC22A16",0.0942533185820235,1.51682456825198,0.036,0.014,1
"RBM39",0.0943132416393233,-0.113317864869044,0.944,0.958,1
"FAM83H",0.0943177736436295,-0.238848190545233,0.149,0.214,1
"MIR99AHG",0.0944498845591317,-0.200820196382376,0.464,0.554,1
"ENSG00000258824",0.0944675502533587,0.463385885868976,0.194,0.144,1
"FRMPD4",0.094669204486473,1.61669996332297,0.036,0.014,1
"SCLY",0.094669204486473,1.42186331660228,0.036,0.014,1
"UBQLN1-AS1",0.0947923340657793,0.929067431551251,0.121,0.081,1
"MTMR7",0.0948373385774132,-0.447705235116853,0.024,0.053,1
"RPL4",0.0948458484238918,0.187782558106067,0.94,0.933,1
"SEPSECS-AS1",0.094908427458281,-0.225576993157317,0.19,0.263,1
"S100A13",0.0950310878237296,0.345746727573464,0.508,0.46,1
"ENSG00000290476",0.0951425960486944,-0.23353790027299,0.129,0.189,1
"ASB1",0.0951499105616674,0.888013663281213,0.234,0.186,1
"NHS",0.0951589414763011,-1.47412318866371,0.048,0.084,1
"NOXA1",0.0951685614263152,-0.869222454431533,0.024,0.053,1
"LINC00598",0.0952625206803567,1.17099269923718,0.125,0.084,1
"CLBA1",0.0953835355296231,0.395579435363648,0.379,0.337,1
"ENSG00000289209",0.09546966964738,0.75959994745332,0.052,0.025,1
"HDGFL2",0.0954921569776671,-0.212095167399402,0.129,0.189,1
"LINC02934",0.0955007102345594,-0.950600505167741,0.024,0.053,1
"GDPD3",0.095505387474765,1.32064480478706,0.036,0.014,1
"APOL6",0.0955318533063821,-0.318362925160545,0.435,0.516,1
"NOL7",0.0957283898252479,-0.128862167622235,0.653,0.751,1
"SOX6",0.0957942630817643,-0.438842441254378,0.351,0.418,1
"MMADHC",0.0958340052473963,-0.157174430857356,0.706,0.758,1
"HECTD2",0.0958607653733315,-0.178989037284793,0.173,0.239,1
"CORO1B",0.095882677472603,-0.183635151055545,0.302,0.393,1
"WDSUB1",0.0959734723208292,-0.228262995815237,0.31,0.396,1
"HAL",0.0959868372432955,-0.559208945701773,0.044,0.081,1
"MBOAT2",0.0959868372432955,-0.383553850498425,0.044,0.081,1
"CD200",0.0961592807114503,-0.127660118805623,0.31,0.407,1
"CRELD2",0.0961810720321421,-0.193125980955541,0.355,0.446,1
"ENSG00000261136",0.0963474742008353,1.23124862641846,0.036,0.014,1
"COL5A2",0.0964426865273351,0.736650737018038,0.109,0.07,1
"EVI5",0.0964587592081599,-0.236944746110326,0.702,0.789,1
"NCOA1",0.0964882415490772,-0.267313826608026,0.452,0.53,1
"SCPEP1",0.0964959683010174,0.335357387520929,0.536,0.498,1
"KLF5",0.096510105620045,-0.15682734573272,0.484,0.558,1
"HDAC9",0.0965481180326393,-0.292559836295861,0.105,0.158,1
"UMODL1-AS1",0.0966079439348682,-0.241464528840107,0.206,0.274,1
"MIR4435-2HG",0.0967867186075007,-0.670367235693728,0.044,0.081,1
"DENND6B",0.0969597422928568,0.286418550363738,0.548,0.519,1
"PNLDC1",0.0969672157485663,1.03398503552654,0.056,0.028,1
"LCAT",0.0969741882273856,0.631705952737651,0.036,0.07,1
"SORBS3",0.0970261380100371,0.675194727818769,0.206,0.161,1
"PIGT",0.097199467155902,-0.197997715292226,0.492,0.568,1
"ROCK2",0.0972206741089238,-0.2039835735548,0.633,0.695,1
"ELOA",0.0973834040595926,-0.15335840068243,0.19,0.267,1
"SEC14L5",0.0973867693235788,1.10973196223978,0.113,0.074,1
"IL7",0.0974881607769351,-0.129953068672522,0.742,0.839,1
"IDNK",0.0974919881553881,0.256372559241594,0.496,0.46,1
"VPS41",0.09749278811125,-0.140534435258238,0.411,0.498,1
"P4HB",0.0975466936857649,-0.123179329751914,0.496,0.611,1
"TIMM23B",0.0975799705381962,-0.616734770779925,0.073,0.116,1
"UGDH-AS1",0.0976069911187218,0.365716376209871,0.46,0.421,1
"PYROXD1",0.0976618001286177,-0.179815419753071,0.411,0.509,1
"ZNF678",0.0976965714256099,-0.68362598709688,0.065,0.105,1
"FASN",0.0977018115525817,-0.554244593248139,0.089,0.137,1
"MED8",0.097707776403593,-0.330822859774349,0.198,0.263,1
"CERT1",0.0977209575429351,-0.153459472097137,0.734,0.765,1
"DENND2C",0.0977444576582495,0.467479839402314,0.21,0.154,1
"SWAP70",0.0977758677023048,-0.221565968540204,0.319,0.407,1
"MARCHF8",0.0977864777253939,-0.342542135572307,0.133,0.193,1
"MAEA",0.0978574586644783,0.273514282358858,0.524,0.477,1
"ZNF777",0.0978698276716949,0.922873677624438,0.105,0.067,1
"FKBP15",0.0978915064607189,-0.33134595753105,0.31,0.4,1
"PSMF1",0.0979081647748574,0.242521711838717,0.621,0.604,1
"ZNF181",0.097939536982151,-1.18412422906939,0.032,0.063,1
"ANAPC15",0.097942430933023,-0.147487278862193,0.117,0.175,1
"CRB1",0.0979590410555004,0.914907429177587,0.056,0.028,1
"MRPL14",0.0982277137167974,0.505472419137229,0.371,0.34,1
"ZFAND4",0.0982542973858463,-0.305950955291562,0.177,0.242,1
"YAF2",0.098310449113101,-0.511388246351565,0.113,0.165,1
"ETF1",0.0983123260500973,-0.151536831187746,0.56,0.639,1
"RHOXF1",0.0983285705521666,-0.504283111028928,0.218,0.277,1
"KCTD18",0.0983442055110492,0.670945767524004,0.21,0.165,1
"DNAJC24",0.0984771023104908,-0.292802261306539,0.109,0.165,1
"CAMK2D",0.0985192181440824,0.399192440329065,0.319,0.267,1
"RTF1",0.0986181787064963,0.278033441665604,0.524,0.481,1
"PPP1R26-AS1",0.0986676238485961,-0.281138786821992,0.153,0.211,1
"TRIM52-AS1",0.0987036784776232,0.384197040440331,0.266,0.214,1
"RAB5C",0.0987287087274553,0.311924188985159,0.56,0.544,1
"PER3",0.098873490196583,-0.753852787730647,0.024,0.053,1
"CROCCP3",0.0988949896767125,0.595036077484401,0.226,0.179,1
"GOLGA7",0.0989022667197112,0.644085376246527,0.46,0.435,1
"MYADM",0.0989057056775449,-0.172575274667395,0.367,0.453,1
"ZNF672",0.0989823089037615,-0.143311053002651,0.081,0.13,1
"MDN1",0.0989919278723847,-0.35686020644672,0.375,0.449,1
"FRMD3",0.0990757900524176,-1.43158793146071,0.04,0.074,1
"ACTN1",0.099111261224422,0.251656025914678,0.758,0.747,1
"NMRAL1",0.0991405992695242,-0.330388364200374,0.246,0.309,1
"INAFM2",0.0992183861101406,-0.601894410231467,0.044,0.081,1
"CHCHD10",0.0993180204956135,-0.320405614239446,0.435,0.523,1
"ENSG00000266680",0.0993943065292578,-0.265169168016236,0.117,0.172,1
"VEZT",0.0995558392619117,-0.278175822620453,0.351,0.432,1
"NUTM2E",0.099589802503202,0.505154719791436,0.085,0.049,1
"MAK16",0.0997768334539591,-0.373695809889517,0.125,0.182,1
"POU2AF1",0.0998444920152171,0.420245829493708,0.504,0.456,1
"IPO11",0.0998802207212142,0.241486909306116,0.512,0.456,1
"DNAJB14",0.0998866342990389,-0.125266359949251,0.319,0.411,1
"ENSG00000277350",0.0999778558597963,0.676836198802129,0.29,0.232,1
"MVB12B",0.100020356855464,0.614787475681507,0.262,0.218,1
"SRSF1",0.100169288232964,-0.372673454500458,0.173,0.242,1
"FLJ20021",0.10019517130575,-0.396627430583591,0.177,0.242,1
"LRATD2",0.100236126219201,-0.129010198541177,0.306,0.407,1
"NDEL1",0.100297695374071,-0.378886322541673,0.173,0.239,1
"FRY",0.100462564110294,-0.556578610891787,0.286,0.347,1
"ARNT2",0.100519370751536,-0.244823132958372,0.319,0.407,1
"MCFD2",0.100596819496962,-0.133395697656948,0.31,0.393,1
"ENSG00000261474",0.100714786247661,0.67185839350328,0.129,0.088,1
"NKAIN4",0.100728943857169,-0.96838346727627,0.032,0.063,1
"PIH1D2",0.100875967649423,0.193371219762666,0.831,0.796,1
"DEFB1",0.10087957279989,1.56222395001409,0.19,0.147,1
"PRPS2",0.100971466389144,0.961716739820435,0.214,0.168,1
"ENSG00000259353",0.101037482513884,2.19916191674724,0.024,0.007,1
"LINC02970",0.101037482513884,1.77828203506557,0.024,0.007,1
"PLEKHO2",0.101037482513884,1.61479809359106,0.024,0.007,1
"SPATA5L1",0.101051430905532,-0.46654251387045,0.089,0.137,1
"MGST3",0.101063060676271,0.14203515254933,0.919,0.937,1
"NAGPA",0.101084179796105,-0.858499710053625,0.04,0.074,1
"TIMM29",0.101096491770457,0.620173100440959,0.194,0.147,1
"SLC9A3R2",0.101125605849417,0.497690371011156,0.31,0.274,1
"ENSG00000267904",0.101181697267326,0.843559819513486,0.121,0.081,1
"CCDC71",0.101193561906979,-0.407999401447021,0.069,0.112,1
"ENSG00000236028",0.101310817078222,-0.159490928428881,0.093,0.144,1
"CARS1",0.101374486792084,-0.226253115822029,0.516,0.607,1
"MYO5C",0.101452696837252,-0.179854929466353,0.645,0.726,1
"NBEAL1",0.101595092336185,0.325597351177263,0.786,0.793,1
"ENSG00000289546",0.101595517339921,1.61927756496676,0.024,0.007,1
"HECTD1",0.101699646606739,-0.177634022278793,0.774,0.793,1
"COPS7A",0.101724111469297,0.326463790281411,0.577,0.568,1
"MKRN1",0.101775556126184,0.225323802649669,0.823,0.825,1
"SMG1",0.101857510939134,-0.296531723559105,0.415,0.495,1
"HABP2",0.101945674761807,-0.157691199334709,0.794,0.835,1
"NISCH",0.102057002685906,0.471484062972723,0.194,0.144,1
"FAM104A",0.102305873540236,-0.183969719612517,0.339,0.432,1
"MEF2D",0.102307762011795,-0.372596381969204,0.214,0.277,1
"ASTE1",0.102364608719377,0.867849742790982,0.097,0.06,1
"ADGRF3",0.102394560820272,-1.15878813598902,0.02,0.046,1
"ENSG00000259038",0.102394560820272,-1.18668690891817,0.02,0.046,1
"GTF2IRD2",0.102396268400909,-0.271060118911,0.145,0.207,1
"HIVEP2",0.102598542103053,-0.243718628299044,0.286,0.361,1
"CCNYL1",0.10269226681598,-0.23480318701542,0.077,0.123,1
"KCTD14",0.102695178358428,0.800620399944653,0.056,0.028,1
"PDIA5",0.102704388183113,0.739078552753363,0.105,0.067,1
"ENSG00000276698",0.102718947733186,1.57968009233503,0.024,0.007,1
"ENSG00000288906",0.102718947733186,1.54018511697829,0.024,0.007,1
"CRB3",0.102755441871097,-0.295604559144611,0.125,0.182,1
"EPB41L1",0.102771399399674,0.367008637931609,0.536,0.495,1
"ARHGEF37",0.102840939034779,0.499892554947201,0.323,0.274,1
"RNF10",0.102933724181175,0.253478177249435,0.609,0.575,1
"MAPRE2",0.102962662857839,0.795730052052316,0.113,0.074,1
"DCST2",0.102963189899844,-0.524660842962791,0.065,0.105,1
"SLC19A2",0.103211795643449,-0.399123998892372,0.097,0.147,1
"FANCD2",0.103406905037906,-0.269083571964437,0.089,0.137,1
"PI4K2B",0.103415801283678,-0.506343894829649,0.27,0.326,1
"TOGARAM1",0.103492123410105,-0.188648731127746,0.702,0.796,1
"APOL2",0.103525457749089,-0.255321218820162,0.266,0.337,1
"LINC00939",0.103583111161802,-0.54855727267524,0.085,0.13,1
"MTMR8",0.103595540455533,-0.221849775109257,0.19,0.249,1
"HLA-DPA1",0.103655946514709,0.982810098460736,0.101,0.063,1
"SLC25A13",0.103841118092339,0.206625256711272,0.512,0.453,1
"NR5A2",0.103852237306135,1.46055174634183,0.024,0.007,1
"POGLUT2",0.103852237306135,1.51926135472354,0.024,0.007,1
"UGT2B15",0.103852237306135,1.47726238655274,0.024,0.007,1
"LRRC58",0.103870222300798,-0.358202806244288,0.351,0.418,1
"SCAF1",0.103877755903149,-0.158082733835898,0.383,0.47,1
"ENSG00000233461",0.103918446261351,-1.16825047521553,0.02,0.046,1
"FAM189A2",0.104006825043183,-0.611253055287168,0.161,0.214,1
"ENSG00000290450",0.104037017746506,-0.241097768225911,0.194,0.263,1
"GNPTG",0.10408979748039,0.25556222386047,0.444,0.4,1
"ZFAND2A",0.104112472250489,0.805348801374148,0.141,0.098,1
"ESYT1",0.104132789108724,-0.150094076449045,0.581,0.691,1
"PARVA",0.104219933400257,0.195653013617588,0.621,0.614,1
"DPP9",0.104255735708772,-0.372549030162792,0.185,0.253,1
"N4BP2",0.104294962534932,-0.3597449662207,0.19,0.253,1
"PIK3C2G",0.104302219558184,-1.1283397909797,0.02,0.046,1
"YEATS2",0.104332268835991,-0.425619218554386,0.222,0.284,1
"ZNF286A",0.104422596084435,0.598894514191947,0.024,0.007,1
"ENSG00000290510",0.104422596084435,1.11621759994313,0.024,0.007,1
"C15orf40",0.104447750697954,0.447501359062369,0.44,0.389,1
"SMIM30",0.104485962170387,0.422180010752987,0.452,0.407,1
"TRIB1",0.104502917680145,-0.343065100977869,0.145,0.204,1
"PEG10",0.104546220623428,-0.102643355368605,0.032,0.063,1
"WDR18",0.104588684564636,0.829162177990691,0.117,0.077,1
"OSCP1",0.104606042190159,-0.132670655590398,0.867,0.884,1
"BBS10",0.104638118958926,-0.131790511126702,0.161,0.232,1
"SC5D",0.104679182015475,0.153304750647412,0.335,0.439,1
"ZSCAN4",0.104687117721822,-0.866436499169811,0.02,0.046,1
"SPAG7",0.104690569567229,0.390219250908295,0.419,0.393,1
"RBFOX1",0.104750316450983,-0.672451985194083,0.077,0.123,1
"KIFAP3",0.104765185644508,-0.166681240409608,0.702,0.758,1
"PPP4R1",0.104842053707837,-0.17508007065337,0.665,0.709,1
"PAK6",0.104869443704949,1.22018879171145,0.065,0.035,1
"GASK1B-AS1",0.104995439804597,1.41388946873323,0.024,0.007,1
"MMP15",0.105058544695024,1.52181170810943,0.04,0.018,1
"CAPN1",0.105058984353795,0.26669843747476,0.714,0.744,1
"RTL5",0.105101500646633,-0.30053395616571,0.097,0.147,1
"R3HCC1",0.105204536536885,-0.246727370651791,0.169,0.232,1
"PLAAT4",0.105209923994819,0.297880429432511,0.851,0.842,1
"H2BC6",0.105272518107541,-0.274782555025785,0.105,0.158,1
"FOXP4",0.10529411330364,-0.226393912288691,0.173,0.235,1
"SCO1",0.105392546298841,-0.172222083001666,0.323,0.418,1
"STRIP1",0.10541273036045,-0.295284983858321,0.145,0.204,1
"NAIP",0.105433795440017,-0.395552531274536,0.077,0.119,1
"C1orf122",0.105468086292636,0.841249783963056,0.19,0.147,1
"AP4E1",0.10554325097224,-0.85143109249031,0.052,0.088,1
"GALNT17",0.105570775169055,0.77985290570456,0.024,0.007,1
"RASSF5",0.105570775169055,0.914177976372695,0.024,0.007,1
"GPRC5C",0.105606592319738,-0.135213614045365,0.202,0.281,1
"ENSG00000267439",0.105612880239453,0.691211730289866,0.089,0.053,1
"FAS",0.105657485579421,-0.223534581876393,0.327,0.396,1
"DUT",0.105694752870725,0.318947100479011,0.613,0.593,1
"ENSG00000267469",0.105848581844869,-0.931762942893917,0.02,0.046,1
"SH3BP2",0.105848581844869,-0.939982858720763,0.02,0.046,1
"NEPRO-AS1",0.105905718793719,1.77027189008262,0.04,0.018,1
"PPP1R9B",0.105905718793719,1.58243407099236,0.04,0.018,1
"SMIM34",0.105905718793719,1.58293882464471,0.04,0.018,1
"VGLL4",0.105945598208538,-0.140156143197092,0.512,0.614,1
"ABCD2",0.105970141001226,-1.26802258541179,0,0.011,1
"ABI3BP",0.105970141001226,-1.95877205554437,0,0.011,1
"ADD2",0.105970141001226,-1.43045232517024,0,0.011,1
"ADGRB3",0.105970141001226,-3.19631281614459,0,0.011,1
"ADTRP",0.105970141001226,-1.8350901262771,0,0.011,1
"ALMS1-IT1",0.105970141001226,-1.38655691336482,0,0.011,1
"ALPK2",0.105970141001226,-1.17530796980226,0,0.011,1
"AMDHD1",0.105970141001226,-1.28784172079942,0,0.011,1
"ANO5",0.105970141001226,-1.27970952873817,0,0.011,1
"ARIH2OS",0.105970141001226,-1.33040075451105,0,0.011,1
"ARL10",0.105970141001226,-0.970678354134797,0,0.011,1
"BACH1-IT2",0.105970141001226,-1.76089448424864,0,0.011,1
"CACNG8",0.105970141001226,-1.27598024825778,0,0.011,1
"CBFA2T3",0.105970141001226,-1.05279937340971,0,0.011,1
"CCDC9B",0.105970141001226,-1.31658488842198,0,0.011,1
"CCL2",0.105970141001226,-1.87496179406111,0,0.011,1
"CCR7",0.105970141001226,-1.25236466341556,0,0.011,1
"CD109-AS1",0.105970141001226,-1.68510365663866,0,0.011,1
"CD28",0.105970141001226,-1.48594310059517,0,0.011,1
"CD44",0.105970141001226,-1.4242543833554,0,0.011,1
"CDH2",0.105970141001226,-1.4344575266789,0,0.011,1
"CEP192-DT",0.105970141001226,-0.813597850984559,0,0.011,1
"CFAP20DC-AS1",0.105970141001226,-1.10880410311676,0,0.011,1
"CLDN11",0.105970141001226,-1.34116512649604,0,0.011,1
"CLIC2",0.105970141001226,-1.33240067606951,0,0.011,1
"CLMP",0.105970141001226,-1.71589067952989,0,0.011,1
"CLN3",0.105970141001226,-1.03673510089682,0,0.011,1
"CPA6",0.105970141001226,-1.05575822156197,0,0.011,1
"CPEB1-AS1",0.105970141001226,-1.52824133516017,0,0.011,1
"DOK2",0.105970141001226,-1.0011829377015,0,0.011,1
"DPYSL3",0.105970141001226,-1.83962983030019,0,0.011,1
"E2F1",0.105970141001226,-1.89492669455546,0,0.011,1
"ELOVL4",0.105970141001226,-1.46666378026153,0,0.011,1
"ENSG00000174171",0.105970141001226,-1.55861994511137,0,0.011,1
"ENSG00000214803",0.105970141001226,-1.31910081726843,0,0.011,1
"ENSG00000223374",0.105970141001226,-1.4638223621521,0,0.011,1
"ENSG00000223390",0.105970141001226,-1.15480205601562,0,0.011,1
"ENSG00000223930",0.105970141001226,-1.50608049590992,0,0.011,1
"ENSG00000223947",0.105970141001226,-1.30124583141366,0,0.011,1
"ENSG00000224356",0.105970141001226,-1.63347347783358,0,0.011,1
"ENSG00000224789",0.105970141001226,-1.1728422909044,0,0.011,1
"ENSG00000224879",0.105970141001226,-1.65243332095752,0,0.011,1
"ENSG00000225885",0.105970141001226,-1.05524781223499,0,0.011,1
"ENSG00000225913",0.105970141001226,-1.63477375092493,0,0.011,1
"ENSG00000229044",0.105970141001226,-0.977831483578119,0,0.011,1
"ENSG00000231236",0.105970141001226,-0.82690825822753,0,0.011,1
"ENSG00000234818",0.105970141001226,-1.2966029380955,0,0.011,1
"ENSG00000235111",0.105970141001226,-1.89823184570184,0,0.011,1
"ENSG00000236209",0.105970141001226,-1.60639219049275,0,0.011,1
"ENSG00000236352",0.105970141001226,-1.04551830208922,0,0.011,1
"ENSG00000237987",0.105970141001226,-1.03101882614484,0,0.011,1
"ENSG00000240499",0.105970141001226,-1.2141309197671,0,0.011,1
"ENSG00000240731",0.105970141001226,-1.26800366935987,0,0.011,1
"ENSG00000242828",0.105970141001226,-1.00195013558716,0,0.011,1
"ENSG00000248734",0.105970141001226,-1.23663818990886,0,0.011,1
"ENSG00000249236",0.105970141001226,-1.24171180776105,0,0.011,1
"ENSG00000249483",0.105970141001226,-1.13008469122422,0,0.011,1
"ENSG00000250064",0.105970141001226,-1.61372473481826,0,0.011,1
"ENSG00000251185",0.105970141001226,-1.96348786341284,0,0.011,1
"ENSG00000253300",0.105970141001226,-0.847664819640023,0,0.011,1
"ENSG00000253500",0.105970141001226,-1.3151930942449,0,0.011,1
"ENSG00000254040",0.105970141001226,-1.52810296261167,0,0.011,1
"ENSG00000255101",0.105970141001226,-1.6066833118454,0,0.011,1
"ENSG00000255320",0.105970141001226,-2.52576127815517,0,0.011,1
"ENSG00000255663",0.105970141001226,-1.15774462976008,0,0.011,1
"ENSG00000255723",0.105970141001226,-1.19387745597275,0,0.011,1
"ENSG00000256566",0.105970141001226,-2.02228115626552,0,0.011,1
"ENSG00000257759",0.105970141001226,-1.88867321231069,0,0.011,1
"ENSG00000257767",0.105970141001226,-1.15616068054055,0,0.011,1
"ENSG00000258461",0.105970141001226,-1.56327142499696,0,0.011,1
"ENSG00000258691",0.105970141001226,-1.08613600065442,0,0.011,1
"ENSG00000259049",0.105970141001226,-1.38300336157961,0,0.011,1
"ENSG00000259077",0.105970141001226,-1.85570321013995,0,0.011,1
"ENSG00000259713",0.105970141001226,-1.4502494150581,0,0.011,1
"ENSG00000259723",0.105970141001226,-1.39320753158556,0,0.011,1
"ENSG00000260337",0.105970141001226,-1.11616633569508,0,0.011,1
"ENSG00000260360",0.105970141001226,-1.68845645151365,0,0.011,1
"ENSG00000260418",0.105970141001226,-1.3989847659151,0,0.011,1
"ENSG00000260850",0.105970141001226,-0.930084486248287,0,0.011,1
"ENSG00000260891",0.105970141001226,-1.07602900823146,0,0.011,1
"ENSG00000261386",0.105970141001226,-0.883660342649336,0,0.011,1
"ENSG00000261542",0.105970141001226,-1.64782253741696,0,0.011,1
"ENSG00000261544",0.105970141001226,-1.09320089133001,0,0.011,1
"ENSG00000261766",0.105970141001226,-1.02143437240197,0,0.011,1
"ENSG00000261884",0.105970141001226,-1.58270127964874,0,0.011,1
"ENSG00000263257",0.105970141001226,-1.26047871476966,0,0.011,1
"ENSG00000263644",0.105970141001226,-1.01821182483331,0,0.011,1
"ENSG00000266846",0.105970141001226,-1.33348980658335,0,0.011,1
"ENSG00000266998",0.105970141001226,-1.41723882823176,0,0.011,1
"ENSG00000267633",0.105970141001226,-0.923068451116504,0,0.011,1
"ENSG00000268083",0.105970141001226,-1.82262526080987,0,0.011,1
"ENSG00000268087",0.105970141001226,-1.28333595688989,0,0.011,1
"ENSG00000268833",0.105970141001226,-1.65000928395023,0,0.011,1
"ENSG00000269397",0.105970141001226,-1.5935315524774,0,0.011,1
"ENSG00000269535",0.105970141001226,-1.20983872530615,0,0.011,1
"ENSG00000269903",0.105970141001226,-1.31094434110502,0,0.011,1
"ENSG00000270562",0.105970141001226,-1.87872178056393,0,0.011,1
"ENSG00000272004",0.105970141001226,-1.5521389882798,0,0.011,1
"ENSG00000272181",0.105970141001226,-1.4878136156357,0,0.011,1
"ENSG00000272908",0.105970141001226,-1.40662603021943,0,0.011,1
"ENSG00000273406",0.105970141001226,-1.5873190382131,0,0.011,1
"ENSG00000273487",0.105970141001226,-1.13746225884829,0,0.011,1
"ENSG00000274629",0.105970141001226,-1.12681973335724,0,0.011,1
"ENSG00000276524",0.105970141001226,-1.21624527615036,0,0.011,1
"ENSG00000276831",0.105970141001226,-2.02169198499114,0,0.011,1
"ENSG00000277128",0.105970141001226,-1.52321943812775,0,0.011,1
"ENSG00000278071",0.105970141001226,-1.10411033453116,0,0.011,1
"ENSG00000278766",0.105970141001226,-1.49724528312546,0,0.011,1
"ENSG00000279278",0.105970141001226,-1.08521433423579,0,0.011,1
"ENSG00000280029",0.105970141001226,-1.3975891299398,0,0.011,1
"ENSG00000284377",0.105970141001226,-0.886645310457149,0,0.011,1
"ENSG00000284697",0.105970141001226,-1.78848490469837,0,0.011,1
"ENSG00000285103",0.105970141001226,-1.17416155964578,0,0.011,1
"ENSG00000285367",0.105970141001226,-1.55201542462929,0,0.011,1
"ENSG00000285638",0.105970141001226,-1.08644158899138,0,0.011,1
"ENSG00000285751",0.105970141001226,-1.12008070813413,0,0.011,1
"ENSG00000285854",0.105970141001226,-1.32739960428062,0,0.011,1
"ENSG00000286153",0.105970141001226,-1.79212105822905,0,0.011,1
"ENSG00000286248",0.105970141001226,-0.921054065517535,0,0.011,1
"ENSG00000286268",0.105970141001226,-1.38762692222744,0,0.011,1
"ENSG00000286445",0.105970141001226,-1.24441018951114,0,0.011,1
"ENSG00000286718",0.105970141001226,-1.40404513084001,0,0.011,1
"ENSG00000287190",0.105970141001226,-1.32422109814744,0,0.011,1
"ENSG00000287416",0.105970141001226,-1.24472599647467,0,0.011,1
"ENSG00000287526",0.105970141001226,-1.55575954280961,0,0.011,1
"ENSG00000287528",0.105970141001226,-1.6631942373859,0,0.011,1
"ENSG00000287544",0.105970141001226,-0.915597976140607,0,0.011,1
"ENSG00000288009",0.105970141001226,-1.26419117071211,0,0.011,1
"ENSG00000288253",0.105970141001226,-0.888514755106637,0,0.011,1
"ENSG00000288674",0.105970141001226,-1.19609312410115,0,0.011,1
"ENSG00000288792",0.105970141001226,-1.67236458888764,0,0.011,1
"ENSG00000288886",0.105970141001226,-1.45895695027244,0,0.011,1
"ENSG00000288928",0.105970141001226,-1.47513286102557,0,0.011,1
"ENSG00000289090",0.105970141001226,-1.4790023489175,0,0.011,1
"ENSG00000289472",0.105970141001226,-1.22781359190839,0,0.011,1
"ENSG00000289480",0.105970141001226,-0.82871737681775,0,0.011,1
"ENSG00000289987",0.105970141001226,-1.15306382642098,0,0.011,1
"ENSG00000290008",0.105970141001226,-1.08208864274894,0,0.011,1
"ENSG00000290461",0.105970141001226,-1.40838137174066,0,0.011,1
"ENSG00000290697",0.105970141001226,-1.30158365957841,0,0.011,1
"ENSG00000290922",0.105970141001226,-1.41509931723459,0,0.011,1
"ENSG00000291211",0.105970141001226,-1.01374502439001,0,0.011,1
"EPS15-AS1",0.105970141001226,-2.53394988336066,0,0.011,1
"FAM229A",0.105970141001226,-1.09435397598234,0,0.011,1
"FAM41C",0.105970141001226,-1.46685874809656,0,0.011,1
"FKBP9P1",0.105970141001226,-1.51801464099858,0,0.011,1
"FOXP2",0.105970141001226,-1.21505159062291,0,0.011,1
"FRRS1L",0.105970141001226,-1.70548265015784,0,0.011,1
"GHRL",0.105970141001226,-1.50903608533596,0,0.011,1
"GNG3",0.105970141001226,-1.57169683843823,0,0.011,1
"GNGT2",0.105970141001226,-0.739787251535525,0,0.011,1
"GORAB-AS1",0.105970141001226,-1.47639467987881,0,0.011,1
"GP6-AS1",0.105970141001226,-1.21632097880224,0,0.011,1
"GRM7-AS3",0.105970141001226,-1.46407224941958,0,0.011,1
"IFFO1",0.105970141001226,-1.23214474597412,0,0.011,1
"IHO1",0.105970141001226,-0.98491856954753,0,0.011,1
"IL13RA2",0.105970141001226,-2.91053579952663,0,0.011,1
"JSRP1",0.105970141001226,-0.901922212726701,0,0.011,1
"KBTBD11-OT1",0.105970141001226,-1.77530018082973,0,0.011,1
"KCNG1",0.105970141001226,-1.52810483449243,0,0.011,1
"KLHDC8B",0.105970141001226,-1.43787359100567,0,0.011,1
"KLHL1",0.105970141001226,-1.45792032575966,0,0.011,1
"LINC00853",0.105970141001226,-0.937063980657316,0,0.011,1
"LINC00862",0.105970141001226,-1.17191887457061,0,0.011,1
"LINC01001",0.105970141001226,-1.20813098911726,0,0.011,1
"LINC01151",0.105970141001226,-1.55384053743325,0,0.011,1
"LINC01270",0.105970141001226,-1.30531326347798,0,0.011,1
"LINC01393",0.105970141001226,-1.31177674301678,0,0.011,1
"LINC01594",0.105970141001226,-1.50058028930726,0,0.011,1
"LINC01731",0.105970141001226,-1.25507908856104,0,0.011,1
"LINC01744",0.105970141001226,-1.90108663939183,0,0.011,1
"LINC01900",0.105970141001226,-1.34952372094748,0,0.011,1
"LINC01915",0.105970141001226,-1.1386088512714,0,0.011,1
"LINC01951",0.105970141001226,-1.08772244664949,0,0.011,1
"LINC02208",0.105970141001226,-0.9680908257386,0,0.011,1
"LINC02631",0.105970141001226,-1.43873963957158,0,0.011,1
"LINC03004",0.105970141001226,-1.35282274762485,0,0.011,1
"LINC03033",0.105970141001226,-1.14287449185187,0,0.011,1
"LRFN1",0.105970141001226,-1.86082205904953,0,0.011,1
"LY86",0.105970141001226,-1.53403909050525,0,0.011,1
"MARCKSL1",0.105970141001226,-1.7261920253661,0,0.011,1
"MROH7-TTC4",0.105970141001226,-1.63904476055561,0,0.011,1
"MRPS9-AS1",0.105970141001226,-1.03927217788717,0,0.011,1
"NAGS",0.105970141001226,-1.98435432041993,0,0.011,1
"NDN",0.105970141001226,-1.93971916568003,0,0.011,1
"NMRAL2P",0.105970141001226,-1.87617713559646,0,0.011,1
"NOVA1",0.105970141001226,-1.28643921353594,0,0.011,1
"NPIPB9",0.105970141001226,-1.2218519309435,0,0.011,1
"NT5M",0.105970141001226,-1.80618282008755,0,0.011,1
"NYAP2",0.105970141001226,-1.1448904853513,0,0.011,1
"OASL",0.105970141001226,-1.551458731794,0,0.011,1
"OLFML2A",0.105970141001226,-1.12042971965487,0,0.011,1
"OR10H1",0.105970141001226,-1.33598246256232,0,0.011,1
"OTULIN-DT",0.105970141001226,-1.66208267829905,0,0.011,1
"OVCH1",0.105970141001226,-1.61011345774733,0,0.011,1
"P2RY14",0.105970141001226,-1.82446328414787,0,0.011,1
"PAK3",0.105970141001226,-3.08962331094403,0,0.011,1
"PALD1",0.105970141001226,-1.20795312554522,0,0.011,1
"PCDH15",0.105970141001226,-1.51209932744828,0,0.011,1
"PCDHB5",0.105970141001226,-1.28372252638734,0,0.011,1
"PID1",0.105970141001226,-1.51532225737656,0,0.011,1
"PIP4P2",0.105970141001226,-0.877044983383475,0,0.011,1
"PLEK",0.105970141001226,-1.69343661209063,0,0.011,1
"PP7080",0.105970141001226,-0.984226857768246,0,0.011,1
"PPEF1",0.105970141001226,-1.33766780562495,0,0.011,1
"PPFIA3",0.105970141001226,-1.88289212436571,0,0.011,1
"PRICKLE1",0.105970141001226,-1.53840959447068,0,0.011,1
"PRPH2",0.105970141001226,-1.33493749943884,0,0.011,1
"PTGES2-AS1",0.105970141001226,-1.75987526908361,0,0.011,1
"RAB3A",0.105970141001226,-1.47330222308835,0,0.011,1
"RASGRP2",0.105970141001226,-1.24205693352219,0,0.011,1
"RASIP1",0.105970141001226,-1.18111399405443,0,0.011,1
"RASSF9",0.105970141001226,-1.65267894646065,0,0.011,1
"REV3L-IT1",0.105970141001226,-1.14608213460349,0,0.011,1
"RGPD2",0.105970141001226,-1.5017763843846,0,0.011,1
"RNASE1",0.105970141001226,-4.32962226511449,0,0.011,1
"RNF31",0.105970141001226,-0.989091491770712,0,0.011,1
"RTN4R",0.105970141001226,-1.5137578013149,0,0.011,1
"RUBCNL",0.105970141001226,-1.12071734546872,0,0.011,1
"SCUBE2",0.105970141001226,-1.35573287227833,0,0.011,1
"SDC3",0.105970141001226,-1.86697043224709,0,0.011,1
"SEMA6D",0.105970141001226,-1.27958160438598,0,0.011,1
"SH3KBP1",0.105970141001226,-1.71654400707293,0,0.011,1
"SLC25A43",0.105970141001226,-1.58308952796325,0,0.011,1
"SLC2A4",0.105970141001226,-1.16864236162369,0,0.011,1
"SLC43A3",0.105970141001226,-1.15828768445082,0,0.011,1
"SPHKAP",0.105970141001226,-1.55318146634669,0,0.011,1
"SPON1",0.105970141001226,-1.30244661013609,0,0.011,1
"SSC4D",0.105970141001226,-0.990569667632111,0,0.011,1
"STAT4-AS1",0.105970141001226,-1.53644579751754,0,0.011,1
"SUPT20HL2",0.105970141001226,-1.02897685336413,0,0.011,1
"SVEP1",0.105970141001226,-2.96398276448257,0,0.011,1
"SYNPO2",0.105970141001226,-1.37202103166406,0,0.011,1
"TENT5D",0.105970141001226,-1.12035907980423,0,0.011,1
"TNFSF9",0.105970141001226,-1.89809741227037,0,0.011,1
"TNN",0.105970141001226,-1.32281182196089,0,0.011,1
"TNS2",0.105970141001226,-0.678837873317908,0,0.011,1
"TROAP",0.105970141001226,-1.04249918918043,0,0.011,1
"TSHZ3",0.105970141001226,-1.55639868812645,0,0.011,1
"UBE2L5",0.105970141001226,-1.52808391503187,0,0.011,1
"USP44",0.105970141001226,-1.42235415451857,0,0.011,1
"VASH1",0.105970141001226,-0.968344069983877,0,0.011,1
"VIPR2",0.105970141001226,-1.19010747297669,0,0.011,1
"XYLT1",0.105970141001226,-0.881121370033066,0,0.011,1
"ZNF114",0.105970141001226,-0.731690869602924,0,0.011,1
"ZNF496-DT",0.105970141001226,-0.947610697037825,0,0.011,1
"ZNF723",0.105970141001226,-1.03038283536823,0,0.011,1
"ZNF804A",0.105970141001226,-1.12422545830157,0,0.011,1
"BAALC-AS2",0.105970141001226,-1.14421427167124,0,0.011,1
"C1QTNF9",0.105970141001226,-1.65266509282607,0,0.011,1
"C1orf100",0.105970141001226,-1.12986675648349,0,0.011,1
"ENSG00000253645",0.105970141001226,-1.59948800979634,0,0.011,1
"ENSG00000257253",0.105970141001226,-1.65259613408415,0,0.011,1
"ENSG00000260874",0.105970141001226,-1.41187002392523,0,0.011,1
"ENSG00000263171",0.105970141001226,-1.51798895817197,0,0.011,1
"ENSG00000267649",0.105970141001226,-1.55294414012364,0,0.011,1
"ENSG00000268873",0.105970141001226,-1.7463742579115,0,0.011,1
"ENSG00000269189",0.105970141001226,-1.13268342689011,0,0.011,1
"ENSG00000273300",0.105970141001226,-1.38601118779835,0,0.011,1
"ENSG00000274560",0.105970141001226,-0.993758820469672,0,0.011,1
"ENSG00000274758",0.105970141001226,-1.22381890011426,0,0.011,1
"ENSG00000278383",0.105970141001226,-1.42081411194092,0,0.011,1
"ENSG00000286837",0.105970141001226,-0.805429728904409,0,0.011,1
"FHAD1-AS1",0.105970141001226,-1.10597233944496,0,0.011,1
"LINC01424",0.105970141001226,-1.66155640350917,0,0.011,1
"LINC01445",0.105970141001226,-1.50010171653065,0,0.011,1
"LINC02893",0.105970141001226,-1.16489387582797,0,0.011,1
"MDN1-AS1",0.105970141001226,-1.12708519467439,0,0.011,1
"NLRP14",0.105970141001226,-1.55606705766829,0,0.011,1
"CYP2D6",0.105970141001226,-1.62079665362294,0,0.011,1
"LINC02883",0.105970141001226,-1.77844890807698,0,0.011,1
"ENSG00000261273",0.105970141001226,-1.47734951479344,0,0.011,1
"ENSG00000205890",0.105970141001226,-1.80051169868834,0,0.011,1
"ENSG00000230536",0.105970141001226,-0.828615225966246,0,0.011,1
"ENSG00000258792",0.105970141001226,-1.39269884422371,0,0.011,1
"ENSG00000276087",0.105970141001226,-1.67353150608744,0,0.011,1
"DRD1",0.105970141001226,-1.43088264992796,0,0.011,1
"ENSG00000240033",0.105970141001226,-1.21753748940157,0,0.011,1
"ENSG00000259168",0.105970141001226,-1.59394868513098,0,0.011,1
"ENSG00000282304",0.105970141001226,-1.28630823521645,0,0.011,1
"ENSG00000287342",0.105970141001226,-1.16876073928032,0,0.011,1
"ENSG00000289459",0.105970141001226,-1.09538970366959,0,0.011,1
"ENSG00000275805",0.105970141001226,-0.753604646103149,0,0.011,1
"ENSG00000260484",0.105970141001226,-1.21429140313691,0,0.011,1
"DHRSX",0.106024535423112,-0.298745806357683,0.177,0.239,1
"TEC",0.106039928657302,-0.297386970546748,0.085,0.13,1
"NSUN5",0.106049619285001,1.085659880255,0.185,0.144,1
"SCGB1D4",0.10610529563334,-0.183513147890106,0.843,0.916,1
"KLK14",0.106148608873602,1.06510657791345,0.024,0.007,1
"SPIN1",0.106319803994214,-0.226744559563659,0.766,0.828,1
"ARMH4",0.106349181874047,-0.279982117989602,0.27,0.34,1
"RIPK4",0.106489180740743,0.334502262433964,0.379,0.344,1
"HSPA9",0.106830485802018,-0.150667967955649,0.605,0.688,1
"POMGNT2",0.106836919115837,0.607362546208991,0.306,0.267,1
"AP1M2",0.106921625971907,0.257287806704897,0.718,0.705,1
"ADRM1",0.106943229316569,-0.287691344595681,0.258,0.333,1
"CLCN3",0.106985998695869,0.244535057140053,0.694,0.656,1
"ADAM22",0.107001516330675,-0.745996580423883,0.04,0.074,1
"MED25",0.107075488386224,0.292721411637445,0.657,0.635,1
"ACACA",0.107110064184323,0.174611276870504,0.52,0.463,1
"MAFF",0.107160613091056,-0.187929133229153,0.125,0.182,1
"PCDHB2",0.107186628739108,1.32116269910634,0.04,0.018,1
"GFUS",0.107290324728875,0.665941533225832,0.23,0.179,1
"GNG5",0.107304439490717,-0.61360767402578,0.04,0.074,1
"ARHGAP31",0.107311798051867,0.912572051672639,0.024,0.007,1
"MIR2052HG",0.107311798051867,0.449490175445518,0.024,0.007,1
"USP3",0.107326021866921,-0.23899063367705,0.302,0.379,1
"ZNF596",0.107579716062393,-0.654729588754714,0.048,0.084,1
"UBL3",0.107624691615262,-0.128894361293978,0.847,0.86,1
"PDPK1",0.107784954787971,-0.213792781018974,0.472,0.544,1
"PPP1R26",0.107815887252331,-0.3248023732421,0.073,0.116,1
"FCSK",0.107863998691458,-0.579357699952287,0.056,0.095,1
"TIGD7",0.107864031381096,-0.758705145891313,0.056,0.095,1
"STAT5B",0.107892321275012,-0.254786448716289,0.411,0.491,1
"UBA2",0.107897097395275,-0.269608119744647,0.419,0.523,1
"DHRS7",0.107902915582083,0.346879732337094,0.512,0.488,1
"GABARAPL2",0.107944109878332,0.149927290143518,0.855,0.835,1
"CRNDE",0.107961857606199,0.226614018866739,0.887,0.898,1
"YLPM1",0.108073623235519,-0.203560164804733,0.548,0.611,1
"PLD2",0.10808592384213,-0.665728639557747,0.081,0.123,1
"ENSG00000289835",0.108163724831666,0.396919465684728,0.544,0.54,1
"ENSG00000289410",0.108198668972087,-0.402240895804019,0.065,0.105,1
"RIPK3",0.108202156973997,-0.712099596380091,0.02,0.046,1
"ZBED5-AS1",0.10827973585529,0.381190012976893,0.641,0.66,1
"ELN",0.108309495807895,1.21743658473666,0.073,0.042,1
"TRMT2B",0.108467219822196,-0.42135657491292,0.093,0.14,1
"NPIPA9",0.108522930454563,-0.495090852172057,0.04,0.074,1
"ADHFE1",0.108533986692528,-0.623828320495997,0.056,0.095,1
"LANCL2",0.108589171384373,-0.249868168003375,0.214,0.288,1
"SHC1",0.108764735913514,0.129321054563351,0.181,0.253,1
"STOML3",0.108802417322911,0.20819430899937,0.681,0.653,1
"KCNJ5-AS1",0.108913564519794,1.67559815355446,0.04,0.018,1
"MAFK",0.108918057392468,-0.241641975973248,0.282,0.351,1
"ENSG00000289082",0.108995822267357,-0.820160199901305,0.02,0.046,1
"RAP2C",0.109056812935869,-0.428718251283397,0.161,0.221,1
"ZNF449",0.10913626798683,-0.542949407731093,0.04,0.074,1
"MAP3K4-AS1",0.109143926739897,-0.526302872989061,0.032,0.063,1
"SLC38A4-AS1",0.109262234901013,-0.373148555321058,0.407,0.484,1
"FKBP1A",0.109325780695126,0.199214279334777,0.847,0.835,1
"ENSG00000258028",0.109394377847912,-0.756137567531204,0.02,0.046,1
"POLDIP3",0.109478262414132,-0.676556886187405,0.069,0.109,1
"ENDOG",0.109487220970132,0.822863638840868,0.315,0.281,1
"SPRED1",0.10956150450121,-0.279172706601373,0.222,0.295,1
"DYNC1I1",0.109617940520616,-0.239165900004207,0.218,0.288,1
"SNRPG",0.109644381378652,0.191475123166621,0.863,0.874,1
"BRWD1",0.1096930924816,-0.253234023323661,0.484,0.554,1
"ENSG00000258077",0.109752343486853,-0.501056305923715,0.04,0.074,1
"MOB1A",0.109759376276027,-0.191954290145875,0.726,0.796,1
"GLMN",0.109769436073567,-1.06438185226872,0.036,0.067,1
"FCHSD1",0.109785246854645,1.23876972338214,0.04,0.018,1
"IQCN",0.10979408475304,-0.796191238164059,0.02,0.046,1
"FGD5-AS1",0.109807627912016,-0.124582651738074,0.637,0.695,1
"PCF11",0.109926317774185,-0.12122313655044,0.488,0.582,1
"CRYBB2P1",0.11005889634008,-0.33642340183465,0.06,0.102,1
"ENSG00000271254",0.110067964405627,0.386241012459378,0.121,0.081,1
"CCNL1",0.110111252221635,-0.213494249575746,0.44,0.526,1
"CHASERR",0.110210387124572,0.251889276741091,0.714,0.712,1
"LRP5",0.110369362229781,0.268686746108361,0.673,0.646,1
"RARS2",0.11045948304119,0.299521484265965,0.5,0.453,1
"CIAO3",0.110470513997656,0.277109932978215,0.052,0.091,1
"MVP-DT",0.110650356026856,0.705813086274768,0.113,0.165,1
"NFXL1",0.110656664401203,-0.317181004252917,0.238,0.309,1
"ADAM10",0.11091494925203,-0.272054773962146,0.415,0.495,1
"PRRC2C",0.111204028863834,-0.102336085091008,0.875,0.905,1
"ADGRV1",0.111217619462244,0.516238727312967,0.145,0.102,1
"ITGB8-AS1",0.111402206995091,-0.204582172023123,0.157,0.218,1
"EEF1E1",0.111460825289868,-0.186672067128349,0.302,0.382,1
"GTF2H2",0.111493597057159,-0.290177248287067,0.073,0.116,1
"CBX3",0.111522194870128,0.254747270213833,0.806,0.8,1
"HIP1R",0.111570582397487,-0.158629183828668,0.137,0.196,1
"OTUD6B",0.111700869120653,-0.506125316042245,0.121,0.172,1
"TRIM16",0.111726785460848,-1.16472703652423,0.036,0.067,1
"PSMD7-DT",0.111742255096307,-0.58127731579072,0.073,0.116,1
"CNIH1",0.111938722985512,-0.28449284151259,0.565,0.611,1
"ENSG00000226355",0.111988580842661,1.28768777379055,0.04,0.018,1
"MIA2",0.112027941076195,-0.161862014669986,0.859,0.902,1
"POC1B-AS1",0.112038484409846,-0.451247822741522,0.089,0.133,1
"PHF10",0.112060491222135,-0.125873439089322,0.476,0.572,1
"CLDN7",0.112150564263862,0.189114808344481,0.786,0.754,1
"DCAF6",0.112186992186096,-0.129275730296461,0.593,0.684,1
"DYNC1I2",0.112421224555989,0.224032707414662,0.81,0.775,1
"SLC16A1",0.112433259848181,0.616013728778117,0.218,0.175,1
"HNRNPH3",0.112564980766023,0.14601546234289,0.718,0.66,1
"GPD1L",0.112604619595891,-0.185605163823223,0.214,0.281,1
"SH3RF1",0.112617160101358,-0.174895480765679,0.185,0.253,1
"CCDC74B",0.112667037202682,0.295593796793437,0.56,0.544,1
"HOOK3",0.112688290851836,-0.248071112517247,0.516,0.6,1
"ENSG00000234022",0.112722546937167,1.34685345594506,0.073,0.042,1
"CARD8-AS1",0.112879620960146,-1.82786673760324,0.016,0.039,1
"STK35",0.112939181852312,-0.293238690268194,0.339,0.407,1
"EXOC6B",0.112986147331518,-0.303646946102548,0.157,0.218,1
"KIF20B",0.113072455224354,0.732027906383503,0.113,0.074,1
"PRKAA1",0.113161091431956,-0.119133164664318,0.48,0.586,1
"DAPK3",0.113169470272309,1.26135376643762,0.097,0.063,1
"GLIPR1L2",0.113185465785489,0.383379101567232,0.218,0.168,1
"HELZ2",0.113250114952561,0.488091797944342,0.173,0.126,1
"RNPEP",0.113311448158717,-0.156508125545531,0.77,0.849,1
"LYZ",0.113327231489053,1.07696473830144,0.04,0.018,1
"DHX38",0.113357201600183,-0.345242166536449,0.177,0.246,1
"ENSG00000254186",0.11351761665529,-0.415646354604799,0.109,0.158,1
"NSMAF",0.113561986141322,-0.220522239753882,0.121,0.172,1
"TAP1",0.113605116953216,0.384630140540633,0.552,0.526,1
"NUDT1",0.113764746418503,0.777939135884034,0.137,0.098,1
"ZNF516",0.113772160434794,-0.122744194189981,0.306,0.389,1
"ENSG00000289405",0.113854921196235,-0.456145747834645,0.02,0.046,1
"SIRT6",0.113854921196235,-0.511584575139226,0.02,0.046,1
"DROSHA",0.114019249916085,-0.275728915021643,0.383,0.446,1
"MTRR",0.114091099710261,-0.208164132777295,0.601,0.677,1
"SLC43A2",0.11409128400169,-0.153954251892513,0.254,0.326,1
"ANKRD17",0.114125525252425,-0.328889428791533,0.524,0.604,1
"ENSG00000291170",0.114226646581202,0.803644716451136,0.04,0.018,1
"ENSG00000288528",0.114300391127741,-0.782629028541153,0.028,0.056,1
"PPP3CB-AS1",0.114379655897152,0.639074008661386,0.117,0.077,1
"TEFM",0.114458154843937,-0.379886753581717,0.185,0.249,1
"PCK2",0.114460931779029,-0.615812578895088,0.04,0.074,1
"ANKMY2",0.114544043340803,-0.336546473291064,0.359,0.428,1
"PDLIM5",0.114616460673133,-0.103154211357379,0.718,0.811,1
"JUNB",0.114631650523509,0.474924866100541,0.492,0.488,1
"RAPGEF2",0.114645678327518,-0.355861185980809,0.339,0.414,1
"USP5",0.114797530973509,0.945008971525621,0.234,0.196,1
"OAT",0.114916807086793,-0.151219025019579,0.339,0.425,1
"DIS3L",0.115025449424304,0.648719336404137,0.262,0.221,1
"ST6GALNAC2",0.115034546722778,-0.338877901070684,0.173,0.228,1
"GRK6",0.115127068897703,-0.464757277371403,0.069,0.109,1
"RADIL",0.115131671146509,-1.30532087403236,0.016,0.039,1
"GAS6",0.11523485658931,0.199667860687402,0.617,0.582,1
"PSMD11",0.115303374614905,-0.255295340613639,0.565,0.604,1
"B3GNT7",0.11531214137085,-0.406267868855917,0.113,0.165,1
"RSF1",0.115323200208152,0.224421322416992,0.706,0.709,1
"MAGOH",0.115440198106228,-0.129269084224566,0.427,0.54,1
"MARCHF6",0.115462291495712,-0.186976273326362,0.863,0.874,1
"SLC5A3",0.115480810033872,-0.169840135600357,0.198,0.267,1
"ELOB",0.115488944033199,-0.204136428347957,0.702,0.765,1
"SORCS2",0.11550449919335,-0.460783276418681,0.065,0.105,1
"DNAAF6",0.115551911650828,0.397921570127781,0.609,0.614,1
"ORMDL2",0.115577027242299,0.142193327281243,0.786,0.758,1
"HIF1A",0.115821718007727,-0.202725178754224,0.532,0.614,1
"ACE2",0.115929219811118,-0.24512026411908,0.02,0.046,1
"ZNF227",0.1160036361477,-0.307909400004227,0.125,0.182,1
"YIF1A",0.116070356261249,0.605644099819341,0.323,0.281,1
"PURA",0.116093742729608,-0.116336666186992,0.552,0.649,1
"ZDHHC13",0.116099918300327,-0.178001047008413,0.379,0.474,1
"ZNF276",0.116138658366905,-0.322404209352231,0.109,0.158,1
"RUSF1-DT",0.116148362399375,-0.785904672158171,0.028,0.056,1
"UCHL5",0.116181376406787,-0.284454883615079,0.222,0.291,1
"MALAT1",0.116267749247998,-0.249831360623108,1,0.989,1
"ZNF281",0.116325353493404,-0.209423020190523,0.302,0.382,1
"SCAND1",0.116338587282233,0.776204271712338,0.065,0.035,1
"ANKRD18B",0.11634124131683,0.276373471196495,0.395,0.347,1
"SAXO1",0.116401015870992,-0.751629988717454,0.036,0.067,1
"NUP210",0.116406717648233,-0.348374770268326,0.056,0.095,1
"BTBD1",0.116535886071481,0.16628709374262,0.75,0.698,1
"ENSG00000263272",0.116712000493418,-0.564276702045159,0.04,0.074,1
"ZNF266",0.11678303614317,0.864105963767808,0.214,0.168,1
"ACSL3",0.116821836476204,-0.268467348749057,0.617,0.66,1
"MSRA",0.116857802072266,0.233148559240355,0.448,0.389,1
"C11orf1",0.117005390442922,-0.166502694215716,0.363,0.456,1
"ENSG00000248240",0.117008764079656,1.18852358300841,0.081,0.049,1
"TPI1",0.117017876046224,0.173093322395317,0.899,0.905,1
"ENSG00000249492",0.117061152525344,-0.958606119340738,0.044,0.077,1
"LINC02363",0.11710304207534,1.73788785007396,0.044,0.021,1
"PIGO",0.117164179581797,-0.265600220877973,0.218,0.288,1
"ZNF131",0.117209392942501,-0.14299817098447,0.403,0.488,1
"MOAP1",0.117240087940506,-0.26839359322664,0.282,0.358,1
"FGL1",0.117268364589819,0.223382452181832,0.028,0.056,1
"CWF19L2",0.117288291491247,-0.29952753985156,0.371,0.442,1
"RGS14",0.117289527805201,-0.122721552609887,0.077,0.123,1
"LRG1",0.11729429326032,-0.28509511351446,0.819,0.842,1
"ENSG00000253503",0.117536599007382,1.58709342627826,0.044,0.021,1
"MRPS6",0.117608662777564,0.231962909351742,0.52,0.467,1
"TGFA",0.117635769936995,-0.240195250866702,0.444,0.519,1
"CLIC5",0.117689420984318,0.746187682176902,0.157,0.116,1
"SNRNP48",0.117710936646797,-0.338690068821315,0.21,0.277,1
"KLHL9",0.117754132646276,-0.171419657075337,0.411,0.502,1
"THAP2",0.117823564702215,-0.183977884578867,0.097,0.144,1
"SHROOM4",0.117880610197463,-1.0320876647386,0.016,0.039,1
"SCAF4",0.117900569813741,-0.19798803094659,0.185,0.253,1
"USP18",0.117925120041131,-0.463281993398534,0.105,0.151,1
"ASB3",0.117984363146357,-0.274219940508647,0.282,0.354,1
"GARS1",0.118066825620104,-0.278697627376011,0.306,0.389,1
"CERKL",0.118185988555166,-0.121537300473978,0.681,0.772,1
"PRR12",0.118244340666275,0.591478492140544,0.254,0.211,1
"LIPA",0.11826448414638,0.376904859171662,0.395,0.358,1
"ENSG00000267360",0.118343732688212,-0.953202003896611,0.016,0.039,1
"ELMO3",0.11840739721192,-0.36549560530376,0.056,0.095,1
"TMEM47",0.118442977543056,-0.138264477350894,0.343,0.421,1
"TSC2",0.118503354661356,-0.152927983018092,0.448,0.537,1
"LENG8",0.118614303767152,-0.144620163054704,0.827,0.842,1
"AGFG2",0.118671723128921,0.737782271583179,0.181,0.137,1
"OGFOD1",0.118930662159912,-0.260736708911354,0.226,0.295,1
"BBC3",0.118950937592842,0.900399269685792,0.077,0.046,1
"PPA1",0.119004596595803,-0.174450884393934,0.411,0.519,1
"ANKMY1",0.119067932362976,-0.307650914595445,0.633,0.66,1
"NCKAP1",0.119271373676472,-0.108791738655954,0.742,0.782,1
"SEC61G",0.119297488062391,0.228301004641723,0.778,0.765,1
"COMMD1",0.119340238755964,-0.114508376043248,0.315,0.396,1
"TTC12",0.119445063155841,-0.132451645712344,0.48,0.586,1
"TIAM2",0.119570946189729,-0.255186424198488,0.149,0.207,1
"ARSK",0.119634463319015,-0.357598785930799,0.19,0.253,1
"CEP104",0.119647496154945,-0.215151779962405,0.613,0.698,1
"OAS1",0.119669855229831,0.318452449552311,0.073,0.116,1
"TRIM56",0.119673975418971,0.172769258223029,0.847,0.832,1
"FCER1G",0.119741665064406,-0.203461074104851,0.016,0.039,1
"ZRANB1",0.119751461652903,-0.191862949126715,0.266,0.351,1
"BAIAP3",0.119772589599164,0.424873760971245,0.464,0.439,1
"MOK",0.119848499837638,0.149099048814859,0.714,0.681,1
"ENSG00000235450",0.119914611886726,-0.580777370523339,0.028,0.056,1
"MTMR1",0.119915494590908,-0.101453920367012,0.319,0.407,1
"RRAD",0.120022618707132,-0.137011041023832,0.456,0.533,1
"F2RL1",0.120180584172796,-0.284609786008764,0.153,0.214,1
"ENSG00000267458",0.120210506094711,-0.861844755211037,0.016,0.039,1
"ENSG00000286339",0.120210506094711,-0.86444693463016,0.016,0.039,1
"PPP1R12A-AS2",0.120210506094711,-0.94422940609447,0.016,0.039,1
"ENSG00000283684",0.120296503067401,-0.671641914193057,0.028,0.056,1
"COG7",0.120389203427915,-0.202693654568643,0.476,0.554,1
"DNAJB12",0.120455671448582,-0.232363477244274,0.226,0.302,1
"SAT2",0.120469672456803,0.744035355656325,0.302,0.274,1
"IDH3G",0.120566234051286,0.437621464792826,0.294,0.249,1
"CASKIN2",0.120616174762498,0.945504116351595,0.073,0.042,1
"ERO1A",0.120642187866618,-0.213044679842185,0.44,0.53,1
"ZNF200",0.12067839730456,-0.236201640075937,0.105,0.154,1
"ENSG00000289571",0.120679286277175,-0.741591670143293,0.028,0.056,1
"TAF1B",0.12073994430397,-0.19037310775753,0.375,0.477,1
"PSMD2",0.12074953668662,-0.11585447090213,0.565,0.614,1
"GAK",0.120970004324714,0.375267012213744,0.452,0.418,1
"BABAM1",0.121012539484904,-0.406664371498353,0.085,0.13,1
"BRF1",0.121041445562974,0.9622264128009,0.173,0.13,1
"TRIM47",0.121058783800419,0.105209257339611,0.194,0.263,1
"BAG1",0.121116247039261,-0.229321785830328,0.294,0.368,1
"LARGE2",0.121152498965621,-0.926359674216224,0.016,0.039,1
"LINC01144",0.121152498965621,-0.732180618314639,0.016,0.039,1
"MIR193BHG",0.121152498965621,-0.885160506613592,0.016,0.039,1
"SYN2",0.121152498965621,-0.709339510062341,0.016,0.039,1
"FAM172A",0.121222775974525,-0.127673681369327,0.685,0.765,1
"ZNF124",0.121380130976459,-0.918115119057738,0.048,0.081,1
"PRPF31",0.121452200174157,-0.57577795501516,0.149,0.2,1
"PRIMA1",0.121495515997512,1.41722899811309,0.044,0.021,1
"EBAG9",0.121587569185106,0.283314721477668,0.649,0.681,1
"DEDD",0.12158895887157,0.362270823058406,0.456,0.425,1
"HUWE1",0.121603725238689,0.159514520341693,0.681,0.649,1
"TDRD1",0.121625655945807,-0.712098957596305,0.016,0.039,1
"OXGR1",0.121625655945807,-0.621769283606235,0.016,0.039,1
"ZNF718",0.121650041116814,1.14628940301545,0.173,0.137,1
"FAM241B",0.121746150017196,0.740933914798971,0.081,0.049,1
"WDR45",0.121775981209812,0.317714131020956,0.391,0.34,1
"DERL3",0.121836835119232,-0.352012640644211,0.097,0.144,1
"CYB5R1",0.121969016157974,-0.206140095199722,0.766,0.8,1
"PHOSPHO2",0.121982424757667,-0.53441243174723,0.052,0.088,1
"TOB1-AS1",0.121982424757667,-0.490382515425917,0.052,0.088,1
"IKBIP",0.122034979450513,0.663255207362413,0.161,0.119,1
"LINC02975",0.122067190730748,1.1882355661994,0.081,0.049,1
"ENSG00000260361",0.122100256709999,-0.798375417704981,0.016,0.039,1
"ENSG00000286918",0.122100256709999,-1.07545335858563,0.016,0.039,1
"SLX4",0.122100256709999,-0.646289711731526,0.016,0.039,1
"CYB5D2",0.12215451244077,0.469564915592765,0.552,0.54,1
"IBA57",0.122219958987624,-0.568651202287774,0.028,0.056,1
"TBCK",0.122247578548979,-0.31508907184654,0.315,0.382,1
"ERMP1",0.122264093083768,-0.18431156243544,0.294,0.379,1
"SNAPC3",0.12239574174338,0.312841800985577,0.435,0.379,1
"LXN",0.122440817851553,0.398902369746328,0.496,0.428,1
"JMJD1C",0.122506980314864,-0.334567439912838,0.512,0.611,1
"C6orf52",0.122567744101354,-0.370552208983469,0.315,0.382,1
"ASL",0.122593675769109,-0.688822117223826,0.052,0.088,1
"GAS2",0.122657838162595,-0.794827916247903,0.077,0.116,1
"EPG5",0.122776899272278,-0.314820892101674,0.238,0.302,1
"HDAC2-AS2",0.122838084340132,1.45985746250877,0.044,0.021,1
"USP16",0.122854414049662,-0.198397781719,0.621,0.681,1
"CHD3",0.122865340089976,-0.506057649457196,0.089,0.133,1
"NELFCD",0.122868903738317,-0.269824864984651,0.371,0.449,1
"HS1BP3",0.122899396939245,-0.40718199690699,0.109,0.158,1
"CDCA4",0.122900197368013,1.0439254221399,0.089,0.056,1
"GNPNAT1",0.122920549149073,-0.38944857135523,0.069,0.109,1
"EFR3A",0.123077755947033,-0.143809499901434,0.496,0.579,1
"ITPRIPL2",0.123191399137982,-0.139773476606239,0.226,0.298,1
"ACSM1",0.123207279939402,-1.19623000038156,0.052,0.088,1
"FASTKD3",0.123263675315535,1.12835042968119,0.101,0.067,1
"ZNF691-DT",0.123288173359852,1.20261565493969,0.044,0.021,1
"COA6",0.123303343617216,-0.238503232129581,0.516,0.572,1
"ENSG00000239920",0.123313943020234,-0.362067785519939,0.085,0.126,1
"SLC39A13",0.123333521636451,1.00886127918589,0.105,0.07,1
"POLE",0.123385519052762,-0.335245284757868,0.028,0.056,1
"GSR",0.123411481156801,-0.219392655419885,0.738,0.793,1
"PTPN2",0.123473483742747,-0.25213857022987,0.278,0.354,1
"TICAM1",0.123506164910291,-0.406003496969242,0.06,0.098,1
"TRAF3IP1",0.123599557879935,-0.130143141150461,0.931,0.937,1
"ENSG00000277534",0.123645539067879,-0.349137568732259,0.097,0.14,1
"CDH16",0.123687853431906,0.430153929301596,0.194,0.144,1
"MBD3L1",0.124013148783912,-0.61189104044811,0.016,0.039,1
"ZNF808",0.124039117075702,-0.162874046613066,0.157,0.221,1
"EDN1",0.124054998957824,-0.628222373539397,0.036,0.067,1
"ANKRD29",0.124132273502407,-0.640237491462589,0.052,0.088,1
"ZNF75D",0.12419087677203,-0.248016141426037,0.153,0.211,1
"CASD1",0.124206174039766,-0.183319549219987,0.536,0.611,1
"CARHSP1",0.124206871079494,-0.20856054346662,0.294,0.382,1
"LINC01014",0.124214402862071,-0.28559383692277,0.266,0.333,1
"BCL2L15",0.124304963935578,-0.249411348451148,0.069,0.109,1
"SCN1A-AS1",0.124395398490426,0.936363000675122,0.085,0.053,1
"REEP6",0.124441793347062,-0.676271342749835,0.052,0.088,1
"MOV10",0.124531344712819,0.399514305640192,0.125,0.182,1
"ISG15",0.124564006272445,-0.507415170527611,0.121,0.168,1
"COPS3",0.124784316331759,-0.230740504442774,0.254,0.33,1
"NNT",0.124842760590706,-0.237670678616944,0.29,0.365,1
"TMEM259",0.124869200885348,-0.247009418146649,0.242,0.316,1
"SLC35F3",0.124879994268563,-0.156973532781118,0.423,0.512,1
"FAM111A",0.124908181110955,0.569563442594135,0.323,0.288,1
"DUSP6",0.124971648383506,-0.37259115433923,0.399,0.484,1
"DHX35",0.125065040615446,-0.636968303492314,0.077,0.116,1
"C17orf67",0.125128474578408,-0.535536395887676,0.036,0.067,1
"MRPL51",0.125266119179213,0.207711778698659,0.81,0.804,1
"COX10-DT",0.125334765379017,-0.63382215820059,0.077,0.116,1
"BRD9",0.12535991478929,-0.586810432954027,0.097,0.14,1
"BAX",0.12540147919687,0.425601360717909,0.399,0.382,1
"TLCD4",0.125487904507509,-0.624313117196872,0.036,0.067,1
"RFX7",0.125540750237224,-0.168865293441151,0.161,0.225,1
"ZNF282",0.125555221336767,-0.253235991916513,0.117,0.168,1
"SPIDR",0.12557381234937,-0.377970661378337,0.548,0.618,1
"FAM227B",0.125603738671437,-0.18076796066763,0.435,0.505,1
"TMF1",0.125660460467431,-0.100697793849791,0.887,0.905,1
"FBXO15",0.125925135555957,-0.173389771131705,0.641,0.74,1
"PCMTD1",0.125941119708508,-0.209720116000451,0.597,0.656,1
"ENSG00000258365",0.125980843223312,-0.618688315707193,0.065,0.102,1
"KRT10-AS1",0.126037487188811,0.316900823686766,0.419,0.389,1
"ENSG00000226824",0.12620917764232,-0.630564255716142,0.036,0.067,1
"H3C6",0.126274186045644,-0.387895048927204,0.141,0.193,1
"SCD",0.126294288249319,-0.501991857648947,0.073,0.112,1
"DBF4B",0.126561762571499,0.46859999618704,0.149,0.105,1
"ZNF600",0.126570926226663,-0.498362768293212,0.073,0.112,1
"PRKRIP1",0.126614458465696,0.338630216575724,0.29,0.239,1
"DUSP12",0.126649299015417,-0.61304582331281,0.089,0.13,1
"PHF13",0.126650543630433,-0.283476269629456,0.089,0.133,1
"TUFM",0.126659549499091,0.109713059637162,0.871,0.86,1
"UBE3C",0.126752063499608,-0.246537836503496,0.403,0.488,1
"ASB13",0.126773258526101,0.603832565179073,0.165,0.123,1
"ENSG00000253636",0.126840365807535,-1.14840667344937,0.048,0.081,1
"CD19",0.126934309275692,-0.549098759859733,0.028,0.056,1
"NTMT1",0.127183830877742,-0.230210883836165,0.065,0.105,1
"ATPAF1",0.127305463061193,0.388716188852854,0.399,0.354,1
"GFOD2",0.127311794827206,-0.368569066155742,0.27,0.337,1
"CROCC",0.127316955734569,0.373801316025448,0.552,0.54,1
"ENKD1",0.127320852086715,0.252764220228515,0.524,0.491,1
"ENSG00000276148",0.127500611416076,-0.481311808870059,0.044,0.077,1
"ENSG00000277196",0.127527936343498,-1.54574889495844,0.012,0.032,1
"PJA1",0.127552370295335,0.983725806140637,0.093,0.06,1
"BORCS7-ASMT",0.127570194662549,-0.560015726842598,0.052,0.088,1
"FAM183A",0.127688568814802,0.119476290411196,0.972,0.979,1
"ACLY",0.127743862467525,-0.247059714971944,0.669,0.698,1
"ARL8B",0.127848275617959,-0.203082063631071,0.633,0.726,1
"SLC16A4",0.127860180007504,1.24542739355947,0.044,0.021,1
"ACTL6A",0.127888904206326,-0.259101819448386,0.427,0.502,1
"FAM181A-AS1",0.127943139056256,-0.214888899099271,0.161,0.221,1
"ENSG00000264456",0.128077055739158,-1.43775778773687,0.012,0.032,1
"GFOD1",0.128095989799653,-1.05214379198206,0.024,0.049,1
"CBL",0.128180529682836,-0.332112629878155,0.097,0.144,1
"CRY2",0.128234331673151,0.421558329684234,0.403,0.368,1
"TTC23L-AS1",0.128240672408754,-0.46662976539589,0.073,0.112,1
"BBS12",0.128298684363818,-0.219850559394968,0.46,0.547,1
"EEF1AKMT1",0.128365664891209,0.537271017742236,0.246,0.2,1
"PIK3R4",0.128461892722141,0.464197304893512,0.282,0.242,1
"KIAA0825",0.128470877812545,-0.403631229964996,0.544,0.611,1
"CARD8",0.12853134247381,-0.445027195802119,0.129,0.182,1
"CERNA1",0.128542623560138,1.69415488732182,0.028,0.011,1
"RHEB",0.128582619671269,-0.222813239802982,0.621,0.691,1
"PSMD4",0.128601201302607,0.119584052954485,0.839,0.87,1
"INPPL1",0.12864336194286,-0.212594748898089,0.153,0.211,1
"DCAF7",0.128678783184255,0.294637172113328,0.524,0.512,1
"JOSD2",0.128773680769063,-0.304707867376869,0.117,0.168,1
"SETD5",0.128814540119616,-0.339829621432744,0.52,0.589,1
"SLC27A4",0.128820282818402,0.887682546581338,0.101,0.067,1
"PAQR3",0.129105947855954,-0.201937295973538,0.254,0.326,1
"TMEM191C",0.129146820913573,1.63863213412718,0.028,0.011,1
"RFX8",0.129180807879525,-1.32690657383862,0.012,0.032,1
"LSS",0.129231081963202,0.810015630687573,0.085,0.053,1
"TRIM27",0.129289201236703,0.344290412973395,0.484,0.435,1
"CDH26",0.129296318446934,-0.562099255725101,0.145,0.193,1
"KLHL32",0.129298180031125,-0.230887839652169,0.548,0.628,1
"RPRD2",0.129343836078747,-0.105057468645702,0.504,0.586,1
"ELL",0.129363316098509,-0.459715027582933,0.073,0.112,1
"KLF8",0.129389076061421,-1.08925451261798,0.024,0.049,1
"PIK3CB",0.129421020389786,-0.230476462502879,0.448,0.537,1
"SNHG10",0.12951443793293,0.442688163119022,0.411,0.375,1
"MCPH1",0.129527210489276,-0.275985652182884,0.274,0.344,1
"AK4",0.129561483594672,-0.24307133195083,0.556,0.604,1
"ENSG00000262879",0.129598560466754,0.337471194840292,0.448,0.396,1
"CDC42BPB",0.129707402369297,0.372363262470729,0.48,0.449,1
"CHST11",0.129735447580643,-1.85383962032532,0.012,0.032,1
"RPL18A",0.129830440365045,0.305525537003833,0.633,0.618,1
"CATSPER2",0.129989776679945,-0.616244276599903,0.077,0.116,1
"DCAF5",0.129990672229807,-0.217053178301615,0.395,0.47,1
"C22orf15",0.130125923190234,-0.292200029592003,0.101,0.147,1
"FAM47E",0.130135852354138,0.264079570453544,0.69,0.663,1
"GGA1",0.130286697207253,-0.19229307683437,0.464,0.561,1
"ENSG00000239462",0.130291934329716,-1.45638009914248,0.012,0.032,1
"AKAP6",0.130363509491013,-0.412634319575814,0.375,0.453,1
"NOA1",0.130381424880787,-0.147874437754615,0.625,0.705,1
"HOXB7",0.130576287851524,0.299142137925456,0.609,0.589,1
"DNHD1",0.130612675918253,1.15302592286842,0.097,0.063,1
"MTCH2",0.13062487372463,0.169081636774771,0.77,0.712,1
"ZNF528",0.130717232210707,-0.155174319676782,0.173,0.235,1
"COMT",0.13072659958033,0.162231803342719,0.782,0.811,1
"ARHGAP28",0.130737059302299,1.63461499815846,0.016,0.004,1
"CD40",0.130737059302299,1.92052230418227,0.016,0.004,1
"ENSG00000232817",0.130737059302299,2.03504582441306,0.016,0.004,1
"ENSG00000267688",0.130737059302299,1.58943531453561,0.016,0.004,1
"ENSG00000272941",0.130737059302299,1.91879338941722,0.016,0.004,1
"ENSG00000274038",0.130737059302299,1.67186307204413,0.016,0.004,1
"ENSG00000289154",0.130737059302299,1.77247962422067,0.016,0.004,1
"ENSG00000289602",0.130737059302299,2.04632575915666,0.016,0.004,1
"ENSG00000289909",0.130737059302299,1.68428632029522,0.016,0.004,1
"FBXO10",0.130737059302299,1.99560210091945,0.016,0.004,1
"LINC00261",0.130737059302299,1.80100570273167,0.016,0.004,1
"LRRTM4",0.130737059302299,2.08397861180722,0.016,0.004,1
"SNAI3-AS1",0.130737059302299,1.66672948533267,0.016,0.004,1
"SPOCK3",0.130737059302299,2.07791137917334,0.016,0.004,1
"TOLLIP-DT",0.130737059302299,1.77400119820311,0.016,0.004,1
"WBP1",0.130737059302299,2.32770132748081,0.016,0.004,1
"ENSG00000237336",0.130737059302299,1.9301705756253,0.016,0.004,1
"ENSG00000272537",0.130737059302299,1.77688888374105,0.016,0.004,1
"ENSG00000275910",0.130737059302299,2.10304260675167,0.016,0.004,1
"ENSG00000276663",0.130737059302299,1.89059314949422,0.016,0.004,1
"ENSG00000285911",0.130737059302299,1.78604332695995,0.016,0.004,1
"ENSG00000289460",0.130737059302299,1.86399279832135,0.016,0.004,1
"SMIM10L2B-AS1",0.130737059302299,1.74579799311482,0.016,0.004,1
"ENSG00000288720",0.13085027158943,-1.06517561137735,0.012,0.032,1
"TNFRSF14-AS1",0.130903267553739,1.36040125978557,0.048,0.025,1
"PLEKHF1",0.13090735647075,-0.517405053236589,0.044,0.077,1
"ZNF133",0.130947273597229,0.487406132257397,0.153,0.109,1
"SLC27A3",0.130975719903379,-0.541425691492704,0.065,0.102,1
"UBA5",0.130996183913766,-0.232745629362235,0.278,0.351,1
"GRAMD4",0.131019402279854,0.383090906742413,0.347,0.302,1
"INTS6",0.131143771082267,-0.287941572999537,0.214,0.274,1
"ZRANB2-DT",0.131408144870231,-0.272136605941891,0.093,0.14,1
"ENSG00000258695",0.131410462816139,-1.21957321988789,0.012,0.032,1
"ENSG00000260573",0.131410462816139,-0.980083066072915,0.012,0.032,1
"ENSG00000288961",0.131410462816139,-0.862869481635717,0.012,0.032,1
"ESS2",0.13142149262109,0.754466809698182,0.077,0.046,1
"VPS26C",0.131562314635663,-0.158490904236374,0.198,0.267,1
"CBX8",0.131584829638304,-0.196877688814922,0.206,0.277,1
"ANKS4B",0.131585692598838,1.41021554514616,0.028,0.011,1
"PTPRR",0.131585692598838,1.75571655919474,0.028,0.011,1
"ATP2B1-AS1",0.131599385262628,1.88378307628352,0.016,0.004,1
"BEX1",0.131599385262628,1.30384020181768,0.016,0.004,1
"DDX11-AS1",0.131599385262628,1.65777593076985,0.016,0.004,1
"ENSG00000231794",0.131599385262628,1.47482619053293,0.016,0.004,1
"ENSG00000235381",0.131599385262628,1.51507345397384,0.016,0.004,1
"ENSG00000268983",0.131599385262628,1.69921547980616,0.016,0.004,1
"ENSG00000272977",0.131599385262628,1.54394152515205,0.016,0.004,1
"ENSG00000276071",0.131599385262628,1.94505594498032,0.016,0.004,1
"ENSG00000286163",0.131599385262628,1.34711837882877,0.016,0.004,1
"ENSG00000289156",0.131599385262628,1.90583411563388,0.016,0.004,1
"GOLGA8J",0.131599385262628,1.57616554621904,0.016,0.004,1
"JARID2-AS1",0.131599385262628,1.63212235313569,0.016,0.004,1
"ENSG00000273901",0.131599385262628,1.49860633733634,0.016,0.004,1
"ARID4A",0.131700123643799,-0.461807087859149,0.387,0.432,1
"TNPO3",0.131739110413824,-0.179800003407664,0.448,0.547,1
"NELL2",0.131866598458218,-0.125345002823916,0.105,0.154,1
"RARS1",0.131876428248807,-0.37773996331593,0.355,0.442,1
"ENSG00000251661",0.131972511459788,-0.944260837186746,0.012,0.032,1
"LINC01358",0.131972511459788,-0.891119661729445,0.012,0.032,1
"LRP2BP-AS1",0.131972511459788,-1.37537927306408,0.012,0.032,1
"SECTM1",0.131972511459788,-1.04737289798469,0.012,0.032,1
"SV2C",0.131972511459788,-1.32552686024061,0.012,0.032,1
"PHKG2",0.132037268314907,-0.196615844830922,0.214,0.295,1
"ENSG00000287553",0.132123410463827,0.726461840033246,0.077,0.046,1
"CCDC192",0.132200953692382,1.71165348569632,0.028,0.011,1
"ENSG00000287009",0.132200953692382,1.40899872517533,0.028,0.011,1
"SLC9B1",0.132200953692382,1.70463706311362,0.028,0.011,1
"PGR-AS1",0.132244458486575,-0.70685611747956,0.056,0.091,1
"INVS",0.132275394299027,-0.746624163452354,0.141,0.189,1
"TMEM150A",0.132289659276388,-0.486552644100176,0.044,0.077,1
"GPHN",0.132316306662255,-0.658639532706202,0.218,0.274,1
"CCDC47",0.132411449399293,-0.239644514952046,0.52,0.586,1
"R3HDM2",0.132427711312843,-0.192972486828851,0.516,0.604,1
"ENSG00000259969",0.132445688433869,-0.87605446061165,0.024,0.049,1
"CCNB2",0.132466113298416,1.65957103899591,0.016,0.004,1
"LINC01191",0.132466113298416,1.49378830244529,0.016,0.004,1
"ENSG00000264207",0.132536420963847,-0.971436027285768,0.012,0.032,1
"UNC5CL",0.132536420963847,-0.9079168046468,0.012,0.032,1
"SYNCRIP",0.132552456273234,0.362491122520202,0.621,0.575,1
"DLL1",0.132569493488686,-0.330467686248185,0.31,0.379,1
"C1QBP",0.132730895145001,-0.290373618091657,0.27,0.34,1
"KLHL25",0.132818441064512,1.16122258988118,0.028,0.011,1
"LINC00992",0.132818441064512,1.45535213100401,0.028,0.011,1
"PPP2R3C",0.13283940264194,-0.108173743101676,0.23,0.305,1
"ZNF57",0.13288004473321,-0.665562973917242,0.056,0.091,1
"MECOM",0.132916694544796,-0.278856065816416,0.734,0.782,1
"REXO4",0.132930901371189,-0.441306393148076,0.105,0.151,1
"BTF3-DT",0.133102194765237,-0.988404713701432,0.012,0.032,1
"BAALC",0.133337255947162,1.06965308393748,0.016,0.004,1
"CSNK2B",0.133337255947162,1.20727986148886,0.016,0.004,1
"ENSG00000288855",0.133337255947162,1.35410927366087,0.016,0.004,1
"SPINK14",0.133337255947162,1.29119403699128,0.016,0.004,1
"ENSG00000267168",0.133438159203744,1.05613013751675,0.028,0.011,1
"ENSG00000284776",0.133438159203744,1.61263994354505,0.028,0.011,1
"ATP2C1",0.133545267633091,-0.228688248913476,0.435,0.533,1
"CCDC171",0.133578091874541,-0.327488014099218,0.218,0.277,1
"BNIP2",0.133610726398546,-0.154193311800762,0.431,0.523,1
"RBMS2",0.133612076152365,-0.331635910894846,0.109,0.158,1
"TMEM127",0.133629201263083,-0.162344443133098,0.399,0.505,1
"ENSG00000290854",0.13366983629426,-0.767576788462196,0.012,0.032,1
"FRG1-DT",0.13366983629426,-0.956811019748748,0.012,0.032,1
"LRRC75A",0.13366983629426,-0.799057960468443,0.012,0.032,1
"CTPS2",0.133680019623571,-0.183822319795296,0.165,0.225,1
"STMN1",0.133783868786256,0.341560325737335,0.492,0.449,1
"DHX32",0.133944792368656,-0.190787412745999,0.339,0.421,1
"ZBTB9",0.134027386125132,-0.709373130420733,0.069,0.105,1
"CHADL",0.134060112589081,0.922205047178298,0.028,0.011,1
"MUL1",0.134148238375627,-0.305275662493576,0.202,0.27,1
"MARS1",0.134202428073667,0.483331718582477,0.339,0.316,1
"SPTSSA",0.13420674389824,-0.294587819539877,0.161,0.221,1
"AADAC",0.134212825709277,0.664382268853077,0.016,0.004,1
"EEF1AKMT4",0.134212825709277,0.862022868437676,0.016,0.004,1
"ENSG00000203469",0.134212825709277,0.991935656745631,0.016,0.004,1
"ENSG00000259579",0.134212825709277,1.0876674998736,0.016,0.004,1
"ENSG00000288908",0.134212825709277,0.907219863924982,0.016,0.004,1
"ENSG00000289190",0.134212825709277,1.15119589331251,0.016,0.004,1
"PLCH2",0.134212825709277,1.17758095161064,0.016,0.004,1
"RAD51",0.134212825709277,0.595487382144607,0.016,0.004,1
"ENSG00000288764",0.134239348974526,-0.848270819155746,0.012,0.032,1
"ENSG00000289952",0.134239348974526,-0.833684084952129,0.012,0.032,1
"FAM88C",0.134239348974526,-0.498451952426755,0.012,0.032,1
"PFN2",0.134270765450288,-0.16145369373669,0.915,0.919,1
"ERAP2",0.13452974791158,-0.67636888924291,0.048,0.081,1
"EPDR1",0.134725444912206,0.472974638096076,0.298,0.256,1
"LINC01089",0.134725736816178,-0.76604290702707,0.04,0.07,1
"KIF27",0.134749151956185,-0.192896527581577,0.839,0.926,1
"CCDC50",0.134791299209911,-0.224476302071749,0.653,0.73,1
"ENSG00000284624",0.134810736222883,-0.893895730646521,0.012,0.032,1
"CEL",0.134979539637182,0.98348873900619,0.048,0.025,1
"PRH1",0.135094162176155,-0.91195304685897,0.04,0.07,1
"SLC25A5-AS1",0.135109898153048,-0.940758295131327,0.024,0.049,1
"P3H2",0.135186141157317,0.771436334251518,0.101,0.067,1
"YJU2B",0.135220407800873,0.100496924560215,0.214,0.284,1
"C2orf92",0.135227400392478,0.872952593264258,0.109,0.074,1
"FUT11",0.135278047400739,-0.273860471230519,0.185,0.249,1
"PMEL",0.135310742965856,0.996073186165931,0.028,0.011,1
"CHCHD2",0.135381961976988,0.112763885689382,0.931,0.961,1
"CSMD3",0.135438448266594,1.07916356371528,0.048,0.025,1
"ENSG00000246090",0.135524381224658,-0.428113656041446,0.198,0.256,1
"CAPN15",0.135532167168445,-0.476126531426104,0.117,0.165,1
"MPV17L",0.135557931432688,-0.540718185515924,0.024,0.049,1
"ZMYM2",0.135770756607507,-0.267521629238661,0.435,0.512,1
"SLC2A4RG",0.135794877332417,-0.290159072483402,0.044,0.077,1
"SAMD12",0.135894036129227,-0.837703660106166,0.161,0.207,1
"ABHD2",0.13592079808228,-0.13146187999661,0.601,0.667,1
"NT5C3A",0.135923315254235,0.37943000051438,0.56,0.544,1
"POLN",0.135939428866735,0.465007428525701,0.028,0.011,1
"KRT18",0.135947992427261,-0.18303296631693,0.54,0.632,1
"CCS",0.135959148057014,-0.486543706200746,0.012,0.032,1
"RNASEK",0.135959148057014,-0.524622411253903,0.012,0.032,1
"ENSG00000253181",0.136022346508026,0.584353454259122,0.181,0.14,1
"ANKRD36C",0.136109333898298,-0.329862810528997,0.581,0.663,1
"SNX4",0.136231451304817,-0.160395666603414,0.512,0.568,1
"GRIPAP1",0.136295418503378,0.254194081611141,0.371,0.337,1
"PSMB5",0.136296643171705,0.139387685402318,0.794,0.768,1
"RRP7BP",0.136339807165669,-0.346550953182792,0.145,0.196,1
"APOO",0.136368619383447,-0.152614637504255,0.702,0.779,1
"ZSWIM9",0.136418128893152,-0.549052952024351,0.056,0.091,1
"SLC29A4",0.136457439701643,-0.924809932858857,0.024,0.049,1
"ENSG00000240291",0.136464609853839,-0.701552780024322,0.032,0.06,1
"SMC2",0.136502454203486,0.120684656341881,0.887,0.849,1
"PPP1CA",0.136509436000869,-0.207364576272863,0.29,0.365,1
"ARPC1A",0.136598019670177,0.252789458282263,0.677,0.653,1
"CMTR2",0.136631388668806,-0.390013453414398,0.085,0.126,1
"UBR1",0.136864155453349,0.289345496241681,0.319,0.267,1
"ENSG00000269755",0.136870313571326,-1.18522779145849,0.032,0.06,1
"VAC14",0.136884749496205,-0.196957252483615,0.23,0.305,1
"RMDN3",0.136888836657398,-0.177848396872348,0.403,0.488,1
"C3orf52",0.137069158145063,-0.554636637441178,0.056,0.091,1
"ELP3",0.137075298970045,0.244587035379523,0.431,0.386,1
"TAF5L",0.137077551177521,-0.282614801566109,0.278,0.347,1
"H2BC11",0.137088258444507,0.475615300579697,0.157,0.116,1
"RCAN1",0.137115098993453,-0.554133322849713,0.012,0.032,1
"SNRNP35",0.137174699584122,0.272344317402349,0.411,0.396,1
"ENSG00000288718",0.137203564292554,0.812503238158013,0.028,0.011,1
"CLPB",0.137268253876254,-0.503296050990651,0.089,0.13,1
"PSPC1",0.13733374287047,-0.218590695751281,0.375,0.449,1
"DNAH1",0.137400853761351,-0.173834618023473,0.286,0.365,1
"PFDN1",0.137520843156435,0.272061235218484,0.548,0.544,1
"ATG4B",0.137630244984005,0.330826123313631,0.351,0.323,1
"CHODL",0.137714764213882,-1.46726169465883,0.008,0.025,1
"DSG1-AS1",0.137714764213882,-1.56720307083907,0.008,0.025,1
"CFAP20",0.137819197183212,0.155061197286964,0.855,0.849,1
"CTDSP2",0.138000838587517,0.171844150091288,0.819,0.789,1
"ENSG00000259345",0.138050192258396,-0.243510428552561,0.056,0.091,1
"EPB41L4B",0.138057036770345,0.233536378595851,0.44,0.396,1
"ZWILCH",0.138074268133868,-0.325111945965499,0.145,0.2,1
"SLC35A5",0.138078438866247,-0.256772241620781,0.315,0.393,1
"MYO3B-AS1",0.138093008909874,-0.721922703470061,0.032,0.06,1
"SYNE2",0.13815535948145,-0.158994284115321,0.964,0.972,1
"GUSBP1",0.138186859429322,-0.702439293346974,0.177,0.232,1
"CAPSL",0.138308826030316,0.109789126003849,0.968,0.982,1
"SENP2",0.13838580639792,-0.10918185590977,0.387,0.474,1
"ENSG00000250075",0.138385948056725,-1.48308166793118,0.008,0.025,1
"LYG1",0.138385948056725,-1.59530067445391,0.008,0.025,1
"MUC3A",0.138385948056725,-1.69124598704866,0.008,0.025,1
"NPL",0.138385948056725,-2.10462138848107,0.008,0.025,1
"ZNF517",0.138385948056725,-1.63709424144787,0.008,0.025,1
"DTX3",0.138386249159925,0.176694516248061,0.754,0.775,1
"MRNIP",0.138508041707095,0.384625334383827,0.492,0.463,1
"ZSCAN29",0.138545843154127,-0.396825110532118,0.093,0.137,1
"HACL1",0.138568461500824,-0.2961527642232,0.315,0.386,1
"DLGAP1-AS1",0.138589510230923,-0.216837783432788,0.339,0.428,1
"MAP2K4",0.138614294756048,-0.142397844124592,0.536,0.607,1
"PRPF39",0.138720358237721,-0.452713752345364,0.141,0.193,1
"NIPBL",0.138744749972561,-0.158134056594021,0.71,0.796,1
"C5",0.138821356741121,0.432064770089334,0.073,0.042,1
"SCARB2",0.138847305640335,-0.19074510012689,0.641,0.716,1
"SH3BGRL2",0.138884324340556,-0.301485266626935,0.323,0.396,1
"ENSG00000253875",0.138987415014362,-1.46022089142024,0.004,0.018,1
"ENSG00000286503",0.138987415014362,-1.55765117248525,0.004,0.018,1
"SLC30A6-DT",0.138987415014362,-2.00147873358138,0.004,0.018,1
"TTC19",0.13899091211486,-0.211771676780958,0.234,0.302,1
"SRSF6",0.13908166182119,0.319736296635043,0.609,0.596,1
"HELLS",0.139336884976353,0.698899921858322,0.081,0.049,1
"RCAN3AS",0.139397702360126,-0.356307114470763,0.185,0.249,1
"AEN",0.139438489077934,-0.199224760028076,0.145,0.2,1
"SLC2A12",0.139566625659136,-0.352762040876208,0.149,0.204,1
"PANK2-AS1",0.13962302787866,0.709452808924983,0.048,0.025,1
"BOLA1",0.139642873093984,0.547500793102997,0.242,0.204,1
"MICALL1",0.13969252603419,0.713868693309524,0.181,0.144,1
"DTWD2",0.139709046247044,-0.576582163565261,0.081,0.119,1
"CCZ1",0.139746557169922,0.244266352751341,0.472,0.435,1
"APCDD1L",0.139813289870196,-1.25533492704266,0.004,0.018,1
"CCL24",0.139813289870196,-0.969268836728045,0.004,0.018,1
"CD163",0.139813289870196,-2.08964226049837,0.004,0.018,1
"ENSG00000228655",0.139813289870196,-1.24253062366983,0.004,0.018,1
"ENSG00000278058",0.139813289870196,-1.28939204753242,0.004,0.018,1
"ENSG00000282988",0.139813289870196,-1.66336296378357,0.004,0.018,1
"ENSG00000285579",0.139813289870196,-1.3373718484166,0.004,0.018,1
"LINC02611",0.139813289870196,-1.63135268950378,0.004,0.018,1
"MALRD1",0.139813289870196,-1.68157209183422,0.004,0.018,1
"MIR4527HG",0.139813289870196,-1.34553826566033,0.004,0.018,1
"PAPSS2",0.139813289870196,-1.865492658839,0.004,0.018,1
"SMO",0.139813289870196,-1.22167831696542,0.004,0.018,1
"THRB-AS1",0.139813289870196,-1.58915814747068,0.004,0.018,1
"EPPK1",0.139836954846594,-0.233182208676569,0.23,0.298,1
"MIR3936HG",0.139889682543876,-0.405298147819841,0.258,0.326,1
"HAT1",0.140064742281951,-0.250281220838846,0.597,0.67,1
"POP1",0.140073046584295,1.3014914200656,0.052,0.028,1
"PCNX1",0.14017071027735,-0.348746496549508,0.327,0.404,1
"RBM25",0.140174422217136,-0.10927771861321,0.815,0.898,1
"ENSG00000228648",0.140211671674274,-0.425523041033568,0.145,0.196,1
"ACAP2",0.140213272405402,-0.275503267067729,0.452,0.509,1
"KIF9",0.140345995986067,0.102230982495254,0.976,0.979,1
"ENSG00000288670",0.140384160499234,0.664814751965161,0.105,0.07,1
"IL18",0.140409119558793,0.641525955896591,0.226,0.186,1
"CENPP",0.140414625525794,-1.07838875995906,0.008,0.025,1
"ENSG00000261829",0.140414625525794,-1.51741685486813,0.008,0.025,1
"IER3-AS1",0.140414625525794,-1.03390559096907,0.008,0.025,1
"TMLHE-AS1",0.140414625525794,-1.48754095053962,0.008,0.025,1
"PTPA",0.14057594145257,0.369511534978465,0.367,0.326,1
"ADCY2",0.140642935935915,-1.13387174172557,0.004,0.018,1
"AOAH",0.140642935935915,-1.57660003616556,0.004,0.018,1
"ARHGAP29-AS1",0.140642935935915,-1.86683711402259,0.004,0.018,1
"C3orf49",0.140642935935915,-1.25619415296229,0.004,0.018,1
"COL4A3",0.140642935935915,-1.30600258411705,0.004,0.018,1
"CTNS-AS1",0.140642935935915,-1.14123888769432,0.004,0.018,1
"ENSG00000224481",0.140642935935915,-1.32585039756834,0.004,0.018,1
"ENSG00000258938",0.140642935935915,-1.58093107502532,0.004,0.018,1
"ENSG00000258982",0.140642935935915,-1.73415116752188,0.004,0.018,1
"ENSG00000267047",0.140642935935915,-1.42894243783557,0.004,0.018,1
"ENSG00000274292",0.140642935935915,-1.40539309643036,0.004,0.018,1
"ENSG00000275091",0.140642935935915,-1.3611813353453,0.004,0.018,1
"ENSG00000288548",0.140642935935915,-1.3341776239282,0.004,0.018,1
"HLA-L",0.140642935935915,-1.43563220524967,0.004,0.018,1
"LINC00612",0.140642935935915,-1.26251308996787,0.004,0.018,1
"LINC02008",0.140642935935915,-1.015928099815,0.004,0.018,1
"MC1R",0.140642935935915,-1.53142387232395,0.004,0.018,1
"MEF2C-AS2",0.140642935935915,-1.93682062875847,0.004,0.018,1
"RTL4",0.140642935935915,-1.556120472421,0.004,0.018,1
"RWDD3",0.140642935935915,-1.07835897358045,0.004,0.018,1
"TARID",0.140642935935915,-1.10310614541217,0.004,0.018,1
"TENM1",0.140642935935915,-1.48412333451299,0.004,0.018,1
"TMOD2",0.140642935935915,-1.55715772792246,0.004,0.018,1
"CRYL1",0.140681374033614,0.296243163148155,0.504,0.477,1
"PAXIP1-AS2",0.140811986362867,0.624135607086226,0.153,0.116,1
"CAMK1D",0.140889717092751,-0.19793706875081,0.109,0.158,1
"TRRAP",0.14092761393572,-0.26189292956164,0.375,0.442,1
"GDAP2",0.140948290736501,0.407889191996106,0.23,0.182,1
"DLGAP2",0.141095910373912,-1.03787042246369,0.008,0.025,1
"ENSG00000288994",0.141095910373912,-1.16148951609779,0.008,0.025,1
"NGRN",0.141095910373912,-1.13931115794077,0.008,0.025,1
"ARHGEF7",0.141163186968219,-0.141215116311613,0.298,0.382,1
"BTN2A2",0.141325796087703,-0.660782253166817,0.157,0.204,1
"CADPS",0.141476362496759,-1.37269477327999,0.004,0.018,1
"CX3CL1",0.141476362496759,-1.71681686415769,0.004,0.018,1
"CX3CR1",0.141476362496759,-1.24928977659564,0.004,0.018,1
"DNM1P35",0.141476362496759,-1.09662752481003,0.004,0.018,1
"ENSG00000224643",0.141476362496759,-0.919814110798941,0.004,0.018,1
"ENSG00000228434",0.141476362496759,-0.961631531961705,0.004,0.018,1
"ENSG00000254631",0.141476362496759,-1.10947432724181,0.004,0.018,1
"ENSG00000272343",0.141476362496759,-1.18821167491829,0.004,0.018,1
"ENSG00000285117",0.141476362496759,-0.849709456277147,0.004,0.018,1
"ENSG00000287720",0.141476362496759,-1.14979452970945,0.004,0.018,1
"ENSG00000289217",0.141476362496759,-1.19214803300599,0.004,0.018,1
"EZR-AS1",0.141476362496759,-1.25474476190677,0.004,0.018,1
"FAT3",0.141476362496759,-1.3136532477404,0.004,0.018,1
"LBHD1",0.141476362496759,-1.09265650007584,0.004,0.018,1
"LINC02846",0.141476362496759,-1.09886120956567,0.004,0.018,1
"LIPC",0.141476362496759,-1.22033278166807,0.004,0.018,1
"LYPD4",0.141476362496759,-0.986652377180718,0.004,0.018,1
"MSH4",0.141476362496759,-1.0959047961587,0.004,0.018,1
"MTFR2",0.141476362496759,-1.12992536953383,0.004,0.018,1
"NCKAP1L",0.141476362496759,-1.30878281634083,0.004,0.018,1
"OPLAH",0.141476362496759,-1.01419528008106,0.004,0.018,1
"PIWIL1",0.141476362496759,-0.983339007470746,0.004,0.018,1
"RBM12B-DT",0.141476362496759,-1.40154683683267,0.004,0.018,1
"SCN1B",0.141476362496759,-0.976012203056181,0.004,0.018,1
"SLC19A1",0.141476362496759,-1.1493241658417,0.004,0.018,1
"SLC7A8",0.141476362496759,-1.25982945309258,0.004,0.018,1
"ENSG00000289110",0.141476362496759,-1.26897788736831,0.004,0.018,1
"NCMAP-DT",0.141476362496759,-1.62755330067493,0.004,0.018,1
"TMEM246-AS1",0.141476362496759,-1.18924199185899,0.004,0.018,1
"FAM157C",0.141487298482427,0.792240094053357,0.024,0.049,1
"KIAA0319L",0.141560341307848,-0.158215589973258,0.565,0.667,1
"ENSG00000235979",0.141607302939818,0.53326128572469,0.145,0.105,1
"MBLAC2",0.141693662983746,-0.398496749459068,0.056,0.091,1
"CHURC1-FNTB",0.141779733223916,-0.829527473237722,0.008,0.025,1
"ENSG00000261596",0.141779733223916,-1.02729656419344,0.008,0.025,1
"ENSG00000272330",0.141779733223916,-1.08948988107965,0.008,0.025,1
"ENSG00000281468",0.141779733223916,-1.11031446038352,0.008,0.025,1
"IL1RAPL2",0.141779733223916,-1.05262682329844,0.008,0.025,1
"CNEP1R1",0.141873073879469,-0.272180576073283,0.125,0.179,1
"CCDC14",0.141942883498267,0.66472021921452,0.27,0.221,1
"ENSG00000289942",0.142066782333636,0.418194892048977,0.089,0.056,1
"EIF3E",0.142110135732564,0.198017278539252,0.77,0.765,1
"CCDC51",0.142127997353936,0.359842609419529,0.125,0.088,1
"C19orf73",0.142313578808123,-0.784824925674361,0.004,0.018,1
"CDK11A",0.142313578808123,-0.759333707948662,0.004,0.018,1
"DKK2",0.142313578808123,-0.904847093448566,0.004,0.018,1
"ENSG00000251023",0.142313578808123,-0.95307331131761,0.004,0.018,1
"ENSG00000251574",0.142313578808123,-0.847115000826735,0.004,0.018,1
"ENSG00000258114",0.142313578808123,-0.76132294294013,0.004,0.018,1
"ENSG00000270019",0.142313578808123,-0.899872872871145,0.004,0.018,1
"ENSG00000271380",0.142313578808123,-0.829082062503198,0.004,0.018,1
"ENSG00000271967",0.142313578808123,-0.778512922629552,0.004,0.018,1
"ENSG00000272277",0.142313578808123,-0.950080810277179,0.004,0.018,1
"ENSG00000275481",0.142313578808123,-1.06437297035038,0.004,0.018,1
"ENSG00000276250",0.142313578808123,-1.06082926977383,0.004,0.018,1
"ENSG00000285730",0.142313578808123,-0.807237420801049,0.004,0.018,1
"ENSG00000286746",0.142313578808123,-1.19075686072435,0.004,0.018,1
"FAAP24",0.142313578808123,-0.871402538995469,0.004,0.018,1
"HCG25",0.142313578808123,-0.937604665315498,0.004,0.018,1
"KLRF1",0.142313578808123,-0.755522007323253,0.004,0.018,1
"LINC02960",0.142313578808123,-1.17228261990332,0.004,0.018,1
"MARCHF1",0.142313578808123,-0.865995029401366,0.004,0.018,1
"SETBP1-DT",0.142313578808123,-1.12862030270062,0.004,0.018,1
"SMIM3",0.142313578808123,-1.10403520445164,0.004,0.018,1
"TAS2R20",0.142313578808123,-1.29823821613677,0.004,0.018,1
"ZHX1-C8orf76",0.142313578808123,-0.834104553262657,0.004,0.018,1
"ENSG00000241577",0.142313578808123,-1.07570117875936,0.004,0.018,1
"ENSG00000289072",0.142313578808123,-1.10917650729518,0.004,0.018,1
"OCA2",0.142319955757742,0.565316311071707,0.282,0.235,1
"LNX1",0.142362817565089,-0.406419365967544,0.093,0.137,1
"ENSG00000222017",0.142466099149228,-0.84928442128171,0.008,0.025,1
"ENSG00000262050",0.142466099149228,-1.06609490723269,0.008,0.025,1
"ENSG00000290036",0.142466099149228,-0.778859675276711,0.008,0.025,1
"MINDY2-DT",0.142466099149228,-0.804567599151785,0.008,0.025,1
"NLE1",0.142466099149228,-0.91626258942031,0.008,0.025,1
"STARD7-AS1",0.142466099149228,-0.615452874205723,0.008,0.025,1
"TMEM169",0.142466099149228,-0.829733167521403,0.008,0.025,1
"TMEM123-DT",0.142642264866762,-0.271868185094659,0.125,0.172,1
"FAM149A",0.142664451944891,-0.18037361232116,0.411,0.488,1
"SPRED2",0.142687895039721,-0.470879946771793,0.089,0.13,1
"CARMIL1",0.142688891893823,-0.124575256614242,0.319,0.393,1
"ENSG00000260196",0.142695529753782,0.925186000102703,0.097,0.063,1
"GTF3A",0.142970156015663,-0.205043962338066,0.516,0.586,1
"SPATA2",0.142994918781523,-0.331667787300268,0.149,0.204,1
"SGPP1",0.143036725278732,-0.102953669156744,0.056,0.091,1
"ECHDC2",0.143038988951149,-0.177697402827902,0.468,0.551,1
"BTG1-DT",0.143154594095159,-0.814730972808152,0.004,0.018,1
"DPH1",0.143154594095159,-0.327323099158797,0.004,0.018,1
"ENSG00000205041",0.143154594095159,-0.290384997167564,0.004,0.018,1
"ENSG00000215022",0.143154594095159,-0.50864362292512,0.004,0.018,1
"ENSG00000224228",0.143154594095159,-0.620164077346067,0.004,0.018,1
"ENSG00000230732",0.143154594095159,-0.66309337419715,0.004,0.018,1
"ENSG00000233968",0.143154594095159,-0.590356869342827,0.004,0.018,1
"ENSG00000251034",0.143154594095159,-0.658437231503584,0.004,0.018,1
"ENSG00000255102",0.143154594095159,-0.790709975047449,0.004,0.018,1
"ENSG00000270012",0.143154594095159,-0.845472555276618,0.004,0.018,1
"ENSG00000272630",0.143154594095159,-1.00028243530599,0.004,0.018,1
"ENSG00000274987",0.143154594095159,-0.809558076208361,0.004,0.018,1
"ENSG00000285558",0.143154594095159,-0.663493833032413,0.004,0.018,1
"ENSG00000289182",0.143154594095159,-0.623375435749118,0.004,0.018,1
"ENSG00000291032",0.143154594095159,-0.626646644928931,0.004,0.018,1
"FAM153A",0.143154594095159,-0.40790426601964,0.004,0.018,1
"HCG20",0.143154594095159,-0.62273666865836,0.004,0.018,1
"IL10RB-DT",0.143154594095159,-0.654747398976458,0.004,0.018,1
"ITGB2",0.143154594095159,-0.400086149474274,0.004,0.018,1
"KCTD13-DT",0.143154594095159,-0.823876846928756,0.004,0.018,1
"LINC01215",0.143154594095159,-0.858672776391693,0.004,0.018,1
"LMX1A",0.143154594095159,-0.632828941252342,0.004,0.018,1
"TSSK3",0.143154594095159,-0.434280755165576,0.004,0.018,1
"C1orf162",0.143155013209611,-1.07622209393336,0.008,0.025,1
"CD7",0.143155013209611,0.129838052301271,0.008,0.025,1
"DSP-AS1",0.143155013209611,-0.892980444619872,0.008,0.025,1
"ENSG00000267581",0.143155013209611,-0.951696888389871,0.008,0.025,1
"ENSG00000277383",0.143155013209611,-1.07352809183037,0.008,0.025,1
"SEPTIN4-AS1",0.143155013209611,-0.832344352367835,0.008,0.025,1
"NUDC",0.143226859794583,0.139747251823111,0.895,0.888,1
"MDC1",0.143364426854495,-0.355438332177643,0.185,0.246,1
"ENSG00000243081",0.143506681512591,-0.360205834994323,0.194,0.242,1
"SOCS2",0.143537739978011,-0.338997294003452,0.097,0.14,1
"SPINT1-AS1",0.143641286928854,-0.270528092037299,0.262,0.337,1
"FTCDNL1",0.143654881686114,0.424787143695606,0.25,0.204,1
"CHEK1",0.143704035237196,1.16569626097013,0.052,0.028,1
"ENSG00000288755",0.143704035237196,1.13449493159406,0.052,0.028,1
"KCNK5",0.143704035237196,1.01527805141874,0.052,0.028,1
"SLC25A27",0.143706309012328,-0.492152431167875,0.133,0.179,1
"INPP5K",0.143742682884939,0.706838368835772,0.113,0.077,1
"CRAMP1",0.143754660450725,-0.265654112284074,0.23,0.295,1
"AGMO",0.143846480451021,-0.884699471033549,0.008,0.025,1
"ENSG00000249684",0.143846480451021,-0.521747255697433,0.008,0.025,1
"ENSG00000288018",0.143846480451021,-0.602700572684109,0.008,0.025,1
"BROX",0.143892627349304,-0.192945272186381,0.508,0.575,1
"RALGDS",0.144013583807849,0.437841303192159,0.335,0.302,1
"EHD4",0.144081324252922,0.302079944700894,0.427,0.4,1
"AK2",0.144142287761241,0.216073755876814,0.754,0.751,1
"ENSG00000272438",0.144333119879637,-0.674216965072938,0.032,0.06,1
"ENSG00000267288",0.144384174391044,-0.23331500826805,0.149,0.204,1
"CNTN3",0.144476475121418,-0.204192819839097,0.774,0.814,1
"TMEM167B-DT",0.144540505905455,-0.687029250112948,0.008,0.025,1
"ZBTB42",0.144540505905455,-0.608588014078245,0.008,0.025,1
"TRAP1",0.144576758409478,0.466946394889002,0.343,0.295,1
"LINC01588",0.144675178726833,0.816559491024018,0.109,0.074,1
"RNF145",0.144803381028781,-0.271440669251493,0.286,0.358,1
"TYW1",0.14480829054351,-0.317839964377697,0.262,0.333,1
"MRPS36",0.144809407022136,-0.141117384911609,0.569,0.663,1
"TNS3",0.144876276824671,-0.175456912134368,0.423,0.488,1
"PALMD",0.144970983959679,-0.320701854457382,0.484,0.565,1
"GAD1",0.144980508340692,-0.436301084559168,0.081,0.119,1
"LINC02112",0.145237094590809,-0.580994762946398,0.008,0.025,1
"TECTA",0.145237094590809,-0.340579909458594,0.008,0.025,1
"TRABD-AS1",0.145237094590809,-0.631875759047912,0.008,0.025,1
"C15orf39",0.145358545675653,-0.472214685712129,0.125,0.175,1
"DDX11",0.145410561208118,0.5041304313766,0.093,0.06,1
"DNASE1",0.145472572540234,-0.460037987345601,0.141,0.189,1
"POLR3G",0.145546389597919,1.00128815878809,0.052,0.028,1
"ENSG00000290569",0.14561516524258,1.29054093236761,0.081,0.123,1
"MAPK8IP1",0.145617100210347,0.859985523589956,0.218,0.186,1
"TTF1",0.145707495764648,-0.313396793329567,0.371,0.425,1
"ENSG00000255118",0.145707612886251,-0.239612998148375,0.024,0.049,1
"FANK1",0.145776003470603,-0.201961194025853,0.855,0.86,1
"MLX",0.145853694728067,0.240558886844175,0.464,0.428,1
"ACER2",0.145929880120711,-1.26362218153038,0.02,0.042,1
"CHN2",0.145936251510723,-0.476308568534537,0.008,0.025,1
"PORCN-DT",0.1460331144271,-0.519647118921425,0.032,0.06,1
"CKMT1B",0.146185549642855,-0.466595866173817,0.048,0.081,1
"DNMBP-AS1",0.146269954470908,-0.452206142226531,0.105,0.147,1
"LSM1",0.146329972542211,0.305623972037048,0.52,0.495,1
"MAGI2",0.1463508038209,0.492011718572972,0.294,0.263,1
"FBXO25",0.146420949425038,-0.300388790660044,0.19,0.249,1
"ENSG00000283913",0.146437107281988,0.678327423604594,0.093,0.06,1
"ZER1",0.146442794221405,-0.159885992635098,0.444,0.516,1
"LINC02145",0.146444072191822,-1.15526726179294,0.02,0.042,1
"MMAA",0.146604982917159,0.561504205891572,0.202,0.158,1
"LINC01138",0.146636735016895,-0.383590695194882,0.19,0.249,1
"TEP1",0.146675619650945,0.601406076687702,0.202,0.161,1
"TUBA4B",0.14670345476354,-0.140405309769902,0.573,0.681,1
"MAP3K2",0.146725103956899,-0.174837578875839,0.548,0.642,1
"ANKDD1B",0.146747780315795,0.187189715214591,0.54,0.498,1
"MAP2K1",0.146769417262495,-0.166936557895916,0.23,0.302,1
"DPH5",0.146778847419247,0.494662845580158,0.319,0.274,1
"B3GALNT1",0.146822434125364,-0.243863363710906,0.073,0.112,1
"DUS2",0.146916055813811,-0.30539761161054,0.048,0.081,1
"CASP2",0.147099677237614,-0.352423774596219,0.165,0.218,1
"POGZ",0.147157367424678,-0.274840649298285,0.427,0.502,1
"ANKRD23",0.147182305531424,-0.213621231182747,0.278,0.344,1
"TRERF1",0.147395875059096,-0.402442142200966,0.19,0.253,1
"AMPD2",0.147406774960592,0.699686117929793,0.052,0.028,1
"RNF121",0.147473944695879,-0.218509165744544,0.105,0.151,1
"ENSG00000289586",0.147476613297356,-1.19769595045347,0.02,0.042,1
"ENSG00000230551",0.1474951308173,-0.124313933699894,0.19,0.256,1
"CLIC1",0.147527103261186,0.223007380092444,0.746,0.758,1
"DDX39B",0.147536580648709,-0.198071226456408,0.065,0.102,1
"ZUP1",0.147625290177116,-0.437120213453359,0.137,0.186,1
"UBE2E2",0.147690229113212,-0.622295506786505,0.089,0.13,1
"DNAJC9",0.14781944959199,-0.145101770272618,0.278,0.358,1
"MAFTRR",0.147874699483418,0.870192011077582,0.052,0.028,1
"PROB1",0.147874699483418,0.654288424478661,0.052,0.028,1
"SQOR",0.147888419752989,-0.196095216054798,0.101,0.147,1
"TP53RK",0.147960019889119,-0.320590883848518,0.177,0.235,1
"ASCC1",0.147979406951766,-0.172961632616811,0.266,0.347,1
"DNAJC17",0.148032640727525,-0.730115218201354,0.06,0.095,1
"SLC25A37",0.148080743573912,0.321258708529117,0.407,0.368,1
"NXN",0.148324862028915,-0.159488302306741,0.31,0.4,1
"PHYH",0.148416175604334,-0.422157522256615,0.149,0.2,1
"CDK19",0.148553237455854,-0.151716643042886,0.194,0.256,1
"MIOS-DT",0.148579257470408,0.464926539881401,0.258,0.214,1
"C9orf43",0.148611783151244,-0.446441337449698,0.032,0.06,1
"NSDHL",0.148688244883581,-0.262515930965805,0.23,0.291,1
"MX1",0.148698408934352,-0.203234062847728,0.363,0.439,1
"MCM7",0.148867176546387,0.560395967871137,0.125,0.088,1
"SLC25A51",0.148882601039247,-0.415688333565497,0.04,0.07,1
"LINC00671",0.148893513587392,-0.210211472121273,0.149,0.2,1
"PSMD3",0.149001330853459,-0.181438088560784,0.185,0.246,1
"HPS3",0.149033393848123,-0.20755867387177,0.258,0.326,1
"ENSG00000224066",0.149095158642376,1.53650636173381,0.032,0.014,1
"STIM2",0.149105064521383,-0.145857428280707,0.343,0.435,1
"FBXO48",0.149280407047154,-0.410464565615056,0.04,0.07,1
"ENSG00000272861",0.149285283674515,0.773490210952695,0.052,0.028,1
"STX6",0.149447468167412,0.497288485430268,0.202,0.158,1
"LHFPL2",0.149494822669153,-0.297555632911143,0.048,0.081,1
"TLK2",0.149564398472661,-0.1403637257016,0.306,0.379,1
"PREP",0.149651808928279,-0.307844001271295,0.077,0.116,1
"HERC1",0.14981908501761,-0.363297060429101,0.29,0.354,1
"IGIP",0.149932338550764,-0.358875312274347,0.097,0.14,1
"POLR3K",0.149942793547936,0.337412195117958,0.379,0.351,1
"ZNF232",0.149974634055359,-0.133838058080228,0.238,0.302,1
"POU2F1",0.150093650995194,-0.277874547268775,0.423,0.481,1
"ZSCAN32",0.150157708308421,-0.135301639870908,0.177,0.239,1
"MIR34BHG",0.150213021111683,0.316904899530413,0.597,0.596,1
"ENSG00000269237",0.150231362947919,0.933943402280069,0.052,0.028,1
"UBE2G1",0.15025235641886,0.212192668705311,0.665,0.642,1
"ABCG1",0.150292001286091,-0.340533743953317,0.222,0.281,1
"MSL1",0.150443872271963,-0.175010370738416,0.605,0.653,1
"KANTR",0.150609287432701,-0.198024642693011,0.113,0.158,1
"LRR1",0.15069170453562,1.37759132135913,0.065,0.039,1
"STX16",0.150937558588421,0.200690941376963,0.718,0.698,1
"KCNJ16",0.150983391918761,0.320284906554351,0.359,0.291,1
"RCC1",0.150983463710993,-0.345558756650618,0.117,0.165,1
"SRCAP",0.151134359846897,-1.02297914758083,0.02,0.042,1
"TSBP1-AS1",0.151134359846897,-1.13000334135148,0.02,0.042,1
"SCMH1",0.151190145300381,-0.278545817932984,0.101,0.144,1
"SYNE4",0.151215406617935,-0.587120562956867,0.093,0.133,1
"TNRC6B",0.151329690268816,-0.159924113938392,0.714,0.747,1
"ZFYVE28",0.151346297019967,0.732560285359534,0.145,0.109,1
"CSPP1",0.151357967478311,-0.113569397482829,0.976,0.979,1
"PMM2",0.151416898905043,-0.379359897139091,0.161,0.218,1
"NAPEPLD",0.15151334332427,-0.427352154835864,0.069,0.105,1
"MINPP1",0.151534814079063,-0.344445805730296,0.21,0.267,1
"DAPK1",0.151639540715779,-0.334616560188892,0.492,0.565,1
"ENSG00000277476",0.151662489479221,-0.909873352563378,0.02,0.042,1
"MAP6",0.151726000394076,0.225931392408246,0.823,0.846,1
"ZNF747-DT",0.151789469312743,0.561756692013682,0.097,0.063,1
"PHYKPL",0.151799677514406,0.448779552299371,0.46,0.411,1
"RRBP1",0.151840833856719,-0.223518978719186,0.335,0.411,1
"SCP2",0.151849476487825,0.128547071113233,0.931,0.926,1
"TFCP2L1",0.152043248225888,0.310854878156635,0.165,0.225,1
"SUPT6H",0.152071429469642,0.152754833756886,0.153,0.211,1
"ENSG00000286891",0.152107985100109,-0.291486991862202,0.048,0.081,1
"HDGFL3",0.15231490146057,0.344523483390588,0.444,0.418,1
"VPS9D1",0.152385168801882,1.1895506008287,0.065,0.039,1
"XRRA1",0.152541804574602,-0.166876923981812,0.331,0.404,1
"RHOD",0.152544786809967,-0.30656195200186,0.032,0.06,1
"PARL",0.152715574933989,0.478022834757794,0.315,0.277,1
"ARMT1",0.152733165434472,-0.218146498165439,0.125,0.175,1
"STK10",0.152860953446528,-0.37993513282551,0.048,0.081,1
"RASGRP1",0.15286135997158,0.277472725924774,0.169,0.126,1
"ZMAT3",0.152861935383181,0.37922882134722,0.387,0.351,1
"CCDC90B",0.152892219729669,0.270168525880496,0.52,0.491,1
"ASB14",0.153017939758355,-0.101408035633051,0.226,0.288,1
"TOR1AIP1",0.153211050579548,-0.257224347138606,0.302,0.375,1
"DONSON",0.153255312271964,-0.661639527097072,0.02,0.042,1
"IRF1",0.153282176017808,-0.155065411647172,0.581,0.646,1
"ENSG00000229321",0.153303195584558,-0.340860733767609,0.04,0.07,1
"IMP4",0.153408891052275,0.178162564121959,0.194,0.267,1
"PLCD1",0.153471831945657,1.78235057711513,0.032,0.014,1
"FAM13A",0.15347345934685,-0.16165129409702,0.762,0.796,1
"RSL1D1",0.153481425170803,-0.160146782476395,0.492,0.593,1
"MEF2A",0.153481443148023,-0.175646372904634,0.496,0.589,1
"MTSS2",0.153547642908321,0.378746558393477,0.556,0.53,1
"HORMAD1",0.153788982872298,-0.610484965392699,0.02,0.042,1
"SP3",0.15408324324173,-0.332552905768519,0.27,0.337,1
"NPIPA7",0.154104965213682,1.12383624530854,0.032,0.014,1
"SIX1",0.154104965213682,1.20671731347456,0.032,0.014,1
"ZNF561-AS1",0.15420169494728,0.503257556395305,0.194,0.151,1
"ABCC5",0.154218347071842,-0.350177921303376,0.097,0.14,1
"CLASP2",0.154250041847434,-0.24699548875697,0.351,0.446,1
"NRCAM",0.154324241450433,-0.934526585871764,0.02,0.042,1
"ENSG00000285930",0.154414447443905,-0.590180919901116,0.137,0.182,1
"PELO",0.154508564864338,-0.31265211747613,0.198,0.263,1
"TALAM1",0.154508731399695,-0.536980440154964,0.5,0.523,1
"ABHD12B",0.154740081537509,0.982279175864694,0.032,0.014,1
"ENSG00000261338",0.15486082593138,-0.712059776611493,0.02,0.042,1
"GABRG3",0.15486082593138,-0.513416501697741,0.02,0.042,1
"PLXNA2",0.154865283821508,0.488037381636977,0.222,0.179,1
"AAGAB",0.154888558348899,0.394330142871709,0.496,0.467,1
"INSR",0.154895289922714,-0.16662011819126,0.488,0.568,1
"TFPI2",0.155050133464315,0.34224024230588,0.206,0.158,1
"PLEKHA8",0.155058037873012,-0.576164541449173,0.065,0.098,1
"SLC25A12",0.155136666490977,0.378201741020862,0.181,0.246,1
"SOX12",0.155182073420114,-0.264082108572374,0.254,0.319,1
"NXF2",0.155458977010213,-0.518281735202882,0.052,0.084,1
"HIF1AN",0.15546650238091,0.384961698236405,0.431,0.411,1
"ZC3H13",0.155582582518314,-0.133907725474794,0.726,0.761,1
"ENSG00000290762",0.155658169176817,0.43180310454978,0.032,0.06,1
"ZNF544",0.155677688391533,-0.569451750164176,0.105,0.147,1
"BSPRY",0.155707580409968,0.375841100167475,0.391,0.365,1
"CYLD",0.155791275015197,-0.209336893574188,0.173,0.228,1
"ZNF528-AS1",0.155796441464305,0.62320512181301,0.165,0.126,1
"ENSG00000287003",0.15593824412432,-0.500430363795473,0.02,0.042,1
"ENSG00000277969",0.155983849979223,1.10503533611791,0.069,0.042,1
"ENSG00000288658",0.156016275917792,0.951104110590761,0.032,0.014,1
"TMEM106A",0.156016275917792,0.834499885089608,0.032,0.014,1
"CIBAR1-DT",0.156133936011779,-0.124964457796352,0.21,0.277,1
"WASHC4",0.1561361310848,-0.203393365828702,0.383,0.446,1
"SEMA4C",0.156145158968398,-0.280034141188894,0.069,0.105,1
"GAS5",0.156159884413261,0.556419414776918,0.31,0.281,1
"APOBEC3G",0.156169963029904,0.330645500310292,0.206,0.161,1
"NEMP1",0.156294032807942,-0.533630723063887,0.101,0.14,1
"RBM18",0.156308003546546,0.463803425151732,0.411,0.389,1
"SETMAR",0.156344478260697,0.929014376506723,0.109,0.077,1
"C5orf22",0.15635715296936,-0.172089618945319,0.258,0.337,1
"VMAC",0.156469374232009,0.547548090155864,0.165,0.126,1
"RAP1GAP2",0.156530927620665,0.260125067338327,0.415,0.379,1
"C11orf71",0.15654425667982,-0.112619951253603,0.435,0.512,1
"PHLPP1",0.156600304055789,-0.292812034138126,0.238,0.302,1
"DNAJC19",0.156601285498024,0.279939522531826,0.504,0.498,1
"LYPLA2",0.15662917214339,0.28162181908584,0.44,0.4,1
"FAM86JP",0.156648071960244,-0.280433280425421,0.056,0.091,1
"FILIP1",0.156837851062689,-0.135333436287537,0.395,0.477,1
"SNAP23",0.156840255198366,-0.148961377771491,0.492,0.596,1
"TAPBP",0.157029098026155,-0.146461166241192,0.528,0.611,1
"CCDC88C",0.157050461169866,0.155105887466384,0.863,0.867,1
"LAMTOR5",0.157194418329704,0.137118720506987,0.871,0.856,1
"COX4I1",0.15725745043067,-0.14593428107709,0.718,0.793,1
"ADH1C",0.157300440123261,1.13418015904311,0.032,0.014,1
"ZKSCAN2",0.157300440123261,0.897820838712332,0.032,0.014,1
"PEX26",0.157532349712307,-0.103494681317056,0.185,0.249,1
"KCNQ5",0.157565022691358,-0.870568340710255,0.02,0.042,1
"MAP3K4",0.157622485973681,-0.371597144920166,0.319,0.372,1
"SETD4",0.157658910159647,-0.387394449695974,0.254,0.316,1
"RINT1",0.157755743933439,-0.14688786843221,0.149,0.207,1
"ENSG00000290975",0.157757484186859,-0.747562895284519,0.044,0.074,1
"CEP72",0.157770639736119,-0.764028154946262,0.036,0.063,1
"LGSN",0.157821916060962,-0.386110067347572,0.121,0.165,1
"IFNAR2",0.157842869967976,-0.23315121391989,0.246,0.312,1
"TMEM268",0.157955913049596,-0.527670514075512,0.077,0.112,1
"ENSG00000256116",0.158110130040674,-0.718924420322203,0.02,0.042,1
"MRPL32",0.158385267240605,-0.142033906889462,0.383,0.449,1
"RPS15",0.158396803380057,0.227931933114776,0.694,0.677,1
"VAV2",0.158511259856364,-0.301650234136676,0.077,0.116,1
"ENSG00000254604",0.158592599039082,0.881787815275613,0.032,0.014,1
"NBPF26",0.158724843782839,-0.257529584809131,0.133,0.182,1
"NAA35",0.158730302230823,-0.205849073529329,0.444,0.523,1
"ZNF625",0.158824834399884,-0.363598624364745,0.081,0.119,1
"PTK2B",0.158870012026468,-0.219410169139598,0.403,0.495,1
"SNIP1",0.158870774436716,-0.281045994005593,0.105,0.151,1
"GRAMD1A",0.158895692428424,0.321142021068749,0.153,0.112,1
"TMPRSS2",0.158899150337586,-0.259060765742814,0.282,0.351,1
"TRAC",0.158957177504111,0.700869854329738,0.056,0.032,1
"PKIG",0.159061315762324,0.130678889913919,0.915,0.937,1
"GPRC5D-AS1",0.159192852496872,-0.844210853946111,0.028,0.053,1
"ARL4C",0.159204627650648,-0.340855573298021,0.02,0.042,1
"ZNF256",0.159204627650648,-0.396752756481456,0.02,0.042,1
"PPP3CC",0.159319973038191,-0.230765532346195,0.202,0.263,1
"PAAF1",0.15938489895186,-0.240197740542386,0.181,0.242,1
"RAP2C-AS1",0.159393771072422,-0.385889152881372,0.105,0.147,1
"F5",0.159442034254175,0.480673832028452,0.472,0.421,1
"MGLL",0.159625427593073,0.129315723158571,0.948,0.961,1
"LRRC69",0.159661113667223,-0.15175992523688,0.23,0.302,1
"MRPS14",0.159716208101449,0.196429018200263,0.516,0.463,1
"INPP5J",0.159964753986539,-0.789277024375269,0.036,0.063,1
"ZNF14",0.160118604295077,1.08848315125475,0.093,0.063,1
"APAF1",0.160310623638745,0.518924501635761,0.113,0.077,1
"PHF14",0.160337468740962,-0.322677742361962,0.407,0.481,1
"ALPK3",0.160422863732843,-0.436783797123013,0.081,0.119,1
"SPCS2",0.160431149045038,0.200876005506605,0.823,0.782,1
"GDPD1",0.16045128524685,0.714323215836425,0.198,0.158,1
"MAP4",0.160452648751324,-0.153900446056327,0.653,0.698,1
"SERTAD1",0.160460359338755,0.111767159504599,0.077,0.116,1
"SATB1",0.160489982424254,0.154062936568135,0.738,0.698,1
"DPF2",0.160538078270788,-0.32588027412237,0.306,0.372,1
"ENSG00000271955",0.160545881551515,0.831088823293868,0.032,0.014,1
"EAPP",0.160557818158603,0.120917243436142,0.851,0.796,1
"RNF181",0.160647503212603,0.287696339554437,0.27,0.225,1
"ZNF582",0.160737758204671,-0.559340399669882,0.052,0.084,1
"SEL1L",0.160812435143534,0.271746899463518,0.44,0.4,1
"CDSN",0.160857109104205,-0.358973963643771,0.02,0.042,1
"LRP1B",0.160857109104205,-0.50785515560137,0.02,0.042,1
"VPS18",0.160881474190817,-0.160228363708962,0.105,0.151,1
"DRAP1",0.161019168043935,-0.206519152268647,0.327,0.393,1
"KMO",0.161164705690053,0.44359204070002,0.125,0.088,1
"ARL6IP5",0.161305583760753,0.182763460698183,0.734,0.726,1
"FBXW4",0.161317435602855,-0.300628188622484,0.129,0.179,1
"GTF2E1",0.161355889358436,-0.275811833018746,0.133,0.182,1
"TCERG1",0.16142086389379,-0.183538531901984,0.355,0.435,1
"ZC3HC1",0.16144167633428,-0.240949980668293,0.077,0.116,1
"HSPE1",0.161754446605552,0.138247247778531,0.782,0.835,1
"CALCOCO2",0.161785117458137,-0.181828647782808,0.536,0.596,1
"ZNF607",0.161873186396838,0.606833871577641,0.173,0.137,1
"LPIN2",0.161919329579744,-0.106598507958398,0.383,0.463,1
"AADACP1",0.16193408892609,-0.39942373487851,0.181,0.235,1
"PTCH2",0.162073826328773,-0.274419411273997,0.181,0.239,1
"PCBP1-AS1",0.162160546554072,-0.287037795540552,0.169,0.221,1
"SPTBN1",0.162178648590805,-0.165121521429482,0.919,0.937,1
"ENSG00000287001",0.162181862168335,-0.873880416721525,0.036,0.063,1
"MCM4",0.162197384421892,-0.196624836400841,0.331,0.414,1
"EFHB",0.162215830472697,-0.175589835552355,0.548,0.614,1
"PROSER1",0.162251438280135,-0.103929713811936,0.137,0.189,1
"SEPTIN2",0.16232305949568,0.151197487263192,0.895,0.888,1
"ELOA-AS1",0.162368714513082,-0.366213351979632,0.137,0.186,1
"TMEM161A",0.162389577562077,-0.4464893366418,0.065,0.098,1
"TOMM7",0.16239873452087,0.137343314815925,0.927,0.912,1
"NAA16",0.162417402469904,-0.264948627826475,0.21,0.27,1
"DPM2",0.162477913488909,-0.175144652046747,0.29,0.354,1
"TIMM22",0.16256555121552,-0.350432004323274,0.157,0.211,1
"CYP2J2",0.16262805345365,-0.672749318577839,0.036,0.063,1
"SATB2",0.16278229772816,0.537583513898235,0.056,0.032,1
"AHSA1",0.162785597551361,0.228267603027502,0.75,0.754,1
"ENSG00000269973",0.162975873230524,-0.482604874444627,0.181,0.232,1
"ZNF880",0.163109723435884,0.500662988333263,0.266,0.228,1
"ATP6V1C2",0.163131291061007,-0.538399121989814,0.06,0.095,1
"SRGAP1",0.163131291061007,-0.426162338350802,0.06,0.095,1
"ZDHHC24",0.163160485899522,0.598361764138327,0.185,0.144,1
"PTPRK",0.163201095917376,-0.243815176277424,0.274,0.34,1
"DELE1",0.163337204662914,-0.236189084756672,0.262,0.33,1
"DPP3",0.163370246845749,-0.216575283805706,0.097,0.14,1
"LINC02345",0.163391151856588,0.195498182954779,0.69,0.684,1
"FBXO38-DT",0.163427419046985,-0.218578115860025,0.052,0.084,1
"ENSG00000289132",0.16356047048733,1.90452078148893,0.036,0.018,1
"WDR20",0.163565571637416,-0.470472710930947,0.222,0.277,1
"FBXO27",0.163652385690799,0.670934280225827,0.06,0.035,1
"MARCHF10",0.163833158921106,-0.315434636290886,0.597,0.635,1
"ANAPC2",0.163972183455533,-0.58833292816369,0.036,0.063,1
"TSPYL4",0.164000904562929,-0.143235789320316,0.544,0.635,1
"WDFY3",0.16412699357919,-0.250707805385269,0.504,0.565,1
"ENSG00000255476",0.164200899870028,0.111170353156157,0.02,0.042,1
"PLEKHM3",0.164229092443072,-0.589410224279743,0.077,0.112,1
"EIPR1",0.164381163562109,-0.207803902734986,0.29,0.365,1
"EFCAB7",0.164463948679848,-0.317663405483448,0.315,0.375,1
"ST6GALNAC6",0.164485161868017,0.43202827085177,0.278,0.242,1
"RRAGA",0.164620694435539,0.125787587282431,0.96,0.951,1
"MLLT1",0.164681354313754,-0.222204015642415,0.653,0.698,1
"ZNF10",0.164714030184755,-0.723317236922863,0.056,0.088,1
"ADGRF1",0.164765521237638,-0.307248410271833,0.133,0.179,1
"LINS1",0.164857045822389,0.670819165560061,0.173,0.137,1
"EIF4E2",0.164897618812238,0.439899527695622,0.492,0.488,1
"M6PR",0.164906585758507,-0.15356150192135,0.585,0.66,1
"SLTM",0.164994534487799,-0.145675086313996,0.823,0.814,1
"PITPNB",0.16506904240665,-0.151297870871767,0.367,0.442,1
"ENSG00000269906",0.16508857395603,-0.670184005131511,0.028,0.053,1
"ZNF490",0.165093920975926,-0.759467257636725,0.056,0.088,1
"LINC00882",0.165123672112926,-0.413950057602371,0.375,0.449,1
"ENSG00000250349",0.165136211069014,-0.541073571420386,0.044,0.074,1
"TXNDC12",0.165136211069014,-0.534097516217171,0.044,0.074,1
"SNRPA1",0.165160712951436,-0.166938764405576,0.27,0.358,1
"AKR1B10",0.165177373166574,-1.55905008303565,0.04,0.067,1
"UBE2T",0.165193152823717,0.465704931420141,0.198,0.161,1
"PSD",0.165414275942116,1.60001060214774,0.036,0.018,1
"RBM27",0.165529228963589,-0.198104235767346,0.262,0.337,1
"AFF1",0.165620581246216,-0.123484475403644,0.532,0.618,1
"PRIM2",0.165677968875726,-0.398130023278501,0.129,0.175,1
"PNKP",0.165730733933503,0.282991830708805,0.427,0.396,1
"SPATS2L",0.165734458346012,-0.138928124944241,0.935,0.968,1
"CWF19L1",0.165750817431972,-0.175967706354057,0.117,0.165,1
"ENSG00000287899",0.165843475753458,0.419263720349248,0.032,0.014,1
"PRMT3",0.165851889533337,-0.217449253312172,0.23,0.295,1
"KIZ",0.165862179663118,-0.158876751459821,0.375,0.446,1
"NR3C1",0.165971401326204,0.318335286962077,0.065,0.098,1
"APBA3",0.165971845884382,-0.761852437336386,0.044,0.074,1
"TMEM222",0.165977391045812,-0.177258961842254,0.23,0.302,1
"TMEM38A",0.166004049524836,0.850092520694483,0.065,0.039,1
"ENSG00000290537",0.166007680846236,1.25351756976082,0.093,0.063,1
"SPTY2D1",0.166114055574018,-0.121520779651172,0.319,0.396,1
"LINC00938",0.166233923446189,-0.151644796463537,0.177,0.235,1
"CISD1",0.166287905799128,-0.123324955024579,0.298,0.382,1
"AMER1",0.166406793478206,1.02330397245399,0.073,0.046,1
"MST1",0.166458136317667,0.841898218619359,0.065,0.039,1
"ENSG00000287575",0.166463267402995,0.952386300929942,0.06,0.035,1
"GOLIM4",0.166485327464605,0.764530234647268,0.185,0.147,1
"ZNF638",0.166561343737722,-0.308379041567748,0.625,0.688,1
"ENSG00000251569",0.166587870744454,-0.559323974935141,0.028,0.053,1
"PTPRB",0.166615248472527,-0.217022343941881,0.073,0.109,1
"GIPC1",0.16662052431858,0.131128843462259,0.738,0.702,1
"USP42",0.166802766214212,-0.160217072449106,0.29,0.354,1
"RPH3AL-AS2",0.166832942883137,1.04448355534991,0.073,0.046,1
"DDX56",0.166935715865387,0.372309932226452,0.173,0.235,1
"KHNYN",0.166944234056816,-0.124699199360922,0.222,0.291,1
"ZNF626",0.166970496167534,0.461071453394249,0.355,0.323,1
"GLRB",0.166973277767247,-0.292934120334613,0.274,0.344,1
"LINC00964",0.166986214229824,0.261190517728649,0.218,0.175,1
"ASAH1",0.167088849769865,-0.146090387686227,0.657,0.677,1
"CNPY4",0.167097323795253,-0.225710326957188,0.109,0.154,1
"C21orf62-AS1",0.167174160123478,-0.261068873738628,0.06,0.095,1
"CC2D2A",0.167307547212645,-0.11661403575382,0.96,0.986,1
"PAGR1",0.167369110604613,1.50662270678046,0.065,0.039,1
"MRPL19",0.16750085828013,-0.130312058478549,0.319,0.389,1
"PAN2",0.167582284075615,-0.444648346119281,0.218,0.274,1
"ENSG00000284954",0.16759307402277,-0.240807291659174,0.028,0.053,1
"TRIM33",0.167772884162009,-0.179588732019537,0.496,0.596,1
"SLC38A10",0.16786518166671,-0.413188466012415,0.145,0.196,1
"BCL11A",0.167910555112182,1.57540486635949,0.036,0.018,1
"ENSG00000227857",0.167910555112182,2.00843703792159,0.036,0.018,1
"CCDC39",0.167972470424462,-0.25706392404379,0.218,0.281,1
"FKBP4",0.168084237971,0.228107625936966,0.496,0.47,1
"RC3H1",0.168232108021942,-0.263590175525482,0.351,0.421,1
"GMFB",0.168232669396056,-0.334539061212414,0.27,0.323,1
"SNHG6",0.168296982855766,0.273621814448819,0.524,0.467,1
"OXA1L-DT",0.168357361062702,0.636496568802091,0.06,0.035,1
"TNIP2",0.16844471312146,-0.154160015505686,0.157,0.214,1
"ENSG00000273314",0.168497833244655,-0.493106650526513,0.044,0.074,1
"ALG13",0.168530956558187,-0.157588031528693,0.306,0.368,1
"SSNA1",0.168706748346469,-0.126892015049094,0.25,0.323,1
"TRMT61B",0.168819808908889,0.731330832165214,0.165,0.126,1
"GTF2IP1",0.16892057409872,0.563357868178341,0.109,0.158,1
"CD2BP2-DT",0.168922454001002,0.50265994305895,0.069,0.042,1
"EZR",0.168964445918387,-0.112546473246213,0.98,0.996,1
"OGFR",0.169013383542439,-0.20911126869726,0.121,0.168,1
"SEM1",0.169202214691905,0.123948320795127,0.964,0.94,1
"AP5Z1",0.169335788612959,0.336012438948981,0.048,0.081,1
"KRT5",0.169381467635847,1.54768028808853,0.077,0.049,1
"CCDC13",0.169406094138596,0.315805277459791,0.19,0.147,1
"CCM2",0.169432489480861,-0.332936317595066,0.036,0.063,1
"DLG1",0.169466884251771,-0.143093051018508,0.613,0.663,1
"DNAAF9",0.169539049298411,0.256279958894038,0.556,0.505,1
"TSPAN15",0.169792094489919,0.452406154946481,0.246,0.207,1
"MARCHF3",0.169801250999631,-1.22904789280756,0.016,0.035,1
"LIX1L",0.17012600574164,-0.3371912675058,0.028,0.053,1
"SLC66A2",0.170305640898656,0.556280349498469,0.306,0.277,1
"DAPL1",0.170355646430842,-0.403015458636467,0.036,0.063,1
"ARNTL",0.170395691856816,-0.499035504522574,0.121,0.165,1
"ENSG00000260095",0.170435016669844,1.36140963005747,0.036,0.018,1
"OSBP",0.170437417060156,-0.125044692781007,0.714,0.74,1
"SUMF2",0.170499973107576,0.201458258013781,0.73,0.709,1
"ZFAS1",0.17052224763493,0.329372923935127,0.536,0.537,1
"SNX24",0.170540373584216,-0.128587346933742,0.383,0.467,1
"ZNF45",0.170636017240419,-0.484925959010844,0.028,0.053,1
"RANBP1",0.170650011703013,0.299990499867865,0.617,0.6,1
"ITPR2",0.170733496684371,-0.591731438528154,0.081,0.116,1
"PRRG3",0.170818635898434,0.51146369626826,0.036,0.063,1
"SALL1",0.170835705135846,0.581320527397962,0.181,0.144,1
"EAF1",0.17086404523103,0.378199934270729,0.375,0.33,1
"PDLIM1",0.17099823831488,0.132976539992731,0.875,0.891,1
"CENPO",0.171050483772236,0.714746542617118,0.065,0.039,1
"ABCA12",0.171070553059726,-0.875936256512841,0.016,0.035,1
"PSMD6-AS2",0.171070553059726,1.43433209722663,0.036,0.018,1
"NDUFAF1",0.171141379242463,-0.148017864803165,0.347,0.421,1
"CCDC66",0.171243102161208,0.182281864271188,0.742,0.681,1
"ENSG00000289614",0.171243996319403,-0.196603293312316,0.23,0.295,1
"AJUBA",0.171264020901564,-0.134238343361816,0.198,0.26,1
"ENSG00000290123",0.171275980693868,-0.298186142512646,0.081,0.119,1
"TLR3",0.171275980693868,-0.316474335558441,0.081,0.119,1
"PCLO",0.171553298222129,-0.378276471974793,0.105,0.147,1
"CCDC106",0.17161975081579,0.191661824051585,0.089,0.056,1
"PMS1",0.1716821225467,0.379594078445966,0.403,0.382,1
"C10orf88",0.171858314071205,-0.295141535520509,0.105,0.147,1
"FAM126A",0.171961701930293,-0.513494181519472,0.173,0.221,1
"MRPL20",0.172029307073261,0.163503779433238,0.754,0.726,1
"SNRNP40",0.172149146966441,-0.100724777634999,0.202,0.267,1
"LEO1",0.172165586494888,0.30436664856477,0.367,0.326,1
"ENSG00000286802",0.17219387928179,0.372729661287012,0.06,0.035,1
"MAP4K4",0.172244182142698,-0.135641267103913,0.5,0.604,1
"GRSF1",0.172311084730099,0.297093659006533,0.726,0.733,1
"BMPR1B-DT",0.172356397009654,0.609832508092009,0.173,0.137,1
"ENSG00000284052",0.172394721330137,-1.15925913902853,0.032,0.056,1
"RANGAP1",0.172447416258301,-0.205233425382145,0.202,0.26,1
"KSR1",0.17247013316419,-0.36523283845653,0.169,0.225,1
"DZIP1",0.172499451689294,-0.184126834802338,0.524,0.611,1
"PTPRU",0.172561824590194,-0.154870395349735,0.185,0.242,1
"UBE2J2",0.172724770029702,-0.272943769560904,0.169,0.225,1
"AP1S1",0.172751971536073,0.673223996905061,0.181,0.147,1
"CRIP3",0.172853142682252,-1.35092500686553,0.024,0.046,1
"GORAB",0.172906877494941,-0.387857436721871,0.052,0.084,1
"KCNJ14",0.172906877494941,-0.31647789413716,0.052,0.084,1
"NHP2",0.173041160291128,0.288139978925298,0.407,0.372,1
"ENSG00000263450",0.173203576088064,-0.591432768624815,0.044,0.074,1
"LINC02018",0.173332751571042,-0.358803804063388,0.407,0.46,1
"TMEM242",0.173373900021367,-0.18381108834076,0.262,0.333,1
"PPM1D",0.173391282463224,-0.351034329042581,0.177,0.232,1
"TSHZ1",0.173405644282692,-0.197154123852994,0.274,0.34,1
"SAR1A",0.17344057950576,-0.106538995850294,0.355,0.446,1
"WDR36",0.173490179419948,-0.167700630754526,0.157,0.214,1
"HOXA-AS2",0.173630451835107,1.04527120255533,0.036,0.018,1
"LINC00513",0.173630451835107,1.19271310674837,0.036,0.018,1
"PKP4-AS1",0.173662348799136,0.867214090560341,0.097,0.067,1
"TM2D2",0.173663059938526,-0.165677548081928,0.319,0.389,1
"SBSPON",0.174014437900348,0.874069365975982,0.089,0.06,1
"TP53INP2",0.174165497879881,-0.218979581620024,0.125,0.172,1
"DOK1",0.17418749866101,0.947537883957232,0.165,0.13,1
"CPNE1",0.17424607419527,-0.236078265220405,0.31,0.379,1
"RAPGEF5",0.17427487626477,-0.973793702884196,0.016,0.035,1
"TSPAN12",0.174387374684097,-0.207071586025751,0.899,0.895,1
"DHFR",0.174618036442263,-0.181264314127441,0.254,0.323,1
"LRRC34",0.174709334064247,0.186124274354308,0.669,0.66,1
"WASH6P",0.1748870874402,-0.308587080915144,0.085,0.123,1
"ATG13",0.174915981619238,-0.225164724777805,0.335,0.407,1
"ENSG00000261094",0.174921085132035,-0.803611288278312,0.016,0.035,1
"FGF18",0.174921085132035,-0.699917184801915,0.016,0.035,1
"UBE2F",0.175026532732118,-0.115536210753636,0.226,0.298,1
"IQGAP1",0.175094099323256,0.102374426435095,0.903,0.916,1
"SUDS3",0.17512490809868,0.177641046253218,0.677,0.656,1
"KALRN",0.175154821672953,-0.217629552466093,0.391,0.481,1
"C16orf87",0.175204034504507,-0.511276295203778,0.056,0.088,1
"RPS6KB2",0.175277767426825,-0.194366382859047,0.028,0.053,1
"USP14",0.175311268356048,-0.155932635248999,0.484,0.561,1
"ESCO1",0.175373466164217,0.424804903164078,0.286,0.246,1
"RAVER2",0.175399908691187,0.596557640410808,0.214,0.179,1
"RPS6KA5",0.175536686332084,-0.17158268324885,0.653,0.712,1
"AADACL2",0.175569080693666,-0.899707725285092,0.016,0.035,1
"ENSG00000259053",0.175569080693666,-0.273300946469817,0.016,0.035,1
"ITGB7",0.175569080693666,-0.531857225882766,0.016,0.035,1
"LINC02006",0.175569080693666,-0.755868048227884,0.016,0.035,1
"EID2",0.17560302840624,-0.283870982808877,0.294,0.351,1
"PRCC",0.175666488905759,-0.138354697012034,0.351,0.442,1
"PLEKHJ1",0.175699211112374,-0.272354834436812,0.081,0.119,1
"TMEM131",0.175766838084066,-0.150543889017983,0.685,0.733,1
"RB1CC1",0.175767750561975,-0.115063425199289,0.859,0.916,1
"MAOB",0.175794342140873,-0.13432544268609,0.625,0.691,1
"TARS2",0.175817273395171,0.462532880613889,0.202,0.161,1
"SPATA7",0.175837596710886,-0.140130065217297,0.395,0.488,1
"AASDH",0.175881133371825,-0.174468240092872,0.23,0.298,1
"PPP1R32",0.175901035889503,0.395190745185813,0.419,0.372,1
"LRRC56",0.176003622701052,-0.528824026281449,0.101,0.14,1
"SLC35D1",0.176050317297185,0.378297574300671,0.258,0.221,1
"C10orf67",0.176104355239356,-0.169649712146512,0.21,0.267,1
"GPR108",0.176181344244713,-0.187307971522931,0.375,0.463,1
"CCNG1",0.176199531692273,-0.328908238452648,0.306,0.365,1
"POLD1",0.176218865197837,-0.660416965252834,0.016,0.035,1
"TBC1D2B",0.176612421521747,0.63176767254549,0.21,0.179,1
"GRIP1",0.176684486353975,-0.33612599835555,0.137,0.182,1
"STEAP3",0.176693074793694,0.331799483944249,0.472,0.474,1
"NEO1",0.176711345861029,-0.239410460713342,0.274,0.33,1
"SERBP1",0.176725437893537,0.143941845666761,0.915,0.881,1
"BCL10",0.176726256887961,-0.123532174280796,0.29,0.358,1
"MORN1",0.176843442730527,0.194363265787012,0.665,0.653,1
"NUFIP2",0.176864664409825,-0.130818562644007,0.601,0.67,1
"NCAM1",0.176870440884091,-1.13195381872321,0.016,0.035,1
"SARNP",0.176870440884091,-0.647926589946251,0.016,0.035,1
"CSPG4",0.176870440884091,0.95065677338922,0.036,0.018,1
"L3MBTL3",0.176870440884091,0.930650427973661,0.036,0.018,1
"RALA",0.176876432794654,0.40689947291922,0.516,0.453,1
"ATG2A",0.177049390030981,0.544943484441765,0.077,0.049,1
"RAF1",0.177134099031596,-0.127305558982044,0.573,0.66,1
"ADAM9",0.177198007819006,-0.177727237255208,0.339,0.404,1
"ZNF394",0.17726897788334,-0.315502839478547,0.133,0.182,1
"ENSG00000280206",0.177399786123004,-0.359335607776316,0.036,0.063,1
"NUP62CL",0.177437273905795,-0.136133277704301,0.286,0.368,1
"ENSG00000215014",0.177452684856674,-0.324043206042951,0.065,0.098,1
"UBQLN2",0.177469886481105,-0.182669968163728,0.431,0.505,1
"DNAAF10",0.177504931148328,0.235024033448785,0.633,0.604,1
"AK6",0.177570269359581,-0.141515987716719,0.29,0.347,1
"SRGAP3-AS4",0.177596958056863,-0.190566825592756,0.085,0.123,1
"SFXN4",0.177606707307531,-0.153051190770656,0.097,0.137,1
"FCGBP",0.177690764702595,-0.49719973299563,0.077,0.112,1
"TRPC6",0.177868530900119,0.600561423001211,0.113,0.081,1
"H4C8",0.17787923735788,-0.43056134848765,0.109,0.151,1
"CAB39L",0.177928199076867,-0.185256996236061,0.206,0.263,1
"LNCATV",0.178115959086291,0.532747419545992,0.065,0.039,1
"LMCD1-AS1",0.178148079496055,-0.74757986887158,0.048,0.077,1
"ENSG00000286608",0.178178974717521,-0.3706962002524,0.016,0.035,1
"LPCAT1",0.178192983403219,-0.294869791356944,0.06,0.095,1
"CELF2",0.178243889532793,-0.51079663563058,0.073,0.105,1
"VTA1",0.178271441821792,-0.182122844729927,0.48,0.551,1
"SLC41A2",0.178363462910107,-0.240385886284804,0.129,0.175,1
"BCAS1",0.178445482952029,-0.390251186314532,0.117,0.158,1
"TMEM120B",0.178505702628134,-0.317907099044925,0.254,0.319,1
"IFT74",0.178570612774763,-0.139315709364645,0.802,0.849,1
"B3GAT3",0.178834281744504,-0.231428700795387,0.036,0.063,1
"ENSG00000247970",0.178835937300136,-0.509775101520967,0.016,0.035,1
"ENSG00000273271",0.178835937300136,-0.321746785656917,0.016,0.035,1
"LYSMD2",0.178835937300136,-0.778386500806626,0.016,0.035,1
"SLC26A7",0.178835937300136,-0.532359932850935,0.016,0.035,1
"ENSG00000286792",0.178835937300136,0.802946561240229,0.036,0.018,1
"OBSL1",0.178851139770838,0.464042416437281,0.27,0.232,1
"CIAO2A",0.17886196358658,-0.15001982071407,0.532,0.632,1
"RNF217-AS1",0.178900583129649,-0.932474864788109,0.032,0.056,1
"SLC23A2",0.179001391853467,1.43876103729471,0.04,0.021,1
"CKLF",0.179334495386094,-0.29599629717182,0.218,0.274,1
"EIF5B",0.179350543438108,-0.17076016287444,0.81,0.856,1
"SH2D4A",0.179352002761858,-0.315566217976975,0.371,0.418,1
"ZNF518A",0.179481696598344,-0.191537482777496,0.516,0.572,1
"NKG7",0.179494699935607,0.397384835627652,0.016,0.035,1
"ENSG00000253844",0.179494699935607,0.629446262089961,0.036,0.018,1
"HEATR1",0.179607735037415,0.758539712583183,0.153,0.204,1
"ENSG00000290870",0.179619147372026,1.71021078486625,0.04,0.021,1
"ITGAV",0.179787398084455,-0.231146170826763,0.355,0.421,1
"ZNF566",0.179847846491013,-0.540219440727805,0.069,0.102,1
"CEP43",0.179878988504655,-0.16189725027439,0.544,0.611,1
"ENSG00000267740",0.179893062494701,1.68578394799907,0.02,0.007,1
"GPC3",0.179893062494701,1.91703314275419,0.02,0.007,1
"LINC01273",0.179893062494701,1.63200951411802,0.02,0.007,1
"MYPN",0.179893062494701,1.62968106809336,0.02,0.007,1
"NOMO3",0.179893062494701,1.89108732301991,0.02,0.007,1
"RPL26L1-AS1",0.179893062494701,1.64321344081646,0.02,0.007,1
"ENSG00000289257",0.179893062494701,1.67476736987573,0.02,0.007,1
"ENSG00000235007",0.180155264819521,0.10438991036729,0.016,0.035,1
"CDV3",0.18017797627269,-0.120100746970817,0.448,0.558,1
"ENSG00000286639",0.18020654776185,0.997510937698848,0.101,0.07,1
"FAM86B3P",0.180207971742896,0.357290601438008,0.137,0.102,1
"RNF183",0.18028196320387,0.908671545354879,0.085,0.056,1
"GBP3",0.180330701365172,0.201212022063268,0.702,0.681,1
"AZIN1",0.180413543997471,-0.107222823671378,0.867,0.891,1
"VEGFB",0.180554200752093,0.577498484727954,0.282,0.253,1
"TNFAIP8L3",0.180556470790257,-0.270434014428565,0.149,0.2,1
"LINC02422",0.180602294636274,0.389170094672876,0.117,0.084,1
"ENSG00000290921",0.180636407967609,-0.57886222226068,0.109,0.147,1
"ENSG00000264449",0.180736105045191,-0.868375109617051,0.048,0.077,1
"ITGAL",0.18076556194214,-0.20432851666813,0.19,0.242,1
"NFE2L3",0.18081763413852,-0.236011537945071,0.016,0.035,1
"ROR1",0.18081763413852,0.659337841612402,0.036,0.018,1
"GREB1L",0.180823130722912,1.48826984144319,0.02,0.007,1
"PHETA2",0.180823130722912,1.5779724031464,0.02,0.007,1
"ACTR8",0.180906565312971,0.659603257217347,0.073,0.046,1
"CTSO",0.180964616706015,-0.243309845413069,0.488,0.554,1
"COPG1",0.181001253071034,0.204814591943104,0.867,0.881,1
"LINC02795",0.181007788246602,-0.535529112476114,0.133,0.175,1
"C6orf141",0.181050850823048,0.271426132405487,0.202,0.158,1
"PKD1",0.181059462857039,-0.161509201198266,0.198,0.256,1
"ARFGEF3",0.181059462857039,0.50260672302152,0.25,0.211,1
"TMED9",0.181061704869916,0.211747936651665,0.702,0.74,1
"GK5",0.18107398758006,-0.268105054065705,0.351,0.421,1
"PTDSS2",0.181243159924051,-0.349965521535478,0.056,0.088,1
"PCSK1N",0.181286287461932,0.670792827239469,0.218,0.182,1
"LMBR1L",0.181325738929265,-0.161621640944724,0.06,0.095,1
"TUG1",0.181414144906914,0.234413879860397,0.556,0.509,1
"MLF2",0.181563432131488,0.166170684589033,0.673,0.656,1
"ACO2",0.181600905113735,-0.137132134685797,0.891,0.912,1
"ENSG00000227496",0.181756764760141,1.58097362618786,0.02,0.007,1
"ENSG00000254692",0.181756764760141,1.57787773093263,0.02,0.007,1
"ENSG00000277324",0.181756764760141,1.51433680893083,0.02,0.007,1
"ENSG00000254024",0.181814582971095,1.04741479130887,0.073,0.046,1
"RCE1",0.181842881400129,-0.482106533211927,0.081,0.116,1
"TENT4A",0.181865269457443,-0.251252979848678,0.129,0.175,1
"EXOSC7",0.181975203465714,-0.105298625815669,0.194,0.249,1
"TMCC1",0.182008593310411,-0.165522889716032,0.444,0.512,1
"SGCE",0.182115600941431,-0.264244053597235,0.214,0.27,1
"NECAP2",0.18213789946423,0.331247379792695,0.46,0.425,1
"DYNC2H1",0.182161429203412,0.103640804695641,0.964,0.961,1
"LSM14B",0.182178617250582,-0.16624328369777,0.165,0.218,1
"SMIM15",0.182245464505248,0.509744934458267,0.294,0.256,1
"ARFIP2",0.182302767991977,0.228965853904198,0.621,0.625,1
"MRPS11",0.182409208697027,0.476337963085869,0.153,0.116,1
"RCL1",0.182440042895032,-0.194569110171203,0.278,0.351,1
"ENSG00000291003",0.182441211911018,-0.249219762872503,0.371,0.432,1
"ENSG00000237529",0.182463666572631,-0.26363028971081,0.133,0.179,1
"ENSG00000222043",0.182693970614347,1.52123220050066,0.02,0.007,1
"ENSG00000242375",0.182693970614347,1.22274239213498,0.02,0.007,1
"ENSG00000283149",0.182693970614347,1.47528577305171,0.02,0.007,1
"ENSG00000257526",0.182815590437166,0.552345062481429,0.036,0.018,1
"NOP10",0.182841826534408,0.124258290511354,0.819,0.839,1
"YTHDF3",0.182852649331011,-0.243398568229986,0.25,0.309,1
"DNAJC6",0.18290286002115,-0.17778040511936,0.137,0.186,1
"PROSER2-AS1",0.182914035573711,-0.431521992102726,0.048,0.077,1
"OLA1",0.183086948071643,0.321944615082831,0.556,0.519,1
"PIGX",0.183172005155138,-0.242724604765655,0.282,0.333,1
"C4BPB",0.183251972271188,0.654742906475182,0.169,0.133,1
"ESR2",0.183357525421537,-0.931451026946815,0.04,0.067,1
"MIDEAS",0.18351104752715,-0.328239215796512,0.109,0.151,1
"ZNF184",0.183550403696518,-0.19060131183188,0.097,0.14,1
"WASH2P",0.183605133366367,-0.307287361925445,0.065,0.098,1
"ENSG00000257548",0.183634754257954,1.20849472655183,0.02,0.007,1
"ENSG00000269151",0.183634754257954,1.484971557909,0.02,0.007,1
"LINC00551",0.183634754257954,1.45301270258978,0.02,0.007,1
"S100P",0.183634754257954,1.52353153546931,0.02,0.007,1
"STK31",0.183634754257954,1.72312778342846,0.02,0.007,1
"SLC45A2",0.183634754257954,1.63300683459705,0.02,0.007,1
"MTMR12",0.183636359727861,-0.251999856795061,0.423,0.488,1
"ENSG00000290114",0.183701599870886,-0.50851331852318,0.056,0.088,1
"FCHO2",0.183735481216771,-0.14252032098226,0.319,0.396,1
"MCM5",0.183781984511789,-0.116825377976665,0.161,0.211,1
"HSPA4L",0.184009777720686,-0.282527880315041,0.121,0.165,1
"LINC01798",0.184053729501365,0.821567606224369,0.081,0.053,1
"RRP15",0.184119065517223,-0.177867680293548,0.234,0.295,1
"COL18A1",0.184174047728804,-0.417824838969536,0.077,0.112,1
"ARMCX4",0.184302133342804,1.21365159185142,0.125,0.091,1
"FJX1",0.184398679359571,-0.103022719018581,0.714,0.818,1
"ENSG00000272049",0.184541163710183,0.683094095412733,0.069,0.042,1
"HSDL1",0.184562912460464,-0.268559268511253,0.25,0.312,1
"BORCS8",0.184570010700433,-0.425216642752152,0.153,0.204,1
"CENPW",0.184579121627566,0.930580832942786,0.02,0.007,1
"ENSG00000278899",0.184579121627566,1.03818588052837,0.02,0.007,1
"DOLK",0.18465175926278,-0.202414410854254,0.242,0.312,1
"ENSG00000278202",0.184658595344196,0.230009895436122,0.036,0.063,1
"KIF16B",0.184744099201893,-0.16923376993297,0.169,0.225,1
"ENSG00000282393",0.184902560539172,1.22401511569992,0.085,0.056,1
"TRMT11",0.184972546008394,-0.225666762253354,0.234,0.298,1
"TRMT9B",0.185051690232522,0.189291038891498,0.605,0.565,1
"ENSG00000249295",0.185066480141659,-0.772157778407848,0.032,0.056,1
"ZBTB7B",0.185181956515185,1.04290372378742,0.141,0.109,1
"AAMDC",0.185182728930416,-0.209797712317997,0.181,0.235,1
"AGBL3",0.18525325529828,-0.19299697914713,0.181,0.239,1
"ANK2",0.18526441011184,-0.191524226620346,0.544,0.611,1
"CEP350",0.185375341708113,-0.152421142987174,0.573,0.621,1
"ENSG00000260017",0.18550492532927,-0.22665078090506,0.016,0.035,1
"PIK3C2B",0.185527078623686,1.16325242860177,0.02,0.007,1
"ENSG00000291286",0.185527078623686,1.0098485583174,0.02,0.007,1
"ENSG00000291112",0.185691020679568,-0.117227584615905,0.617,0.684,1
"SLC9A7",0.185884079340854,1.22334160648347,0.04,0.021,1
"RAB21",0.186051433349909,-0.35879790081891,0.246,0.295,1
"CSGALNACT2",0.186086992520943,-0.267066774095713,0.173,0.221,1
"CHCHD7",0.18619846314874,-0.231510793714323,0.23,0.288,1
"ENSG00000273118",0.186284901986394,-0.254863489800931,0.133,0.179,1
"UPF3A",0.1863172934857,0.124506280289106,0.827,0.853,1
"PPP4R3B",0.186360155178676,-0.13735538735271,0.883,0.877,1
"RNF125",0.186478631110434,1.02075642945576,0.02,0.007,1
"IRGQ",0.186519349092575,1.01108781436742,0.04,0.021,1
"DERL2",0.186536922143008,-0.141236376157658,0.234,0.302,1
"CDK1",0.186630898245504,0.204672593711663,0.036,0.063,1
"SLC25A38",0.186812816746508,-0.177900968969902,0.214,0.274,1
"CCDC43",0.187018398393281,-0.196407195215695,0.238,0.298,1
"DDX1",0.187127772253957,0.259210343664329,0.681,0.677,1
"ENSG00000254757",0.187164076807898,0.265961224387528,0.06,0.035,1
"DCAF8-DT",0.187165057553825,-0.575547718740541,0.04,0.067,1
"TAFA2",0.187165257247173,0.673190163096788,0.169,0.133,1
"DNTTIP2",0.187227287126867,-0.211071428985647,0.609,0.691,1
"ENSG00000203279",0.187433784915261,0.969064040984029,0.02,0.007,1
"TACR2",0.187433784915261,0.797901390008417,0.02,0.007,1
"TRIM13",0.187474609908535,-0.148727074426541,0.468,0.572,1
"STON2",0.187627185187277,-0.308120811691859,0.476,0.519,1
"ENSG00000271793",0.187687177176285,-0.512119411690849,0.024,0.046,1
"PPP1R3D",0.187721082852677,-0.498331774698825,0.121,0.158,1
"SRSF7",0.18773756833413,0.154113243906097,0.867,0.884,1
"TMEM184A",0.187868308191671,-0.585714199313769,0.069,0.102,1
"GTF2H2C",0.187909697788784,0.601819417124591,0.044,0.074,1
"SUCLG1",0.187978351797812,0.31965491645664,0.585,0.632,1
"SUV39H1",0.188020481071924,-0.87013073902455,0.056,0.084,1
"PAOX",0.188434781498322,1.07809722885378,0.04,0.021,1
"ENSG00000285758",0.18860783372607,-0.410665540280736,0.04,0.067,1
"NUP37",0.188636526268178,0.428145729119998,0.407,0.396,1
"CPOX",0.188665181871866,-0.279452519841569,0.073,0.109,1
"NRAS",0.18866808148336,0.657145965997102,0.262,0.235,1
"KBTBD3",0.188958989176788,-0.438335189059107,0.117,0.158,1
"TOX",0.189064868439342,-0.361256283228927,0.214,0.274,1
"PTTG1",0.18907647239359,1.06831523336784,0.04,0.021,1
"QPCTL",0.18907647239359,1.12228949453938,0.04,0.021,1
"RTCB",0.189098256495299,-0.143087257059588,0.5,0.579,1
"FRMD4A",0.189263544391288,-0.737091830520191,0.032,0.056,1
"LINC02482",0.189264397053393,0.628494069144639,0.177,0.14,1
"MTRF1",0.189274074402655,-0.278839004427332,0.149,0.2,1
"SLC11A1",0.189336451274162,-0.300872609731709,0.077,0.112,1
"HDDC3",0.18944805563471,0.475503569178953,0.246,0.214,1
"CLDN9",0.189457501379998,-0.660079532659091,0.024,0.046,1
"SBF2-AS1",0.189457501379998,-0.464914343016415,0.024,0.046,1
"RBMX",0.189552810051057,0.18370202975033,0.766,0.737,1
"ZNF526",0.189793071548751,-0.57780214192939,0.032,0.056,1
"DDX20",0.190009751381402,-0.138225242878458,0.181,0.239,1
"DPF1",0.190014093039662,-0.481431534743684,0.048,0.077,1
"NCAPG2",0.190050335674516,-0.907792988135843,0.024,0.046,1
"TBC1D14",0.190054271160959,0.232005787987868,0.508,0.484,1
"IFI27L2",0.190055048834022,0.481277931351235,0.282,0.256,1
"TPBG",0.190142291392774,-0.250266875789465,0.161,0.211,1
"HACD2",0.190156021949732,-0.175175077717088,0.331,0.404,1
"NUBPL",0.190177287797148,-0.266240624166578,0.238,0.295,1
"C9orf78",0.190182667087032,0.118331200465601,0.621,0.554,1
"FOXC1",0.19021494295416,0.143825587541194,0.097,0.137,1
"PGBD4",0.190313742943546,-0.157687353264317,0.065,0.098,1
"ENSG00000279064",0.190364684524048,0.95822853720881,0.04,0.021,1
"TCTE1",0.190421920831687,0.505879968582867,0.335,0.295,1
"PAIP1",0.190508743296241,-0.175643345257469,0.548,0.611,1
"SZRD1",0.190612996467138,-0.259165323511093,0.19,0.239,1
"DENND5B",0.190618021302454,-0.37840085864513,0.242,0.302,1
"ENSG00000267314",0.190644535277587,-0.615238344954844,0.024,0.046,1
"ENSG00000285755",0.190644535277587,-0.657042490965423,0.024,0.046,1
"TFE3",0.190666094421526,-0.367813962094997,0.202,0.249,1
"SMIM26",0.190786935419715,0.23435332469194,0.685,0.695,1
"WWTR1",0.190822650558492,-0.305822574898539,0.399,0.47,1
"PGM2L1",0.190834682576065,0.283469274298106,0.613,0.582,1
"PINLYP",0.190855399017979,-0.7150040740883,0.032,0.056,1
"TMSB10",0.19087222986039,0.178148777675936,0.923,0.958,1
"GSK3B-DT",0.190878292043045,0.534663320814379,0.129,0.095,1
"ENTPD3-AS1",0.190909230981374,-0.208727500485764,0.206,0.26,1
"NPEPL1",0.191114708263962,-0.308665937417388,0.065,0.098,1
"VWA7",0.191114708263962,-0.262669162625237,0.065,0.098,1
"C2orf49",0.191238125603226,-0.147901352930367,0.302,0.361,1
"ATP11B",0.191340846420685,-0.263684408705132,0.27,0.333,1
"NVL",0.191366829203063,-0.191466632287847,0.177,0.235,1
"RNF19B",0.191386881187958,-0.149930786179075,0.423,0.495,1
"TECR",0.191481532835541,0.159868125162651,0.702,0.698,1
"LRRC59",0.191504905993544,-0.153773989070311,0.609,0.67,1
"PRELID3B",0.191581930437654,-0.210672649843439,0.419,0.495,1
"ZMIZ2",0.191738522683449,0.297611540405285,0.367,0.34,1
"ALG9",0.191837035640228,-0.406064734765515,0.024,0.046,1
"HAVCR2",0.191837035640228,-0.701179937301833,0.024,0.046,1
"NHLRC2",0.191999967109428,0.191577108963515,0.427,0.382,1
"CYP51A1-AS1",0.192309103816722,0.892928188620682,0.04,0.021,1
"PIK3IP1-DT",0.192309103816722,0.86839444794612,0.04,0.021,1
"TIMELESS",0.192499957695345,-0.6933672623168,0.065,0.095,1
"ERCC1",0.192610487999378,0.362791209079038,0.298,0.26,1
"NMT2",0.192633577927711,-1.24668190300942,0.012,0.028,1
"PSMB9",0.192886877968381,0.305544741013613,0.29,0.246,1
"DNAAF3",0.192908806303153,0.167531089066572,0.827,0.877,1
"YJU2",0.192927256891159,-0.286691266282666,0.056,0.088,1
"BCLAF3",0.192969723916135,-0.228439177064294,0.145,0.193,1
"LPAR3",0.192987527671879,0.258128844481694,0.464,0.411,1
"STRAP",0.192989967706088,-0.174019450280529,0.31,0.375,1
"GRPEL1",0.193111893968951,0.412184843350054,0.323,0.288,1
"TMEM9B-AS1",0.193127969854364,-0.117811368668338,0.065,0.098,1
"METTL14",0.19320022253264,-0.168922024767405,0.202,0.26,1
"SSH1",0.19326449202986,-0.243073364376231,0.149,0.196,1
"ENSG00000269693",0.193416620310519,-1.49203020972675,0.012,0.028,1
"LDHB",0.193436996746723,0.157709011703608,0.778,0.811,1
"TM4SF4",0.193613470203344,0.184969133039827,0.04,0.021,1
"RAPH1",0.193727616121493,0.50050895275935,0.214,0.179,1
"MICA",0.193968196462127,-0.557172198593046,0.04,0.067,1
"LINC01927",0.194201997923328,-1.06073881128949,0.012,0.028,1
"ZNF766",0.194357374144997,-0.292865261727558,0.19,0.239,1
"RNF214",0.194423583826326,-0.36484435269883,0.181,0.228,1
"YWHAEP7",0.194535496088137,-0.570992121518187,0.06,0.091,1
"ATP8B5P",0.194608010959232,-0.50867554173071,0.032,0.056,1
"ENSG00000282278",0.194608010959232,-0.499976001502219,0.032,0.056,1
"METTL27",0.194659271092276,0.25820542726654,0.399,0.368,1
"C1QTNF3-AMACR",0.194697859071653,0.269756513742225,0.23,0.186,1
"LINC01232",0.194924321484231,0.74550198926288,0.04,0.021,1
"ZFP92",0.194966457646856,-0.315679718078786,0.089,0.126,1
"RPP40",0.194985111851549,-0.248289655715682,0.077,0.112,1
"TCF20",0.194987720273081,-0.131131391286737,0.202,0.256,1
"MIR2117HG",0.194989713600669,-1.2055467349188,0.012,0.028,1
"STK4",0.194995300511983,-0.245790146890125,0.274,0.34,1
"TNFRSF14",0.195022511609165,-0.273403777184742,0.097,0.137,1
"MPP1",0.195185806302257,-0.557902207827675,0.117,0.154,1
"MED6",0.195361890376176,-0.395278349466,0.185,0.232,1
"SPTLC2",0.195389694868362,-0.186953328911552,0.613,0.663,1
"DENND1C",0.195582183048526,0.843825410372812,0.04,0.021,1
"DNAJC28",0.195582183048526,0.777621701458846,0.04,0.021,1
"ENSG00000261840",0.19577977016096,-1.33078358993944,0.012,0.028,1
"GDF11",0.19577977016096,-1.03553871885134,0.012,0.028,1
"ENSG00000287886",0.19577977016096,-1.17151681837055,0.012,0.028,1
"PDC-AS1",0.195843089767936,0.300935368956356,0.073,0.046,1
"LRIF1",0.195870897295276,-0.113651032952394,0.294,0.361,1
"ITPA",0.196005394886643,0.539807954050425,0.319,0.288,1
"RPS19BP1",0.196027498197373,0.630217507193542,0.185,0.151,1
"MLLT10",0.196039079775862,-0.311151791119372,0.25,0.309,1
"GATD1-DT",0.196096630521549,-0.391411100342489,0.081,0.116,1
"MINCR",0.196116605624589,0.514095436847899,0.169,0.133,1
"KIAA0586",0.196122210921858,-0.4796822038412,0.282,0.337,1
"PHB2",0.19616056155514,0.270863385079419,0.601,0.6,1
"DPY19L1",0.196166228724863,-0.199959301935421,0.298,0.368,1
"ENSG00000290003",0.196214616445268,0.279243507506903,0.536,0.512,1
"RASA1",0.196310449735426,-0.209954274258018,0.403,0.47,1
"WDR44",0.19649418757056,-0.190407704996429,0.149,0.196,1
"MAP3K20",0.196545479645854,-0.137855179454284,0.673,0.716,1
"LINC01752",0.196572170406416,-0.969861761537006,0.012,0.028,1
"MFF-DT",0.196572170406416,-1.30852475435499,0.012,0.028,1
"SPINK13",0.196572170406416,-1.56683702044124,0.012,0.028,1
"TFF3",0.196615068680932,-0.264533668553657,0.282,0.228,1
"USP3-AS1",0.196661908570188,-0.284105418642968,0.024,0.046,1
"ISYNA1",0.196769289978737,0.899088390233431,0.125,0.095,1
"NAT9",0.196776519508225,-0.561263139645003,0.032,0.056,1
"ZYG11B",0.196792838221068,-0.161752923930203,0.19,0.239,1
"ENSG00000276390",0.196852871481916,-0.265139545831253,0.048,0.077,1
"FBXO8",0.196959078744889,0.154517259825896,0.641,0.611,1
"PHTF2",0.197046990604565,-0.564513295831262,0.044,0.07,1
"RXRA",0.19705710982249,0.333693060428713,0.54,0.516,1
"LRRFIP2",0.197069625510109,0.155555506378591,0.629,0.575,1
"RND2",0.197271211760847,-0.168535321830498,0.024,0.046,1
"DFFB",0.197335231100221,0.512513086419269,0.105,0.074,1
"WNT9A",0.197349483357501,0.316823063390582,0.302,0.27,1
"ENSG00000285943",0.19736691712295,-0.803039390921197,0.012,0.028,1
"ENSG00000289809",0.19736691712295,-0.654644894974728,0.012,0.028,1
"OPCML",0.19736691712295,-0.870990434599831,0.012,0.028,1
"CSAD",0.197431012845942,0.367970534832377,0.117,0.161,1
"ENSG00000265749",0.197489049821819,1.47420600423515,0.048,0.028,1
"RNF169",0.197767093161534,-0.261062259901312,0.246,0.298,1
"LAMTOR5-AS1",0.197951009891206,-0.230552927721247,0.169,0.221,1
"C1orf226",0.198164013080088,-0.676499318995583,0.012,0.028,1
"CLIC4",0.198164013080088,-0.685019950399918,0.012,0.028,1
"TMC8",0.198164013080088,-1.06247756105829,0.012,0.028,1
"ZNF860",0.198164013080088,-0.771981559662362,0.012,0.028,1
"ZRANB2-AS1",0.198164013080088,-0.592144311682083,0.012,0.028,1
"MCM2",0.19823639973541,0.376670177859711,0.258,0.221,1
"OIP5-AS1",0.198330299958393,-0.185173397732882,0.694,0.719,1
"TRIM25",0.198408039527368,-0.213030299714519,0.302,0.361,1
"ZXDA",0.198414475574947,-0.409080105017852,0.032,0.056,1
"BACE1-AS",0.198435283554921,-0.111428238424696,0.065,0.098,1
"ENSG00000228037",0.198493961346974,-0.271406141941942,0.024,0.046,1
"TMED7-TICAM2",0.19856422868371,-0.289346350808413,0.069,0.102,1
"ZNF436",0.19861111741539,-0.245868705403385,0.113,0.154,1
"OXTR",0.198685923557129,0.136005632045231,0.222,0.274,1
"NDUFS7",0.198700864535499,-0.219674214053781,0.181,0.242,1
"ZNF608",0.198759865350907,-0.229002153897999,0.298,0.365,1
"ZNF7",0.198837259029887,-0.303806390445388,0.109,0.151,1
"SMUG1",0.198840488257056,0.164508031959645,0.278,0.235,1
"ANKRD24",0.198963461030874,-0.672840668805936,0.012,0.028,1
"FBXL19",0.198963461030874,-0.816679124035751,0.012,0.028,1
"PIWIL4",0.198963461030874,-0.736081851787561,0.012,0.028,1
"TNPO1-DT",0.198963461030874,-0.860763604882244,0.012,0.028,1
"SCO2",0.198992201506051,0.361323428800172,0.395,0.365,1
"SURF2",0.199058169848035,0.462600073554137,0.323,0.298,1
"ENSG00000236358",0.199107410221512,0.544995068463185,0.024,0.046,1
"SYT17",0.199211927556405,1.21578539795302,0.044,0.025,1
"GTF3C3",0.199267985963662,-0.152727617917242,0.371,0.446,1
"SELENOI",0.199388976498797,-0.250201557461693,0.141,0.186,1
"DGKQ",0.199439558089573,-0.334779801043923,0.04,0.067,1
"CDC7",0.199511971367338,-0.343555674505676,0.032,0.056,1
"ENSG00000253348",0.199765263711777,0.332768223980819,0.012,0.028,1
"ENSG00000286883",0.199765263711777,-0.907872975058984,0.012,0.028,1
"RNF135",0.199807381317178,-0.284667098891653,0.214,0.263,1
"MCL1",0.19987683530138,-0.169079161565688,0.722,0.782,1
"E2F5",0.199882258704007,-0.156142720520675,0.194,0.253,1
"HYKK",0.200062379428686,-0.649555357893163,0.032,0.056,1
"DTWD1",0.200119818868174,-0.306908514700529,0.294,0.354,1
"SNRNP27",0.200256292217678,0.328483731300807,0.496,0.495,1
"EIF2B5",0.200355618813368,0.288461570124334,0.315,0.274,1
"CHSY1",0.200382718244863,0.580035387120386,0.137,0.105,1
"ZNHIT1",0.200427191260127,-0.11429447862124,0.613,0.698,1
"TP53AIP1",0.200438471557227,0.419533625241786,0.319,0.291,1
"ENSG00000228144",0.200569423842598,-0.629317814334994,0.012,0.028,1
"ENSG00000243389",0.200569423842598,-0.536807436357263,0.012,0.028,1
"PKD1L2",0.200569423842598,-0.509058246449715,0.012,0.028,1
"ENSG00000239593",0.200569423842598,-0.194312056574301,0.012,0.028,1
"SLC1A4",0.200823899788365,-0.390586222194032,0.153,0.2,1
"ENSG00000290924",0.200999916744446,-0.179217504741194,0.121,0.165,1
"CLTC",0.201242164799948,0.158864310310806,0.944,0.902,1
"CCDC110",0.201720254736929,-0.171509508212519,0.032,0.056,1
"SPESP1",0.201916783055578,-0.620818068957909,0.044,0.07,1
"RPS6KA2",0.201918766879681,-0.137633254060336,0.411,0.505,1
"EIF2AK2",0.201939954885749,0.178834568024393,0.714,0.702,1
"ENSG00000271551",0.202184827249327,-0.364124605619106,0.012,0.028,1
"ENSG00000287033",0.202184827249327,-0.404947071268899,0.012,0.028,1
"NXPH1",0.202184827249327,-0.154583642557388,0.012,0.028,1
"NCKAP5",0.202195444472917,0.52673235287211,0.024,0.046,1
"SRP14-DT",0.202246070130259,-0.101693002735614,0.165,0.221,1
"PPARG",0.202383254444631,0.610758743319466,0.044,0.025,1
"MARVELD2",0.202723739045679,0.260645377615474,0.444,0.414,1
"CTNNA2",0.202831056191239,-0.667065432289941,0.032,0.056,1
"DARS2",0.203052623110718,-0.162231585287029,0.161,0.211,1
"PRR13",0.203183394694955,0.141233219659276,0.94,0.884,1
"AGPAT3",0.203184481891607,-0.134782440666115,0.452,0.537,1
"ANK3-DT",0.203276988269193,-0.426617038811833,0.105,0.144,1
"EIF5AL1",0.20340570649712,1.51934971140482,0.121,0.091,1
"TIMMDC1",0.203450132258201,-0.117863288354373,0.52,0.628,1
"RAB12",0.203579631597944,0.428275106529152,0.444,0.407,1
"ZNF337",0.203629272720138,-0.310210640374396,0.173,0.221,1
"PPIL3",0.203631596584951,0.309972227868684,0.395,0.358,1
"ENSG00000243276",0.203809692672671,-0.651653113727619,0.012,0.028,1
"ENSG00000287260",0.203809692672671,-0.841942313922983,0.012,0.028,1
"PIGO-AS1",0.203809692672671,-0.43029651326585,0.012,0.028,1
"RAC2",0.203809692672671,0.627721989831379,0.012,0.028,1
"XACT",0.203809692672671,0.552192410194309,0.012,0.028,1
"RTRAF",0.203825695343433,0.149673973362116,0.673,0.635,1
"ENTPD1-AS1",0.203900510023068,0.517975645908014,0.157,0.123,1
"FKBP3",0.203946791126946,-0.27241951688626,0.411,0.463,1
"ANKRD9",0.203954260947655,1.16437495259756,0.052,0.032,1
"F8A1",0.203970243982905,0.10625981100594,0.198,0.249,1
"ODF3L1",0.204160171752648,-0.771707724506471,0.065,0.095,1
"RNMT",0.204578249819231,-0.267137982136487,0.254,0.312,1
"HSPA13",0.204697746668869,-0.489356273557915,0.052,0.081,1
"STAT2",0.204797339258752,-0.105449511509802,0.399,0.463,1
"LINC02289",0.204801979107313,-0.356979979615157,0.06,0.091,1
"GRTP1",0.204808689635763,0.650856580419977,0.117,0.088,1
"KDSR-DT",0.204942066263226,-0.277516284895631,0.141,0.186,1
"MRPL28",0.204998790318179,-0.269916163519343,0.145,0.193,1
"ENSG00000253392",0.205066012882644,-0.249961824000703,0.032,0.056,1
"SNX16",0.205109059568011,-0.266022240407156,0.069,0.102,1
"CTSZ",0.205157720231542,-0.219832791393951,0.173,0.225,1
"MTFR1L",0.20538755553124,0.274950057286835,0.379,0.34,1
"ATXN2",0.205443712875062,-0.148664200773273,0.653,0.74,1
"THAP11",0.205479040247923,0.354116128124855,0.367,0.344,1
"AHCY",0.205553024201528,0.499663713849325,0.238,0.204,1
"TNKS1BP1",0.205773358333659,-0.284606251694559,0.198,0.242,1
"PISD",0.205842583458843,-0.559528279968578,0.089,0.123,1
"GNL2",0.206254527777483,-0.270369895327015,0.343,0.407,1
"PXYLP1",0.206330198115483,-1.27607132008116,0.02,0.039,1
"C12orf4",0.206396961561393,-0.257419258408176,0.125,0.168,1
"STK32C",0.206501387565443,-0.31689164765423,0.19,0.235,1
"HAUS2",0.206513747317938,-0.318210276948724,0.185,0.232,1
"YIPF1",0.206553353371728,-0.116440600444657,0.343,0.425,1
"POLR1C",0.206608919754269,0.279928014659965,0.5,0.502,1
"C11orf54",0.206684324536754,-0.247710117879375,0.319,0.393,1
"STARD3",0.206958067953121,-0.148937747847904,0.173,0.228,1
"ITCH",0.207028105093831,0.222304337982132,0.206,0.27,1
"ZNF350",0.207302950960869,-0.328103461017376,0.073,0.105,1
"NOC3L",0.207576799820472,-0.386679912948066,0.226,0.277,1
"C5orf63",0.207577753633022,0.647774380677641,0.121,0.091,1
"BPGM",0.207658627565199,-0.139870338267792,0.165,0.218,1
"HUS1",0.207895676779795,-0.375515341179577,0.145,0.189,1
"CFAP97",0.208090410191069,0.276947012773264,0.726,0.709,1
"SNX25",0.208176626228552,-0.373072647507519,0.335,0.396,1
"PLEKHB1",0.208335997766538,0.360042378156359,0.625,0.586,1
"STARD7",0.20847124714853,0.26600891585575,0.536,0.512,1
"SCAP",0.208545443522314,0.135174130659623,0.165,0.218,1
"TTC23",0.208612284626471,-0.369998848036005,0.141,0.182,1
"PARP2",0.208643773583707,-0.104884379206514,0.125,0.172,1
"TRNT1",0.208654347862457,0.272152733436332,0.234,0.284,1
"FAM185A",0.208751760304038,-0.190340209451598,0.06,0.091,1
"ACTG1",0.208826046776415,0.111947738321872,0.919,0.895,1
"RERGL",0.20908299696916,-0.885578655416261,0.02,0.039,1
"ZNF737",0.209128726788741,0.390927481463441,0.198,0.161,1
"SLC25A25",0.20914892478312,-0.205420759734085,0.173,0.221,1
"BAZ1B",0.209154387643036,0.20542087307889,0.653,0.67,1
"DUBR",0.209264502987828,-0.192039061330331,0.456,0.512,1
"EML3",0.209327014386537,-0.232775115113498,0.226,0.281,1
"DMAC2L",0.209356314542404,-0.16741067737175,0.234,0.295,1
"ZFP91",0.209450985275217,-0.19604361092597,0.468,0.544,1
"LPCAT2",0.209489341456423,0.838391316632442,0.044,0.025,1
"TRAF5",0.209494524528987,-0.146499635096133,0.085,0.123,1
"GOLGA3",0.209582810045954,-0.119212162796398,0.206,0.256,1
"DDX41",0.209583527553999,0.640962757600693,0.21,0.179,1
"KRBA1",0.209839853070452,1.11357660931031,0.052,0.032,1
"LDLRAD4",0.210077329748394,-0.238705256983389,0.484,0.572,1
"ENSG00000291188",0.210079553012533,-0.463232457869072,0.097,0.133,1
"STX10",0.2103605691053,-0.224605868750914,0.081,0.116,1
"ENSG00000267787",0.210469331661147,-0.797739258010906,0.02,0.039,1
"DHX33",0.21047626873564,-0.393919773091322,0.169,0.214,1
"YBX3",0.21075591626585,0.113992698400028,0.984,0.993,1
"TMEM177",0.210777374195315,-0.362838136904617,0.052,0.081,1
"PLEKHM2",0.211020459960916,-0.218815678879565,0.153,0.196,1
"ERICH6",0.211061443410755,1.38898502696823,0.065,0.042,1
"PRR34-AS1",0.21155012844562,-0.291443751677342,0.266,0.326,1
"C1orf53",0.211672414932294,0.688789840479009,0.129,0.098,1
"PITPNM2",0.211699078751219,-0.613087702476673,0.069,0.098,1
"ZNF767P",0.211836670617607,0.429873800624221,0.085,0.119,1
"ENSG00000289516",0.212030549689268,-0.838919527084048,0.028,0.049,1
"PLEKHA2",0.212059478327916,-0.180113046608788,0.286,0.34,1
"DHTKD1",0.212090212039599,0.395815484118644,0.25,0.214,1
"ENSG00000291101",0.212117659535435,0.527086777783549,0.044,0.025,1
"DPY19L2P2",0.2122239055271,-0.143890709137599,0.387,0.453,1
"RPL39L",0.212420389425942,-0.558029684378123,0.056,0.084,1
"CYB5B",0.212505276184281,0.214382412896043,0.629,0.614,1
"EBLN3P",0.212679463761265,-0.123374782728227,0.815,0.87,1
"PFKFB2",0.212780481672042,-0.149317406638698,0.294,0.351,1
"RALY",0.213047655202538,0.46107389215498,0.46,0.435,1
"ABCB8",0.213141512279378,-0.252555087464327,0.081,0.116,1
"GAN",0.213238921680395,0.420879125516007,0.153,0.119,1
"TIGD2",0.213258396196665,-0.843602931696377,0.028,0.049,1
"C14orf119",0.213275119501681,-0.128697306560175,0.403,0.484,1
"NT5C2",0.213330098536185,-0.220232164877334,0.496,0.582,1
"SUPT16H",0.213610398469636,0.168608565160612,0.569,0.544,1
"SHANK3",0.213725169185897,-0.211571722261365,0.181,0.228,1
"ALAS1",0.213739839824097,-0.197111278785593,0.214,0.27,1
"POLD2",0.213753878037559,0.301397742948234,0.504,0.516,1
"NPIPB5",0.213964238834723,-0.660130496937668,0.02,0.039,1
"CRTC2",0.214190093405808,0.130591949799261,0.081,0.119,1
"ENSG00000224376",0.214308486831237,1.46829942060551,0.024,0.011,1
"ENSG00000290957",0.214633192721013,0.502660674369917,0.254,0.225,1
"TPTEP2-CSNK1E",0.214764352598623,0.726087944496477,0.056,0.035,1
"LSM8",0.214782694896377,0.255263028471398,0.48,0.477,1
"PSMC1",0.214890986093951,-0.161910889385968,0.476,0.547,1
"MON1B",0.215031750938228,-0.161202095605262,0.218,0.27,1
"SZT2",0.215039608918746,-0.164119930843321,0.177,0.228,1
"FGF12",0.215162273298798,-0.720363662591899,0.036,0.06,1
"MRLN",0.215166231292766,0.120065133329848,0.835,0.891,1
"ENSG00000291077",0.215242370109602,1.65245029915629,0.024,0.011,1
"MCM6",0.215242370109602,1.89244093101723,0.024,0.011,1
"CYP2U1-AS1",0.215328972501658,-0.443459806928896,0.077,0.109,1
"MFAP3",0.215331164613451,0.37717730433582,0.262,0.218,1
"NUS1",0.215345425946384,-0.113810468620983,0.383,0.456,1
"ENSG00000290048",0.215373859590649,-0.662054078124348,0.02,0.039,1
"L2HGDH",0.215424039190385,0.277770914377536,0.085,0.056,1
"NARS2",0.215524272085788,-0.148620999433496,0.226,0.284,1
"CBX7",0.215565985209514,0.490255749585523,0.347,0.323,1
"ENSG00000254363",0.215623376053416,-1.35525721890429,0.008,0.021,1
"ENSG00000275322",0.215623376053416,-1.28394511696677,0.008,0.021,1
"TAGLN3",0.215623376053416,-1.41312713463066,0.008,0.021,1
"SEMA3E",0.215701804288652,0.401755247655485,0.173,0.137,1
"ABHD8",0.215721900828925,0.968676881504306,0.06,0.039,1
"TARS1-DT",0.215765648887539,-0.50196502832627,0.097,0.13,1
"MED10",0.215774035101353,0.712277186869084,0.234,0.2,1
"HIC2",0.21584743679728,1.17162682667954,0.052,0.032,1
"SUV39H2",0.21584743679728,1.00518577570314,0.052,0.032,1
"IKZF4",0.215874980150561,0.374203358573969,0.306,0.274,1
"ANKRD50",0.215953417593631,0.816506916290389,0.048,0.028,1
"CFAP100",0.216015923271225,-0.177799668680008,0.54,0.582,1
"SEPTIN7-DT",0.216022827136614,-0.320632028794581,0.052,0.081,1
"ENSG00000285669",0.2161046783874,-0.132543749189519,0.044,0.025,1
"RASSF3",0.216263470401667,-0.267446428794427,0.052,0.081,1
"MAX",0.216295438315223,0.191157330969578,0.56,0.537,1
"SWSAP1",0.216445739429032,-0.292292548145567,0.073,0.105,1
"ACD",0.216514022949621,0.725434999117254,0.145,0.116,1
"PACS2",0.216575626248685,-0.13611258006908,0.173,0.221,1
"ZBTB5",0.21660568082915,0.836057703211008,0.137,0.109,1
"NOCT",0.216617435541825,-1.30620105305082,0.008,0.021,1
"DUS4L",0.216652224222503,0.580913851393563,0.153,0.123,1
"SP2-DT",0.216660827104632,0.192273694164044,0.379,0.34,1
"ZNF34",0.216790158682712,-0.807603363704327,0.02,0.039,1
"MRC2",0.21706367147522,1.16326649831043,0.052,0.032,1
"AADAT",0.217118925879091,1.41480740892995,0.024,0.011,1
"ENSG00000227388",0.217118925879091,1.37214086592387,0.024,0.011,1
"NPTN",0.217152787379298,-0.108734538039967,0.863,0.902,1
"HACE1",0.217214821231892,-0.53934467370678,0.093,0.126,1
"SH3GL1",0.217302697909512,0.607435029810519,0.181,0.147,1
"SNUPN",0.217415694015597,-0.104006238830473,0.125,0.168,1
"ENSG00000286753",0.217500816025748,-0.449158181957982,0.02,0.039,1
"ENSG00000229262",0.217500816025748,-0.611235722331513,0.02,0.039,1
"TMEM200C",0.217529439044314,-0.186757085982103,0.101,0.14,1
"RNF24",0.217541960318643,-0.370929198547499,0.097,0.133,1
"ENSG00000290574",0.217563246153952,1.01344099377951,0.085,0.06,1
"PUM3",0.217593504153482,0.245052568947232,0.335,0.288,1
"ENSG00000251314",0.217614788817467,-1.13719559158503,0.008,0.021,1
"ENSG00000255655",0.217614788817467,-1.32211891183658,0.008,0.021,1
"ZDBF2",0.217614788817467,-1.33828494451646,0.008,0.021,1
"NOTCH2NLC",0.217726040574125,-0.176510973824738,0.06,0.091,1
"TST",0.217831447025871,0.215372147176711,0.532,0.537,1
"CARM1",0.218054511196434,0.307848862511669,0.391,0.361,1
"CCDC80",0.218061604713694,1.33126747651699,0.024,0.011,1
"MCOLN2",0.218061604713694,1.34107701715508,0.024,0.011,1
"BRWD1-AS2",0.218061604713694,1.31597856440784,0.024,0.011,1
"PNP",0.218070600729658,0.276099238991704,0.31,0.274,1
"ENSG00000287435",0.218213147040061,-0.581268830777329,0.02,0.039,1
"SETDB1",0.2183650398876,-0.148187514379541,0.278,0.337,1
"MIEF2",0.218531905962456,-0.211242853839667,0.214,0.277,1
"DHCR24",0.218542119977719,-0.296196599510272,0.137,0.182,1
"ENSG00000278733",0.218615439621603,-0.93295965183043,0.008,0.021,1
"FABP12",0.218615439621603,-1.09559647112162,0.008,0.021,1
"FAM153B",0.218615439621603,-1.3109582784568,0.008,0.021,1
"FMNL3",0.218615439621603,-1.1496784153365,0.008,0.021,1
"MRPS28",0.218779516829393,-0.154522413265163,0.125,0.168,1
"UFD1",0.218885523610673,-0.184375130028402,0.323,0.382,1
"SAC3D1",0.218927153069355,-0.520996744854055,0.02,0.039,1
"ZNF783",0.218927153069355,-0.497664033915044,0.02,0.039,1
"TAF1C",0.218940202019387,0.592856659682605,0.181,0.147,1
"LRP12",0.218988857823068,0.850862965801619,0.105,0.077,1
"ENSG00000269968",0.219007221697841,1.17146747247619,0.024,0.011,1
"RBM25-AS1",0.219007221697841,1.2957785460616,0.024,0.011,1
"MBD1",0.219016068806505,-0.113323355404061,0.302,0.375,1
"PHIP",0.219062393325301,-0.17296961384572,0.839,0.874,1
"BLOC1S2",0.219177328550784,-0.139283690734647,0.234,0.298,1
"AAR2",0.219229141805265,-0.236518250640397,0.246,0.309,1
"PRKACA",0.21929599362042,0.270063079013775,0.427,0.4,1
"IRF2BP1",0.219357507778936,-0.196888560549005,0.085,0.119,1
"ZNF382",0.219437607202801,-0.384139856712551,0.101,0.137,1
"ALG3",0.219512945192091,-0.16787409320379,0.177,0.228,1
"NFIX",0.219609551346975,0.578727738066384,0.331,0.316,1
"ACOXL-AS1",0.219619391660513,-0.885145952150593,0.008,0.021,1
"ENSG00000290441",0.219619391660513,-1.16783625603525,0.008,0.021,1
"NLGN4Y",0.219619391660513,-0.803958217266914,0.008,0.021,1
"ZNF792",0.219619391660513,-0.819137958439415,0.008,0.021,1
"RBFADN",0.219642835448289,-0.513754836020017,0.02,0.039,1
"KIF23",0.219955779934031,1.12336782416109,0.024,0.011,1
"SEC16B",0.219955779934031,1.2752397090755,0.024,0.011,1
"CAMSAP2",0.22002963621365,0.103086980089083,0.129,0.168,1
"FBXL15",0.220030646642313,0.998013354976634,0.056,0.035,1
"ZXDB",0.220041201418294,-0.121612804491145,0.117,0.161,1
"BCDIN3D",0.220046730803781,0.428915543661048,0.274,0.242,1
"PIP4K2A",0.220057428868948,0.952263663942746,0.169,0.137,1
"MUS81",0.220059179295556,-0.128399761499029,0.194,0.253,1
"SRRD",0.220173811460837,-0.531727739014388,0.044,0.07,1
"TERF1",0.220357169645898,0.264150758335254,0.391,0.354,1
"ECHDC3",0.220360195502445,-0.580231695546988,0.02,0.039,1
"ANAPC10",0.220411469346516,0.458310569525179,0.141,0.109,1
"VPS8",0.2204829280255,0.838032762979641,0.185,0.151,1
"ADAM7-AS1",0.2206266486053,-0.770500564207356,0.008,0.021,1
"EEF1A1-AS1",0.2206266486053,-1.12965845964527,0.008,0.021,1
"FAM156A",0.2206266486053,-0.835447496103059,0.008,0.021,1
"FLJ40194",0.2206266486053,-0.830093418358549,0.008,0.021,1
"PCOTH",0.2206266486053,-0.936218009890831,0.008,0.021,1
"SCN9A",0.2206266486053,-0.69886911864476,0.008,0.021,1
"SUGCT",0.2206266486053,-1.12469641590648,0.008,0.021,1
"THSD7B",0.2206266486053,-0.799274773877287,0.008,0.021,1
"TPRG1-AS1",0.2206266486053,-0.830428840892615,0.008,0.021,1
"ZNF66",0.220697329163158,-0.545158317848434,0.044,0.07,1
"HIF1A-AS3",0.220741935748868,0.845381885297187,0.052,0.032,1
"ENSG00000254682",0.22074369706677,0.787256473742104,0.109,0.081,1
"PHEX",0.220786686285788,0.882097828540163,0.093,0.067,1
"LRRC42",0.220825500689303,-0.326128705845987,0.29,0.34,1
"TBC1D20",0.22084165986188,-0.225734452193277,0.258,0.319,1
"DDX11L16",0.220907282496803,0.964178505939024,0.024,0.011,1
"ENSG00000276564",0.220907282496803,1.13694795771138,0.024,0.011,1
"PIK3CD-AS2",0.220907282496803,1.05360106581017,0.024,0.011,1
"STUB1",0.220976158581867,0.499769878128356,0.387,0.365,1
"ENSG00000288096",0.221079234548288,-0.3499652531409,0.02,0.039,1
"EFCAB11",0.221156522367198,0.281381767812128,0.44,0.411,1
"TUBG2",0.221221738870952,-0.499317127923206,0.044,0.07,1
"ARRDC4",0.221236882689879,0.462676865251867,0.472,0.446,1
"ENSG00000289537",0.221359331944623,-0.526490723350333,0.056,0.084,1
"LYPD1",0.221364626360017,-0.697466889371129,0.028,0.049,1
"DNAI7",0.221613516108901,-0.158274000907872,0.835,0.877,1
"ABCG4",0.221637214091697,-0.99453105458497,0.008,0.021,1
"ENSG00000266368",0.221637214091697,-0.800697630818626,0.008,0.021,1
"ENSG00000266490",0.221637214091697,-0.710540465219893,0.008,0.021,1
"ENSG00000279623",0.221637214091697,-0.800629735473477,0.008,0.021,1
"ENSG00000287378",0.221637214091697,-0.534095027765819,0.008,0.021,1
"ENSG00000288580",0.221637214091697,-0.91261706349007,0.008,0.021,1
"FAM13A-AS1",0.221637214091697,-0.724105094278552,0.008,0.021,1
"LINC00299",0.221637214091697,-1.19291529766496,0.008,0.021,1
"MAJIN",0.221637214091697,-0.637790977567751,0.008,0.021,1
"MIR4300HG",0.221637214091697,-0.662554813101059,0.008,0.021,1
"MSH5",0.221637214091697,-0.811894948782341,0.008,0.021,1
"MTCP1",0.221637214091697,-0.635234104017716,0.008,0.021,1
"NQO1-DT",0.221637214091697,-0.557383511674374,0.008,0.021,1
"WWP1-AS1",0.221637214091697,-0.408479751649216,0.008,0.021,1
"RFX3",0.221654978895393,-0.137867094643954,0.891,0.916,1
"FER1L6",0.22179995389313,-0.510063439970157,0.02,0.039,1
"LINC03002",0.22179995389313,-0.317399942722835,0.02,0.039,1
"SLC28A1",0.22179995389313,-0.467490780115527,0.02,0.039,1
"ENSG00000284738",0.221861732432593,1.10932863507613,0.024,0.011,1
"ZNF850",0.221861732432593,1.04753310136494,0.024,0.011,1
"PDLIM7",0.22197789963739,0.678411866612975,0.052,0.032,1
"BMT2",0.222114613602813,0.58604054234684,0.125,0.095,1
"NUDT3",0.222223690724387,0.178527998248424,0.71,0.709,1
"PIGB",0.222272487362275,-0.203869079263173,0.109,0.151,1
"NSFL1C",0.222473657525333,0.271871267674232,0.621,0.618,1
"ENSG00000273270",0.222519333972948,-0.428855620809573,0.036,0.06,1
"ZBTB46",0.222604823733112,-0.572923238397967,0.048,0.074,1
"ENSG00000244380",0.222651091719869,-0.636620088133246,0.008,0.021,1
"ENSG00000269887",0.222651091719869,-0.836209887527867,0.008,0.021,1
"ENSG00000286760",0.222651091719869,-0.369182714158494,0.008,0.021,1
"LACTB2-AS1",0.222651091719869,0.489570670205472,0.008,0.021,1
"TRAPPC12",0.222705106296313,0.4627807347978,0.528,0.53,1
"CDCA8",0.222819132759583,0.856710344524408,0.024,0.011,1
"IL3RA",0.222996092724202,0.920931900819684,0.056,0.035,1
"RAB9A",0.223069738301853,0.215069303980598,0.323,0.284,1
"LINC01948",0.223092631972847,-0.702923443719389,0.036,0.06,1
"PTP4A1",0.223117202737435,-0.600118757252671,0.048,0.074,1
"DLEU2",0.223212491959799,0.542202949243425,0.234,0.196,1
"ABCD3",0.223236407246158,-0.101353911139574,0.589,0.674,1
"SNORC",0.223246438663098,-0.416143088708527,0.02,0.039,1
"ENSG00000258302",0.223266251202837,-0.498375625799236,0.028,0.049,1
"CDK5RAP2",0.223364131152,-0.188608842881077,0.286,0.351,1
"TMEM65",0.223434265219467,0.42270361676216,0.23,0.196,1
"RNF208",0.223592578840247,-0.237849143609783,0.044,0.07,1
"CTDSPL2-DT",0.223668285054221,-0.492855255207959,0.008,0.021,1
"FOXP1-IT1",0.223668285054221,-0.687112522693889,0.008,0.021,1
"FRMD5",0.223668285054221,-0.459485102454338,0.008,0.021,1
"KHDC1",0.223668285054221,-0.613023823548727,0.008,0.021,1
"LINC03014",0.223668285054221,-0.472157572885371,0.008,0.021,1
"NPR3",0.223668285054221,-0.395794585890052,0.008,0.021,1
"POLR2J4",0.223668285054221,-0.629931898547615,0.008,0.021,1
"TEX22",0.223668285054221,-0.464303663447786,0.008,0.021,1
"ZNF433-AS1",0.223668285054221,-0.416096835732717,0.008,0.021,1
"DCK",0.2237083002266,-0.289697404536869,0.089,0.123,1
"ENSG00000287710",0.223902715868882,-0.726343667776714,0.028,0.049,1
"GNPAT",0.224070230547232,-0.120103512646646,0.56,0.66,1
"TPD52",0.224195836831415,-0.191303717232094,0.137,0.182,1
"OSTC",0.224207937685451,0.285353050866282,0.536,0.516,1
"DGKE",0.224242396990591,-0.279246336974776,0.036,0.06,1
"SMTNL2",0.224464680571355,0.728747750248443,0.052,0.032,1
"PGM3",0.224560030460408,-0.179112463339529,0.185,0.239,1
"PGM2",0.224657145898812,-0.101100890165142,0.117,0.158,1
"BEND3",0.224688797623206,-0.371842284209368,0.008,0.021,1
"ENSG00000288936",0.224688797623206,-0.491092030134008,0.008,0.021,1
"ENSG00000290397",0.224688797623206,-0.118455504101044,0.008,0.021,1
"IL20RB",0.224688797623206,-0.229438150167866,0.008,0.021,1
"LINC01409",0.224699660086475,-0.248805864754126,0.02,0.039,1
"FKBP11",0.224789030665917,0.891687462712713,0.056,0.035,1
"NMD3",0.224999738462575,-0.278284336671341,0.25,0.312,1
"STIM2-AS1",0.225179534929858,-0.359276483620973,0.028,0.049,1
"RIOX2",0.225218840091821,0.275715754929582,0.5,0.484,1
"PPP1R14C",0.225252026027396,0.203764676492249,0.649,0.628,1
"MARK3",0.225269399176547,0.272944888917632,0.694,0.726,1
"LINC00886",0.225309144530399,-0.126001507447047,0.198,0.253,1
"DET1",0.225428800213229,-0.44879494139611,0.02,0.039,1
"MTMR11",0.225522083158073,0.609638879042851,0.117,0.088,1
"MRPS26",0.225546893936347,0.672414283456425,0.315,0.288,1
"TRAPPC14",0.225651639032496,0.490313103919153,0.177,0.144,1
"ENSG00000289574",0.225712632919126,-0.256885216858439,0.008,0.021,1
"TRBC2",0.225712632919126,0.412397632934967,0.008,0.021,1
"KIF12",0.225733235861088,-0.229083366266198,0.117,0.158,1
"TSPAN31",0.22578355565541,-0.128912530123535,0.343,0.404,1
"OXNAD1",0.225800502448664,-0.294513727569491,0.214,0.267,1
"CACNA2D3",0.225819891022554,-0.730565732484895,0.028,0.049,1
"LENG1",0.225878060376848,0.560379284661261,0.137,0.105,1
"SS18",0.225893387566634,-0.123397246120367,0.766,0.821,1
"MT-ND4L",0.225937301722789,-0.17546423976879,0.992,0.996,1
"ATIC",0.226031697125267,0.270245408130497,0.395,0.382,1
"FBXO5",0.22615962828869,0.216847583113258,0.02,0.039,1
"ZNF433",0.22615962828869,-0.264674331763005,0.02,0.039,1
"MPZL2",0.226237276081804,0.203080559848871,0.532,0.481,1
"ANKRD42-DT",0.226304506852606,-0.254838166750567,0.093,0.13,1
"DHODH",0.226461545945988,-0.588640966736254,0.028,0.049,1
"TENT2",0.226513490599397,-0.472829728557851,0.266,0.309,1
"TSPOAP1-AS1",0.226521320425552,0.768043442478064,0.077,0.053,1
"IL12A-AS1",0.226606059927874,-0.258525705513191,0.069,0.098,1
"ENSG00000237372",0.226678297346327,0.533737983031044,0.024,0.011,1
"TRIM58",0.226678297346327,0.480249382206536,0.024,0.011,1
"ANKRD27",0.226746116843411,0.555740214400401,0.133,0.102,1
"CDC42SE1",0.226789722603835,0.46580680456302,0.387,0.358,1
"NUP155",0.226799742973469,-0.106905157548939,0.113,0.154,1
"ENSG00000226994",0.226808649154505,-0.679334610454673,0.524,0.568,1
"C12orf76",0.22702057445982,-0.140867179279645,0.585,0.663,1
"CACYBP",0.227239940539386,0.134154062808363,0.71,0.723,1
"CBX1",0.227266784017433,-0.240742119664605,0.234,0.288,1
"ENSG00000229178",0.227650493903149,0.119595761432824,0.024,0.011,1
"LTN1",0.227692889511568,-0.129475899349993,0.198,0.249,1
"PPP1R3B-DT",0.227800105523727,0.601504087337659,0.056,0.035,1
"RILPL2",0.228079696789014,0.369707716935632,0.609,0.618,1
"ENSG00000258473",0.228116253866138,-0.485238174493248,0.056,0.084,1
"DENND10",0.228125395999454,-0.326087507352217,0.226,0.274,1
"EEF1AKMT2",0.228183023621099,-0.155349715176822,0.101,0.137,1
"MRPS18B",0.228198099967119,0.282572849409995,0.585,0.586,1
"CREG1",0.228245638376444,-0.127335661328578,0.621,0.702,1
"PAK4",0.228253425356929,0.415365851577022,0.508,0.519,1
"MPL",0.228299914877046,0.806701381388967,0.06,0.039,1
"CTSE",0.228405753451847,0.947925022979036,0.056,0.035,1
"FAM182A",0.228510842500367,0.777626849393861,0.129,0.102,1
"ZNF33A",0.228692883913551,0.155825836539834,0.75,0.74,1
"CNOT6L",0.228826851411164,-0.121950085013707,0.315,0.372,1
"PTPN6",0.228898674244488,-0.138987362524646,0.194,0.249,1
"ENSG00000258592",0.22893054119595,0.921643106470739,0.073,0.049,1
"MMS19",0.228931670796923,0.547915733534477,0.206,0.175,1
"KICS2",0.228936130962957,0.792944395193171,0.105,0.077,1
"FASTK",0.228952598967533,0.252189035836944,0.089,0.123,1
"B3GALT9",0.229005116098119,-0.282781148859671,0.065,0.095,1
"ENSG00000226266",0.229012547284407,0.605967225438599,0.056,0.035,1
"ENSG00000233420",0.229012547284407,0.666114789010286,0.056,0.035,1
"INKA2",0.229012547284407,0.775504177689315,0.056,0.035,1
"ENSG00000289269",0.229099844781034,-0.115441145276285,0.02,0.039,1
"RAPGEF6",0.229294917596949,0.805667598451606,0.081,0.056,1
"POLR1A",0.229482245448884,-0.372000735371609,0.097,0.133,1
"COPRS",0.229484854224048,0.112417911938264,0.871,0.895,1
"STK25",0.229489864749218,0.378229348229931,0.379,0.361,1
"TRUB1",0.229516005309104,-0.210572865392697,0.238,0.295,1
"CREBL2",0.229563242564257,0.120846123056083,0.56,0.551,1
"CFDP1",0.229647674726903,0.15541303951498,0.883,0.874,1
"RPS10",0.229781076731738,0.569168863649078,0.121,0.091,1
"NBPF25P",0.229839131044669,-0.332396197065865,0.02,0.039,1
"ATP5F1A",0.229978161174534,-0.100436009696154,0.774,0.832,1
"OCEL1",0.230051777210535,0.195444653937675,0.452,0.425,1
"RHEX",0.230070502809704,-0.224735164479789,0.992,1,1
"PUS7",0.230100934439101,-0.438257713730895,0.117,0.154,1
"CNOT4",0.23017529092534,-0.178881018161984,0.278,0.333,1
"TMED2",0.230197037649847,-0.123895513627717,0.782,0.849,1
"HCG11",0.230198174053841,-0.153529285366223,0.198,0.253,1
"AMPD3",0.230283710214301,0.303961058366351,0.637,0.646,1
"HIPK1-AS1",0.230338797299042,-0.121596078696999,0.028,0.049,1
"DTX2P1-UPK3BP1-PMS2P11",0.230401123789061,-0.222593461081295,0.157,0.204,1
"ARHGEF2",0.230561533351159,-0.267847388802259,0.077,0.109,1
"BMPER",0.230593887451532,-1.65790707328265,0.004,0.014,1
"ENSG00000255292",0.230593887451532,-1.43865650630728,0.004,0.014,1
"ENSG00000263033",0.230593887451532,-1.60985473921638,0.004,0.014,1
"ENSG00000286782",0.230593887451532,-1.35799650442823,0.004,0.014,1
"GEM",0.230593887451532,-1.09127728332632,0.004,0.014,1
"MICB-DT",0.230593887451532,-1.08044981825484,0.004,0.014,1
"MICU3",0.230593887451532,-1.41883071003709,0.004,0.014,1
"NPIPB6",0.230593887451532,-1.59369466653558,0.004,0.014,1
"OGFR-AS1",0.230593887451532,-1.28850474213954,0.004,0.014,1
"PKD1L1",0.230593887451532,-1.94073769342047,0.004,0.014,1
"RGS7",0.230593887451532,-1.07736266088141,0.004,0.014,1
"SYT15B",0.230593887451532,-1.47931567744927,0.004,0.014,1
"TMEM256-PLSCR3",0.230593887451532,-1.36519493210111,0.004,0.014,1
"NKX6-2",0.230593887451532,-2.30096387121142,0.004,0.014,1
"ARNT",0.230774815847614,-0.240246863377475,0.137,0.179,1
"PPM1L",0.230814209319658,0.225853028085909,0.044,0.07,1
"DIPK2A",0.230904335525252,-0.351467947364838,0.048,0.074,1
"LINC01122",0.230989567102946,-0.262766112955567,0.028,0.049,1
"PSMD14-DT",0.230989567102946,-0.278015583859042,0.028,0.049,1
"TRAF1",0.230989567102946,-0.339795519827223,0.028,0.049,1
"ZDHHC1",0.23101798136555,0.225346940912406,0.512,0.502,1
"RFK",0.231066402474034,-0.137053053351455,0.415,0.467,1
"TSNARE1",0.231130415870173,0.368583829321294,0.149,0.116,1
"ATP6V1B2",0.231189663063945,0.21695506173723,0.589,0.596,1
"SPRYD7",0.231376415969698,0.698050958248974,0.286,0.27,1
"ARHGAP10",0.231430260602404,-0.509219001653216,0.048,0.074,1
"LTBR",0.231450500845022,0.404491154549746,0.339,0.316,1
"SDHAP1",0.231543404105523,-0.739757797637211,0.052,0.077,1
"ZNF671",0.2317392629961,0.673507377516726,0.125,0.095,1
"HDHD2",0.231777264715894,0.401640482037501,0.351,0.333,1
"ENSG00000262580",0.231898012376735,0.409814765189145,0.044,0.07,1
"ZNF665",0.231898060906788,0.734448081841659,0.089,0.063,1
"CARD18",0.23190991580045,-2.66051539807077,0.004,0.014,1
"DPYD-AS1",0.23190991580045,-1.54019125857892,0.004,0.014,1
"ENSG00000249593",0.23190991580045,-1.21589527964251,0.004,0.014,1
"ENSG00000258303",0.23190991580045,-1.16302856474873,0.004,0.014,1
"ENSG00000267811",0.23190991580045,-0.826599444588706,0.004,0.014,1
"ENSG00000272444",0.23190991580045,-1.06754473947035,0.004,0.014,1
"ENSG00000282890",0.23190991580045,-0.900357542103778,0.004,0.014,1
"FADS2",0.23190991580045,-1.12534047656111,0.004,0.014,1
"FAM85B",0.23190991580045,-0.862685603802267,0.004,0.014,1
"FCRL6",0.23190991580045,-1.11703941428522,0.004,0.014,1
"FMR1-IT1",0.23190991580045,-1.31556115562251,0.004,0.014,1
"RFLNB",0.23190991580045,-0.891391347084634,0.004,0.014,1
"TJP2",0.23190991580045,-1.08158072205565,0.004,0.014,1
"TMEM11-DT",0.23190991580045,-1.28596100223843,0.004,0.014,1
"UNC13D",0.23190991580045,-1.5296282321784,0.004,0.014,1
"ZBTB20-AS5",0.23190991580045,-1.10601304196774,0.004,0.014,1
"LINC02888",0.23190991580045,-1.05286019630837,0.004,0.014,1
"KCNS3",0.232295023559742,-0.295553707678101,0.028,0.049,1
"AK1",0.232409454729944,0.735325483369814,0.06,0.039,1
"GIT2",0.232411132593611,-0.16674183518012,0.185,0.235,1
"MCEE",0.232438815306527,0.288679616639101,0.278,0.246,1
"SFT2D3",0.232505188240663,0.406730457764288,0.29,0.263,1
"PSMC3",0.232611467327766,-0.328239576193605,0.367,0.425,1
"SLIRP",0.232639773043814,0.134583088920295,0.762,0.789,1
"MTX3",0.232658964458699,-0.234935065887059,0.185,0.232,1
"FKTN",0.232975278872594,-0.322639361981474,0.137,0.175,1
"FAM210A",0.233000790410905,-0.228130656571418,0.036,0.06,1
"GALNT12",0.233004305633807,0.547537707318448,0.052,0.032,1
"SPINDOC",0.23301909709799,-0.181493299697181,0.177,0.228,1
"PDK3",0.233181888662953,0.637617979571299,0.069,0.046,1
"ZBTB44-DT",0.233197653928383,0.778246558225382,0.073,0.049,1
"ASTN1",0.233231267729905,-1.07886475592105,0.004,0.014,1
"CCDC68",0.233231267729905,-1.26472755536013,0.004,0.014,1
"CD6",0.233231267729905,-0.99963175481545,0.004,0.014,1
"CECR3",0.233231267729905,-1.01456032181347,0.004,0.014,1
"DBP",0.233231267729905,-0.877284683048163,0.004,0.014,1
"ENSG00000236449",0.233231267729905,-1.14476126188484,0.004,0.014,1
"ENSG00000255992",0.233231267729905,-0.879629101672688,0.004,0.014,1
"ENSG00000258875",0.233231267729905,-0.739154229847035,0.004,0.014,1
"ENSG00000268069",0.233231267729905,-0.878012515366068,0.004,0.014,1
"ENSG00000273451",0.233231267729905,-1.12565466740957,0.004,0.014,1
"ENSG00000274341",0.233231267729905,-1.18713189254092,0.004,0.014,1
"ENSG00000281566",0.233231267729905,-0.741118917011426,0.004,0.014,1
"ENSG00000286123",0.233231267729905,-1.04332204857462,0.004,0.014,1
"ENSG00000290021",0.233231267729905,-1.16712525255655,0.004,0.014,1
"GPR37",0.233231267729905,-1.05043852406249,0.004,0.014,1
"H4-16",0.233231267729905,-1.11314091691,0.004,0.014,1
"LINC00508",0.233231267729905,-0.748496873793138,0.004,0.014,1
"MYH9-DT",0.233231267729905,-0.915177398661502,0.004,0.014,1
"MYRF",0.233231267729905,-0.780319217814163,0.004,0.014,1
"NHEJ1",0.233231267729905,-0.930680694004564,0.004,0.014,1
"PIP5KL1",0.233231267729905,-0.88186232994365,0.004,0.014,1
"POU2F1-DT",0.233231267729905,-0.801547198565159,0.004,0.014,1
"QRFPR",0.233231267729905,-1.02621642246606,0.004,0.014,1
"RHOH",0.233231267729905,-1.34385092386889,0.004,0.014,1
"U2AF1L4",0.233231267729905,-1.37345428066148,0.004,0.014,1
"UBE2V1",0.233231267729905,-1.08015854930158,0.004,0.014,1
"VEGFD",0.233231267729905,-1.12872922653409,0.004,0.014,1
"DHCR24-DT",0.233231267729905,-0.819636584893162,0.004,0.014,1
"ENSG00000229528",0.233231267729905,-0.987400431160714,0.004,0.014,1
"ENSG00000231193",0.233231267729905,-0.880724932603545,0.004,0.014,1
"ENSG00000285887",0.233231267729905,-0.999139739634867,0.004,0.014,1
"ENSG00000286750",0.233231267729905,-0.829593427824767,0.004,0.014,1
"LINC01961",0.233231267729905,-0.917994209392798,0.004,0.014,1
"CANT1",0.233260352248057,-0.249123397414706,0.173,0.218,1
"NOP56",0.233335696394476,0.299850962462198,0.581,0.572,1
"ENSG00000276900",0.233415382209035,-0.206293511843374,0.069,0.098,1
"HSD17B8",0.233457961277771,0.752580956602748,0.121,0.095,1
"ARRDC1-AS1",0.233593192466374,0.761294304360709,0.06,0.039,1
"ENSG00000268362",0.233709657378233,-0.169394267592382,0.085,0.119,1
"SDR42E2",0.233831728902668,0.721661349558364,0.089,0.063,1
"REPS1",0.234126094925932,-0.10016992059585,0.359,0.428,1
"TAPT1-AS1",0.234184790651689,-0.625445729304356,0.157,0.193,1
"ENSG00000249456",0.234310490227685,0.351952528580066,0.02,0.039,1
"MED26",0.234354826602032,0.817848939530004,0.081,0.056,1
"AIFM1",0.234406678464695,0.25270545525454,0.617,0.628,1
"DGCR5",0.234557949645166,-0.688573420685945,0.004,0.014,1
"DOCK2",0.234557949645166,-0.825276826117879,0.004,0.014,1
"ENSG00000219410",0.234557949645166,-0.804884345181265,0.004,0.014,1
"ENSG00000225889",0.234557949645166,-0.717313621113147,0.004,0.014,1
"ENSG00000241860",0.234557949645166,-0.835200643966399,0.004,0.014,1
"ENSG00000241886",0.234557949645166,-0.729206587025378,0.004,0.014,1
"ENSG00000253154",0.234557949645166,-0.483636339805439,0.004,0.014,1
"ENSG00000266667",0.234557949645166,-0.548951560638042,0.004,0.014,1
"ENSG00000269947",0.234557949645166,-0.951785121940679,0.004,0.014,1
"ENSG00000275857",0.234557949645166,-0.893915156659864,0.004,0.014,1
"ENSG00000283411",0.234557949645166,-0.807854041814058,0.004,0.014,1
"ENSG00000284772",0.234557949645166,-0.726349405175723,0.004,0.014,1
"ENSG00000285283",0.234557949645166,-1.06839147920618,0.004,0.014,1
"ENSG00000286623",0.234557949645166,-0.370057284860795,0.004,0.014,1
"ENSG00000288804",0.234557949645166,-1.13941805249347,0.004,0.014,1
"ENSG00000289059",0.234557949645166,-1.16182217632926,0.004,0.014,1
"ENSG00000289177",0.234557949645166,-0.659142240173056,0.004,0.014,1
"ENSG00000290778",0.234557949645166,-0.678414863782637,0.004,0.014,1
"EXTL3-AS1",0.234557949645166,-0.940298472125701,0.004,0.014,1
"GRIA2",0.234557949645166,-0.809408595725768,0.004,0.014,1
"HAS2-AS1",0.234557949645166,-0.695231462261588,0.004,0.014,1
"HELLPAR",0.234557949645166,-0.581450555609158,0.004,0.014,1
"KIRREL3",0.234557949645166,-0.848916024390345,0.004,0.014,1
"LINC00393",0.234557949645166,-0.496385100470229,0.004,0.014,1
"LINC01625",0.234557949645166,-0.94628099633389,0.004,0.014,1
"LINC01847",0.234557949645166,-0.771644342606973,0.004,0.014,1
"LINC02951",0.234557949645166,-0.889491389861822,0.004,0.014,1
"ME1",0.234557949645166,-0.651185720368839,0.004,0.014,1
"MOV10L1",0.234557949645166,-0.537055678381741,0.004,0.014,1
"PKD2L2",0.234557949645166,-0.577822412043301,0.004,0.014,1
"PLGLB1",0.234557949645166,-0.900415193938757,0.004,0.014,1
"PRR16",0.234557949645166,-0.760217164671045,0.004,0.014,1
"SAMD5",0.234557949645166,-0.645963794926095,0.004,0.014,1
"SNTG1",0.234557949645166,-1.48163293751307,0.004,0.014,1
"SPACDR",0.234557949645166,-0.856817711724405,0.004,0.014,1
"SPI1",0.234557949645166,-0.731789399800166,0.004,0.014,1
"STEAP2-AS1",0.234557949645166,-0.781117835719368,0.004,0.014,1
"TMEM44-AS2",0.234557949645166,-0.828592497413097,0.004,0.014,1
"VPS11-DT",0.234557949645166,-0.957464407011988,0.004,0.014,1
"ZNF521",0.234557949645166,-0.702382591643216,0.004,0.014,1
"ZNRD2-DT",0.234557949645166,-0.734141704582768,0.004,0.014,1
"ENSG00000259941",0.234557949645166,-0.823501501454574,0.004,0.014,1
"ENSG00000269106",0.234557949645166,-0.671878591952309,0.004,0.014,1
"ENSG00000228395",0.234846319474619,0.784932307881001,0.069,0.046,1
"HDAC1",0.234850151498005,-0.106297727495692,0.605,0.67,1
"TMEM128",0.234916277340136,0.171398541867214,0.605,0.565,1
"UBE4A",0.234916994169728,-0.207312461385443,0.306,0.372,1
"CCDC69",0.234977282460489,0.154277983002187,0.669,0.621,1
"ZNF689",0.23507184439054,-0.45953251203571,0.137,0.175,1
"ARRB2",0.235143655752005,0.679770727159847,0.056,0.035,1
"MMAB",0.235430906519302,0.605935276655276,0.359,0.358,1
"WDR31",0.235483727897287,-0.251343357049548,0.44,0.505,1
"SCFD2",0.235506079821058,-0.323209148956943,0.109,0.144,1
"CSTF2T",0.235585165834497,0.380877920502086,0.435,0.407,1
"LPP",0.235744645167992,-0.184486423726826,0.476,0.54,1
"MALT1",0.235805342805612,-0.384464553594125,0.077,0.109,1
"ZNF439",0.235805342805612,-0.203600861710136,0.077,0.109,1
"CDK5RAP3",0.235889967855529,-0.518523913715295,0.004,0.014,1
"DNAH10OS",0.235889967855529,-0.710554671591993,0.004,0.014,1
"ENSG00000225850",0.235889967855529,-0.547549032337248,0.004,0.014,1
"ENSG00000231024",0.235889967855529,-0.470871283469289,0.004,0.014,1
"ENSG00000232811",0.235889967855529,-0.194149182287889,0.004,0.014,1
"ENSG00000262039",0.235889967855529,-0.354759428647287,0.004,0.014,1
"ENSG00000268015",0.235889967855529,-0.193670333149496,0.004,0.014,1
"ENSG00000271228",0.235889967855529,-0.629876587568828,0.004,0.014,1
"ENSG00000272800",0.235889967855529,-0.672483002343977,0.004,0.014,1
"ENSG00000275426",0.235889967855529,-0.524905269636463,0.004,0.014,1
"ENSG00000277368",0.235889967855529,-0.498788840350128,0.004,0.014,1
"ENSG00000285987",0.235889967855529,0.315296651913135,0.004,0.014,1
"ENSG00000288025",0.235889967855529,0.129089364952637,0.004,0.014,1
"ENSG00000288939",0.235889967855529,-0.533230599291648,0.004,0.014,1
"ENSG00000289213",0.235889967855529,-0.319391614545983,0.004,0.014,1
"ENSG00000289960",0.235889967855529,-0.416137496512688,0.004,0.014,1
"GCM1",0.235889967855529,-0.474879696094314,0.004,0.014,1
"LGALS8-AS1",0.235889967855529,-0.509767402166638,0.004,0.014,1
"LINC01359",0.235889967855529,-0.40492043725321,0.004,0.014,1
"LINC03003",0.235889967855529,-0.618091132477665,0.004,0.014,1
"MAGEH1",0.235889967855529,0.124262013188979,0.004,0.014,1
"MEGF6",0.235889967855529,-0.676364285754955,0.004,0.014,1
"PARP15",0.235889967855529,-0.514682430760773,0.004,0.014,1
"PCED1B-AS1",0.235889967855529,0.402599369663564,0.004,0.014,1
"PLD5P1",0.235889967855529,-0.566171207573665,0.004,0.014,1
"SATL1",0.235889967855529,-0.309316035113924,0.004,0.014,1
"SH3BP1",0.235889967855529,-0.449935662594044,0.004,0.014,1
"TAF12-DT",0.235889967855529,-0.552002567041389,0.004,0.014,1
"TMPPE",0.235889967855529,-0.343490407502328,0.004,0.014,1
"ENSG00000267984",0.235889967855529,-0.511139486115085,0.004,0.014,1
"ENSG00000273664",0.235889967855529,-0.194304663234635,0.004,0.014,1
"LINC01413",0.235889967855529,-0.470836287062464,0.004,0.014,1
"TUBGCP6",0.236347765585997,-0.121298493106817,0.125,0.168,1
"LINC01170",0.236400777466975,0.680682998601104,0.081,0.056,1
"ENSG00000240401",0.236528346093733,-0.495406788915948,0.129,0.165,1
"AP3M1",0.236669754988248,-0.290331220596924,0.359,0.418,1
"CMAS",0.236803928099331,0.337693891574258,0.512,0.502,1
"ZNF765",0.236844469642339,-0.225274455973473,0.141,0.182,1
"PPP1R7",0.236885930140005,0.225623455061059,0.585,0.551,1
"PSMB3",0.237037571941887,0.139176849586121,0.794,0.782,1
"TIMM10B",0.237079717306627,0.299226749016881,0.327,0.291,1
"TRIP6",0.237123362622682,-0.350417023672088,0.093,0.126,1
"CCDC85C",0.237129377565118,-0.24736318471613,0.077,0.109,1
"ENSG00000277639",0.237152616087935,0.104221512894405,0.992,0.996,1
"STXBP1",0.23716087318033,-0.141852206001219,0.427,0.509,1
"POMGNT1",0.237361635419361,0.44416854456403,0.185,0.154,1
"ZNF428",0.237385623987005,0.646010983170267,0.226,0.2,1
"GZF1",0.237525186963826,-0.393640531846679,0.081,0.112,1
"UNG",0.237704819806255,-0.281826362752637,0.145,0.189,1
"INTU",0.237742219651788,-0.188849525136018,0.524,0.572,1
"TRIM41",0.237774066317684,-0.1761532463848,0.319,0.393,1
"NUDT9",0.237920221244717,0.234156099546252,0.343,0.309,1
"GMEB2",0.237960452033094,-0.327410203969086,0.081,0.112,1
"INTS13",0.238012685154061,-0.15007559079979,0.185,0.235,1
"HEATR5A",0.238034068353308,-0.113348829978614,0.528,0.611,1
"ZNF397",0.2380623290016,0.261802839861653,0.367,0.333,1
"PRMT1",0.238119495561173,0.246445279521716,0.528,0.502,1
"ZNF451",0.238190770025072,-0.155581285724616,0.423,0.498,1
"INPP5D",0.23825240894011,0.852627625748587,0.056,0.035,1
"DHCR7",0.238324502834818,1.63310191472351,0.028,0.014,1
"SPOPL",0.238464884792438,-0.268887180331636,0.238,0.295,1
"TYMP",0.238502158494207,-0.172294176112223,0.177,0.221,1
"C12orf29",0.238747973260419,0.578865129020036,0.105,0.077,1
"DLX6-AS1",0.238759100693353,0.305862918155765,0.29,0.253,1
"ZNF225-AS1",0.238762660633321,0.892935125337507,0.069,0.046,1
"RHOG",0.238996305131848,0.372920085220252,0.234,0.2,1
"TRPT1",0.239091602302916,0.270009638119978,0.347,0.428,1
"VPS37C",0.239113008563156,-0.120283154583213,0.274,0.354,1
"AFDN-DT",0.239208156073095,-0.428592486131525,0.06,0.088,1
"ENSG00000287805",0.239237275260391,1.88216108280608,0.028,0.014,1
"PDHX",0.239740246279434,-0.322022526511166,0.202,0.249,1
"ATG4A",0.239891926356531,-0.187676438571978,0.194,0.246,1
"ENSG00000288818",0.24009188010428,-0.903437528853279,0.032,0.053,1
"MRPL42",0.240144783299197,-0.109059736546593,0.653,0.702,1
"MAGI3",0.240347353597617,0.393676442246858,0.27,0.235,1
"INO80",0.240374559889325,-0.503490866124926,0.19,0.232,1
"CNIH3",0.240501353583715,-0.339051344966068,0.048,0.074,1
"RB1-DT",0.240545071430817,-0.390487366450257,0.056,0.084,1
"CCNQ",0.240567019123537,0.571746171619706,0.161,0.13,1
"SRSF3",0.240729779658939,0.129658635518323,0.702,0.681,1
"IPMK",0.240824244235434,-0.182780189331264,0.194,0.246,1
"UBQLN4",0.240837203384235,-0.388970917272273,0.069,0.098,1
"ENSG00000276256",0.240861836844742,0.287566339266403,0.46,0.435,1
"HILPDA",0.241047772604445,0.375026811356259,0.323,0.298,1
"LINC01612",0.241067688002199,0.38606687644358,0.133,0.102,1
"ENSG00000287697",0.241070210874378,1.52324064338219,0.028,0.014,1
"GLRA2",0.241144119593115,0.533413066102741,0.117,0.088,1
"TSPAN33",0.241186069654605,-0.152313330899422,0.117,0.158,1
"TEPSIN",0.241462855133505,-0.424618487743626,0.081,0.112,1
"TMEM187",0.241520310384405,-0.158398039983206,0.218,0.27,1
"RPL37A-DT",0.241559598707716,0.721058350072313,0.085,0.06,1
"TCIRG1",0.241579935251113,0.258483157671902,0.028,0.049,1
"ABRACL",0.241692602292042,0.306178543494743,0.27,0.242,1
"THUMPD1",0.241844237707804,-0.216973159604628,0.472,0.537,1
"STOML1",0.241886258256637,-1.10345825328433,0.024,0.042,1
"TMEM217",0.241961926940457,-1.2659508576728,0.016,0.032,1
"LONRF1",0.242127852452717,-0.365880615565852,0.048,0.074,1
"POLH",0.242154645160486,-0.141013841309199,0.278,0.337,1
"C4orf54",0.242177233006953,-0.565311605887121,0.06,0.088,1
"ABCC2",0.242177233006953,0.477141805102138,0.089,0.063,1
"ZNF331",0.242279343781503,-0.267882883257271,0.226,0.274,1
"GBP1P1",0.242412964482548,-0.56525775605192,0.04,0.063,1
"SLC20A1-DT",0.242412964482548,-0.71678863817185,0.04,0.063,1
"RBM11",0.2424518005296,0.705696442108908,0.073,0.049,1
"DNAJC27",0.242620826135347,-0.190330071226931,0.31,0.361,1
"NRG2",0.242671716569073,-0.144738357501782,0.048,0.074,1
"PPAT",0.242856784408465,0.60901606954095,0.097,0.07,1
"OSTF1",0.242927315938462,-0.109250887480283,0.21,0.267,1
"HSPA8",0.24297729595816,-0.112923369870039,0.94,0.947,1
"MACC1-DT",0.24317077643536,0.225192348102151,0.101,0.137,1
"PACC1",0.24359024317525,0.623616746864235,0.065,0.042,1
"UBE3B",0.243768758788796,-0.269198993326157,0.387,0.463,1
"ELAPOR2",0.243827718710405,0.518733525639368,0.06,0.039,1
"TRIP12",0.243936269754002,-0.111204779304546,0.698,0.758,1
"TOMM20",0.244129470259279,0.13816145154664,0.778,0.793,1
"TOP1",0.244140867504387,-0.134289984063188,0.681,0.723,1
"SLC2A13",0.244640677523094,-0.182482540438256,0.121,0.158,1
"ENSG00000257553",0.244765695793128,1.14104430774121,0.028,0.014,1
"PRDM6",0.244765695793128,1.18133633713081,0.028,0.014,1
"ZNF697",0.244765695793128,1.25635590095881,0.028,0.014,1
"PFN4",0.244855760841519,-0.274690790455917,0.048,0.074,1
"ENSG00000231873",0.244919792472728,0.720847452604962,0.077,0.053,1
"GASK1A",0.245111363388208,0.378021325592736,0.294,0.267,1
"ENSG00000225963",0.245375109067561,-1.48809378512116,0.016,0.032,1
"BCL2L2",0.245625727839455,-0.155697245606046,0.254,0.312,1
"SLC7A7",0.245635962553755,-0.216377473752634,0.089,0.123,1
"ADSL",0.245638104367057,0.232561979570253,0.028,0.049,1
"ATP8A1",0.245695746845551,0.972032628057326,0.028,0.014,1
"EEPD1",0.245731931470641,-0.450176408808872,0.073,0.102,1
"CMYA5",0.245909195765451,-1.4077052518388,0.032,0.053,1
"MIRLET7IHG",0.245909195765451,-1.1591161562661,0.032,0.053,1
"BEND5",0.245952940649406,0.313114575660852,0.048,0.074,1
"CYFIP2",0.245956837650025,-0.295432785186868,0.04,0.063,1
"DNAJB2",0.245956898940462,0.327080294018791,0.387,0.386,1
"PRPF19",0.246138726413485,0.454601405000809,0.306,0.288,1
"ARVCF",0.246233656189374,-0.900301551039068,0.016,0.032,1
"CTIF",0.246233656189374,-0.841592072774987,0.016,0.032,1
"ENSG00000256569",0.246233656189374,-0.779242452556088,0.016,0.032,1
"ENSG00000267283",0.246233656189374,-0.900570983592459,0.016,0.032,1
"UBE2D3-AS1",0.246348480151097,0.702673897209726,0.093,0.067,1
"VAPB",0.246356535954732,-0.12296964295613,0.298,0.358,1
"EMD",0.246417458228301,0.164050982207632,0.556,0.551,1
"MYO1D",0.24646066269419,-0.475292424669592,0.23,0.277,1
"HERC6",0.246624961601209,-0.435590048599292,0.117,0.154,1
"ENSG00000258017",0.24667929773762,-0.448162324268334,0.06,0.088,1
"ZNF189",0.246750859516904,-0.136599596103292,0.145,0.189,1
"GLCE",0.2469053708981,0.460660834415788,0.214,0.182,1
"CASP9",0.246948676973463,0.332160489723417,0.347,0.323,1
"ENSG00000241770",0.247094306623457,-0.867815505853723,0.016,0.032,1
"SLC2A1-DT",0.247215241839988,0.621428559671054,0.032,0.053,1
"NGDN",0.247229273794456,-0.132328162886642,0.363,0.418,1
"ENSG00000291203",0.247247198493643,-0.120324953890328,0.327,0.389,1
"PCYT2",0.247249316794205,-0.103804641093929,0.246,0.302,1
"GORASP2",0.247349960267265,0.249780758094317,0.488,0.481,1
"MAPK14",0.24735177474525,-0.104943549159268,0.395,0.46,1
"ADAP1",0.247446481335372,-0.131014747353276,0.129,0.168,1
"SLFN5",0.24749396076002,-0.22401276612236,0.839,0.835,1
"DUOX2",0.247563276767442,1.06031366636032,0.028,0.014,1
"CPM",0.247662258822755,0.20876451249233,0.54,0.512,1
"KDELR2",0.247742049216555,0.232726782950231,0.601,0.589,1
"CCDC90B-AS1",0.247957061680861,-0.812567575913851,0.016,0.032,1
"HRG-AS1",0.247957061680861,-0.712727628477814,0.016,0.032,1
"UTP4",0.248295066845647,0.413089756111694,0.331,0.309,1
"GPT2",0.248306229618206,1.02281498168129,0.101,0.077,1
"CD99P1",0.248349413932418,-0.599365172711664,0.052,0.077,1
"ELMOD3",0.248487039956317,-0.532549453442813,0.137,0.172,1
"ENSG00000259033",0.248500758988276,1.01201320659801,0.028,0.014,1
"GRHPR",0.24868903148686,-0.250691065759479,0.294,0.347,1
"KLF16",0.24881936179449,-0.319306735415779,0.093,0.126,1
"ENSG00000286239",0.248821922657078,-1.16035386495584,0.016,0.032,1
"ZNF629",0.249013471332029,-0.347644208427456,0.085,0.116,1
"MALINC1",0.24918340580663,-0.805682875576274,0.032,0.053,1
"ENSG00000270127",0.249205629903016,-0.348656669471485,0.06,0.088,1
"CABP4",0.249422575452144,0.742369449638796,0.145,0.116,1
"SEL1L3",0.249427418566233,-0.820335465429938,0.052,0.077,1
"AIDA",0.249443092246949,0.279541790259099,0.569,0.561,1
"ENSG00000291159",0.249482580576627,-0.272508959625263,0.073,0.102,1
"CTTN",0.249572438752304,0.125564876426227,0.835,0.807,1
"CLCA4-AS1",0.249688890831984,-0.621546180643337,0.016,0.032,1
"ENSG00000259066",0.249688890831984,-0.772356965938821,0.016,0.032,1
"ENSG00000260879",0.249688890831984,-0.904040824822201,0.016,0.032,1
"LINC01023",0.249688890831984,-0.622040215755464,0.016,0.032,1
"MYL6B-AS1",0.249688890831984,-1.17707694308437,0.016,0.032,1
"LINC02175",0.249713058979912,-0.216597936153486,0.06,0.088,1
"ABR",0.249811684311423,0.220181341635971,0.198,0.249,1
"EPM2A",0.249815777997157,0.569612625909472,0.077,0.053,1
"EAF2",0.249841888006278,-0.725481667708109,0.032,0.053,1
"RIMKLB",0.249897152795509,0.139296777715217,0.597,0.575,1
"EIF2AK3",0.249899651592302,-0.260524194749739,0.145,0.186,1
"OXLD1",0.249934568978299,0.169809458089918,0.194,0.158,1
"NIFK",0.250115053616583,-0.139948618337547,0.335,0.407,1
"ZNF484",0.250137070335499,-0.413926457132878,0.04,0.063,1
"ZNF778",0.250137070335499,-0.592085178455092,0.04,0.063,1
"ZNF480",0.250155561901681,-0.161460370300769,0.23,0.284,1
"TCP11L2",0.250192963678645,-0.147543974209567,0.23,0.291,1
"KMT5C",0.250293518348723,-0.284930609508229,0.145,0.189,1
"LPO",0.250383166166182,0.913018458729707,0.028,0.014,1
"ABO",0.250467336350349,-0.306277173458293,0.625,0.635,1
"ENSG00000291210",0.250557967469787,-0.896716440227683,0.016,0.032,1
"RNF139-DT",0.250557967469787,-0.760362608536287,0.016,0.032,1
"GANAB",0.250561998078202,0.201678140105276,0.726,0.695,1
"PABPC1L",0.250637126059804,-0.175136879878019,0.153,0.193,1
"TMEM201",0.250659133694537,0.57179299975325,0.109,0.081,1
"AGAP6",0.25072712802031,1.80448771016192,0.012,0.004,1
"BATF3",0.25072712802031,1.47136314197045,0.012,0.004,1
"CCR10",0.25072712802031,1.47848713459348,0.012,0.004,1
"CEBPB-AS1",0.25072712802031,1.77441996508085,0.012,0.004,1
"CYP46A1",0.25072712802031,1.77599799899725,0.012,0.004,1
"DHDDS-AS1",0.25072712802031,1.26554873145453,0.012,0.004,1
"DRD2",0.25072712802031,1.32307831706817,0.012,0.004,1
"ENSG00000224950",0.25072712802031,1.47954389044625,0.012,0.004,1
"ENSG00000235872",0.25072712802031,1.68928837633754,0.012,0.004,1
"ENSG00000245748",0.25072712802031,1.58574576762439,0.012,0.004,1
"ENSG00000260618",0.25072712802031,1.43781547857847,0.012,0.004,1
"ENSG00000261684",0.25072712802031,1.15787792372481,0.012,0.004,1
"ENSG00000263280",0.25072712802031,1.53808653268745,0.012,0.004,1
"ENSG00000263938",0.25072712802031,1.55428203943689,0.012,0.004,1
"ENSG00000267042",0.25072712802031,1.59999967576212,0.012,0.004,1
"ENSG00000271936",0.25072712802031,1.20341223009464,0.012,0.004,1
"ENSG00000272627",0.25072712802031,1.4888399291147,0.012,0.004,1
"ENSG00000272950",0.25072712802031,1.25264765612409,0.012,0.004,1
"ENSG00000275769",0.25072712802031,1.17477826136782,0.012,0.004,1
"ENSG00000284292",0.25072712802031,1.78698893299565,0.012,0.004,1
"ENSG00000288095",0.25072712802031,1.43880576416176,0.012,0.004,1
"ENSG00000289247",0.25072712802031,1.63286673762699,0.012,0.004,1
"ENSG00000289535",0.25072712802031,1.54428034028668,0.012,0.004,1
"FBXL8",0.25072712802031,1.17410064156196,0.012,0.004,1
"FOSL2-AS1",0.25072712802031,1.30389951424283,0.012,0.004,1
"GPR37L1",0.25072712802031,1.14429023383805,0.012,0.004,1
"GPT",0.25072712802031,1.65139620330461,0.012,0.004,1
"GUCY2C-AS1",0.25072712802031,1.71428653927096,0.012,0.004,1
"HDAC11-AS1",0.25072712802031,1.91650581412053,0.012,0.004,1
"LINC01619",0.25072712802031,1.57414136132928,0.012,0.004,1
"MDGA1",0.25072712802031,1.37195948033821,0.012,0.004,1
"MEF2C-AS1",0.25072712802031,1.60046757730582,0.012,0.004,1
"MFSD4B-DT",0.25072712802031,1.43193073291693,0.012,0.004,1
"PRRX2",0.25072712802031,1.23875560769505,0.012,0.004,1
"RAB29",0.25072712802031,1.31862612920666,0.012,0.004,1
"SLC4A4",0.25072712802031,1.4101389247373,0.012,0.004,1
"SPINK2",0.25072712802031,2.07527981294296,0.012,0.004,1
"SUMO4",0.25072712802031,1.27671404059749,0.012,0.004,1
"TF",0.25072712802031,1.69615810810584,0.012,0.004,1
"TMPRSS13",0.25072712802031,3.28425430465635,0.012,0.004,1
"TSFM",0.25072712802031,1.5740944297777,0.012,0.004,1
"XKR9",0.25072712802031,1.42720615316909,0.012,0.004,1
"ZBTB7C-AS1",0.25072712802031,1.51723791644552,0.012,0.004,1
"DNAJA4-DT",0.25072712802031,1.52127565382098,0.012,0.004,1
"ENSG00000255750",0.25072712802031,1.74760295108503,0.012,0.004,1
"ENSG00000280758",0.25072712802031,1.83210478066662,0.012,0.004,1
"LINC01990",0.25072712802031,1.48276225651314,0.012,0.004,1
"MSMB",0.25072712802031,1.61278144530767,0.012,0.004,1
"SH3GLB2",0.250884580329802,-0.256209808899411,0.315,0.372,1
"NDC1",0.250909494555158,-0.123191867239554,0.113,0.151,1
"ZFTRAF1",0.251074296391033,-0.192190764098203,0.242,0.291,1
"MBD2",0.251170675403112,-0.149236738637519,0.637,0.709,1
"ARHGEF10",0.251328094344708,1.03761774910777,0.028,0.014,1
"TFDP1",0.251338644817107,0.216490821903073,0.589,0.579,1
"TAF1A",0.251340484127947,-0.281940333313592,0.04,0.063,1
"IFT20",0.251469863452596,0.216684584377463,0.601,0.575,1
"RBMX2",0.251918964281219,0.353580316083301,0.347,0.323,1
"STARD4",0.25218449021699,-0.655107971888689,0.024,0.042,1
"THAP9-AS1",0.252187232775418,-0.123664029804473,0.081,0.112,1
"LINC01942",0.252275507694207,1.07653725062606,0.028,0.014,1
"CPEB2-DT",0.252286626819226,1.36360270614959,0.012,0.004,1
"DLG1-AS1",0.252286626819226,1.33351507232516,0.012,0.004,1
"DPY19L2P4",0.252286626819226,1.47404141421384,0.012,0.004,1
"ENSG00000226756",0.252286626819226,0.849364926427837,0.012,0.004,1
"ENSG00000226877",0.252286626819226,1.21930421253617,0.012,0.004,1
"ENSG00000228204",0.252286626819226,1.07347995258733,0.012,0.004,1
"ENSG00000233823",0.252286626819226,1.32171927576031,0.012,0.004,1
"ENSG00000242628",0.252286626819226,1.33061197050207,0.012,0.004,1
"ENSG00000267801",0.252286626819226,1.46152428827847,0.012,0.004,1
"ENSG00000272010",0.252286626819226,1.32947166470529,0.012,0.004,1
"ENSG00000272382",0.252286626819226,1.06456773255754,0.012,0.004,1
"ENSG00000273473",0.252286626819226,1.12628131588183,0.012,0.004,1
"ENSG00000276672",0.252286626819226,1.14894158995902,0.012,0.004,1
"ENSG00000277806",0.252286626819226,1.01927515607349,0.012,0.004,1
"ENSG00000282564",0.252286626819226,1.04140953712549,0.012,0.004,1
"ENSG00000289428",0.252286626819226,0.932449858572121,0.012,0.004,1
"FBXW10",0.252286626819226,1.31444714251255,0.012,0.004,1
"ITK",0.252286626819226,1.23787938645882,0.012,0.004,1
"KIAA2012-AS1",0.252286626819226,1.07645882230329,0.012,0.004,1
"LCDR",0.252286626819226,1.01027262525047,0.012,0.004,1
"LINC00867",0.252286626819226,1.11194012487,0.012,0.004,1
"LINC02568",0.252286626819226,1.17381484252931,0.012,0.004,1
"LOXL3",0.252286626819226,1.72442346173813,0.012,0.004,1
"NRARP",0.252286626819226,2.62777472554653,0.012,0.004,1
"PPM1K-DT",0.252286626819226,1.13081867231259,0.012,0.004,1
"SREBF2-AS1",0.252286626819226,1.30749633311071,0.012,0.004,1
"TRIM6",0.252286626819226,1.24788464550221,0.012,0.004,1
"CHST5",0.252286626819226,1.1764278824697,0.012,0.004,1
"ATM",0.252299637956711,0.452828964322785,0.274,0.253,1
"COL4A6",0.25230245111222,-0.614336891480251,0.016,0.032,1
"ENSG00000288833",0.25230245111222,-0.650498258831496,0.016,0.032,1
"LINC01303",0.25230245111222,-1.32518400602244,0.016,0.032,1
"R3HDML",0.25230245111222,-0.660835548057453,0.016,0.032,1
"SREBF1",0.252407132443332,-0.251552477847849,0.181,0.228,1
"PCNX4",0.252513817208362,-0.181115998266585,0.698,0.744,1
"ZFP2",0.25254793135431,-0.173722834313029,0.04,0.063,1
"ADGRF4",0.252772745390872,0.485218575382319,0.141,0.109,1
"DGUOK-AS1",0.252772793102119,0.62278764682363,0.089,0.063,1
"CEP192",0.25290127406009,-0.2770126549294,0.165,0.211,1
"PRICKLE3",0.253102044271872,0.781416441715654,0.101,0.14,1
"HSF4",0.25316863354783,-0.337171451152131,0.048,0.074,1
"CTTN-DT",0.253177860566416,-0.563512246803775,0.016,0.032,1
"ENSG00000205740",0.253177860566416,-0.528153465933264,0.016,0.032,1
"ENSG00000290830",0.253177860566416,-0.547197175434626,0.016,0.032,1
"ENSG00000285920",0.253225407770717,0.709885936211809,0.028,0.014,1
"POFUT1",0.253296751102855,0.418005294725648,0.29,0.263,1
"ENSG00000284685",0.253462824447004,0.487646132965137,0.129,0.102,1
"UBA6-DT",0.253757933263088,-0.103720634137109,0.165,0.211,1
"SEC14L3",0.253818308689503,-0.269188254106711,0.032,0.053,1
"ARF5",0.253852874517957,1.2065824934131,0.012,0.004,1
"BRIP1",0.253852874517957,1.16779145548071,0.012,0.004,1
"ENSG00000225489",0.253852874517957,0.978860728024026,0.012,0.004,1
"ENSG00000228629",0.253852874517957,1.34930691424546,0.012,0.004,1
"ENSG00000228802",0.253852874517957,1.33572406427488,0.012,0.004,1
"ENSG00000247228",0.253852874517957,0.901385781481524,0.012,0.004,1
"ENSG00000259926",0.253852874517957,1.10919231273006,0.012,0.004,1
"ENSG00000265907",0.253852874517957,1.00188913390632,0.012,0.004,1
"ENSG00000274315",0.253852874517957,1.05774661590023,0.012,0.004,1
"ENSG00000286458",0.253852874517957,1.09751947667263,0.012,0.004,1
"ENSG00000289695",0.253852874517957,0.914920271851177,0.012,0.004,1
"ENSG00000291149",0.253852874517957,1.28769312131271,0.012,0.004,1
"FAHD2B",0.253852874517957,1.2763791159027,0.012,0.004,1
"GPR146",0.253852874517957,0.964422508602282,0.012,0.004,1
"JPH3",0.253852874517957,1.0776077565961,0.012,0.004,1
"OOEP-AS1",0.253852874517957,0.986486214714191,0.012,0.004,1
"PDE3B",0.253852874517957,0.87325460827008,0.012,0.004,1
"RAC3",0.253852874517957,1.13047365714798,0.012,0.004,1
"SCN8A",0.253852874517957,1.17981401909811,0.012,0.004,1
"ENSG00000235772",0.253852874517957,1.03402859096025,0.012,0.004,1
"NKX6-1",0.253852874517957,1.06381965402078,0.012,0.004,1
"UBE2Q2",0.253897864755677,-0.20150602975015,0.198,0.246,1
"SAAL1",0.253964153360901,0.561979352965924,0.145,0.119,1
"PIK3R3",0.253993804311223,0.478650246070754,0.097,0.07,1
"SH3GL3",0.254055383382526,-0.527230677815484,0.016,0.032,1
"ENSG00000285991",0.254177796108251,0.563753564122521,0.028,0.014,1
"TPRG1",0.254291694951365,0.283739896913565,0.048,0.074,1
"TARBP1",0.254312887112523,0.233184540126025,0.46,0.446,1
"FLNB",0.254354135017368,0.235091810171515,0.621,0.6,1
"NINL",0.254358426264969,-0.33130260916552,0.085,0.116,1
"PLS1",0.25436327376727,0.227786051952585,0.371,0.34,1
"FLAD1",0.254710344105283,-0.110065458959154,0.157,0.204,1
"THRB",0.254974938892601,-0.374307559033179,0.04,0.063,1
"FAM174B",0.254986627909851,-0.158878797473693,0.306,0.354,1
"SVIL",0.254994657565959,0.370217171944861,0.399,0.361,1
"BNC2-AS1",0.255022974115653,-0.133029844129424,0.056,0.084,1
"PPP1R10",0.255094419412911,-0.105118761601127,0.431,0.516,1
"SLC49A4",0.255121527194607,-0.143234984052977,0.319,0.389,1
"ENSG00000272953",0.255153519751093,-0.565739206505964,0.032,0.053,1
"ZSCAN21",0.255285317905045,0.378137741381792,0.173,0.144,1
"AMIGO1",0.255425877941866,0.523273592971191,0.012,0.004,1
"ANLN",0.255425877941866,0.357717454650876,0.012,0.004,1
"CAPN8",0.255425877941866,0.821388925614611,0.012,0.004,1
"CDC6",0.255425877941866,-0.241010714255424,0.012,0.004,1
"CNGB1",0.255425877941866,0.315346070633846,0.012,0.004,1
"CTNNA1-AS1",0.255425877941866,0.71858570080256,0.012,0.004,1
"ECI2-DT",0.255425877941866,0.573028146609837,0.012,0.004,1
"EMCN",0.255425877941866,0.340896287279496,0.012,0.004,1
"ENSG00000247131",0.255425877941866,0.961218642677682,0.012,0.004,1
"ENSG00000255730",0.255425877941866,0.486718912484712,0.012,0.004,1
"ENSG00000264545",0.255425877941866,0.877161665751219,0.012,0.004,1
"ENSG00000267318",0.255425877941866,0.624264910910906,0.012,0.004,1
"ENSG00000271964",0.255425877941866,0.172021738400018,0.012,0.004,1
"ENSG00000272173",0.255425877941866,0.754213835411233,0.012,0.004,1
"ENSG00000286001",0.255425877941866,0.968888295147803,0.012,0.004,1
"ENSG00000287202",0.255425877941866,0.767614159890125,0.012,0.004,1
"ENSG00000291143",0.255425877941866,0.997412463865714,0.012,0.004,1
"GALT",0.255425877941866,0.712164790338687,0.012,0.004,1
"GINS2",0.255425877941866,0.626832432705333,0.012,0.004,1
"GPSM2",0.255425877941866,0.726886545363278,0.012,0.004,1
"GRM4",0.255425877941866,0.221844245095377,0.012,0.004,1
"HPN-AS1",0.255425877941866,0.464308822172913,0.012,0.004,1
"LINC01322",0.255425877941866,0.525662191427222,0.012,0.004,1
"NUF2",0.255425877941866,0.691542102391461,0.012,0.004,1
"SYT3",0.255425877941866,0.75391263724708,0.012,0.004,1
"THSD7A",0.255425877941866,-0.29806805949875,0.012,0.004,1
"C10orf67-AS1",0.255425877941866,0.88853731800877,0.012,0.004,1
"ENSG00000197210",0.255425877941866,0.706063504135372,0.012,0.004,1
"ENSG00000272137",0.255425877941866,0.602351081414122,0.012,0.004,1
"ENSG00000272360",0.255425877941866,0.432055095416706,0.012,0.004,1
"SREBF2",0.255500742936021,0.330367446864071,0.528,0.516,1
"HECTD4",0.255602916911364,-0.190679786394372,0.395,0.456,1
"LINC02889",0.255732825424339,0.232048378239624,0.315,0.263,1
"ABCA10",0.255816773824612,-0.621029457568228,0.016,0.032,1
"ENSG00000288542",0.255935460577328,-0.812076485747085,0.024,0.042,1
"MAN2A2",0.255982778693176,0.304939659768518,0.048,0.074,1
"USP19",0.256021138029321,-0.13870498911981,0.468,0.544,1
"C10orf95-AS1",0.256037155649886,0.327870008063502,0.177,0.228,1
"TMEM9B",0.256051343695059,-0.115316980504424,0.589,0.642,1
"CTNNBL1",0.256135885384088,-0.240972658400761,0.19,0.239,1
"USE1",0.256157654010581,-0.29834716765633,0.085,0.116,1
"GTF2F1",0.256226869041232,0.202034401950041,0.536,0.523,1
"ENSG00000291066",0.256322736312311,-0.487035637226197,0.065,0.091,1
"TEX261",0.256353081146081,-0.170085131170306,0.476,0.547,1
"TTC34",0.256378768146814,-0.228680349747458,0.415,0.467,1
"RAD9A",0.256602393897209,-0.443395724291716,0.363,0.421,1
"ZNF749",0.256690282296637,-0.829418153264781,0.024,0.042,1
"LSM4",0.256844558551683,-0.113862791362735,0.411,0.502,1
"VIM-AS1",0.257004616680552,-0.168138973850144,0.185,0.239,1
"ACKR2",0.257114499146696,-0.224555300136444,0.048,0.074,1
"ZNF587",0.257165527617912,-0.134764927818725,0.157,0.204,1
"GTF2E2",0.257173872187427,0.267478918463722,0.516,0.491,1
"GRK3",0.257220001742268,0.387043324748382,0.254,0.225,1
"RNF157-AS1",0.25750163548571,-0.122203731046026,0.125,0.165,1
"DNAH10",0.257536344896259,0.155300180755174,0.823,0.835,1
"ZNF566-AS1",0.257586631726409,-0.335395695516715,0.016,0.032,1
"KTI12",0.257622400221569,0.957640025095953,0.109,0.081,1
"TTC36-AS1",0.257674979463028,0.57929988893051,0.073,0.049,1
"DEPDC5",0.257838572788165,-0.419764833237076,0.032,0.053,1
"ZBTB14",0.257864238954566,0.429729490303322,0.145,0.116,1
"OTUD6B-AS1",0.257903085378904,0.198963347839378,0.552,0.523,1
"OSBPL9",0.257911461036636,-0.23408707068155,0.52,0.558,1
"PITPNC1",0.258067301247649,-0.564942115866625,0.073,0.102,1
"C1QTNF3",0.258189983405127,-0.330816213195316,0.06,0.088,1
"SLC29A2",0.258204559090947,-0.926918920103516,0.024,0.042,1
"ENSG00000249621",0.258249687405148,-0.196775421493942,0.048,0.074,1
"ANAPC7",0.258439470927451,-0.128260828383384,0.452,0.54,1
"MTA3",0.258454529559907,0.14775607304826,0.673,0.649,1
"CORO1A",0.258474738806758,-0.226370759104944,0.016,0.032,1
"CYTOR",0.258474738806758,-0.554090348704537,0.016,0.032,1
"RIMS2",0.258512887050729,-0.458019131877497,0.032,0.053,1
"PHF21A",0.258540033261257,-0.26895998023763,0.286,0.333,1
"FAM20B",0.258643631712107,-0.100013680824365,0.202,0.246,1
"PARTICL",0.258645779323044,-0.357647369720016,0.04,0.063,1
"TRABD2A",0.258724102797788,0.618372193723986,0.125,0.098,1
"ENSG00000285725",0.258755129960328,-0.121223153787188,0.117,0.154,1
"MIOS",0.258869048713547,-0.236322600746661,0.258,0.316,1
"NBR1",0.258898783004449,-0.108873365497322,0.734,0.768,1
"C17orf100",0.258964015554449,-0.721872130939056,0.024,0.042,1
"LOXL1",0.259125697745427,-0.108571404766475,0.069,0.098,1
"DNAL1",0.259197793867756,0.105987935566336,0.815,0.853,1
"UBE2Q2P2",0.2592449083252,-0.427942602264051,0.181,0.228,1
"BLMH",0.259280725828335,0.289413850725203,0.19,0.154,1
"PELI1",0.259305313073643,-0.229778265762376,0.315,0.375,1
"SIMC1",0.259309237468191,-0.26644332952885,0.121,0.158,1
"SNU13",0.259363771554841,-0.119350240965685,0.786,0.8,1
"C2CD2",0.259388345794975,-0.154463163849748,0.048,0.074,1
"ELMOD1",0.259518716476915,-0.174506620355549,0.081,0.112,1
"WDR47",0.259597744993124,-0.276346007696783,0.25,0.298,1
"PSTPIP2",0.2597250183068,-0.517270784056681,0.024,0.042,1
"GRM5",0.259758283505839,-0.323662417909144,0.5,0.526,1
"MYL5",0.259831685793617,-0.436010075803461,0.052,0.077,1
"CCDC167",0.259985454679947,0.516707290387155,0.073,0.049,1
"TMEM51",0.26005807696848,-0.215743509949118,0.169,0.214,1
"RBPJ",0.260075487365447,-0.385603262053125,0.504,0.544,1
"TRIM22",0.260076692740583,-0.268238784149349,0.306,0.351,1
"MRPL3",0.260107658907124,0.138632043074419,0.593,0.558,1
"ENSG00000235192",0.26029066753262,0.464996141870799,0.081,0.056,1
"DDHD1",0.260375220869879,0.387949791691162,0.077,0.053,1
"RAB13",0.260411504845199,-0.235571500977696,0.173,0.218,1
"THADA",0.260427835098007,-0.1467072541628,0.456,0.519,1
"ENSG00000273080",0.260487568020641,-0.461247785538013,0.024,0.042,1
"PITX1-AS1",0.260487568020641,-0.487287418879345,0.024,0.042,1
"RBM34",0.260487568020641,-0.531209574236038,0.024,0.042,1
"MOBP",0.260494869462419,1.22011674577461,0.04,0.063,1
"CDC42EP4",0.260524479281323,0.257433944263983,0.468,0.449,1
"EMX2OS",0.260684419567152,0.184868823828086,0.5,0.481,1
"GPR107",0.260819758437204,-0.222319820867723,0.496,0.596,1
"TNIP1",0.26089777123486,0.314812771450249,0.331,0.305,1
"ENSG00000285184",0.260914309974021,0.237967199524444,0.028,0.014,1
"JAKMIP2-AS1",0.261151785770596,1.32639836542823,0.032,0.018,1
"C5orf24",0.261170704083743,-0.102374740942199,0.476,0.572,1
"MCF2L-AS1",0.261190908701579,-0.324421186983797,0.089,0.119,1
"VCL",0.261276262735656,-0.290139023985246,0.137,0.175,1
"UBE4B",0.261472250598018,-0.128167465904788,0.581,0.646,1
"FRS3",0.261698565394584,-0.374029155363013,0.125,0.161,1
"PBX2",0.261879250305869,-0.589577149228412,0.081,0.109,1
"MINK1",0.261919345585869,-0.171474590754241,0.415,0.477,1
"ENSG00000272468",0.261947738433802,-0.406470733163293,0.073,0.102,1
"ZNF101",0.262001737408591,-0.360829807817475,0.129,0.165,1
"ENSG00000214719",0.262017310979893,-0.213347130420948,0.024,0.042,1
"GUCY1A2",0.262017310979893,-0.583183135774657,0.024,0.042,1
"CDKN2B",0.262047672714205,0.905159688652887,0.093,0.13,1
"AMOTL1",0.262055588668525,-0.319211739033846,0.355,0.407,1
"JMJD8",0.262082545655661,0.432641002711963,0.371,0.379,1
"SLC25A30",0.262147811664377,0.633682307081268,0.149,0.123,1
"ENSG00000274383",0.262352959350866,-0.183801056944053,0.117,0.154,1
"ADH5",0.262365613101945,0.152508229644976,0.843,0.846,1
"LRRC18",0.26243352929753,0.262054357612818,0.532,0.512,1
"TMEM117",0.262440175097422,-0.405690912574042,0.065,0.091,1
"LINC01127",0.26261888587717,-0.386685981174027,0.052,0.077,1
"SLC25A11",0.26270697535905,0.362475369356027,0.444,0.435,1
"DRC7",0.262710009971079,0.18893370072891,0.585,0.561,1
"ENSG00000287811",0.262784505527051,-0.352755838736289,0.024,0.042,1
"SMIM11",0.262936004748836,0.463205300676937,0.177,0.147,1
"A2ML1-AS1",0.262947099193432,1.22388302612319,0.032,0.018,1
"ENSG00000274964",0.262947099193432,1.26542035609714,0.032,0.018,1
"USP21",0.263139200227382,0.228416972802342,0.444,0.421,1
"AIFM2",0.263160152353894,-0.287710013890871,0.06,0.088,1
"MSANTD3",0.263252600400441,-0.120049212634632,0.133,0.175,1
"BTN3A1",0.263274619375457,0.586486360355849,0.21,0.182,1
"EIF3J",0.263416460998069,0.330921879703859,0.375,0.361,1
"TTC23L",0.263513060449371,0.306023759539095,0.508,0.509,1
"PLA2G4E",0.263553249639145,-0.304595980404784,0.024,0.042,1
"PLRG1",0.263709312000546,-0.164055507286484,0.242,0.298,1
"SPATA4",0.26373826682731,-0.188574893136597,0.387,0.449,1
"RAB3D",0.263847943656185,1.0191472197739,0.032,0.018,1
"EEFSEC",0.263977725668764,1.58329139337039,0.048,0.074,1
"CCNT2",0.264179434097948,-0.119130502518634,0.198,0.246,1
"AP2A2",0.26432034426946,0.146813696081296,0.609,0.589,1
"PPP4R1-AS1",0.264323543945138,-0.682207693781121,0.024,0.042,1
"NRP2",0.264668516042506,0.192893159664338,0.169,0.218,1
"SWI5",0.264729573405062,-0.224129228971439,0.109,0.144,1
"ATP6V0D1-DT",0.264750914633462,1.26837779805443,0.032,0.018,1
"HES1",0.264750914633462,1.95970501730311,0.032,0.018,1
"ARMCX5-GPRASP2",0.264844919823946,-0.243932916368497,0.04,0.063,1
"LINC00645",0.264859359916969,0.686052441269497,0.181,0.151,1
"ENSG00000277511",0.265095389065184,-0.244063988533815,0.024,0.042,1
"DNAAF5",0.265180307604944,0.220440878547554,0.641,0.667,1
"OGFRP1",0.265323281985306,-0.260001462973079,0.032,0.053,1
"POC5",0.265415442313455,-0.116452480048497,0.278,0.333,1
"DCAF16",0.265557782850021,-0.106467787645298,0.226,0.281,1
"PSD4",0.265600028376903,-0.210703571126685,0.153,0.196,1
"WDR89",0.265621800919417,0.526373972819002,0.169,0.14,1
"ENSG00000271851",0.265656013114769,1.21421286398399,0.032,0.018,1
"ARPC1B",0.266079272001645,-0.130479950134448,0.125,0.165,1
"ADO",0.266686803670591,-0.324889563420176,0.129,0.165,1
"B3GNT5",0.26678071953,0.284389725123719,0.593,0.611,1
"ENSG00000242861",0.267254142808838,0.247592799122991,0.504,0.47,1
"MFF",0.267439514008217,-0.15385952677435,0.456,0.53,1
"NCOA4",0.267443662969268,-0.101643129922264,0.629,0.67,1
"MANEA-DT",0.267472596464258,1.16778148258759,0.032,0.018,1
"KPNB1",0.267677208201922,0.108620589879549,0.875,0.881,1
"NOXRED1",0.267793868472236,-0.820348853760324,0.036,0.056,1
"FUNDC1",0.267929883058902,-0.135624720232763,0.238,0.291,1
"RNF187",0.268020153481675,0.132995250619753,0.73,0.726,1
"PABPC4L",0.268081740178155,-0.302165612051877,0.032,0.053,1
"PLEKHH1",0.268096808303197,0.264797596498425,0.565,0.572,1
"LNX2",0.268161838786178,0.194843582708401,0.117,0.158,1
"ENSG00000226310",0.26819828977941,-0.349097214537288,0.024,0.042,1
"TMEM186",0.268339076039656,-0.327829627574572,0.073,0.102,1
"RHOBTB3",0.268359134948323,-0.14909916172906,0.395,0.449,1
"ADCK2",0.268384083228054,0.698647074302426,0.032,0.018,1
"SKA3",0.268384083228054,0.971477287474311,0.032,0.018,1
"CBR1-AS1",0.268459018580395,-0.793208119648789,0.036,0.056,1
"DCUN1D4",0.268687258895855,-0.245615983471013,0.202,0.253,1
"WDR1",0.26875913868154,0.192184018430921,0.734,0.723,1
"ZNF747",0.268763384845368,0.492384571960345,0.157,0.13,1
"MRPL37",0.268891766909023,0.282785040532069,0.468,0.453,1
"LINC02256",0.269225466010375,-0.19616963403699,0.129,0.168,1
"SUMO1",0.269263345354102,-0.155465510822337,0.726,0.772,1
"ENSG00000287593",0.269300261070317,-0.530931560516632,0.044,0.067,1
"TTLL12",0.269331786542029,-0.302037203457236,0.073,0.102,1
"ENSG00000269043",0.269342158893552,-0.616072231546654,0.181,0.221,1
"ARL4A",0.26940015217347,0.187396202192368,0.565,0.579,1
"ZNF816-ZNF321P",0.26940296537666,-0.185700030359518,0.149,0.189,1
"PDCD2L",0.269441798179957,-0.181064672387212,0.169,0.211,1
"TRAPPC13",0.269569805826365,-0.458814584293876,0.133,0.168,1
"PNN",0.269632458651971,-0.102502241511323,0.569,0.618,1
"UTRN",0.269683222666454,-0.232404546724257,0.649,0.688,1
"PLEKHG7",0.269727751283008,-0.22382661779964,0.452,0.512,1
"CAP1",0.269822222276222,-0.133338224198633,0.778,0.825,1
"SAFB2",0.269828669158434,0.294469328393467,0.552,0.547,1
"E2F7",0.269933460138183,-0.336961464659803,0.097,0.13,1
"ZFTA",0.269961983436444,-0.275451684409417,0.052,0.077,1
"B4GALT5",0.270045881915453,0.20318684316615,0.621,0.632,1
"ZSWIM5",0.270213451546909,0.857514879915271,0.032,0.018,1
"IPO9",0.270245364633948,-0.149259049009141,0.282,0.333,1
"YIPF3",0.270281198274946,0.237700092683466,0.597,0.589,1
"POLR2J3",0.27031056919436,-0.509254879967413,0.117,0.151,1
"ZNF610",0.270314175548041,-0.198925692793549,0.081,0.112,1
"NELFA",0.27034855553496,0.294661111683147,0.605,0.611,1
"ENSG00000213963",0.270541777931496,-0.10256089573839,0.024,0.042,1
"UBE2R2",0.270565029830812,-0.138167060273495,0.815,0.811,1
"STX19",0.270669966815434,0.802011044267966,0.109,0.084,1
"MFSD4B",0.270715220532429,-0.250897831092743,0.379,0.446,1
"INTS7",0.271136327059262,-0.321503884735934,0.117,0.151,1
"VAV1",0.271140355928679,-0.505625923784823,0.044,0.067,1
"CEBPZ",0.271398091704919,0.235602959581862,0.528,0.519,1
"THBS3-AS1",0.271427371243853,-0.157197552444628,0.415,0.498,1
"AP1G1",0.271564738623876,-0.120855150821749,0.508,0.572,1
"DDX19A-DT",0.271722440494471,-0.403695881402305,0.077,0.105,1
"CENPK",0.271802920451273,0.318473476155215,0.262,0.228,1
"RIPK2-DT",0.271966857851635,0.231790564378897,0.173,0.225,1
"PRCP",0.272243216517881,0.502212908445714,0.226,0.2,1
"C1orf141",0.272249462594297,0.199282501771548,0.052,0.077,1
"ENSG00000250906",0.272256261455919,0.104129799147625,0.032,0.053,1
"ENSG00000287759",0.272473742259808,-0.871248201808507,0.036,0.056,1
"SNRPF",0.272660500924614,0.158348786295839,0.516,0.523,1
"LINC02296",0.272665950323079,-1.65171446106901,0.073,0.098,1
"THOC5",0.272729691607913,0.826569961445334,0.121,0.098,1
"WDR11",0.272823161108157,-0.2369049743752,0.391,0.442,1
"C15orf48",0.27297350433654,0.170108976632156,0.032,0.018,1
"HEXB",0.272990998148891,0.296058639145106,0.444,0.418,1
"QPRT",0.27330827481237,-0.137719382913144,0.601,0.642,1
"CCDC77",0.273680781097072,-0.504329346177105,0.069,0.095,1
"ENSG00000290839",0.273757517798171,-0.168614838712255,0.121,0.158,1
"PEX10",0.273878844821162,0.580891461953374,0.153,0.126,1
"ENSG00000272829",0.273897792119513,0.665724353611984,0.032,0.018,1
"ZNF814",0.273961988082801,0.383064480729407,0.157,0.126,1
"UVRAG",0.274023270609643,0.396397825743665,0.294,0.27,1
"MAGI1",0.274031289029467,-0.248730414951959,0.573,0.639,1
"CDC73",0.274149159481139,-0.18012577794478,0.331,0.379,1
"EXT2",0.274280522575741,0.347101534488279,0.323,0.309,1
"IL5RA",0.274335397167027,0.158565363810737,0.851,0.853,1
"ENSG00000203546",0.274434055532583,0.95263517873666,0.141,0.116,1
"FADD",0.274446359880626,0.144511077946608,0.153,0.196,1
"C17orf58",0.274519104833297,0.344345221672443,0.399,0.375,1
"PHF20L1",0.274618775620161,-0.189878880353353,0.379,0.435,1
"GMIP",0.27467986034242,1.13137158758403,0.036,0.021,1
"TSPAN4",0.27467986034242,1.11473634221037,0.036,0.021,1
"MAP2K6",0.274793306706497,0.380933073161942,0.339,0.316,1
"DOK4",0.274824216377944,0.764818278052305,0.032,0.018,1
"LINC00461",0.274824216377944,0.466547846595994,0.032,0.018,1
"ATP1A1-AS1",0.274831991928237,0.445150677371139,0.198,0.165,1
"MAP3K12",0.274833039780861,0.639635306711436,0.181,0.154,1
"NDUFB6",0.275042700397548,0.186763776262922,0.585,0.589,1
"MIR100HG",0.275256448354854,-0.123553534096493,0.19,0.235,1
"MAPK8",0.275486683466181,-0.345900687538006,0.335,0.379,1
"LETM1",0.275813480677483,-0.409623093890358,0.105,0.137,1
"GPX8",0.275849271636438,0.688252384626779,0.113,0.088,1
"BRAP",0.275936033571784,-0.269815377744047,0.202,0.242,1
"DYDC1",0.276635235557794,0.392747729197235,0.302,0.281,1
"ASB6",0.276907638746062,0.72483370591812,0.105,0.081,1
"SAMD1",0.276910850075264,0.302831105586674,0.548,0.547,1
"LYRM4",0.277064305507684,0.445094428252335,0.25,0.221,1
"ENSG00000286681",0.277282552242471,2.31552650152207,0.036,0.021,1
"UNC13B",0.277364613941622,-0.219409170229832,0.133,0.172,1
"RAMAC",0.277473091619256,0.318537530140139,0.238,0.211,1
"SERP2",0.277616315956417,0.506094781923752,0.032,0.018,1
"ANKS6",0.27763783803564,-0.251439792102251,0.065,0.091,1
"HNF1A-AS1",0.277654268529769,0.528218230810937,0.149,0.119,1
"DISP1",0.277699868770602,-0.373391981766523,0.081,0.109,1
"HDAC3",0.277724015220881,0.408217608342606,0.27,0.246,1
"TESK1",0.277890328035897,-0.579970526862191,0.036,0.056,1
"AGAP1",0.278038440650386,-0.273285994103165,0.73,0.751,1
"NRBP1",0.27806816457074,0.459062419427018,0.367,0.347,1
"RNF165",0.278164504379353,0.446617231603703,0.173,0.214,1
"DBT",0.278178679055228,0.216365844021909,0.468,0.439,1
"CCDC34",0.278226250397462,0.105786214911016,0.815,0.782,1
"ABL2",0.278325844308324,-0.285699185471093,0.185,0.228,1
"FLOT2",0.278420852759139,0.175003455014084,0.581,0.568,1
"CLCN5",0.278586761122768,-0.221550083239512,0.044,0.067,1
"CNTN4-AS1",0.279009423784647,-0.478616531294376,0.137,0.172,1
"ENSG00000272848",0.279026984672951,1.01395019017523,0.036,0.021,1
"ZNF20",0.279165893691934,0.291218236982176,0.125,0.095,1
"ZNF780A",0.279243543932289,-0.344507268840838,0.065,0.091,1
"ENSG00000257058",0.279255851926108,-0.651718499153959,0.036,0.056,1
"NEK2",0.279343981186756,1.14373877432304,0.129,0.102,1
"TGFBRAP1",0.279453934430947,-0.490072521836624,0.085,0.112,1
"ENSG00000283674",0.279650435636144,-0.480938649322434,0.077,0.105,1
"EIF1AD",0.27977940688126,-0.118762698626806,0.19,0.235,1
"VPS53",0.280121815898984,0.303994460185638,0.387,0.474,1
"VPS54",0.28015873852289,-0.254310024915239,0.306,0.347,1
"INPP1",0.28015922267465,-0.257894959059236,0.125,0.161,1
"FBXL3",0.280205491061147,-0.15417306662319,0.552,0.621,1
"RAP1GDS1",0.280458681783427,-0.210773301689225,0.109,0.144,1
"MAILR",0.280489022690737,-0.129520263857611,0.347,0.411,1
"KIAA0319",0.280697464351888,-0.547707832386126,0.194,0.235,1
"TMEM216",0.280743743847148,0.362778801724578,0.266,0.239,1
"RAB5A",0.280904167916378,-0.108127367074561,0.544,0.604,1
"RHPN1",0.280944701750995,0.628667437916964,0.161,0.133,1
"ATP8B2",0.281314735289472,-0.272342967171429,0.113,0.147,1
"ENSG00000237429",0.281369072832567,0.720091324841186,0.032,0.018,1
"TMEM183A",0.281439364098568,0.444702279948104,0.391,0.386,1
"C3orf33",0.281657601963022,0.796107078150246,0.036,0.021,1
"FAM76A",0.281710651442648,-0.166839826915785,0.294,0.351,1
"KLHL15",0.281730120144184,-0.384170531671046,0.044,0.067,1
"LINC01354",0.281738472036521,0.464759803430478,0.097,0.074,1
"ZFHX2",0.281788273327404,0.280579640379601,0.464,0.432,1
"FAM214A",0.281884146814862,-0.218342692561209,0.565,0.614,1
"MED22",0.281933729194057,-0.236974136957741,0.065,0.091,1
"MRPL58",0.282269531908201,0.26983937677156,0.343,0.316,1
"LINC02055",0.282282813913254,-0.139164886022229,0.431,0.484,1
"PI4KAP1",0.282325878660275,0.378344648707563,0.133,0.105,1
"CBX5",0.282397726511267,-0.115722105125878,0.593,0.642,1
"SESN2",0.282418882980948,-0.139118435748991,0.129,0.168,1
"KLLN",0.282473868728476,0.22558106478565,0.093,0.067,1
"NUDT16L1",0.282522607153184,0.409257226918343,0.194,0.165,1
"ENSG00000289065",0.28253820162591,1.01147600202314,0.036,0.021,1
"EFCAB6",0.282709054878136,-0.338819469701539,0.637,0.681,1
"SPATA33",0.282715893281258,0.152567480883565,0.641,0.646,1
"DNPEP",0.282914052502104,-0.253142595569577,0.286,0.337,1
"ENSG00000262198",0.282979561738137,0.992125974523407,0.254,0.218,1
"GM2A",0.282980211395423,-0.226479268290865,0.073,0.102,1
"TRIP11",0.283021235245197,-0.114334830348425,0.677,0.723,1
"SELENOT",0.2830412302545,-0.124302124573057,0.722,0.786,1
"MIB1",0.283120464176366,-0.142772756613155,0.335,0.393,1
"FECH",0.28325188523981,0.471340778458619,0.185,0.158,1
"RAD54B",0.283375998189005,-0.261379125851286,0.335,0.379,1
"LIFR-AS1",0.283420283343373,0.752510631133071,0.105,0.081,1
"ENSG00000250132",0.283420665808661,1.59473910294344,0.036,0.021,1
"SLC25A15",0.283420665808661,0.80479358743618,0.036,0.021,1
"TASP1",0.283701512250668,-0.325100060242613,0.294,0.347,1
"PHF5A",0.283899109470317,0.130467143075609,0.121,0.161,1
"ERGIC1",0.283979356658644,-0.138735103213725,0.552,0.625,1
"RORC",0.283991568390801,0.205003941697192,0.222,0.189,1
"TMEM192",0.284114818952648,-0.155553467812263,0.343,0.396,1
"ENSG00000281538",0.284304995033362,0.785511750568534,0.036,0.021,1
"PEX6",0.284628899405936,0.734531976126412,0.319,0.295,1
"IFT80",0.2847419403718,0.207176341239497,0.625,0.614,1
"ZNF230-DT",0.284751660893826,1.04752265643903,0.04,0.025,1
"UBE2O",0.284990362859438,-0.250011029008849,0.157,0.196,1
"TBC1D7",0.284997714117867,0.70831276971623,0.125,0.102,1
"LIPE-AS1",0.285185085580906,-0.40918653661781,0.065,0.091,1
"LINC01522",0.285191189808739,0.87494087317033,0.036,0.021,1
"ACBD7",0.285419117748755,0.425638037857581,0.298,0.284,1
"PCGF2",0.28542668759254,0.563844623663436,0.169,0.211,1
"BIN3",0.285492931679175,0.460995879236821,0.387,0.368,1
"NEMF",0.285520002093747,-0.142545574673834,0.637,0.677,1
"TTC39A-AS1",0.285658164161941,0.575507987870699,0.181,0.154,1
"CRTC1",0.285677569857265,0.315463312941109,0.226,0.196,1
"TTC9",0.285821539155488,0.367395645500862,0.298,0.277,1
"MACROD1",0.285922300791354,0.176558233144488,0.06,0.088,1
"MPPED2",0.285985097228926,-0.137889468614963,0.573,0.621,1
"TRMT12",0.286402740702544,-0.214782658409646,0.242,0.291,1
"ST20-AS1",0.286423009469265,1.0883106813777,0.04,0.025,1
"TWSG1",0.286615134871445,-0.209704813405828,0.331,0.379,1
"ZNF891",0.286702543429235,-0.180897932707978,0.056,0.081,1
"POLR1G",0.286738620306337,0.992500617475278,0.085,0.063,1
"CASP10",0.286847721067898,-0.537079814235607,0.036,0.056,1
"SPACA9",0.287036090159393,0.199067157956809,0.774,0.765,1
"POLR2J",0.28723176924971,0.222403823283557,0.565,0.579,1
"RASGEF1A",0.287314284340646,-0.935169849622429,0.012,0.025,1
"GANC",0.287643456424106,-0.337524724085744,0.145,0.179,1
"ENSG00000259460",0.287929822479752,-0.815678521947306,0.028,0.046,1
"ENSG00000272688",0.28810097144145,1.14000134510501,0.04,0.025,1
"LGALS3BP",0.28829517108421,0.120359693058957,0.798,0.807,1
"TBC1D17",0.288345147794574,-0.189751650199443,0.177,0.218,1
"CLCF1",0.288402484685551,-0.989923586327336,0.012,0.025,1
"ENSG00000268403",0.288402484685551,-0.925859179901824,0.012,0.025,1
"MPPED2-AS1",0.288402484685551,-0.971051055997286,0.012,0.025,1
"ENSG00000275944",0.288402484685551,-1.07931918234963,0.012,0.025,1
"CHKA",0.28845333130796,-0.274185253314451,0.226,0.267,1
"ENSG00000256591",0.28853844424493,0.415794360233974,0.093,0.123,1
"THSD4",0.288842843636407,-0.455990167096712,0.181,0.218,1
"SLC1A1",0.288929636019308,-0.2284845095642,0.125,0.158,1
"HBS1L",0.28907710492832,0.307167511499866,0.222,0.277,1
"LINC02901",0.289133956646429,0.657939731575549,0.133,0.105,1
"RBX1",0.289160441241945,0.11171878745303,0.851,0.86,1
"MGP",0.28923676923344,1.12269426247096,0.048,0.032,1
"RANBP17",0.289456164019649,0.499924043366872,0.133,0.172,1
"SPICE1",0.289456448039742,-0.309670514315409,0.137,0.172,1
"ARL9",0.289493460248494,-0.866885659523817,0.012,0.025,1
"ENSG00000249209",0.289493460248494,-0.746901907166146,0.012,0.025,1
"GLIS3-AS2",0.289493460248494,-0.837323540751506,0.012,0.025,1
"NECTIN3",0.289591331794001,0.439421950951397,0.137,0.109,1
"ENSG00000257831",0.289606825175275,-0.322486314058012,0.056,0.081,1
"SPATS1",0.289650163811605,0.214611961223112,0.036,0.021,1
"ZNF30",0.289650163811605,0.898893084661527,0.036,0.021,1
"FIP1L1",0.289807391035011,0.255550850480397,0.476,0.46,1
"ENSG00000260563",0.290055459862649,-0.651294839688843,0.069,0.095,1
"PPP1R21-DT",0.290110152372532,-0.479416549970258,0.081,0.109,1
"FAM117A",0.290272062435088,0.544682978246562,0.21,0.179,1
"MSI1",0.290344217137673,-0.363096565310284,0.036,0.056,1
"COLCA2",0.290503525968308,0.196062714919232,0.371,0.344,1
"ZNF594-DT",0.290522266206407,-0.232405184802698,0.266,0.312,1
"ENSG00000270149",0.290587211811397,-0.812542597390659,0.012,0.025,1
"ENSG00000286349",0.290587211811397,-0.976231600476556,0.012,0.025,1
"MIR17HG",0.290587211811397,-0.657063189122554,0.012,0.025,1
"WDR11-DT",0.290587211811397,-0.670409111563674,0.012,0.025,1
"ZNF774",0.290587211811397,-0.426547869274006,0.012,0.025,1
"PHKA1-AS1",0.290587211811397,-0.681756527895849,0.012,0.025,1
"ANKRD10",0.290788600422225,-0.148105271668528,0.419,0.488,1
"SPHK2",0.290805873969981,-0.330270819946223,0.077,0.105,1
"TDRP",0.290978321133839,-0.276491769328289,0.516,0.561,1
"LINC02320",0.291046943603572,-0.650415046211263,0.036,0.056,1
"PPP4R3B-DT",0.291046943603572,-0.445554692333981,0.036,0.056,1
"TRMT10C",0.29122339952306,-0.14696783762986,0.452,0.523,1
"HTATIP2",0.291405893150558,-0.119125560925393,0.315,0.393,1
"ENSG00000286185",0.291476747602876,0.925869043003732,0.04,0.025,1
"PA2G4",0.291519150922517,0.130672429741488,0.782,0.782,1
"SARM1",0.291599877066198,0.280943517978558,0.165,0.133,1
"ZNF429",0.291665522987143,0.202766184630841,0.419,0.404,1
"CEP83-DT",0.291683740126175,-0.755153372155871,0.012,0.025,1
"ENSG00000248545",0.291683740126175,-0.781703295258285,0.012,0.025,1
"ENSG00000255038",0.291683740126175,-0.724055991707951,0.012,0.025,1
"ENSG00000287574",0.291683740126175,-0.844241163407488,0.012,0.025,1
"GABARAP",0.291683740126175,-0.723425731174059,0.012,0.025,1
"RBPMS-AS1",0.291683740126175,-0.893224953917269,0.012,0.025,1
"ZNF367",0.291683740126175,-0.870650030503425,0.012,0.025,1
"RMI2",0.291832128471946,-0.631593582391825,0.028,0.046,1
"AEBP2",0.292064191533354,-0.241824410198526,0.456,0.512,1
"FRRS1",0.292072616766096,0.694766517104966,0.101,0.077,1
"PCED1B",0.292135941468346,-0.470144160768718,0.169,0.207,1
"BRD3OS",0.292175082475914,0.168776224542827,0.573,0.565,1
"SFN",0.292241866541218,-0.461613056227051,0.125,0.161,1
"PSMB2",0.29240757089814,0.101593335241547,0.899,0.916,1
"USP46",0.292558891486141,-0.25781639993511,0.222,0.26,1
"ENSG00000183308",0.292616834617156,-0.534594968080857,0.028,0.046,1
"AMMECR1",0.292620819202251,0.109220086868184,0.206,0.26,1
"EIF1B",0.292738056385168,-0.113568585141875,0.653,0.712,1
"CLDND2",0.292783045914644,-0.705763983796933,0.012,0.025,1
"ENSG00000251423",0.292783045914644,-0.591693820521304,0.012,0.025,1
"ENSG00000287975",0.292783045914644,-0.628612537431657,0.012,0.025,1
"RAB27B",0.292783045914644,-0.704762297013422,0.012,0.025,1
"LINC00365",0.292783045914644,-0.683036457106093,0.012,0.025,1
"TMEM41A",0.292867384336542,0.537828630681134,0.202,0.175,1
"EHBP1",0.292960883531953,-0.164842201781439,0.306,0.365,1
"ENSG00000287978",0.293027193973327,1.34115958533351,0.044,0.028,1
"SAP30L",0.293081013681546,-0.165949458558903,0.375,0.435,1
"RARB",0.293113534840632,0.377110919013417,0.181,0.151,1
"MRPS17",0.293222233808349,0.57593980697435,0.141,0.116,1
"SLC16A4-AS1",0.293250969849825,0.531536851493872,0.036,0.021,1
"C6orf226",0.293332897703968,-0.176222368405702,0.286,0.333,1
"KIF24",0.2933953426518,0.340636456725386,0.423,0.421,1
"RAB5IF",0.293500494952451,-0.193538558071618,0.137,0.175,1
"SMARCA5",0.293607066882294,0.166323807086493,0.746,0.733,1
"ATP11C",0.293650062910906,-0.219170736565299,0.194,0.232,1
"CCDC183-AS1",0.293885129868436,-0.5979978892169,0.012,0.025,1
"ENSG00000231918",0.293885129868436,-0.726340043377997,0.012,0.025,1
"ENSG00000247372",0.293885129868436,-0.603279072898007,0.012,0.025,1
"OTUB2",0.293885129868436,-0.547868113214469,0.012,0.025,1
"PYHIN1",0.293885129868436,-0.627133993693383,0.012,0.025,1
"SGSM3",0.293885129868436,-0.56362798981656,0.012,0.025,1
"GLB1L",0.294014704421311,0.14070881494719,0.488,0.481,1
"ZNF717",0.294015796861731,-0.118959996899154,0.238,0.284,1
"BICD2",0.294138579500777,0.286912232927957,0.456,0.439,1
"ENSG00000248969",0.294146868132799,0.795121517224998,0.085,0.063,1
"LINC01355",0.294155845148177,-0.835662271708178,0.02,0.035,1
"TRIM62",0.294190493914616,-0.572733970958503,0.028,0.046,1
"FAM27C",0.29455315542959,0.286964075469312,0.456,0.432,1
"LRRC37A3",0.294777561896226,-0.412567917208548,0.137,0.172,1
"MISP",0.294780746944449,-0.180368442601783,0.214,0.26,1
"DHX58",0.294804487864022,0.358104595769731,0.169,0.14,1
"ENSG00000285679",0.294884302844675,-0.608852801525517,0.056,0.081,1
"ST8SIA1",0.294884302844675,0.699990000079687,0.081,0.06,1
"ALG1L9P",0.294989992648905,-0.502090141835331,0.012,0.025,1
"ENSG00000260071",0.294989992648905,-0.590088707282825,0.012,0.025,1
"ENSG00000287348",0.294989992648905,-0.429013959572287,0.012,0.025,1
"LINC01655",0.294989992648905,-0.467640149646917,0.012,0.025,1
"NSL1",0.295022286770533,0.369711655437431,0.407,0.382,1
"ENSG00000278133",0.295168480419577,-0.224918248516626,0.169,0.207,1
"SPPL2B",0.295631722931532,-0.324428295959425,0.23,0.274,1
"LINC00621",0.295639447971402,1.60799207974607,0.052,0.035,1
"ZNF16",0.295647807999579,0.128007867741438,0.065,0.091,1
"HCG18",0.295664299969788,-0.177419714128008,0.306,0.361,1
"AGL",0.295686432707416,-0.238790421954125,0.266,0.312,1
"CADM4",0.295769817474118,-0.565117777402985,0.028,0.046,1
"ENSG00000291174",0.295769817474118,-0.605407572369675,0.028,0.046,1
"PCAT14",0.2960841611042,-0.25315875360878,0.556,0.596,1
"ENSG00000226197",0.296097634887045,-0.543515091433385,0.012,0.025,1
"PLEKHG6",0.296097634887045,-0.291886861265432,0.012,0.025,1
"PRTG",0.296097634887045,-0.621271680200383,0.012,0.025,1
"SHC4",0.296097634887045,-0.566434971719897,0.012,0.025,1
"TBC1D22A",0.296287796214405,0.204132839331732,0.391,0.365,1
"ARL6",0.29631816807013,-0.108904026487807,0.492,0.565,1
"FARP2",0.296348997274124,0.439570023798137,0.25,0.228,1
"NPIPB2",0.296460970490063,0.130090039783553,0.052,0.077,1
"ATPSCKMT",0.29648459221322,-0.148803912285383,0.226,0.277,1
"TLR5",0.296498712378318,-0.142146941116764,0.044,0.067,1
"ZFAT",0.296502374419445,0.984864506573473,0.069,0.049,1
"EXOC7",0.296552473340236,0.296064619850262,0.488,0.449,1
"TENM4",0.296590083010703,0.863551184132819,0.04,0.025,1
"ATP6V0A1",0.296624994090781,-0.197391828866183,0.173,0.214,1
"ENSG00000285331",0.296709914259109,-0.269243162782663,0.036,0.056,1
"WNK2",0.296881693943402,0.843628416714176,0.036,0.021,1
"HIGD2A",0.297051559807273,0.156118272921395,0.573,0.572,1
"ENSG00000267317",0.2972080571834,-0.532152206114496,0.012,0.025,1
"ETV5",0.2972080571834,-0.41607733622985,0.012,0.025,1
"PHETA1",0.2972080571834,-0.513192831780133,0.012,0.025,1
"TMC1",0.2972080571834,-0.362699954506889,0.012,0.025,1
"ENSG00000277283",0.297250405157522,-0.205321110100687,0.056,0.081,1
"ANAPC1P2",0.297448104444719,0.730336206678409,0.04,0.025,1
"PDE12",0.297448526076157,-0.222431494944892,0.101,0.133,1
"EXTL3",0.297790580194816,0.888248052877951,0.069,0.049,1
"LCA5L",0.298039921337729,0.260026259437785,0.581,0.593,1
"QKI",0.298083854359526,-0.212890196279587,0.73,0.733,1
"RMDN2",0.298245767067412,-0.261168596232378,0.081,0.109,1
"NBPF8",0.298287423511793,0.923340675569479,0.077,0.056,1
"MLH1",0.298584230637472,0.296139840177939,0.508,0.498,1
"ENTPD3",0.298605387543796,-0.368192169993111,0.093,0.123,1
"ODAD3",0.29869498779916,0.495622903974174,0.302,0.277,1
"ENSG00000289085",0.298945464423224,-0.53489554023227,0.028,0.046,1
"PIP4K2B",0.299092707814559,-0.145758582652863,0.266,0.319,1
"LATS1",0.299130810399921,-0.197825755697278,0.173,0.221,1
"CDS2",0.29914892059765,0.287028943414501,0.423,0.428,1
"BIVM",0.299173880050432,-0.240319323992646,0.149,0.189,1
"MIF4GD",0.299358191567131,0.55231454486863,0.149,0.123,1
"ADD3-AS1",0.299437244200154,-0.349925768883671,0.012,0.025,1
"CYP2D7",0.299437244200154,-0.264571224920507,0.012,0.025,1
"FAM218A",0.299437244200154,-0.193805626804256,0.012,0.025,1
"KCNJ13",0.299437244200154,-0.403518480867429,0.012,0.025,1
"RCAN2",0.299437244200154,-0.356632570890559,0.012,0.025,1
"WNT11",0.299437244200154,-0.218476927733037,0.012,0.025,1
"AKAP8L",0.299521357446535,0.383239665312428,0.109,0.144,1
"PXDNL",0.299624383914788,-0.259583050613094,0.02,0.035,1
"LINC00923",0.299642910221738,0.678032433313189,0.06,0.042,1
"ESRP1",0.299665542873727,-0.141055028971117,0.641,0.677,1
"ENSG00000277763",0.299742918971725,-0.370097447402821,0.028,0.046,1
"SLC25A23",0.299788407007442,0.386424772262829,0.218,0.186,1
"OR7E91P",0.300099188553417,0.835222292805939,0.052,0.035,1
"NFIL3",0.300155458518254,-0.170848766638779,0.173,0.218,1
"CCNB1IP1",0.30018461780081,-0.267743130757307,0.048,0.07,1
"TNNI3",0.30018461780081,-0.539671569541832,0.048,0.07,1
"ZNF384",0.300204930613063,-0.154374481680489,0.19,0.235,1
"MT2A",0.300260663283821,0.288516163392791,0.565,0.547,1
"SLC16A9",0.300286453391586,-0.278593456854637,0.036,0.056,1
"TRIM59",0.30033975913477,0.975699516015548,0.044,0.028,1
"PARP3",0.300380347869471,0.534372327451918,0.181,0.151,1
"MRPS15",0.300447825495115,0.210967258173754,0.452,0.442,1
"GLG1",0.300543007972707,-0.155373963832896,0.629,0.681,1
"MXD3",0.30055600996861,-0.143418057678722,0.012,0.025,1
"SMU1",0.300605157866396,0.184551589568433,0.52,0.495,1
"SPAG9",0.300609815749837,-0.102469339707564,0.46,0.512,1
"MAPK7",0.300823295126824,0.620476107281527,0.056,0.081,1
"CIDEB",0.300937917919245,0.552020080898506,0.31,0.298,1
"DNAI1",0.30108902632417,-0.102602572343571,0.827,0.86,1
"NRBF2",0.301241078419721,0.256223252768458,0.234,0.204,1
"SBDSP1",0.301358365671877,-0.15163565535225,0.089,0.119,1
"FAM88B",0.301462204022648,-0.685246310008409,0.02,0.035,1
"HECW1",0.301462204022648,-0.810863177569473,0.02,0.035,1
"LINC01814",0.301462204022648,-1.01074070444264,0.02,0.035,1
"RGS19",0.301462204022648,-0.394356194532265,0.02,0.035,1
"LINC00937",0.301539516492718,0.153402451039974,0.093,0.126,1
"ENSG00000289161",0.301677557891223,-0.101551527750557,0.012,0.025,1
"NPRL2",0.301725082647196,-0.207449658666699,0.036,0.056,1
"COA8",0.301834230244234,0.561895827139073,0.169,0.144,1
"TUBB4B",0.301854341088658,0.144734479537714,0.96,0.958,1
"GSDMD",0.302337019819528,0.563933384213165,0.173,0.151,1
"RBM24",0.302381829363449,-0.238850978385318,0.508,0.558,1
"ENSG00000236723",0.30238392290218,-0.870550285352356,0.02,0.035,1
"ENSG00000290890",0.30238392290218,-0.384927927149723,0.02,0.035,1
"ENSG00000272609",0.302631049689647,0.850713522096552,0.04,0.025,1
"LINC01473",0.302647455060652,0.197068461438437,0.198,0.239,1
"C1orf52",0.302659253594108,0.129687914800436,0.198,0.253,1
"TADA3",0.302761830900269,0.105215823742806,0.593,0.589,1
"ENSG00000287413",0.30285298754605,0.942737054499378,0.085,0.063,1
"BSG",0.302864318641819,0.184470628528967,0.657,0.66,1
"DDTL",0.302946913821145,-0.266244597365943,0.028,0.046,1
"SMPD2",0.303226102094485,0.13348830046317,0.278,0.34,1
"ATP8B4",0.303307514649476,-0.909118100491935,0.02,0.035,1
"ENSG00000248664",0.303307514649476,-0.60362373611453,0.02,0.035,1
"ENSG00000291202",0.303353260896175,-0.234044924152676,0.117,0.151,1
"REPS2",0.303353260896175,-0.214405656746935,0.117,0.151,1
"DNAJC8",0.303356134108042,-0.124971610273574,0.54,0.586,1
"GAB1",0.303364343952063,0.911702311576976,0.065,0.046,1
"ENSG00000268797",0.303390403567485,-0.237896843552356,0.048,0.07,1
"ENSG00000276842",0.303520620445846,0.257659485664462,0.383,0.351,1
"RNF122",0.30381039612326,0.767224402562688,0.06,0.042,1
"FDXACB1",0.303944246303816,0.772169824928287,0.048,0.032,1
"LDOC1",0.304341401840312,-0.226224835827788,0.089,0.119,1
"ZNF85",0.304371966787641,0.646150967591256,0.04,0.025,1
"ATL1",0.304429778168573,0.662695578562558,0.077,0.056,1
"ENSG00000289340",0.304454414492014,0.896610454820216,0.044,0.028,1
"KDM3A",0.304456723067539,-0.151423468008506,0.351,0.407,1
"LINC02240",0.304557419455463,-0.606959096975533,0.028,0.046,1
"MTHFS",0.304557419455463,-0.325883032499037,0.028,0.046,1
"ENSG00000287180",0.304614565871788,-0.734065632031716,0.06,0.084,1
"PMS2P4",0.304772333994923,-0.311879581446525,0.137,0.172,1
"STK19",0.304781271243827,0.288861894343472,0.403,0.393,1
"VWA5A",0.304824244375107,-0.222990494929996,0.464,0.533,1
"PKD2L2-DT",0.305160317615149,-0.48455463437803,0.02,0.035,1
"TAF1D",0.305241212368065,0.174200843366205,0.653,0.614,1
"RTN1",0.305257037439796,0.170444535695277,0.593,0.565,1
"GCNT2",0.305368088060975,0.261424938688978,0.302,0.281,1
"FASTKD5",0.305975379871555,-0.237239487982273,0.165,0.207,1
"RNFT2",0.306089529232195,-0.418497008112428,0.02,0.035,1
"ROCK1P1",0.306089529232195,-0.502736081157741,0.02,0.035,1
"UPP2",0.306089529232195,-0.477284597534579,0.02,0.035,1
"RGS5",0.306312740679937,-0.336176301836871,0.161,0.196,1
"ALG10B",0.306399115139493,-0.272648228164757,0.133,0.168,1
"HEMK1",0.306399115139493,-0.199014985314339,0.133,0.168,1
"ENSG00000276007",0.306522498936804,0.722391117714351,0.073,0.053,1
"GADD45GIP1",0.306541401003457,0.247463471890108,0.258,0.228,1
"SPRYD4",0.306883941694206,0.859301498784105,0.149,0.126,1
"LINC03036",0.306983816277682,-0.409393145893508,0.028,0.046,1
"OGFRL1",0.307020614514277,-0.406985208593267,0.02,0.035,1
"TBCB",0.307398290775779,0.129419089322335,0.782,0.8,1
"C6orf47",0.307447619397399,-0.121429456835155,0.056,0.081,1
"PTCH1",0.307459236466001,-0.105514293946926,0.169,0.211,1
"ACOT8",0.307490444620964,0.40948436711314,0.214,0.186,1
"METTL25B",0.307564589072621,0.584549910683313,0.258,0.232,1
"TERB2",0.307565616091443,-0.34279427618794,0.06,0.084,1
"ENSG00000255306",0.307631279568738,0.975040884287673,0.052,0.035,1
"LINC02512",0.307772961527739,0.748299112742068,0.044,0.028,1
"REM2",0.307795452589028,-0.112979092692747,0.028,0.046,1
"SVIL-AS1",0.307809258870807,-0.107311524534048,0.383,0.449,1
"ENSG00000241520",0.307953573625361,-0.479161504633269,0.02,0.035,1
"ENSG00000249746",0.307953573625361,-0.293067744133443,0.02,0.035,1
"SNX22",0.307953573625361,-0.23825405570178,0.02,0.035,1
"TOR1AIP2",0.307972201485679,-0.178787220506162,0.363,0.432,1
"ALAD",0.3079791209279,0.303228410273013,0.464,0.463,1
"SMG9",0.308054583127679,0.747982889982097,0.081,0.06,1
"CRACD",0.308197711827711,-0.476171057221533,0.052,0.074,1
"KIF9-AS1",0.308313055217261,-0.379504139294035,0.117,0.147,1
"TPK1",0.308460777763698,0.755024150112182,0.093,0.07,1
"ENSG00000289171",0.308566822613299,-0.293496650382656,0.048,0.07,1
"LINC01535",0.308662339131181,0.113570606062341,0.056,0.081,1
"MANBA",0.30890422458583,-0.264400035471204,0.093,0.123,1
"AXIN1",0.308967684923319,-0.172862631400089,0.133,0.168,1
"UBR5-DT",0.309081748689668,-0.149607864946029,0.302,0.351,1
"PCDH1",0.309336654570239,-0.10803464098201,0.169,0.214,1
"ZDHHC2",0.309361123279768,-0.23818817404303,0.472,0.516,1
"TMEM267",0.309403657807727,-0.171807009766801,0.274,0.323,1
"KREMEN1",0.309404675491409,-0.109880995607869,0.363,0.421,1
"CCSER2",0.309463998483858,0.727470964198491,0.29,0.274,1
"CWH43",0.30963992563688,0.169441177970568,0.835,0.786,1
"RAD51D",0.309640107454818,-0.628372954410481,0.065,0.088,1
"ARSD",0.309850454873627,0.11743415688169,0.863,0.874,1
"ENSG00000261732",0.309872796891531,0.123901508853817,0.097,0.13,1
"ENSG00000217702",0.309883126461696,-0.183650192320809,0.069,0.095,1
"CHPF",0.309940037081548,0.674702351391257,0.085,0.063,1
"FKBP1B",0.310086118777888,0.875497067062978,0.056,0.039,1
"ABCF2",0.310186152944023,0.263165814608841,0.343,0.323,1
"RXYLT1",0.310212027996534,-0.118736397772525,0.391,0.456,1
"EEF2KMT",0.310214886000486,0.85953467101142,0.069,0.049,1
"FBXO3",0.310280057415382,-0.152780341148042,0.371,0.435,1
"C18orf21",0.310436968036141,0.212913245072512,0.19,0.158,1
"EPB41L4A-DT",0.310678853691009,0.689870345314715,0.052,0.035,1
"SRRM1",0.310690924412589,-0.106030276278606,0.754,0.772,1
"CIAPIN1",0.310693195898352,-0.114757586067753,0.165,0.207,1
"ENSG00000285702",0.310837585609088,1.61152398037795,0.065,0.046,1
"ATP13A4",0.311081393732178,0.78131449338326,0.048,0.032,1
"CNOT2",0.311112369270855,-0.194942332805331,0.589,0.639,1
"LPAR1",0.311115359559254,0.555874924509334,0.044,0.028,1
"AMOT",0.311284935338522,-0.109538761594472,0.198,0.246,1
"ENSG00000287401",0.311368821054383,0.183588167133419,0.21,0.175,1
"LCN12",0.3113787352748,-0.625702801290116,0.077,0.102,1
"ENSG00000291147",0.311386840540749,0.424604231846303,0.089,0.067,1
"ZNF333",0.311386840540749,0.422534589546839,0.089,0.067,1
"ENSG00000285565",0.311402014830578,0.793439936412305,0.04,0.025,1
"PPP1R8",0.311441339442551,-0.104332430416087,0.363,0.428,1
"RIC8B",0.31189814712942,0.246444630121368,0.387,0.365,1
"RFC4",0.311903165011501,-0.182824471240511,0.117,0.151,1
"NANP",0.31200492152111,-0.64670548098432,0.052,0.074,1
"TPR",0.312213091360369,-0.145305207326084,0.839,0.839,1
"KCTD11",0.312292182633498,0.706783895080804,0.056,0.039,1
"PINK1-AS",0.312325514812306,-0.181924911136208,0.056,0.081,1
"ADPRHL1",0.312430393676861,0.267823088033593,0.306,0.27,1
"THAP7",0.312487244398902,-0.362447821086272,0.048,0.07,1
"RALGPS1",0.312703814565776,-0.107771029712294,0.302,0.365,1
"DPY19L2P3",0.312795504490773,0.80439413704736,0.044,0.028,1
"EPM2A-DT",0.312812306222711,0.381845173191482,0.149,0.123,1
"ZNF345",0.312895824289339,0.171519542835488,0.113,0.147,1
"LINC02265",0.313029829719737,0.75993639324641,0.056,0.039,1
"FAM27E3",0.313191799978008,0.507946046723928,0.161,0.137,1
"ZNF670",0.313516639347606,0.270132826665121,0.028,0.046,1
"STIL",0.313590686089684,-0.200882274263623,0.02,0.035,1
"EIF2B1",0.313684098334846,-0.129550174216043,0.294,0.347,1
"PODXL",0.313801311933764,-0.380656178020869,0.048,0.07,1
"NEK10",0.313942296411845,-0.276556434543143,0.839,0.849,1
"ARNTL2",0.314124328273481,-0.296567380238017,0.06,0.084,1
"GID4",0.314166749186345,-0.507155238153794,0.069,0.091,1
"KLHDC1",0.314279749911149,-0.127663557592247,0.113,0.147,1
"ZNF568",0.31428401406485,0.721068157993283,0.109,0.147,1
"IL1R2",0.314347477845756,0.349074989594378,0.399,0.379,1
"PHF2",0.314455013979124,0.263965176137897,0.496,0.491,1
"AQP7",0.314751828160685,0.132134503075679,0.351,0.319,1
"EYA3",0.314843298730595,-0.260334500198062,0.347,0.393,1
"ZNF236-DT",0.314919062424644,0.627618739676595,0.298,0.284,1
"KLHDC3",0.314931860422342,0.399363406022165,0.351,0.34,1
"STARD5",0.315063214166854,0.684335435061771,0.077,0.056,1
"KCNQ1",0.315119009935395,-0.327202889695136,0.048,0.07,1
"FITM2",0.315165188879591,0.206572190932297,0.044,0.067,1
"CDK5R1",0.315194899721257,1.66343855135112,0.016,0.007,1
"ENSG00000196826",0.315194899721257,1.68702952871471,0.016,0.007,1
"ENSG00000259546",0.315194899721257,3.20958425662704,0.016,0.007,1
"ENSG00000262873",0.315194899721257,1.55883995962033,0.016,0.007,1
"ENSG00000271727",0.315194899721257,1.37747901018998,0.016,0.007,1
"ENSG00000272434",0.315194899721257,1.19208861802366,0.016,0.007,1
"ENSG00000287691",0.315194899721257,1.71496666524928,0.016,0.007,1
"KLHL11",0.315194899721257,1.57496908459942,0.016,0.007,1
"LINC00499",0.315194899721257,1.06664117386211,0.016,0.007,1
"LINC02479",0.315194899721257,1.49508806791106,0.016,0.007,1
"LPP-AS2",0.315194899721257,1.1959930030683,0.016,0.007,1
"PTPN23-DT",0.315194899721257,1.34065148102164,0.016,0.007,1
"TYMS",0.315194899721257,1.21543325666193,0.016,0.007,1
"UST",0.315194899721257,1.67516961100843,0.016,0.007,1
"WDFY4",0.315194899721257,1.76222427888854,0.016,0.007,1
"ENSG00000250803",0.315194899721257,1.77636105123895,0.016,0.007,1
"ENSG00000284748",0.315194899721257,1.78208818950868,0.016,0.007,1
"TMEM199",0.315232586699463,-0.168321890166864,0.194,0.235,1
"LNCTAM34A",0.315287448498528,0.696088511407872,0.052,0.035,1
"SLC7A6",0.315630524736878,-0.204804354453563,0.226,0.267,1
"GABPA",0.31566412235877,-0.167463163908082,0.226,0.277,1
"CIAO1",0.315779826857923,-0.125845824524867,0.605,0.66,1
"SSBP1",0.315809892371803,0.123398399714697,0.778,0.796,1
"GALNS",0.315830994479616,0.102312672619845,0.645,0.628,1
"LYRM1",0.315849633429268,0.199474191062701,0.383,0.358,1
"DCTN1",0.315940081221551,0.362957085027024,0.343,0.319,1
"TAB1",0.316103414054434,-0.20411210142935,0.169,0.211,1
"MUC5B",0.316363427369418,0.525117146120344,0.036,0.056,1
"HNRNPH2",0.31637016382133,-0.129077445363528,0.73,0.779,1
"GPR89B",0.316635277622216,0.50065755233314,0.081,0.06,1
"ENSG00000254361",0.316683938351947,1.38354090972173,0.016,0.007,1
"ENSG00000270061",0.316683938351947,1.61581094169426,0.016,0.007,1
"ENSG00000278107",0.316683938351947,1.27022579214995,0.016,0.007,1
"ENSG00000289207",0.316683938351947,1.26162061659039,0.016,0.007,1
"ENSG00000291176",0.316683938351947,1.44017524698957,0.016,0.007,1
"LAT2",0.316683938351947,1.68086713497594,0.016,0.007,1
"NCAM2",0.316683938351947,1.66344472135353,0.016,0.007,1
"OVOL1",0.316683938351947,1.40111520940875,0.016,0.007,1
"PCDHGB6",0.316683938351947,1.38253801940645,0.016,0.007,1
"TMEM132D",0.316683938351947,1.15184829272773,0.016,0.007,1
"TANC2",0.316735673912669,-0.155298492317209,0.198,0.239,1
"SCGB1B2P",0.316833576973459,0.90009380884126,0.052,0.035,1
"E4F1",0.316889534109999,0.915339302482602,0.069,0.049,1
"DLEU2L",0.316901487243696,-0.368923348179779,0.04,0.06,1
"NDUFAF8",0.317014409976809,0.243372342689996,0.363,0.34,1
"STAG2-AS1",0.317021962644239,0.523687925226544,0.044,0.028,1
"TPST1",0.317203756479159,-0.445652900948877,0.375,0.407,1
"SPEN-AS1",0.317386815944863,0.941143061439008,0.101,0.081,1
"SNHG19",0.317531219290099,0.238470609021883,0.077,0.105,1
"ZFP41",0.317551440503419,0.441804888770273,0.089,0.067,1
"DIP2A",0.317697206004621,-0.1655747582034,0.21,0.253,1
"PMS2P3",0.317873771397009,0.157357104534281,0.056,0.081,1
"CKAP2-DT",0.317978907832334,0.776363819853819,0.06,0.042,1
"ARMCX1",0.317991531472351,-0.28586660722837,0.294,0.337,1
"PPRC1",0.317999285676785,0.328742589036093,0.218,0.189,1
"CDK5RAP1",0.318076581025994,-0.113142397898577,0.141,0.179,1
"ELAC1",0.31809093359243,-0.151883184465986,0.121,0.158,1
"BAIAP2L2",0.318177584707972,1.22269163463715,0.016,0.007,1
"CBS",0.318177584707972,1.09939835656439,0.016,0.007,1
"CHRM3",0.318177584707972,1.53983145332841,0.016,0.007,1
"ENSG00000230074",0.318177584707972,1.0970136034509,0.016,0.007,1
"ENSG00000259354",0.318177584707972,1.349948747866,0.016,0.007,1
"ENSG00000267277",0.318177584707972,0.919124968500878,0.016,0.007,1
"ENSG00000271914",0.318177584707972,1.04187215515931,0.016,0.007,1
"ENSG00000272604",0.318177584707972,1.05910684614171,0.016,0.007,1
"IQCJ-SCHIP1",0.318177584707972,1.13645267454205,0.016,0.007,1
"KCP",0.318177584707972,1.39910832711272,0.016,0.007,1
"LINC02994",0.318177584707972,1.12235321063792,0.016,0.007,1
"NUP210L",0.318177584707972,1.20230597142047,0.016,0.007,1
"PGM5",0.318223816778703,0.197733760809331,0.222,0.274,1
"LINC00899",0.318339829178923,0.12416080396812,0.02,0.035,1
"RAD50",0.318418867971191,-0.471441050729765,0.052,0.074,1
"PHKA1",0.318486095094932,0.851369364528695,0.141,0.119,1
"OLMALINC",0.318506870006789,0.22753923937413,0.536,0.53,1
"UBALD1",0.318523682474403,0.400428552709414,0.198,0.175,1
"FAF1",0.318643887544043,-0.336036685693717,0.29,0.33,1
"ACTR1A",0.318845705630679,0.264496153050497,0.339,0.312,1
"PPP1R3E",0.319003929958112,-0.446367721572108,0.093,0.119,1
"PRRG2",0.319140200006036,0.61751072482849,0.048,0.032,1
"PAFAH1B2",0.319307125311076,0.16710336562447,0.645,0.649,1
"ENSG00000285269",0.319437818523278,0.218140213501091,0.04,0.025,1
"CD34",0.319659840056395,-0.28379772392966,0.113,0.144,1
"ENSG00000233920",0.319675838782266,1.31408103882296,0.016,0.007,1
"ENSG00000257475",0.319675838782266,2.16316339342881,0.016,0.007,1
"ENSG00000266049",0.319675838782266,1.18512992871201,0.016,0.007,1
"ENSG00000267672",0.319675838782266,1.04154810475722,0.016,0.007,1
"ENSG00000274021",0.319675838782266,0.948106061265665,0.016,0.007,1
"ENSG00000277692",0.319675838782266,0.98230707441616,0.016,0.007,1
"ENSG00000281167",0.319675838782266,1.06923219007574,0.016,0.007,1
"ENSG00000289891",0.319675838782266,1.29660031395879,0.016,0.007,1
"PCDHB1-AS1",0.319675838782266,1.20681138589305,0.016,0.007,1
"PRF1",0.319675838782266,1.55878701481864,0.016,0.007,1
"ENSG00000263063",0.319675838782266,0.943153017318844,0.016,0.007,1
"RHAG",0.319675838782266,1.41886566818097,0.016,0.007,1
"ZNF438",0.319759544068396,-0.378673959758414,0.048,0.07,1
"FSIP2-AS1",0.319779936404155,-0.313274023997088,0.04,0.06,1
"FBXL13",0.319789377593509,-0.23724682357153,0.444,0.505,1
"C2CD2L",0.32004800251446,-0.183117732162134,0.395,0.46,1
"GPBP1",0.32013759954816,-0.11081071178552,0.806,0.821,1
"MMS22L",0.320156483087122,-0.205596675069993,0.133,0.165,1
"NDUFS2",0.320457902831789,0.105094934409406,0.585,0.568,1
"CSRP2",0.320509404850585,0.165585719828926,0.677,0.691,1
"HARBI1",0.320523220627943,0.558696527293736,0.065,0.046,1
"ZNF252P",0.320591510494535,0.595773869464416,0.25,0.225,1
"PRDM11",0.320682799583403,-0.260488651867424,0.101,0.13,1
"ARIH2",0.320835760509991,0.169550924160211,0.484,0.467,1
"TM2D3",0.321056920251659,-0.216005590882318,0.492,0.523,1
"ANXA10",0.321178700479863,1.10758562866772,0.016,0.007,1
"ATF6-DT",0.321178700479863,0.296345646541264,0.016,0.007,1
"C17orf99",0.321178700479863,0.483205072149419,0.016,0.007,1
"CRLF1",0.321178700479863,1.0169130255685,0.016,0.007,1
"EGFL8",0.321178700479863,0.762514005152513,0.016,0.007,1
"ENSG00000285542",0.321178700479863,0.676391481094759,0.016,0.007,1
"ENSG00000286086",0.321178700479863,0.905009848341589,0.016,0.007,1
"GRAP2",0.321178700479863,0.966542483095381,0.016,0.007,1
"HNRNPD-DT",0.321178700479863,0.977404379135621,0.016,0.007,1
"LINC00536",0.321178700479863,1.03894039284405,0.016,0.007,1
"LINC01465",0.321178700479863,0.669697219688203,0.016,0.007,1
"LRRC8C",0.321178700479863,0.887191366935657,0.016,0.007,1
"ZNF423",0.321225553995752,-0.684083251221413,0.04,0.06,1
"LAMTOR2",0.321327060435244,0.2392846534562,0.5,0.474,1
"PTS",0.321628231987761,0.156922715923013,0.54,0.502,1
"AFMID",0.321765563720067,0.450771896429817,0.315,0.298,1
"DMWD",0.3219417601625,0.397867942777641,0.294,0.277,1
"CUX1",0.322117134540934,0.169981324784434,0.5,0.467,1
"CCDC158",0.322142924105976,0.334890024454721,0.044,0.028,1
"SMIM12",0.322213658699847,0.429900445010621,0.367,0.361,1
"APRT",0.322365823583588,0.799331937805457,0.185,0.158,1
"ENPEP",0.322383889458381,-0.358252116602823,0.149,0.182,1
"SLC38A6",0.322396128187222,-0.194156481955736,0.375,0.425,1
"PLA2R1",0.32240164464541,0.15582092423544,0.048,0.032,1
"MELTF-AS1",0.322431246041095,0.452202149287806,0.048,0.07,1
"DM1-AS",0.32268616961763,0.827653226465811,0.016,0.007,1
"ENSG00000247011",0.32268616961763,0.749535541773497,0.016,0.007,1
"ENSG00000287070",0.32268616961763,0.695198359283002,0.016,0.007,1
"ETS1",0.32268616961763,0.749930781751084,0.016,0.007,1
"MAB21L3",0.32268616961763,0.569170232706219,0.016,0.007,1
"ENSG00000287459",0.32268616961763,0.1657284080844,0.016,0.007,1
"ALPK1",0.322849532682055,-0.104241221870865,0.258,0.302,1
"USP27X",0.322962781356971,0.230161203956097,0.141,0.182,1
"NF1",0.323172172282784,-0.289092889978856,0.435,0.481,1
"NUDT18",0.323401971204529,-0.417865857547996,0.04,0.06,1
"UTS2B",0.323401971204529,-0.379586357563018,0.04,0.06,1
"GOPC",0.323454050668893,-0.12240850868252,0.306,0.365,1
"LCN2",0.323652987091535,-0.246508262436295,0.101,0.13,1
"GOLGA8M",0.323657694596709,0.998200323433954,0.069,0.049,1
"POLR3H",0.323945233266242,-0.143142258815085,0.419,0.467,1
"KLHL13",0.32395302186893,0.350406922918515,0.286,0.26,1
"MYO1B-AS1",0.324198245924002,0.869054533813629,0.016,0.007,1
"PRDM5",0.324198245924002,0.976025613197604,0.016,0.007,1
"USP46-DT",0.324198245924002,0.173570017288734,0.016,0.007,1
"SSH2",0.324211810429084,0.199670384547632,0.367,0.344,1
"NPTN-IT1",0.324232097515512,0.619050841377907,0.056,0.039,1
"VWA3A",0.324274342676803,-0.285717432593855,0.823,0.828,1
"PEDS1",0.324344664769817,0.19472782683352,0.137,0.175,1
"DDX51",0.324372012449934,0.265901297727881,0.109,0.084,1
"ITPR3",0.324550745656255,-0.399052870866446,0.137,0.172,1
"FN3K",0.324733954473169,0.700379348415983,0.065,0.046,1
"U2AF2",0.324976584854124,0.16519020418202,0.754,0.747,1
"NOP53",0.325313186306226,0.242479459867038,0.435,0.421,1
"ZNF260",0.32536185741081,-0.193260200952293,0.125,0.158,1
"EZH2",0.325594216466852,-0.325099643116468,0.065,0.088,1
"IRF7",0.325701869207059,0.420676204909517,0.234,0.211,1
"ASMTL-AS1",0.325714929038718,0.219757449747191,0.016,0.007,1
"GPA33",0.325714929038718,0.370715840956334,0.016,0.007,1
"SLC25A33",0.325716401518102,0.261288449017957,0.46,0.456,1
"CCZ1B",0.325738010312995,0.21453113431332,0.31,0.281,1
"PART1",0.325953242916354,0.583710873854669,0.06,0.042,1
"CHD8",0.326365606279813,0.11494419058588,0.488,0.463,1
"ST3GAL2",0.326503500330216,0.507515551956335,0.056,0.039,1
"C3orf14",0.326508920320772,0.285383298412209,0.048,0.032,1
"COX7B",0.326537374052879,0.128056477020814,0.778,0.786,1
"GPN2",0.326695865290073,-0.216335497849213,0.097,0.126,1
"WFDC10B",0.326899105545484,0.391804176563316,0.085,0.063,1
"RBM7",0.327088708374524,-0.244029484157214,0.214,0.256,1
"CARD10",0.32723621851256,0.471929726719226,0.016,0.007,1
"NXF1",0.327393200312688,-0.152806255554977,0.351,0.411,1
"ENSG00000289048",0.327716248583525,-0.147511972358917,0.113,0.144,1
"CXorf58",0.328023498853921,0.410428217591328,0.056,0.039,1
"YY1AP1",0.328258760884237,-0.21199138708593,0.177,0.218,1
"CNP",0.328323154171954,0.145002388629304,0.266,0.326,1
"DLX4",0.328451039742953,0.558956521823109,0.069,0.049,1
"MEMO1",0.328528956893335,0.2488736932829,0.056,0.081,1
"ENSG00000234692",0.32855447404085,0.110268456944151,0.419,0.484,1
"MIR29B2CHG",0.328733481479852,-0.550094145975458,0.069,0.091,1
"RASSF1",0.328751241891425,-0.208784599640901,0.06,0.084,1
"TUBD1",0.329144734965906,-0.306923537406572,0.101,0.13,1
"POM121C",0.329162333971831,0.311640318787803,0.206,0.179,1
"FOCAD",0.329210144252111,-0.234643218046601,0.431,0.481,1
"PINX1",0.329370429178774,-0.101323366067638,0.073,0.098,1
"SYTL5",0.329548080697761,0.315737657630646,0.056,0.039,1
"FOXRED1",0.329646961943767,1.01186404971714,0.129,0.105,1
"ENSG00000248896",0.329691775840744,0.377496582371343,0.065,0.046,1
"ELN-AS1",0.329698721390714,0.316071986581174,0.508,0.512,1
"INSIG2",0.329714327151071,-0.144622916047138,0.266,0.323,1
"ATAD5",0.329797562316414,0.660327030807686,0.081,0.06,1
"ADRB2",0.329819111544881,0.164645480312613,0.048,0.032,1
"MFSD1",0.329900661868134,0.152695604479084,0.665,0.67,1
"POGK",0.329930424832966,-0.131041811262084,0.23,0.274,1
"ZDHHC12",0.329960316495991,0.644372827873564,0.117,0.095,1
"MYL12-AS1",0.329988746411324,-0.109724383328474,0.04,0.06,1
"MTMR6",0.330171978870039,0.215584124047429,0.581,0.565,1
"ENSG00000289294",0.330324875006209,0.545243378342275,0.202,0.179,1
"ELOF1",0.330430438845209,0.283920696580641,0.544,0.533,1
"DNAH2",0.330447027112769,0.130007042297314,0.605,0.596,1
"KDM7A-DT",0.330510419962526,0.426515071692684,0.169,0.144,1
"FLVCR1-DT",0.331077245192516,0.712909361450206,0.056,0.039,1
"GPD2",0.331216110257237,-0.140134305569749,0.214,0.256,1
"ARL5B",0.331216299805029,-0.102715688960367,0.181,0.232,1
"EPB41L5",0.331322966437107,-0.106034868658246,0.262,0.302,1
"TMPRSS3",0.331474817132143,0.239702046896642,0.524,0.505,1
"PDAP1",0.331856905833911,0.188017371871761,0.52,0.523,1
"TMEM126A",0.332157572944917,-0.178279513185695,0.21,0.249,1
"PCSK4",0.332203507159912,-0.308359675805944,0.04,0.06,1
"BTN3A3",0.332485964940835,-0.378739344996009,0.117,0.147,1
"RRP9",0.332534779245865,0.747003358836117,0.121,0.098,1
"ZNF280C",0.332573565487334,0.619478026254224,0.06,0.042,1
"XAB2",0.332723616424775,0.578198868349654,0.165,0.14,1
"ENSG00000289956",0.332904698574159,-0.507922966765199,0.044,0.063,1
"ENSG00000250155",0.333081579538382,-1.18715306430005,0.008,0.018,1
"TIGD5",0.333081579538382,-1.02727011768457,0.008,0.018,1
"ZNF43",0.333158097391044,-0.380373252243847,0.165,0.2,1
"TIMM9",0.33325449650186,-0.146156311716512,0.117,0.151,1
"WDR13",0.333259502889371,0.236599008793248,0.496,0.502,1
"DNM1",0.33336766198158,0.447803799531708,0.052,0.035,1
"IL6R",0.333402180364658,0.345644867808577,0.359,0.347,1
"CCSER1",0.333423570038603,-0.207615526408117,0.109,0.137,1
"S100A10",0.333429953986891,-0.126389332137563,0.782,0.747,1
"ANGEL1",0.333506919077804,-0.366529382641756,0.093,0.119,1
"MIR3681HG",0.333685337146777,-0.300241598720763,0.04,0.06,1
"FAM86B2",0.333947947225932,0.10145877254322,0.048,0.07,1
"NDUFS4",0.33406278369806,-0.156933087727406,0.323,0.379,1
"ENSG00000291166",0.334083019922164,0.256470709327921,0.093,0.07,1
"COQ4",0.334109842651252,0.185940930837969,0.694,0.712,1
"TM7SF2",0.334356373377035,0.302633528774952,0.218,0.193,1
"C8orf44-SGK3",0.334511734230455,-1.88237650491814,0.008,0.018,1
"RFX5-AS1",0.334511734230455,-0.861053817054889,0.008,0.018,1
"ENSG00000289839",0.334511734230455,-1.28471868523087,0.008,0.018,1
"SRPK1",0.3346480174831,0.145790356053664,0.194,0.165,1
"G6PD",0.334874688851038,-0.35815062866088,0.105,0.133,1
"ENSG00000290490",0.334910235891555,-0.205389081118181,0.085,0.112,1
"LINC02605",0.334910235891555,-0.445987500137962,0.085,0.112,1
"CCNB3",0.335057839261787,-0.756065706517019,0.044,0.063,1
"PSIP1",0.335340223389919,-0.116762668039268,0.758,0.807,1
"SLC25A14",0.335489960757549,-0.134198886639785,0.391,0.456,1
"PMAIP1",0.335600486740418,0.361313602541506,0.085,0.063,1
"ENSG00000291089",0.335712373070925,-0.227805207876272,0.101,0.13,1
"MTMR3",0.335900759711576,0.268284989889105,0.48,0.474,1
"ENSG00000213121",0.335945840972066,-0.766086249260874,0.008,0.018,1
"ENSG00000243797",0.335945840972066,-1.00309658536627,0.008,0.018,1
"LINC02306",0.335945840972066,-1.08050039027099,0.008,0.018,1
"ENSG00000284695",0.335945840972066,-0.949793013707844,0.008,0.018,1
"LINC02013",0.335945840972066,-1.03397614216436,0.008,0.018,1
"SMAD3",0.335999926319618,-0.152443824347787,0.085,0.112,1
"TAF6L",0.336288783253538,0.406667377951992,0.06,0.042,1
"RBM15",0.336415996905954,-0.108867629237211,0.149,0.186,1
"PHKA2",0.336440172567418,-0.218797471749848,0.153,0.186,1
"ENSG00000255835",0.336472158684511,-0.373120058757115,0.032,0.049,1
"INPP5E",0.336509514820627,0.194182694864219,0.52,0.505,1
"YPEL2",0.336552397452742,-0.143467047983099,0.141,0.179,1
"POLR1H",0.336650163774185,-0.105183481752015,0.105,0.137,1
"NOL11",0.3372323808052,0.278131944512855,0.423,0.4,1
"TCEAL3",0.337244833000053,-0.191226234951822,0.532,0.604,1
"EXTL2",0.33727398661812,0.104513853887242,0.359,0.428,1
"ALS2CL",0.3373838989259,-0.911144191438628,0.008,0.018,1
"CD37",0.3373838989259,-0.808589930244229,0.008,0.018,1
"CES3",0.3373838989259,-0.802355369814195,0.008,0.018,1
"CYTH4",0.3373838989259,-0.940260463303769,0.008,0.018,1
"EMP3",0.3373838989259,-1.04751019419104,0.008,0.018,1
"ENSG00000272077",0.3373838989259,-1.16526457049844,0.008,0.018,1
"ENSG00000272574",0.3373838989259,-1.14414242822842,0.008,0.018,1
"ENSG00000289005",0.3373838989259,-0.922672113314185,0.008,0.018,1
"ENSG00000290709",0.3373838989259,-0.754090159218864,0.008,0.018,1
"MFSD6L",0.3373838989259,-0.859248014317253,0.008,0.018,1
"ENSG00000224090",0.3373838989259,-0.695554108062276,0.008,0.018,1
"ENSG00000272368",0.337408535890677,-0.273507521345318,0.04,0.06,1
"ANKS3",0.337577426330065,-0.218702558937842,0.077,0.102,1
"ENSG00000271992",0.337577426330065,-0.106610138513532,0.077,0.102,1
"ANK3",0.337718487405873,-0.204252925935679,0.827,0.86,1
"FREM2",0.338119688734113,-0.226361560945986,0.032,0.049,1
"SLC39A6",0.338136251507389,-0.200939923992498,0.294,0.351,1
"ULK3",0.338192380973105,0.462437417553031,0.21,0.186,1
"RAD18",0.33831903625273,-0.189891836988435,0.089,0.116,1
"NR4A2",0.338339085447321,-0.235190276557872,0.323,0.368,1
"ATE1",0.338417020576863,-0.117420601230975,0.226,0.281,1
"CAPNS1",0.338530099397014,0.107374944084225,0.927,0.923,1
"ENSG00000287189",0.338588277408021,0.271016560762196,0.415,0.4,1
"SLC8A1",0.338710914300467,-0.87860737196195,0.024,0.039,1
"INTS12",0.338729793798799,0.376715578436583,0.226,0.2,1
"GMEB1",0.338791716008145,-0.164280311113905,0.137,0.172,1
"C1RL-AS1",0.338825907187636,-1.07001391381577,0.008,0.018,1
"CAMTA1-DT",0.338825907187636,-1.13603395014279,0.008,0.018,1
"CTDP1-DT",0.338825907187636,-0.601171595619432,0.008,0.018,1
"TBXAS1",0.338825907187636,-0.906169134271901,0.008,0.018,1
"WNK3",0.338825907187636,-0.665455869399636,0.008,0.018,1
"SIDT1",0.338846927780467,-0.222301056618515,0.052,0.074,1
"ENSG00000289515",0.338905262398599,-0.138328080837031,0.04,0.06,1
"KLF11",0.338979981082656,0.607718607505701,0.117,0.095,1
"GMNN",0.339088673598426,0.3116646905513,0.351,0.333,1
"FAM8A1",0.339165892761984,-0.12445704649989,0.488,0.53,1
"UTP20",0.339184917841058,0.379608247789923,0.222,0.196,1
"RRP1",0.3393909697694,-0.479744251005695,0.044,0.063,1
"ZWINT",0.339551744577275,0.226143999133751,0.073,0.053,1
"LINC00665",0.339865763732338,0.19261844266238,0.516,0.495,1
"SLF1",0.339992091619573,-0.28531535961291,0.431,0.481,1
"PGR",0.340168973293837,-0.118287520431252,0.536,0.554,1
"ADCK5",0.34027186478578,-0.786696052534047,0.008,0.018,1
"ATAD3C",0.34027186478578,-0.863446670855443,0.008,0.018,1
"ENSG00000254447",0.34027186478578,-0.734068295469498,0.008,0.018,1
"ENSG00000267523",0.34027186478578,-0.604291151934095,0.008,0.018,1
"ENSG00000284946",0.34027186478578,-0.626096058684229,0.008,0.018,1
"ENSG00000286964",0.34027186478578,-0.758568166587675,0.008,0.018,1
"ENSG00000290581",0.34027186478578,-0.636414239521604,0.008,0.018,1
"HM13-AS1",0.34027186478578,-0.524790168327353,0.008,0.018,1
"KLRD1",0.34027186478578,-0.467966904731344,0.008,0.018,1
"MUC12-AS1",0.34027186478578,-0.42628124094767,0.008,0.018,1
"NECTIN3-AS1",0.34027186478578,0.10520002738429,0.008,0.018,1
"PPM1L-DT",0.34027186478578,-0.80475857772405,0.008,0.018,1
"SARS2",0.34027186478578,-0.927258474576207,0.008,0.018,1
"STAC3",0.34027186478578,-0.159859218169845,0.008,0.018,1
"TTBK2-AS1",0.34027186478578,-0.813333200447406,0.008,0.018,1
"UBAP1L",0.34027186478578,-0.717553379792466,0.008,0.018,1
"ENSG00000254973",0.34027186478578,-0.625282413703335,0.008,0.018,1
"FSIP2-AS2",0.34027186478578,-0.785999723670384,0.008,0.018,1
"SLC25A42",0.340600680548621,-0.326034539519928,0.032,0.049,1
"VWC2L",0.340600680548621,-0.590717058709021,0.032,0.049,1
"MED30",0.340715194221471,0.180049735327692,0.367,0.34,1
"ZMYND12",0.340868894506345,0.162094183514265,0.762,0.779,1
"CSK",0.341390208823836,-0.124153839343996,0.202,0.242,1
"MRPL4",0.34140772310601,-0.213942094513666,0.226,0.267,1
"GCC2-AS1",0.341430262853078,-0.591786051938916,0.032,0.049,1
"PIWIL4-AS1",0.34152392025792,-0.864778168804601,0.024,0.039,1
"ENSG00000259891",0.341542767927203,-0.643870784667629,0.052,0.074,1
"CDYL2",0.341561891947799,-0.192406705264347,0.089,0.116,1
"ENSG00000223725",0.341721770681506,-0.836975750066395,0.008,0.018,1
"ENSG00000260510",0.341721770681506,2.07676410247921,0.008,0.018,1
"ENSG00000279726",0.341721770681506,-0.330352540730841,0.008,0.018,1
"ENSG00000286043",0.341721770681506,-0.303568501746903,0.008,0.018,1
"ENSG00000286834",0.341721770681506,-1.38751733682519,0.008,0.018,1
"ENSG00000287058",0.341721770681506,-0.434302170176828,0.008,0.018,1
"ENSG00000288848",0.341721770681506,-0.361363042784563,0.008,0.018,1
"ENSG00000290872",0.341721770681506,-0.626741229645712,0.008,0.018,1
"LINC01411",0.341721770681506,1.02022882119143,0.008,0.018,1
"NOL4",0.341721770681506,-0.338500723366475,0.008,0.018,1
"TRIM8-DT",0.341721770681506,-0.408712496485378,0.008,0.018,1
"ENSG00000272692",0.341721770681506,-0.623948695351012,0.008,0.018,1
"CEP68",0.341987912431698,-0.233386026618995,0.165,0.2,1
"PZP",0.342134487896631,0.27450890053166,0.448,0.425,1
"ENSG00000289162",0.342173939726671,-0.343237743778801,0.077,0.102,1
"RAE1",0.342237009732346,0.33212783718919,0.44,0.428,1
"LARS1",0.34238905387435,-0.117733001454588,0.504,0.551,1
"ENSG00000225408",0.343175623768497,-0.519650592421506,0.008,0.018,1
"ENSG00000239407",0.343175623768497,-0.332297668487748,0.008,0.018,1
"ENSG00000261187",0.343175623768497,-0.382488579372633,0.008,0.018,1
"ENSG00000261427",0.343175623768497,-0.158985429300553,0.008,0.018,1
"ENSG00000285068",0.343175623768497,-0.302301921540595,0.008,0.018,1
"FCHO1",0.343175623768497,-0.375387216841164,0.008,0.018,1
"GINS4",0.343175623768497,-0.243187266650406,0.008,0.018,1
"LINC02562",0.343175623768497,-0.790356921439047,0.008,0.018,1
"NCR1",0.343175623768497,-0.135782233784163,0.008,0.018,1
"P3H4",0.343175623768497,-0.420161018731007,0.008,0.018,1
"PLPPR2",0.343175623768497,-0.48720606695962,0.008,0.018,1
"XKRX",0.343175623768497,-0.22964001008547,0.008,0.018,1
"ENSG00000223373",0.343175623768497,-0.415877819911841,0.008,0.018,1
"CCDC86",0.343177955879539,-0.196841268612688,0.149,0.182,1
"ANXA3",0.343323156674367,-0.213228093482257,0.274,0.323,1
"BTN3A2",0.343685911333063,0.141485715200476,0.512,0.491,1
"ACSL1",0.343691554773938,-0.207359784793516,0.085,0.112,1
"RCBTB1",0.343716769910829,0.405585992253946,0.246,0.225,1
"PCAT6",0.343722362206319,-0.401318781795876,0.056,0.077,1
"STMP1",0.344124610293258,-0.101448694164099,0.589,0.649,1
"ENSG00000262202",0.344132703957319,-0.181264368629922,0.157,0.193,1
"PSMD6",0.34430293464826,-0.113427591146385,0.56,0.632,1
"WDR93",0.344351042003361,-0.158034180342466,0.5,0.575,1
"SHTN1",0.34436780013919,0.23889378838478,0.528,0.505,1
"DACH1",0.344383343004706,-0.451125294555574,0.056,0.077,1
"DBNDD1",0.344491504918172,-0.462511517378895,0.044,0.063,1
"SCRN2",0.344559499648765,-0.431493913939486,0.065,0.088,1
"FSBP",0.344578667742888,-0.124812435527725,0.173,0.218,1
"CNTNAP5",0.344633422872788,0.113789520969528,0.008,0.018,1
"FAM166A",0.344633422872788,-0.18373299882991,0.008,0.018,1
"LINC01963",0.344633422872788,0.128386861043405,0.008,0.018,1
"PHLDA1-DT",0.344633422872788,0.352464054380279,0.008,0.018,1
"PLIN1",0.344633422872788,-0.14689260403748,0.008,0.018,1
"STPG3-AS1",0.344633422872788,-0.254868896882471,0.008,0.018,1
"SSH3",0.344747278038009,0.325790556602682,0.125,0.102,1
"ENSG00000290046",0.344761511657511,-0.394798602153944,0.032,0.049,1
"ENSG00000287312",0.344771507817062,0.310722266770889,0.226,0.204,1
"KYAT3",0.344832640122966,-0.20934933866619,0.206,0.246,1
"MRPL21",0.344924675308811,0.120996379293049,0.399,0.474,1
"FAM168A",0.344959831383435,-0.28051051894278,0.21,0.246,1
"RTL6",0.345225323870467,0.407207349193373,0.238,0.218,1
"RRM1",0.345420937876692,0.141430615941284,0.286,0.368,1
"KDM2B",0.345641325308945,0.253098921193617,0.335,0.309,1
"SP140L",0.345647468363475,-0.56749374083225,0.077,0.102,1
"PLD3",0.34567274035075,0.316909438284426,0.415,0.4,1
"SCLT1",0.345677692978473,-0.299791862084186,0.387,0.435,1
"ENSG00000286787",0.345806804781152,0.367707287366704,0.089,0.067,1
"POMT1",0.345909654588572,-0.234873427520106,0.085,0.112,1
"NPM3",0.345925863549598,0.700349592900691,0.105,0.084,1
"ENSG00000253363",0.346095166752612,-0.170607681931841,0.008,0.018,1
"ENSG00000258657",0.346095166752612,0.702251760556718,0.008,0.018,1
"ENSG00000272449",0.346095166752612,-0.200688114089278,0.008,0.018,1
"KITLG",0.346095166752612,0.523673841496808,0.008,0.018,1
"LINC02861",0.346095166752612,-0.235367871230661,0.008,0.018,1
"SLA",0.346095166752612,1.60528606410972,0.008,0.018,1
"ENSG00000290717",0.346245386966104,-0.803756356619746,0.024,0.039,1
"CWC25",0.346371727829702,-0.169066058724848,0.399,0.463,1
"PGP",0.346385518157759,0.348720938543765,0.157,0.133,1
"NUCB1",0.346462137276466,0.462248505500953,0.375,0.379,1
"CDKL5",0.346479828579003,-0.232208000043575,0.153,0.186,1
"PURB",0.346526868804046,-0.197491471304392,0.46,0.495,1
"CTU1",0.346692343640378,-0.4672527329022,0.044,0.063,1
"TMEM230",0.34700801704727,0.167531523126954,0.766,0.733,1
"SHANK2",0.34704344536648,-0.158127690887199,0.706,0.754,1
"HMCES",0.347071010680844,-0.261199142846555,0.298,0.344,1
"SMIM14-DT",0.347194645843121,-0.3818324374811,0.024,0.039,1
"ZNF708",0.347392630189333,-0.108393702744119,0.077,0.102,1
"COQ9",0.347392857305759,0.652271437634588,0.177,0.158,1
"DDX50",0.347415172989396,-0.131995797252037,0.395,0.439,1
"HOXB-AS3",0.34746382466136,-0.196049499349447,0.117,0.147,1
"EIF3G",0.347941410812174,0.121699322907635,0.419,0.382,1
"ARSJ",0.348052859825401,0.331687728541376,0.133,0.109,1
"ENSG00000291259",0.348145559055852,-0.491320708697758,0.024,0.039,1
"IMPDH1",0.348145559055852,-0.657972156398599,0.024,0.039,1
"CFAP418",0.348284383982102,0.103187714413517,0.145,0.186,1
"LBX2-AS1",0.348366245445797,-0.351425264648379,0.056,0.077,1
"SERPINB9",0.348432507580567,0.510380335017121,0.125,0.102,1
"IRF6",0.348507371210412,0.22132869325559,0.79,0.8,1
"PTPRJ",0.348871644501224,-0.259050841925756,0.238,0.274,1
"CRELD1",0.349098126219121,-0.578678313089547,0.024,0.039,1
"SLC26A3",0.349098126219121,-0.591534212685834,0.024,0.039,1
"OSBPL6",0.349169134560749,0.355928024629445,0.157,0.13,1
"PLAGL2",0.349552597094413,-0.158301638099852,0.214,0.253,1
"VAMP7",0.349565463710159,-0.168649945665249,0.19,0.228,1
"HDAC2",0.349577229038774,0.303488707440567,0.702,0.754,1
"AP2B1",0.349715402818547,0.209374765681687,0.625,0.614,1
"FAM32A",0.349885384348804,0.36062236221834,0.464,0.484,1
"ACIN1",0.350029132246327,0.1312191295385,0.629,0.632,1
"SAMD12-AS1",0.350052346935724,-0.579834196112788,0.024,0.039,1
"EMC9",0.350142456005537,-0.280275617954663,0.101,0.13,1
"CNPY2-AS1",0.350498208952273,0.374215804301925,0.177,0.151,1
"ZNF790-AS1",0.350508652850865,-0.155387599747815,0.081,0.105,1
"CIC",0.350531314801201,0.687259233411632,0.242,0.228,1
"GMDS",0.350594478863956,-0.312292607070759,0.093,0.119,1
"MAPKAPK5",0.350952816537156,0.364199106581376,0.335,0.319,1
"EPB41L4A",0.351149077077775,-0.127072967393236,0.415,0.46,1
"ENSG00000285159",0.351283250793913,0.264449728323665,0.073,0.053,1
"ANKRD18A",0.351338080622166,0.226040429051626,0.536,0.516,1
"JARID2",0.351348149263896,-0.196492763691468,0.153,0.186,1
"RAD52",0.351494704061459,-0.100510084134098,0.085,0.112,1
"ABCA3",0.351610930038307,-0.957239632944697,0.016,0.028,1
"ADAMTS12",0.351862356131936,-0.246867834050023,0.044,0.063,1
"AMBRA1",0.352043985943172,-0.246539996629394,0.298,0.333,1
"ADAM12",0.352184300926508,1.2224596579985,0.02,0.011,1
"DCAF4L1",0.352184300926508,1.4570195475388,0.02,0.011,1
"ENSG00000254873",0.352184300926508,1.17911802595583,0.02,0.011,1
"ENSG00000274678",0.352184300926508,1.72340313761506,0.02,0.011,1
"MIR34AHG",0.352184300926508,1.68663393036025,0.02,0.011,1
"TBC1D8",0.352333412353562,0.153261656916955,0.786,0.772,1
"PIGU",0.352447647734426,-0.178280495294231,0.194,0.235,1
"GSS",0.35247574974219,0.474986034936707,0.254,0.235,1
"ENSG00000225498",0.352528732453407,0.637315210516578,0.117,0.095,1
"SOSTDC1",0.352746646443205,-0.700051699076382,0.016,0.028,1
"SLC36A4",0.352758725379429,0.308319747905891,0.427,0.404,1
"C6orf132",0.352780799800391,0.155612866865044,0.681,0.716,1
"ING2-DT",0.352924926252708,-0.10699110459806,0.024,0.039,1
"ZNF529",0.352987582094455,0.269849841765277,0.387,0.372,1
"METAP1D",0.353049808790988,-0.12969217462162,0.056,0.077,1
"GGCT",0.353068966423271,0.149659320280773,0.581,0.582,1
"ENSG00000198106",0.353077716610432,0.160230298767094,0.089,0.119,1
"LINC02986",0.353571761752055,1.05038217216244,0.02,0.011,1
"ENSG00000255440",0.353571761752055,1.31933716778543,0.02,0.011,1
"GON7",0.353572438103807,0.101310239881951,0.895,0.877,1
"ORC5",0.353577979345411,0.571890536308956,0.198,0.175,1
"TSPOAP1",0.353707433997136,0.166144328355561,0.476,0.439,1
"ZNF254",0.353822892556205,-0.132250099590141,0.202,0.246,1
"UCP3",0.35388468103031,-0.655937054702053,0.016,0.028,1
"NAIF1",0.353885756969438,-0.486585469626039,0.024,0.039,1
"PHKG1",0.353885756969438,-0.316032317056567,0.024,0.039,1
"EYA2",0.353959808519453,-0.192205512416489,0.73,0.761,1
"PXN-AS1",0.354028925221079,-0.13274029868176,0.032,0.049,1
"CCDC124",0.354220243077104,0.320292478566293,0.258,0.235,1
"UBE2J1",0.354526630336275,0.121328611772747,0.387,0.47,1
"TNFRSF10A-DT",0.354618346828179,-0.168892678805106,0.065,0.088,1
"EVL",0.354830853039599,0.263722444335821,0.214,0.189,1
"ADM",0.354962672873541,1.25225991697535,0.02,0.011,1
"ENSG00000289979",0.354962672873541,1.35639201215864,0.02,0.011,1
"POLE3",0.35496621745445,0.173712238007177,0.605,0.593,1
"LINC00852",0.355025033040788,-0.620156286651437,0.016,0.028,1
"TMEM14B",0.355080499252443,0.138023963757911,0.815,0.842,1
"SUSD1",0.355178000428487,-0.229865781349648,0.113,0.144,1
"ASAH1-AS1",0.355584955458952,-0.33205626405251,0.044,0.063,1
"NUP35",0.35561066017466,-0.158604113057733,0.077,0.102,1
"ENSG00000290578",0.355812372092042,-0.251902035369045,0.024,0.039,1
"LINC00649",0.355812372092042,-0.340351839380658,0.024,0.039,1
"SDHB",0.35588688143556,-0.10294478380474,0.605,0.642,1
"TNFAIP3",0.356097171784228,-0.346346385298265,0.177,0.214,1
"ENSG00000285708",0.356167701691924,-0.706641732359794,0.016,0.028,1
"ENSG00000291132",0.356167701691924,-0.518588214344441,0.016,0.028,1
"STAM-DT",0.356167701691924,-0.632912797169211,0.016,0.028,1
"BRMS1",0.356297664712246,0.595804362168978,0.169,0.147,1
"LINC00680",0.356357032876366,1.19150419451144,0.02,0.011,1
"LINC01290",0.356357032876366,1.35609400412868,0.02,0.011,1
"RPE",0.356372600389586,0.208154008683641,0.44,0.418,1
"RPIA",0.35651475798192,0.58231440330061,0.185,0.165,1
"BAG2",0.356635904522542,0.706658623808561,0.173,0.154,1
"PNISR-AS1",0.356661359187944,-0.212753393549324,0.069,0.091,1
"POLR2A",0.356771354649634,0.19365088164371,0.742,0.782,1
"ENSG00000273437",0.356778155546317,-0.396960252072938,0.024,0.039,1
"ENSG00000283897",0.356778155546317,-0.516186114741186,0.024,0.039,1
"ENSG00000290560",0.356778155546317,-0.392016956993634,0.024,0.039,1
"LINC01106",0.356778155546317,-0.194797112150715,0.024,0.039,1
"PCYT1A",0.356902504792252,0.461318008542185,0.379,0.361,1
"LRRC51",0.35707468986107,0.100498082972466,0.782,0.793,1
"METTL25",0.357311857916491,-0.403514184771656,0.145,0.175,1
"ENSG00000232611",0.35731268617708,-0.675164241688636,0.016,0.028,1
"ENSG00000288820",0.35731268617708,-0.535681311542116,0.016,0.028,1
"ENSG00000288907",0.35731268617708,-0.686948268170941,0.016,0.028,1
"GAS5-AS1",0.35731268617708,-0.515984461354286,0.016,0.028,1
"ITGB5",0.357353656439539,-0.106102936305663,0.512,0.558,1
"ENSG00000259357",0.357745588941251,-0.305443367067704,0.024,0.039,1
"ENSG00000278743",0.357754840292921,1.09022338217299,0.02,0.011,1
"INCENP",0.357754840292921,0.978057320949715,0.02,0.011,1
"MIS18A-AS1",0.357754840292921,1.23546117829452,0.02,0.011,1
"ZNF700",0.357754840292921,0.843426878621059,0.02,0.011,1
"ZBTB33",0.357758687394282,-0.104027281629271,0.383,0.439,1
"ACOT7",0.358459985665661,-0.522861818892235,0.016,0.028,1
"ENSG00000259039",0.358459985665661,-0.751050440441916,0.016,0.028,1
"ENSG00000260371",0.358459985665661,-0.674984446849511,0.016,0.028,1
"ZNF287",0.358620632896481,0.864764110282664,0.105,0.084,1
"EPHX2",0.358635939116328,0.427024906427686,0.137,0.112,1
"MRPL20-AS1",0.35877335018797,0.280672443998525,0.23,0.204,1
"VWA2",0.358963178621202,0.447279354816515,0.141,0.119,1
"CCDC178",0.359156093602483,1.28031990055729,0.02,0.011,1
"ENSG00000276131",0.359156093602483,0.870979465921685,0.02,0.011,1
"ZNF578",0.359156093602483,0.812992142988487,0.02,0.011,1
"ENSG00000288983",0.359332302438897,-0.215868498854403,0.044,0.063,1
"LARS2",0.359464853984291,0.13949819557954,0.173,0.211,1
"RBM28",0.359595921670495,-0.1159245629545,0.242,0.288,1
"ENSG00000289993",0.359607509809239,0.321902971119886,0.149,0.126,1
"CCNF",0.359609599303077,-0.449143023089036,0.016,0.028,1
"ENSG00000255847",0.359609599303077,-0.387126295981647,0.016,0.028,1
"ENSG00000291194",0.359609599303077,-0.242464999147662,0.016,0.028,1
"PPAN",0.359609599303077,-0.46605329471233,0.016,0.028,1
"PRKG1",0.359609599303077,-0.759349726804591,0.016,0.028,1
"ZBTB20",0.359621123721845,0.100714047486628,0.673,0.646,1
"EIF2AK3-DT",0.359685403516073,-0.362772202727128,0.024,0.039,1
"MAP3K11",0.359685403516073,1.49723046433949,0.024,0.039,1
"RABEP1",0.359757728517815,-0.307712143821727,0.31,0.34,1
"TTLL1-AS1",0.359816168886331,-0.634085941116003,0.036,0.053,1
"USP43",0.35997742358474,0.181418951979429,0.524,0.519,1
"LINC01145",0.359992561112282,-0.587150529168026,0.048,0.067,1
"USP32",0.360264861057337,0.657998697534323,0.185,0.228,1
"MFSD2A",0.360505864770228,0.374589052441652,0.133,0.109,1
"ARHGEF6",0.360560791231121,0.844799352182735,0.02,0.011,1
"ENSG00000234936",0.360560791231121,0.935963597343643,0.02,0.011,1
"ENSG00000273320",0.360560791231121,0.687657607681691,0.02,0.011,1
"ENSG00000276406",0.360560791231121,0.822831848613664,0.02,0.011,1
"ENSG00000276934",0.360560791231121,0.870660928483908,0.02,0.011,1
"ENSG00000278996",0.360560791231121,0.802704692894208,0.02,0.011,1
"ENSG00000280195",0.360560791231121,1.0842533255723,0.02,0.011,1
"ENSG00000290316",0.360560791231121,0.55700604481967,0.02,0.011,1
"LINC01410",0.360560791231121,0.839868716436785,0.02,0.011,1
"NUDT17",0.360560791231121,1.06597289550328,0.02,0.011,1
"ENSG00000251259",0.360657783646957,0.10192947092746,0.024,0.039,1
"SPATA1",0.360657783646957,-0.202776609092784,0.024,0.039,1
"ENSG00000290124",0.360761526210707,-0.423998014933368,0.016,0.028,1
"SEC22A",0.360849615073688,0.425805378217749,0.181,0.158,1
"BAP1",0.360873176306016,-0.18862465653133,0.089,0.116,1
"BPHL",0.36099791920275,0.128077527660595,0.444,0.432,1
"HAUS5",0.361281243510477,0.425656787036957,0.185,0.168,1
"APOBEC3C",0.361355261356982,-0.274795999680399,0.117,0.147,1
"ENSG00000275494",0.361395562499094,0.375737438660718,0.198,0.175,1
"RNF139",0.361404536374406,0.134336748244674,0.226,0.267,1
"NAF1",0.361475195534196,-0.100484860927952,0.629,0.716,1
"ZNF317",0.361501200595715,-0.134762893688164,0.185,0.225,1
"CEP85",0.36192750385616,0.464810356430895,0.133,0.112,1
"LYRM9",0.361951308602973,-0.441950579945005,0.161,0.189,1
"ENSG00000259200",0.361968931551596,0.833035800864559,0.02,0.011,1
"ENSG00000273149",0.361968931551596,0.805872840259575,0.02,0.011,1
"PGD",0.362043023706674,0.306346655498811,0.391,0.389,1
"TRAK2",0.36227243759137,-0.160231430072052,0.194,0.235,1
"NOP14",0.362460262266675,-0.107015515099524,0.218,0.263,1
"RAB17-DT",0.362535769721384,-0.392136572520161,0.056,0.077,1
"BAIAP2-DT",0.36254038183342,0.308262517016176,0.327,0.305,1
"RNF115",0.362602917168133,0.118238004304767,0.464,0.526,1
"TNFRSF10B",0.362639458759677,-0.256841793236428,0.129,0.161,1
"SNX3",0.362704604173061,0.162607930397242,0.875,0.891,1
"PRMT7",0.362909256009361,-0.163492513965672,0.177,0.214,1
"AGBL1",0.363072316201758,-0.381207266187245,0.016,0.028,1
"CEACAM16-AS1",0.363072316201758,-0.250339083115842,0.016,0.028,1
"ENSG00000259805",0.363072316201758,-0.19461621044106,0.016,0.028,1
"ENSG00000287092",0.363072316201758,-0.487374146361526,0.016,0.028,1
"PAFAH1B3",0.363147041133947,0.569835185647152,0.113,0.091,1
"STAU2",0.363167306964544,0.455252926375297,0.327,0.379,1
"TCOF1",0.363221655664891,0.459680897966234,0.298,0.281,1
"EIF2AK1",0.363235389199049,0.153575245737009,0.899,0.888,1
"AXIN2",0.36338051288327,0.792237888650536,0.02,0.011,1
"ENSG00000266088",0.36338051288327,0.229985280351063,0.02,0.011,1
"ENSG00000260156",0.363570352346247,-0.190175690458733,0.065,0.088,1
"OTUB1",0.363677903734543,0.156020618466917,0.625,0.607,1
"SMARCD2",0.363683943836248,0.43167912901389,0.31,0.298,1
"IRF2BP2",0.363759675295988,0.213197216879738,0.843,0.856,1
"GALNT10",0.363786730228016,0.614832725208266,0.173,0.151,1
"TXK",0.363861743941249,-0.38830936811949,0.044,0.063,1
"RPF2",0.363885366637541,0.309960382357316,0.435,0.432,1
"ACOT11",0.363950264311564,0.289825009251468,0.077,0.102,1
"SPATA24",0.364119658070632,0.307462761248485,0.278,0.253,1
"LETMD1",0.364161122068876,0.14411221819027,0.484,0.47,1
"TMTC2",0.36421137955639,-0.118173347922775,0.548,0.604,1
"ENSG00000258634",0.364215145759174,0.230588081658321,0.065,0.088,1
"CSTF2",0.364323447684795,-0.153587542570916,0.093,0.119,1
"LINC02615",0.364448499916778,-0.383128654678683,0.06,0.081,1
"MFSD6",0.36468954457652,-0.110401219437797,0.524,0.568,1
"ZFP69",0.364777437430057,-0.492998841908674,0.036,0.053,1
"PSMA4",0.364794855260939,0.107190941833409,0.758,0.747,1
"CATSPER3",0.364795533492005,0.56844437255345,0.02,0.011,1
"KIFC1",0.364795533492005,0.536630976872187,0.02,0.011,1
"ENSG00000228835",0.365037897983061,0.605755582378877,0.089,0.07,1
"NDUFA13",0.365138192035989,-0.245025873817039,0.109,0.14,1
"PFKL",0.365183686659079,0.392378766901659,0.173,0.151,1
"RBM26-AS1",0.3652231070631,0.353701231702855,0.161,0.137,1
"AHCYL2",0.365325925553546,-0.5500668142455,0.121,0.151,1
"RNF144A",0.365379457983076,-0.171756525111397,0.044,0.063,1
"CEP19",0.365387759054123,0.536032540731627,0.367,0.351,1
"ENSG00000258851",0.365392348127891,-0.195330402645562,0.016,0.028,1
"ENSG00000271933",0.365392348127891,-0.300917881080267,0.016,0.028,1
"ENSG00000289929",0.365392348127891,-0.269051322738205,0.016,0.028,1
"UBASH3B",0.365544390655499,-0.286881298611875,0.024,0.039,1
"TSPAN18",0.365608451485664,-0.614053537463513,0.036,0.053,1
"MCM3",0.365638023892284,0.302839085176575,0.411,0.404,1
"DDX18",0.36568869691092,0.121492964539782,0.653,0.663,1
"PARD3B",0.365841279723859,-0.342157508223631,0.302,0.34,1
"KMT2E-AS1",0.365904852886066,0.500306830323425,0.137,0.112,1
"UBE2L6",0.366021343835441,0.360189201241016,0.371,0.375,1
"PSMG1",0.366026477888571,0.311183135572644,0.23,0.284,1
"SNX8",0.366139795066404,-0.152415954580308,0.044,0.063,1
"DDX59-AS1",0.366213991590075,0.387654275535688,0.02,0.011,1
"TBC1D8-AS1",0.366213991590075,0.342407992144508,0.02,0.011,1
"WAPL-DT",0.366213991590075,0.36011695945162,0.02,0.011,1
"DRG2",0.366345253452271,0.318098395667215,0.185,0.228,1
"FLVCR1",0.366432136501426,-0.233319995409409,0.133,0.161,1
"GUF1",0.36647464271166,-0.174456618062103,0.347,0.386,1
"TMX1",0.367393924585914,-0.17332503246718,0.327,0.365,1
"UACA",0.367453132207237,0.184983978692735,0.931,0.916,1
"ENSG00000260038",0.36763588533607,0.104883964963545,0.02,0.011,1
"EWSAT1",0.36763588533607,0.41384648676559,0.02,0.011,1
"LINC01123",0.36763588533607,0.564869488433472,0.02,0.011,1
"CSF1",0.367716865093436,0.105837353183335,0.198,0.239,1
"SHROOM3",0.367919232936233,-0.103501888393709,0.851,0.884,1
"CD59",0.367964325957719,0.152782211254249,0.915,0.898,1
"ENSG00000263823",0.36822698512791,0.108659546691126,0.093,0.119,1
"FDFT1",0.368307606985739,0.128395880572416,0.746,0.747,1
"COBLL1",0.368958380071239,-0.274761652537913,0.149,0.182,1
"PUS7L",0.369365761850376,0.179066730404944,0.161,0.204,1
"ARMC5",0.369449102923828,-0.367899227588412,0.073,0.095,1
"ENSG00000259508",0.369483288558366,0.152655117805592,0.024,0.039,1
"NFATC1",0.369585705915133,0.112049099802904,0.173,0.218,1
"BBOX1",0.369699313515786,-0.293278573873962,0.133,0.165,1
"NPRL3",0.36974331368726,-0.174460713212882,0.149,0.179,1
"DDX49",0.369820775554347,0.89194988818952,0.081,0.063,1
"CALU",0.369844185964696,0.249920519609261,0.444,0.425,1
"ARMCX5",0.369886010803518,0.364474599492275,0.169,0.144,1
"TMEM223",0.370000357014974,0.365164283358006,0.375,0.375,1
"ZNF432",0.370212181697838,0.388085215458937,0.282,0.263,1
"FBXO46",0.370344345206353,-0.265860884057005,0.121,0.151,1
"COX10",0.370409928751564,0.255158446335728,0.262,0.239,1
"MAGIX",0.370531563492009,-0.17284592926988,0.069,0.091,1
"ENSG00000287104",0.370702342938846,-0.163196482361158,0.065,0.088,1
"NT5C",0.371123550865723,0.107319935687793,0.294,0.365,1
"RNF38",0.371274588919435,-0.100818111394692,0.226,0.267,1
"TRAF3",0.371425989655964,-0.128793499589111,0.532,0.589,1
"ETAA1",0.371458412302558,-0.123757573517534,0.218,0.26,1
"MRPS5",0.371783435359216,0.669497622628224,0.048,0.067,1
"PARVG",0.371922161240407,0.147749867609332,0.02,0.011,1
"AP4M1",0.372188154189318,0.128755589085709,0.282,0.347,1
"ZNF197",0.372438120484136,0.308166708821102,0.121,0.095,1
"FBXO28",0.373055387518985,-0.233226569539783,0.315,0.351,1
"CDC20-DT",0.373140665094836,-0.413713963021333,0.036,0.053,1
"TUSC2",0.373466806213106,0.335014375001965,0.548,0.558,1
"ALDH6A1",0.373563040538407,0.360285225875403,0.274,0.253,1
"RAB20",0.373642442783962,0.154070694531524,0.528,0.519,1
"FAM216A",0.373797364880408,-0.112664451120657,0.044,0.063,1
"ARMC10",0.373854468273144,0.295557104051793,0.54,0.519,1
"HCFC1",0.373902351714897,-0.133619778680985,0.448,0.502,1
"KLB",0.373940154193049,0.350186888735873,0.306,0.281,1
"RANBP6",0.37423987435466,0.202799777331425,0.077,0.102,1
"CUTC",0.37427076733864,-0.268706687370624,0.278,0.319,1
"ZFHX3-AS1",0.374329905692274,0.324057489858973,0.371,0.368,1
"PRMT9",0.3744726646328,1.17362994577714,0.085,0.067,1
"HOXC4",0.374549349046114,0.297993011228303,0.581,0.6,1
"TMEM229B",0.374792152504515,-0.128737137059789,0.198,0.232,1
"GATAD2A",0.374804028289798,0.21594596101815,0.363,0.428,1
"POLR2K",0.374947873391369,0.167870258190426,0.69,0.691,1
"ZNF606",0.375007494591311,0.316648126142814,0.194,0.172,1
"ZFP14",0.375144199919648,0.219879509894053,0.173,0.144,1
"SP2",0.375564921334088,0.306469461553492,0.351,0.396,1
"RNF26",0.37563682406566,0.213248110290651,0.169,0.144,1
"TENT5A",0.375645624523635,0.694689813894129,0.234,0.218,1
"SMIM31",0.375674643243712,1.06067625110647,0.073,0.056,1
"ABTB1",0.375801144137427,0.540910862298041,0.153,0.133,1
"SRM",0.375945788912562,1.04043298694206,0.069,0.053,1
"ZBTB8OS",0.376015533057039,-0.288296105848027,0.274,0.326,1
"CASP7",0.376350518989679,0.452128776103287,0.407,0.389,1
"TIMM17B",0.376364027487592,0.656107786389116,0.194,0.182,1
"DOCK9-DT",0.376645426587511,1.41110352412144,0.024,0.014,1
"ENSG00000286729",0.376645426587511,1.34435859312817,0.024,0.014,1
"ZNF586",0.376677257825373,0.348545838343652,0.149,0.126,1
"DUSP19",0.37686288556732,-0.142951016995222,0.274,0.312,1
"ADSS1",0.376873783048681,-0.545851018824624,0.081,0.102,1
"TTC39B",0.376931188603666,0.257627702005816,0.278,0.253,1
"SEPTIN6",0.377060839957265,-0.191782812110046,0.056,0.077,1
"TRIM45",0.377300145187411,0.527405741814964,0.101,0.081,1
"PIN4",0.377305604666335,0.136791275893349,0.496,0.47,1
"HNRNPAB",0.377365612888981,0.168869132889346,0.657,0.698,1
"PI4KB",0.377454149291751,0.452838644186152,0.29,0.27,1
"ZFP30",0.377465637246774,-0.249852954142669,0.173,0.207,1
"ENSG00000206567",0.377684896179286,0.375864368789558,0.21,0.189,1
"CCDC146",0.377842805565486,-0.101780670238577,0.996,0.996,1
"VPS13D",0.377878723305474,0.351220913098708,0.286,0.27,1
"MASP2",0.377941812105647,1.23097722573528,0.024,0.014,1
"ENSG00000291073",0.378108302310644,-0.380274148200393,0.089,0.112,1
"CPSF3",0.378232236950768,-0.151371999212256,0.298,0.34,1
"ENSG00000289700",0.37846234885001,-0.283356104841371,0.121,0.151,1
"DCAF15",0.378642506206067,0.280588806660249,0.242,0.221,1
"FREM1",0.37882753064022,-0.261972925095274,0.065,0.046,1
"HSDL2",0.378926034297688,-0.192433476477641,0.427,0.467,1
"BCL2",0.379064987352257,-0.346083183541198,0.036,0.053,1
"PSMD8",0.379116603308703,0.191665915733218,0.653,0.681,1
"INSIG1",0.379143690916126,0.596128474462455,0.101,0.081,1
"PLA2G15",0.379145631504509,-1.04503521215425,0.028,0.042,1
"WASL-DT",0.379155469797896,-0.120459000199418,0.169,0.207,1
"GATB",0.379199460896266,0.692097635445138,0.149,0.13,1
"IDH1-AS1",0.379240942815693,1.20609762481293,0.024,0.014,1
"MMP23B",0.379240942815693,1.23111292123976,0.024,0.014,1
"AAAS",0.379254990504862,-0.239655753366797,0.323,0.365,1
"OXA1L",0.379259469931943,0.134935367258047,0.613,0.611,1
"STT3A",0.379453774095032,-0.170835229852968,0.395,0.439,1
"ZBTB22",0.37960585226222,-0.134575639198157,0.206,0.242,1
"ZNF641",0.379700840378033,-0.662282162835093,0.04,0.056,1
"GMCL1",0.379851719720105,0.192200267018528,0.427,0.404,1
"TMEM94",0.380073873777288,-0.201727468970277,0.621,0.642,1
"ENSG00000278000",0.380097774719274,-0.81759984331099,0.028,0.042,1
"DCTN6-DT",0.38054281703717,0.971839032002952,0.024,0.014,1
"ENSG00000273297",0.38054281703717,1.18548343560598,0.024,0.014,1
"TCF24",0.38054281703717,2.04713247270031,0.024,0.014,1
"WDR35-DT",0.380781898175391,-0.294671724189327,0.048,0.067,1
"VHL",0.380882439766334,-0.142373312218555,0.444,0.502,1
"NOL10",0.381028970660842,0.250305475760054,0.19,0.165,1
"ZSWIM7",0.381114125649607,-0.116192430686807,0.198,0.239,1
"RPP38-DT",0.381249196572615,0.285177753622985,0.173,0.151,1
"TUBGCP5",0.381794919960115,0.332932779503176,0.145,0.123,1
"ENSG00000285906",0.381847433054431,0.99343931395118,0.024,0.014,1
"ENSG00000286626",0.381847433054431,1.08887513115562,0.024,0.014,1
"VTCN1",0.381847433054431,0.870979814466543,0.024,0.014,1
"BTC",0.382375585970924,0.215445745632633,0.395,0.365,1
"GNB5",0.382376912565622,-0.152955463312662,0.21,0.249,1
"RBM43",0.382688912961465,0.150665867605542,0.524,0.523,1
"BAZ1A-AS1",0.382775861621011,-0.409477762410768,0.06,0.081,1
"YRDC",0.382798356319723,-0.288908100251084,0.117,0.144,1
"PEX7",0.383044837986117,-0.13929235252317,0.448,0.477,1
"SLX4IP",0.383070700374256,-0.176328978136395,0.286,0.326,1
"ENSG00000284602",0.383154789116621,1.04705283192001,0.024,0.014,1
"RPL30-AS1",0.383154789116621,0.975626137129039,0.024,0.014,1
"SGK2",0.383154789116621,0.83608930555061,0.024,0.014,1
"CGGBP1",0.383242448669935,-0.106569786569124,0.528,0.589,1
"EXOC3",0.383439941570871,0.310827895104802,0.274,0.256,1
"RPL34-DT",0.383792211991181,-0.293652492848027,0.125,0.151,1
"RPH3AL",0.383811648940213,0.295391751057699,0.214,0.193,1
"CEP135",0.383891534530338,0.165493260141437,0.387,0.46,1
"CTXN1",0.383915810841341,0.10296632829644,0.944,0.933,1
"NTAN1",0.383967313279825,0.361544684726938,0.157,0.133,1
"HS6ST1",0.384007837431887,-0.250072532733044,0.254,0.288,1
"CCNT1",0.384108992806196,-0.11167596611219,0.351,0.407,1
"CKAP4",0.384167125536684,0.235202246585337,0.347,0.337,1
"ENSG00000287760",0.38418876836371,-0.188162242544078,0.036,0.053,1
"PPA2",0.384365428592794,-0.165369353130013,0.754,0.772,1
"ZBTB43",0.384459349929886,-0.140178184009074,0.161,0.193,1
"LINC02506",0.38446488343763,1.5547652329513,0.024,0.014,1
"MTARC2",0.384528712225646,0.18164254418365,0.29,0.263,1
"CDC45",0.384598662140069,-1.27245918592409,0.004,0.011,1
"CLUL1",0.384598662140069,-0.721192116658354,0.004,0.011,1
"CPVL-AS2",0.384598662140069,-1.12252497176546,0.004,0.011,1
"DIAPH3",0.384598662140069,-0.810033684026928,0.004,0.011,1
"ENSG00000230848",0.384598662140069,-1.28236526002481,0.004,0.011,1
"ENSG00000234139",0.384598662140069,-1.06867351414579,0.004,0.011,1
"ENSG00000259124",0.384598662140069,-1.2594414057492,0.004,0.011,1
"ENSG00000259986",0.384598662140069,-1.35856420749679,0.004,0.011,1
"ENSG00000261313",0.384598662140069,-0.63425006999575,0.004,0.011,1
"ENSG00000261502",0.384598662140069,-1.45171544703626,0.004,0.011,1
"ENSG00000286895",0.384598662140069,-1.26047142911046,0.004,0.011,1
"ENSG00000287619",0.384598662140069,-1.23304012572731,0.004,0.011,1
"ENSG00000290466",0.384598662140069,-1.09217330007651,0.004,0.011,1
"GMFG",0.384598662140069,-1.37307580062304,0.004,0.011,1
"HSD17B1",0.384598662140069,-1.02437403673755,0.004,0.011,1
"KCNAB1",0.384598662140069,-1.04408651172765,0.004,0.011,1
"LINC00159",0.384598662140069,-1.30402128712093,0.004,0.011,1
"LINC00840",0.384598662140069,-1.12049466314517,0.004,0.011,1
"MZB1",0.384598662140069,-1.75516247231881,0.004,0.011,1
"PDE6A",0.384598662140069,-1.03752663915804,0.004,0.011,1
"PIK3CG",0.384598662140069,-0.805762904184144,0.004,0.011,1
"RGS20",0.384598662140069,-0.836606719390641,0.004,0.011,1
"TDRKH-AS1",0.384598662140069,-1.17371165471586,0.004,0.011,1
"TRAF3IP3",0.384598662140069,-0.88180834917848,0.004,0.011,1
"ENDOU",0.384598662140069,-1.12767144706426,0.004,0.011,1
"ENSG00000287244",0.384598662140069,-0.974614062505926,0.004,0.011,1
"FABP6-AS1",0.384598662140069,-1.34309249653027,0.004,0.011,1
"NUDT21",0.384746874653811,-0.123802489875497,0.222,0.263,1
"HDHD3",0.384783332146662,0.174073662505275,0.331,0.298,1
"RAB40B",0.384908074453639,0.382533441859111,0.315,0.295,1
"NIFK-AS1",0.384947757005174,0.47478305410175,0.181,0.158,1
"FIGNL1",0.385046833371095,-0.158664619187579,0.036,0.053,1
"RELL1",0.385138142075819,-0.163653276958007,0.137,0.168,1
"UBN1",0.38527182294447,0.189888665909162,0.375,0.354,1
"TPTE2",0.385330863183941,-0.384762227737526,0.048,0.067,1
"STXBP5",0.385423088133255,-0.327438880129007,0.246,0.288,1
"ATRIP",0.385519726696732,1.3610491282202,0.077,0.06,1
"DST-AS1",0.385777714196051,0.68410677374083,0.024,0.014,1
"ENSG00000274828",0.385777714196051,0.902742873571901,0.024,0.014,1
"MORC2-AS1",0.385777714196051,0.782277704568144,0.024,0.014,1
"GABPB1",0.386155117860418,0.33747166927238,0.185,0.165,1
"PIGA",0.386269944719161,0.250125466331402,0.202,0.175,1
"SLC47A2",0.386292131181508,0.425270999229827,0.246,0.225,1
"CCDC126",0.386347830756795,0.440569305704463,0.202,0.179,1
"SLC37A1",0.386395009998915,-0.137579480916086,0.448,0.505,1
"ADPRH",0.386664397080314,-0.845699084250004,0.004,0.011,1
"AKR1C2",0.386664397080314,-0.771476776205244,0.004,0.011,1
"APOA1-AS",0.386664397080314,-0.649984277554213,0.004,0.011,1
"CASS4",0.386664397080314,-0.63917021527767,0.004,0.011,1
"CC2D2B",0.386664397080314,-1.06392893425309,0.004,0.011,1
"CD48",0.386664397080314,-1.23978589911732,0.004,0.011,1
"CDH4",0.386664397080314,-0.878534774884267,0.004,0.011,1
"COL24A1",0.386664397080314,-0.798166813194049,0.004,0.011,1
"COL25A1",0.386664397080314,-0.675104561942677,0.004,0.011,1
"DENND2A",0.386664397080314,-0.947099357549547,0.004,0.011,1
"ENSG00000225721",0.386664397080314,-1.04134949112496,0.004,0.011,1
"ENSG00000236892",0.386664397080314,-0.498983654425406,0.004,0.011,1
"ENSG00000253184",0.386664397080314,-0.938934600546327,0.004,0.011,1
"ENSG00000255557",0.386664397080314,-1.08369952034113,0.004,0.011,1
"ENSG00000258784",0.386664397080314,-0.74821861681747,0.004,0.011,1
"ENSG00000259408",0.386664397080314,-1.13664645230877,0.004,0.011,1
"ENSG00000269758",0.386664397080314,-0.938158658453864,0.004,0.011,1
"ENSG00000270072",0.386664397080314,-1.39568272194299,0.004,0.011,1
"ENSG00000270640",0.386664397080314,-0.841420811592987,0.004,0.011,1
"ENSG00000272755",0.386664397080314,-0.836959526993468,0.004,0.011,1
"ENSG00000273188",0.386664397080314,-0.98360655858697,0.004,0.011,1
"ENSG00000279159",0.386664397080314,-0.595039556990874,0.004,0.011,1
"ENSG00000283045",0.386664397080314,-0.908251814669034,0.004,0.011,1
"ENSG00000287576",0.386664397080314,-0.641128811581759,0.004,0.011,1
"ENSG00000288714",0.386664397080314,-0.486728481306755,0.004,0.011,1
"ENSG00000289023",0.386664397080314,-0.915519077056174,0.004,0.011,1
"ENSG00000289074",0.386664397080314,-0.968349613592448,0.004,0.011,1
"ENSG00000289283",0.386664397080314,-1.02437966903284,0.004,0.011,1
"ENSG00000289304",0.386664397080314,-0.392340300729597,0.004,0.011,1
"ENSG00000289326",0.386664397080314,-0.793223452448668,0.004,0.011,1
"FRZB",0.386664397080314,-1.51237063362801,0.004,0.011,1
"GHR",0.386664397080314,-0.701781770955773,0.004,0.011,1
"GRHL3",0.386664397080314,-0.543354140118173,0.004,0.011,1
"IL2RA",0.386664397080314,-0.635108008135764,0.004,0.011,1
"LINC01338",0.386664397080314,-0.980094875074974,0.004,0.011,1
"LINC01476",0.386664397080314,-0.855688660937492,0.004,0.011,1
"LINC02803",0.386664397080314,-0.904020401347677,0.004,0.011,1
"LINC02932",0.386664397080314,-0.868206378579853,0.004,0.011,1
"MADCAM1-AS1",0.386664397080314,-0.86216769290666,0.004,0.011,1
"NAA11",0.386664397080314,-0.719833804681409,0.004,0.011,1
"PAK5",0.386664397080314,-0.780913972339541,0.004,0.011,1
"PDE11A",0.386664397080314,-1.00410002305297,0.004,0.011,1
"PFKP-DT",0.386664397080314,-1.39137015154749,0.004,0.011,1
"RAB6D",0.386664397080314,-0.772627871384832,0.004,0.011,1
"SLC16A6",0.386664397080314,-1.34149511889859,0.004,0.011,1
"SLC25A21",0.386664397080314,-1.30264372235419,0.004,0.011,1
"SLC26A4",0.386664397080314,-0.860149949522921,0.004,0.011,1
"SMC1B",0.386664397080314,-0.70704046182886,0.004,0.011,1
"SPNS3",0.386664397080314,-0.453642653538852,0.004,0.011,1
"TBX6",0.386664397080314,-0.740905643152821,0.004,0.011,1
"TEDC2",0.386664397080314,-0.59617197098471,0.004,0.011,1
"THY1",0.386664397080314,-0.6968874570539,0.004,0.011,1
"ZNF781",0.386664397080314,-0.91675970850556,0.004,0.011,1
"PKDREJ",0.386664397080314,-0.370866901229137,0.004,0.011,1
"FAM174A-DT",0.3866870909691,1.30246510899206,0.028,0.018,1
"MATN2",0.386766474377277,-0.119673948890294,0.036,0.053,1
"CDC16",0.386998520401944,0.17906425275432,0.798,0.86,1
"TRAM2-AS1",0.387084738618116,-0.220822132237869,0.097,0.123,1
"ENSG00000284773",0.387093279535139,1.0820964480437,0.024,0.014,1
"IL17RE",0.387093279535139,0.835127010464605,0.024,0.014,1
"LINC02453",0.387093279535139,0.505277089702185,0.024,0.014,1
"MKX",0.387133701033014,0.237097196162785,0.165,0.14,1
"ZNF8",0.387334375506754,0.138552327086886,0.105,0.133,1
"DSC2",0.387539097328757,0.380968950740334,0.153,0.13,1
"VSIG10",0.387704154059527,-0.376779318311295,0.222,0.249,1
"ENSG00000287966",0.387761615716843,0.161770838184514,0.169,0.211,1
"YTHDC2",0.387770648030892,0.354339740783896,0.214,0.193,1
"DMTF1-AS1",0.387891924814161,1.97053513682977,0.028,0.018,1
"ENSG00000176868",0.388411577562766,0.883276643824127,0.024,0.014,1
"TNFSF13B",0.388411577562766,0.668944843099796,0.024,0.014,1
"CFAP54",0.388617326655123,-0.372726333573775,0.798,0.839,1
"ZNF207",0.388630705633126,-0.123450855407138,0.685,0.716,1
"AKAP13-AS1",0.388736888457842,-0.447571549678003,0.004,0.011,1
"B4GAT1-DT",0.388736888457842,-0.743339312164553,0.004,0.011,1
"CCDC150",0.388736888457842,-0.542586271196181,0.004,0.011,1
"CD200R1",0.388736888457842,-0.52780397426218,0.004,0.011,1
"DIRAS3",0.388736888457842,-0.600410361023013,0.004,0.011,1
"ENSG00000230333",0.388736888457842,-0.607308007349555,0.004,0.011,1
"ENSG00000231829",0.388736888457842,-0.911791970666658,0.004,0.011,1
"ENSG00000234464",0.388736888457842,-0.518243830837756,0.004,0.011,1
"ENSG00000235749",0.388736888457842,-0.538612175318905,0.004,0.011,1
"ENSG00000249631",0.388736888457842,-0.957614328512989,0.004,0.011,1
"ENSG00000249738",0.388736888457842,-0.337566644202627,0.004,0.011,1
"ENSG00000251680",0.388736888457842,-0.661623669728037,0.004,0.011,1
"ENSG00000253557",0.388736888457842,-0.671427652886689,0.004,0.011,1
"ENSG00000256646",0.388736888457842,-1.01991621377766,0.004,0.011,1
"ENSG00000256966",0.388736888457842,-0.61477800981097,0.004,0.011,1
"ENSG00000259697",0.388736888457842,-0.602794508509847,0.004,0.011,1
"ENSG00000259755",0.388736888457842,-0.563695951752903,0.004,0.011,1
"ENSG00000263220",0.388736888457842,-0.514788439002297,0.004,0.011,1
"ENSG00000265334",0.388736888457842,-0.628581654823201,0.004,0.011,1
"ENSG00000265554",0.388736888457842,-0.557030529019223,0.004,0.011,1
"ENSG00000268575",0.388736888457842,-0.56563093412735,0.004,0.011,1
"ENSG00000269924",0.388736888457842,-0.66168967787887,0.004,0.011,1
"ENSG00000270130",0.388736888457842,-0.585594659212158,0.004,0.011,1
"ENSG00000271427",0.388736888457842,-0.683026489722101,0.004,0.011,1
"ENSG00000272139",0.388736888457842,-0.33407442581763,0.004,0.011,1
"ENSG00000272461",0.388736888457842,-0.761791563438681,0.004,0.011,1
"ENSG00000272502",0.388736888457842,-0.862836253086548,0.004,0.011,1
"ENSG00000272744",0.388736888457842,-0.523756078531292,0.004,0.011,1
"ENSG00000272764",0.388736888457842,-0.560009659426082,0.004,0.011,1
"ENSG00000272862",0.388736888457842,-0.391976465541984,0.004,0.011,1
"ENSG00000274421",0.388736888457842,-0.649061100995693,0.004,0.011,1
"ENSG00000276278",0.388736888457842,-0.52092767785539,0.004,0.011,1
"ENSG00000277182",0.388736888457842,-0.343825347002817,0.004,0.011,1
"ENSG00000280007",0.388736888457842,-0.633606200518734,0.004,0.011,1
"ENSG00000282804",0.388736888457842,-0.479798557152578,0.004,0.011,1
"ENSG00000286714",0.388736888457842,-0.639268469176576,0.004,0.011,1
"ENSG00000286736",0.388736888457842,-0.461122592024484,0.004,0.011,1
"ENSG00000288881",0.388736888457842,-1.34396633757701,0.004,0.011,1
"ENSG00000289046",0.388736888457842,-0.441775041886705,0.004,0.011,1
"ENSG00000289970",0.388736888457842,-0.430177488362868,0.004,0.011,1
"ENSG00000289985",0.388736888457842,-0.451202641904214,0.004,0.011,1
"FKBP14-AS1",0.388736888457842,-0.433041157957459,0.004,0.011,1
"GARNL3",0.388736888457842,-0.909614666580698,0.004,0.011,1
"GAS2L3",0.388736888457842,-0.375579697146514,0.004,0.011,1
"GOSR2-DT",0.388736888457842,-0.637785278824751,0.004,0.011,1
"GPC5-AS1",0.388736888457842,-0.609330730632143,0.004,0.011,1
"GPR155-DT",0.388736888457842,-0.846195246221103,0.004,0.011,1
"HAVCR1",0.388736888457842,-0.890469939960338,0.004,0.011,1
"HIF1A-AS1",0.388736888457842,-0.612618835760609,0.004,0.011,1
"HLA-DOB",0.388736888457842,-1.15102364143298,0.004,0.011,1
"IGFBP7-AS1",0.388736888457842,-0.563400356745832,0.004,0.011,1
"IL10RB",0.388736888457842,-0.631832642692256,0.004,0.011,1
"ITGA10",0.388736888457842,-0.336300296993985,0.004,0.011,1
"KLRC4-KLRK1",0.388736888457842,-0.275069273227316,0.004,0.011,1
"LGR5",0.388736888457842,-0.638520634164486,0.004,0.011,1
"LINC00390",0.388736888457842,-0.644375994698297,0.004,0.011,1
"LINC01250",0.388736888457842,-0.444955408021546,0.004,0.011,1
"LINC01994",0.388736888457842,-0.523435829710317,0.004,0.011,1
"LINC02462",0.388736888457842,-0.667023478580878,0.004,0.011,1
"LINC02709",0.388736888457842,-0.454409320233475,0.004,0.011,1
"LIX1-AS1",0.388736888457842,-0.873017373403799,0.004,0.011,1
"MIR1915HG",0.388736888457842,-0.380458405194166,0.004,0.011,1
"NKAIN1",0.388736888457842,-0.642448941315529,0.004,0.011,1
"PARD6A",0.388736888457842,-0.778413004759468,0.004,0.011,1
"PCDHGA10",0.388736888457842,-0.299899635762309,0.004,0.011,1
"PKD1L3",0.388736888457842,-0.72220639215386,0.004,0.011,1
"PRSS27",0.388736888457842,-0.68759221040946,0.004,0.011,1
"PTH2R",0.388736888457842,-0.447319067269174,0.004,0.011,1
"SMG8",0.388736888457842,-0.424880136844386,0.004,0.011,1
"SRI-AS1",0.388736888457842,-0.247711176427639,0.004,0.011,1
"STX5-DT",0.388736888457842,-0.536225493730753,0.004,0.011,1
"STYXL2",0.388736888457842,-0.701465721809672,0.004,0.011,1
"TENM3-AS1",0.388736888457842,-0.557651836539438,0.004,0.011,1
"TEX36",0.388736888457842,-0.932442071019126,0.004,0.011,1
"ENSG00000272347",0.388736888457842,-0.542047759642263,0.004,0.011,1
"ENSG00000274723",0.388736888457842,-0.591841094739811,0.004,0.011,1
"ENSG00000283689",0.388736888457842,-0.239088309199362,0.004,0.011,1
"C16orf72",0.388808013174548,0.216874464272745,0.387,0.365,1
"RPS26",0.388863002974618,0.182285080569048,0.948,0.93,1
"PAQR8",0.388926497876711,0.227958833445593,0.383,0.375,1
"ENSG00000278396",0.38907158062507,0.767577142182978,0.024,0.014,1
"DNA2",0.389099043546469,0.994982254059295,0.028,0.018,1
"PRDM2",0.389214244833972,-0.263270123054669,0.609,0.649,1
"TIGD6",0.389247693639246,-0.337127771881009,0.077,0.098,1
"GALNT18",0.389381403266105,0.921169446227301,0.069,0.053,1
"COPG2",0.389434523320897,0.481313626703419,0.185,0.165,1
"MANF",0.389461323632189,0.210919021819856,0.565,0.533,1
"CPLANE1-AS1",0.389699840544274,-0.451615675223396,0.028,0.042,1
"LYPD6",0.389699840544274,-0.811267865695043,0.028,0.042,1
"ENSG00000289155",0.389732606351387,0.3934500894269,0.024,0.014,1
"ENSG00000259628",0.390134318794539,-0.46903932300126,0.206,0.239,1
"PTCD1",0.390136293816228,0.841210417899249,0.069,0.053,1
"ACBD3",0.390234826113947,-0.115686756178337,0.512,0.551,1
"SLCO3A1",0.39046015104522,-0.120769178778486,0.351,0.389,1
"LINC01725",0.390668094548884,-0.673415874456099,0.028,0.042,1
"SELENBP1",0.390710194730771,-0.106069125161141,0.621,0.646,1
"ADCYAP1R1",0.390816128786915,-0.252848857416145,0.004,0.011,1
"ARHGAP26-AS1",0.390816128786915,0.612321057774541,0.004,0.011,1
"CCDC144NL-AS1",0.390816128786915,-0.222357287164415,0.004,0.011,1
"DAPK2",0.390816128786915,-0.336555693666653,0.004,0.011,1
"EFNA2",0.390816128786915,-0.112359814532327,0.004,0.011,1
"ENSG00000231863",0.390816128786915,0.392005393316709,0.004,0.011,1
"ENSG00000237461",0.390816128786915,-0.307013104356606,0.004,0.011,1
"ENSG00000259712",0.390816128786915,0.266003124928703,0.004,0.011,1
"ENSG00000260409",0.390816128786915,-0.170055151119575,0.004,0.011,1
"ENSG00000266385",0.390816128786915,-0.461525179466012,0.004,0.011,1
"ENSG00000267666",0.390816128786915,-0.200777259436973,0.004,0.011,1
"ENSG00000268836",0.390816128786915,-0.225914510478633,0.004,0.011,1
"ENSG00000271774",0.390816128786915,0.292582528705594,0.004,0.011,1
"ENSG00000271980",0.390816128786915,-0.508250869210594,0.004,0.011,1
"ENSG00000272588",0.390816128786915,-0.323506225428503,0.004,0.011,1
"ENSG00000273243",0.390816128786915,-0.20414685673694,0.004,0.011,1
"ENSG00000273338",0.390816128786915,0.494401566138322,0.004,0.011,1
"ENSG00000273565",0.390816128786915,-0.32616905002769,0.004,0.011,1
"ENSG00000274105",0.390816128786915,-0.261235054664672,0.004,0.011,1
"ENSG00000277548",0.390816128786915,0.234035371515514,0.004,0.011,1
"ENSG00000278419",0.390816128786915,-0.333201235241189,0.004,0.011,1
"ENSG00000285731",0.390816128786915,-0.487537264957584,0.004,0.011,1
"ENSG00000285835",0.390816128786915,-0.242068418028734,0.004,0.011,1
"ENSG00000286577",0.390816128786915,0.389712217674368,0.004,0.011,1
"ENSG00000287100",0.390816128786915,-0.299212933674967,0.004,0.011,1
"ENSG00000287182",0.390816128786915,-0.450949570087809,0.004,0.011,1
"ENSG00000287771",0.390816128786915,-0.230727261739166,0.004,0.011,1
"ENSG00000287876",0.390816128786915,-0.312342782083602,0.004,0.011,1
"ENSG00000288723",0.390816128786915,-0.377354967108823,0.004,0.011,1
"ENSG00000289496",0.390816128786915,-0.127770518757673,0.004,0.011,1
"FAM167B",0.390816128786915,-0.356977113376596,0.004,0.011,1
"FAM241A",0.390816128786915,2.10898163645795,0.004,0.011,1
"FAM72C",0.390816128786915,-0.250503822734024,0.004,0.011,1
"HOPX",0.390816128786915,0.240586168922134,0.004,0.011,1
"HSPA2-AS1",0.390816128786915,-0.264990220403369,0.004,0.011,1
"HSPA5-DT",0.390816128786915,-0.251150999571688,0.004,0.011,1
"ITGA2-AS1",0.390816128786915,-0.474920642828437,0.004,0.011,1
"ITGB1-DT",0.390816128786915,-0.152542609837035,0.004,0.011,1
"KCNH8",0.390816128786915,-0.260888286664434,0.004,0.011,1
"LINC00470",0.390816128786915,-0.193482366826583,0.004,0.011,1
"LINC01414",0.390816128786915,-0.114247730945526,0.004,0.011,1
"LINC02204",0.390816128786915,2.79310921487339,0.004,0.011,1
"LINC02274",0.390816128786915,-0.116933183999214,0.004,0.011,1
"LINC02696",0.390816128786915,-0.567564762310512,0.004,0.011,1
"LRP4",0.390816128786915,-0.327162494377241,0.004,0.011,1
"MYO3A",0.390816128786915,-0.241185610108653,0.004,0.011,1
"NAALAD2",0.390816128786915,-0.185486972828735,0.004,0.011,1
"ORM1",0.390816128786915,0.444866831656513,0.004,0.011,1
"PALM",0.390816128786915,-0.421997161270018,0.004,0.011,1
"PARM1-AS1",0.390816128786915,0.249075095659733,0.004,0.011,1
"PIK3CA-DT",0.390816128786915,-0.264076292661902,0.004,0.011,1
"PRR11",0.390816128786915,-0.293040713857744,0.004,0.011,1
"PSCA",0.390816128786915,-0.235669264830588,0.004,0.011,1
"SIGLEC17P",0.390816128786915,0.53272499488653,0.004,0.011,1
"ENSG00000267724",0.390816128786915,-0.171344078230237,0.004,0.011,1
"ENSG00000288844",0.390816128786915,-0.312489402715811,0.004,0.011,1
"HCG9",0.390816128786915,-0.287761636603589,0.004,0.011,1
"PCDH10-DT",0.390816128786915,-0.117130459175724,0.004,0.011,1
"PIH1D1",0.390969274974596,0.208790365064209,0.407,0.396,1
"SLC9A6",0.391169877071525,-0.131014010714626,0.113,0.14,1
"TPM3",0.391390087734041,0.104007602093527,0.919,0.902,1
"ENSG00000291065",0.391520129688203,1.23558340294962,0.028,0.018,1
"PLCH1",0.391545885132866,-0.259704788703899,0.633,0.691,1
"BMI1",0.391696050983007,0.477724813865907,0.371,0.375,1
"C2CD3",0.391759942819987,-0.155904843474251,0.488,0.533,1
"TTPAL",0.391798086351353,0.734154417231465,0.081,0.063,1
"FBF1",0.391886903772739,0.422038224890396,0.161,0.14,1
"STEAP4",0.392325445305973,-0.261142647130678,0.073,0.095,1
"PAFAH2",0.392348330238518,0.399063255291282,0.343,0.337,1
"SAP30L-AS1",0.392662602385233,-0.45124506847297,0.065,0.084,1
"RGCC",0.392837001441462,0.329052368034831,0.512,0.526,1
"FAHD1",0.393000897491554,-0.123909466422455,0.234,0.277,1
"SNAPC4",0.393036104265384,0.235885086918808,0.274,0.253,1
"RPF1",0.393051945235215,-0.168126928796196,0.556,0.614,1
"SNRPE",0.393101199434501,0.102528093773066,0.827,0.811,1
"BTD",0.393360455293807,0.278976740586733,0.532,0.533,1
"MRPS33",0.393455170208182,0.282051747758281,0.673,0.656,1
"RAB2B",0.393558722307909,-0.136592714234939,0.399,0.453,1
"EOLA1",0.393584896992814,-0.330581934591499,0.052,0.07,1
"INSYN1-AS1",0.393621047002779,0.174506673585006,0.073,0.095,1
"ENSG00000261324",0.393756429416558,-0.408180491313386,0.048,0.067,1
"C1RL",0.394171446527394,-0.187714802488931,0.21,0.246,1
"FAM98A",0.39434765258065,-0.130483510298664,0.262,0.305,1
"E2F6",0.394492653794318,-0.117567590320612,0.125,0.154,1
"SH3PXD2A",0.394633843913936,0.501846669073625,0.093,0.074,1
"GOLGA8H",0.395168857499018,1.0978068305809,0.028,0.018,1
"LINC01267",0.395168857499018,1.10503194528073,0.028,0.018,1
"CYP4X1",0.395229475447134,0.416007849438001,0.286,0.274,1
"HEY2",0.395304159222122,0.267783804683461,0.399,0.393,1
"ENSG00000287402",0.395459596140092,1.22878179819852,0.032,0.021,1
"H2AC6",0.39558479670547,-0.104606679594431,0.601,0.625,1
"SDR39U1",0.395625065343988,0.193858872617909,0.387,0.379,1
"DNASE1L1",0.396173721363736,-0.121745545443424,0.173,0.211,1
"ENSG00000265967",0.396378641760667,0.12974852761532,0.024,0.014,1
"ENSG00000233912",0.396389653396052,1.26606159440476,0.028,0.018,1
"IL23A",0.396389653396052,1.02090043876207,0.028,0.018,1
"LINC00589",0.396389653396052,1.28717616941485,0.028,0.018,1
"PAICS",0.396417613656683,0.254167013175746,0.335,0.316,1
"METRNL",0.396709206583622,-0.237649467797388,0.06,0.081,1
"DPH1-AS1",0.396776386802626,-0.402918498394697,0.065,0.084,1
"TRMT6",0.396921670491144,0.239501059497281,0.415,0.421,1
"ENSG00000289038",0.397149077392728,-0.845952216628677,0.04,0.056,1
"HMGCL",0.397226837135662,-0.160370200327905,0.355,0.418,1
"DUOXA1",0.397239549878004,0.22101248551698,0.355,0.33,1
"CDIPT",0.397313314235976,0.16786315209088,0.548,0.565,1
"ZNF668",0.397368901199458,0.875766163023124,0.065,0.049,1
"CCDC112",0.397490161691938,-0.167334280824304,0.234,0.277,1
"TTC38",0.397528425409048,0.470074218303871,0.19,0.168,1
"GPER1",0.397612723228454,1.53228341929821,0.028,0.018,1
"LINC01182",0.397612723228454,0.887702402227335,0.028,0.018,1
"ZBTB8A",0.397612723228454,1.03641922736578,0.028,0.018,1
"ENSG00000251615",0.397810595277618,0.178957137624955,0.081,0.105,1
"USP1",0.397931013035817,0.196261252889786,0.496,0.484,1
"THAP6",0.398625293165187,0.101017780680541,0.27,0.319,1
"PTPRG",0.398749788566328,0.207786494860537,0.214,0.189,1
"C4orf33",0.398914268679937,0.292945576416712,0.339,0.326,1
"PCLAF",0.399003547624399,0.438347663468329,0.097,0.077,1
"ENSG00000225258",0.399056099808694,0.282986921639854,0.024,0.014,1
"FGFR1",0.399090678164999,-0.17271210558378,0.234,0.27,1
"MTX2",0.399146833308067,0.101403861201034,0.653,0.632,1
"MINDY4",0.39915451243281,-0.218960174018062,0.165,0.196,1
"SPRY3",0.399243137669549,0.70940251130656,0.093,0.074,1
"ATG4D",0.399264210776779,0.831088047760762,0.069,0.053,1
"DNM1L",0.399379980366578,-0.105834259671833,0.355,0.396,1
"RFFL",0.399471092238722,-0.108103613346513,0.218,0.26,1
"ENSG00000241962",0.399488258540285,0.531095677598478,0.153,0.133,1
"MIA2-AS1",0.399532164889303,-0.224973068775644,0.06,0.081,1
"DDX42",0.399586890181465,0.145393518683527,0.625,0.6,1
"ARHGAP5-AS1",0.399680576110355,-0.379975053235599,0.04,0.056,1
"JRK",0.399877804370667,-0.44196758368128,0.069,0.088,1
"GRB10",0.400002542605567,1.34104125505395,0.032,0.021,1
"HAUS1",0.400035167373604,0.322327005019276,0.274,0.263,1
"APMAP",0.4001385485773,0.175040945464784,0.601,0.572,1
"PDCL3",0.400215606273363,0.378795564777209,0.456,0.456,1
"USP49",0.400450238171081,0.925625648505609,0.06,0.046,1
"SH3BP4",0.400614249675889,-0.139911549659559,0.722,0.744,1
"OVOL2",0.400706826258919,-0.246093510631715,0.306,0.351,1
"RNF6",0.400737975652278,0.145798010105425,0.492,0.467,1
"ENSG00000229021",0.400765302254637,1.20099392459086,0.036,0.025,1
"CPTP",0.400868414615282,-0.188078931034522,0.097,0.123,1
"A2ML1",0.4011431630954,1.35669457665106,0.032,0.021,1
"PAN3-AS1",0.40129555957036,0.75143052337644,0.028,0.018,1
"C11orf80",0.401449060506043,-0.106312555728656,0.097,0.123,1
"C15orf61",0.401492605271449,0.507462203752698,0.161,0.14,1
"KIAA1328",0.40167420760417,-0.345842424933732,0.173,0.204,1
"CTPS1",0.401870473696105,-0.303519181132202,0.052,0.07,1
"TMED6",0.401882853150383,-0.318398431462406,0.105,0.13,1
"CATSPER2P1",0.402053412072999,0.489258350212425,0.077,0.06,1
"SAMD8",0.402276612884038,0.313313405305418,0.218,0.196,1
"KLRK1-AS1",0.402389960338691,0.448072605737304,0.185,0.158,1
"LRRC8B",0.402504678593988,0.241276530592986,0.52,0.54,1
"SYDE2",0.402527708251673,0.855272159722073,0.028,0.018,1
"LYST",0.402599166755875,-0.206763188851819,0.258,0.298,1
"ENSG00000283103",0.402692654240747,1.07882976894711,0.048,0.035,1
"TMEM167A",0.402705237232188,0.245018791816402,0.44,0.449,1
"SLC25A25-AS1",0.402903190517685,0.815200948903739,0.065,0.049,1
"XRCC3",0.402907296820133,1.34049820679391,0.036,0.025,1
"SNX17",0.402991140258112,0.140239395676955,0.556,0.593,1
"TLN2",0.402995603730175,-0.488445465542258,0.065,0.084,1
"STPG2",0.403028670482504,-0.269933808715235,0.125,0.151,1
"ATXN10",0.403292396019409,-0.103168043788203,0.782,0.832,1
"MS4A6A",0.40343025508367,-0.747325080940909,0.02,0.032,1
"BOC",0.403491598857404,-0.337492167242983,0.093,0.116,1
"TIMM10",0.403562314265952,0.241679085501208,0.383,0.382,1
"RNF130",0.403602975139978,0.174536563600992,0.819,0.853,1
"NXT2",0.403686170477432,0.136906459492526,0.157,0.196,1
"SCNM1",0.403743783181074,0.343766466079652,0.387,0.379,1
"THAP8",0.403762122296946,0.715726494924616,0.028,0.018,1
"KLHL7",0.403786647580085,0.155932706467436,0.343,0.33,1
"TIPARP-AS1",0.403921245621257,-0.365275292827613,0.04,0.056,1
"NOPCHAP1",0.403922161644031,0.289470447721015,0.137,0.116,1
"STXBP6",0.404008790487771,0.476716161033684,0.258,0.242,1
"ICE2",0.404138043790576,0.167312279902545,0.359,0.432,1
"SLC26A11",0.404184502398587,0.565288593671121,0.173,0.154,1
"NANS",0.404281743398999,0.275507862858931,0.27,0.246,1
"DPP10",0.404376591198883,-0.171688705687542,0.028,0.042,1
"EVI5L",0.404376591198883,-0.158677513609971,0.028,0.042,1
"FASTKD1",0.404400361735128,-0.149987854367916,0.157,0.189,1
"EFCAB6-DT",0.404576723753772,1.17663859884864,0.032,0.021,1
"GDI1",0.404639671687156,0.2105422682462,0.806,0.828,1
"ENSG00000287175",0.404740763431131,1.21302590987492,0.044,0.032,1
"ENSG00000288999",0.404772600121281,-0.331946351937195,0.04,0.056,1
"MAPK8IP3",0.404810795703433,-0.485612584726661,0.121,0.144,1
"TTLL1",0.404845352605357,0.337817059842529,0.27,0.256,1
"GYS1",0.404902905775406,0.230210411386851,0.319,0.295,1
"ENSG00000287951",0.404998799916744,0.857208552402698,0.028,0.018,1
"TDRD7",0.405113020033718,0.121671470295618,0.448,0.446,1
"MBOAT7",0.405234115325269,0.204478214676767,0.46,0.453,1
"ZNF746",0.405260201820948,0.562388543620151,0.234,0.211,1
"ENSG00000260711",0.40527839734325,0.583909209156934,0.133,0.116,1
"TNC",0.405366659569132,-0.177311382768503,0.028,0.042,1
"ZNF524",0.405366659569132,-0.14631636842453,0.028,0.042,1
"FAAP100",0.405725138958009,-0.379920219458508,0.02,0.032,1
"LINC00641",0.405725138958009,-1.27905002950427,0.02,0.032,1
"RAP2A",0.405842074778241,0.555834759780716,0.137,0.119,1
"STOX2",0.405917034339229,-0.407391009272961,0.165,0.193,1
"ENSG00000290851",0.406133122086378,1.40138217540059,0.036,0.025,1
"LERFS",0.406237739296535,0.710126193417423,0.028,0.018,1
"NAT10",0.406259075050671,0.39043620428995,0.298,0.291,1
"ENSG00000285000",0.406435506027428,-0.187685915174403,0.056,0.077,1
"XRCC4",0.406454135497038,0.503080922664917,0.202,0.189,1
"FGD3",0.40647852501801,1.63072770199655,0.056,0.042,1
"ENSG00000251012",0.406875499235767,-0.712145573495153,0.02,0.032,1
"ARHGAP19",0.406875499235767,0.893337097216032,0.032,0.021,1
"COMTD1",0.406875499235767,0.778928104272239,0.032,0.021,1
"PC",0.406875499235767,0.863415017889061,0.032,0.021,1
"KCTD21",0.406877417282179,0.997340163599675,0.052,0.039,1
"PPM1K",0.407143722018575,-0.433166521488138,0.153,0.175,1
"ENSG00000286533",0.40721181465875,1.45185031520891,0.036,0.025,1
"ENSG00000287215",0.407307083676043,0.994050739101819,0.048,0.035,1
"ENSG00000231424",0.407333094214041,0.271729575416224,0.04,0.056,1
"RAB19",0.407357368033838,0.824877690510062,0.06,0.081,1
"YPEL1",0.407437476251537,-0.514617984486066,0.117,0.14,1
"ENSG00000271971",0.40747893859667,0.258782998298694,0.028,0.018,1
"ENSG00000289370",0.40747893859667,2.59655974429479,0.028,0.018,1
"MIR302CHG",0.40747893859667,0.563530611552378,0.028,0.018,1
"IQCB1",0.407483166832741,-0.11487961995377,0.629,0.681,1
"RBM10",0.407623106403549,0.218551349725078,0.343,0.323,1
"LRRC45",0.407705377739499,1.07075860738179,0.04,0.028,1
"CTSV",0.407869424617371,0.111436571673225,0.097,0.123,1
"CCDC102B",0.407872916705156,0.721478244125271,0.085,0.067,1
"CCDC73",0.407961562288922,-0.281031607268045,0.052,0.07,1
"XXYLT1",0.408035181636759,0.283556313777662,0.089,0.07,1
"NATD1",0.408196444131345,0.283501614605813,0.246,0.228,1
"HEATR4",0.408292213947271,1.2801932855149,0.036,0.025,1
"ENSG00000272141",0.408345544096819,-0.152870867950323,0.028,0.042,1
"ENSG00000291177",0.408428527212038,-0.228752679614991,0.169,0.204,1
"LTA4H",0.408435149787037,0.301741597587448,0.375,0.382,1
"IRF5",0.408598432607145,0.711228244123046,0.109,0.091,1
"BICC1",0.408631864323678,-0.126501473222469,0.778,0.818,1
"OCRL",0.408656952360236,0.222966886722689,0.198,0.175,1
"WNT7B",0.408726612986625,1.05750704380573,0.04,0.028,1
"SERTAD4-AS1",0.408762187881399,0.13358196375739,0.508,0.481,1
"SARS1",0.408972600126488,-0.109498513571478,0.298,0.34,1
"CLN6",0.409182049076358,-0.667700302225352,0.02,0.032,1
"LINC02343",0.409182049076358,-0.630052569654797,0.02,0.032,1
"IL2RG",0.409182049076358,1.69068674199384,0.032,0.021,1
"AACS",0.409214511582383,0.631033224700682,0.109,0.091,1
"RBM6",0.409214842569658,-0.283389706193212,0.516,0.547,1
"TET2",0.409226386101674,-0.320552584330175,0.222,0.256,1
"ZFPM2-AS1",0.40958545549085,-0.145165504574814,0.331,0.382,1
"ENSG00000277235",0.409749369528373,1.13164523163408,0.04,0.028,1
"DENND6A",0.409868811008927,-0.196965779926068,0.121,0.151,1
"PDXDC1",0.410259368644686,0.167446043835889,0.532,0.526,1
"DENND2D",0.410314464456001,0.333140101388163,0.177,0.158,1
"HAUS3",0.410328503756005,0.7356241867682,0.06,0.046,1
"ENSG00000276509",0.410338235624895,-0.625982625433897,0.02,0.032,1
"ENSG00000251200",0.410338235624895,-0.937079808580905,0.02,0.032,1
"ENSG00000261098",0.410338690389387,-0.191293146144635,0.028,0.042,1
"THBS3",0.410338690389387,-0.105971922852595,0.028,0.042,1
"STS",0.410683149017463,-0.368598872910712,0.258,0.284,1
"SNHG20",0.410773646305563,0.98836293255206,0.04,0.028,1
"CACNB4",0.411078134972546,0.48800112465945,0.073,0.056,1
"SIPA1L3",0.411333566877652,0.219326178202972,0.621,0.653,1
"ZMYM6",0.411405775142915,-0.222248287716706,0.121,0.147,1
"TIMM8A",0.411415373240834,0.351521547133293,0.097,0.077,1
"KRTAP5-10",0.411496361218335,-0.443463168505962,0.02,0.032,1
"ZNF732",0.411496361218335,-0.94365909220472,0.02,0.032,1
"ENSG00000289007",0.411496361218335,0.270814147706894,0.032,0.021,1
"CCDC174",0.411795315440908,-0.325878436028147,0.258,0.295,1
"GOLGA8Q",0.411799442247564,0.706901392863815,0.04,0.028,1
"BLVRA",0.411973392191654,-0.143869988932935,0.395,0.435,1
"IP6K1",0.41206848839773,0.181431144532646,0.395,0.382,1
"HIVEP1",0.412102011089858,-0.292726850321904,0.298,0.33,1
"SOS1",0.412172523889874,-0.306504127349066,0.468,0.502,1
"TXNDC9",0.41227137522048,-0.104556565292876,0.286,0.33,1
"ENSG00000285043",0.412466297327406,0.414041574111515,0.028,0.018,1
"PHACTR1",0.412482965146493,-0.531893363054847,0.04,0.056,1
"MID2",0.412495828453011,-0.135925609607675,0.093,0.116,1
"PHACTR3",0.412598671503978,0.500516174456709,0.202,0.182,1
"ENSG00000276724",0.412630853308416,0.961217851044147,0.036,0.025,1
"CHAF1B",0.412656424302919,-0.680973464474798,0.02,0.032,1
"IMPG2",0.412656424302919,-0.32848735703867,0.02,0.032,1
"MIDEAS-AS1",0.412656424302919,0.94802219907579,0.032,0.021,1
"TSIX",0.412656424302919,1.00811623859141,0.032,0.021,1
"MRTFB",0.412716203266872,0.145213981680722,0.294,0.361,1
"CHCHD4",0.41273732946852,0.375780689667508,0.238,0.228,1
"MED14",0.412747685120172,-0.109993689435075,0.302,0.347,1
"GNG12-AS1",0.412785233600604,-0.516470084226466,0.065,0.084,1
"ARMH1",0.412840062824408,0.186061630116357,0.242,0.221,1
"VDAC1",0.412964582520119,-0.119073366285215,0.734,0.744,1
"KXD1",0.413696361272702,0.270205920046577,0.379,0.382,1
"ENSG00000261235",0.413718767754023,0.186532689543722,0.028,0.018,1
"ENSG00000288873",0.413718767754023,0.385948733402958,0.028,0.018,1
"ITGA4",0.413719767335999,0.983431381872241,0.036,0.025,1
"ENSG00000258782",0.413818423306226,0.70896708494761,0.032,0.021,1
"PLAC4",0.414109989660558,0.132003815864872,0.048,0.067,1
"ZNF681",0.41420812824406,-0.195897148884269,0.04,0.056,1
"PKD1-AS1",0.41420812824406,0.808742719174253,0.056,0.042,1
"MVD",0.414342283440389,-0.119019979838705,0.028,0.042,1
"STX11",0.414486906346692,-0.603110155940031,0.044,0.06,1
"GSK3B",0.414573022208675,-0.19483773559763,0.472,0.509,1
"LMNA",0.414752115540562,-0.162955186668811,0.435,0.495,1
"ASB12",0.414885934184182,0.996712572103639,0.04,0.028,1
"FZD8",0.414932602962993,0.204897934802653,0.149,0.186,1
"SCARA3",0.414962734945263,0.42915702767559,0.23,0.214,1
"AQP11",0.414982356637155,-0.594511316610753,0.02,0.032,1
"ENSG00000288858",0.414982356637155,-0.274845765699701,0.02,0.032,1
"ENSG00000285907",0.414982356637155,0.740808088474397,0.032,0.021,1
"API5",0.41518227007435,0.1291692643962,0.685,0.709,1
"GBA2",0.415340802372497,0.361824881726583,0.335,0.323,1
"ITGB3BP",0.415350277943556,-0.150512727054222,0.452,0.509,1
"TFAP4",0.415405641869901,0.57078960435773,0.109,0.091,1
"TEKT2",0.415579572448387,0.356556070073801,0.351,0.34,1
"SNHG18",0.415599175210369,0.319700633985092,0.089,0.07,1
"RHBDD3",0.415638763227592,0.420452853028838,0.073,0.056,1
"SLC25A44",0.415803645785209,0.478764231688857,0.137,0.119,1
"MDS2",0.415812413617778,0.780460247447262,0.052,0.039,1
"PTGS2",0.415902691304075,0.482935088094875,0.036,0.025,1
"ZNF215",0.415902691304075,0.932616958561793,0.036,0.025,1
"COMMD2",0.416095515653241,0.268158869485804,0.25,0.232,1
"JTB",0.416104743634562,0.366027869989175,0.319,0.295,1
"CNGB3",0.416148222685918,-0.417376107932414,0.02,0.032,1
"EBLN2",0.416148222685918,-0.824127877188138,0.02,0.032,1
"ENSG00000227192",0.416148222685918,0.45846072920066,0.02,0.032,1
"ENSG00000230303",0.416148222685918,-0.313039887934629,0.02,0.032,1
"SHCBP1",0.416148222685918,-0.568894618665224,0.02,0.032,1
"GAS6-AS1",0.416148222685918,0.865088520532431,0.032,0.021,1
"SHPK",0.416148222685918,0.592092376854485,0.032,0.021,1
"LINC02925",0.416157196076124,0.873511761008003,0.06,0.046,1
"TMCO3",0.41627685174859,0.228111592994148,0.565,0.554,1
"ENSG00000253671",0.41652708421291,-0.156673906514242,0.222,0.256,1
"ZNF408",0.416629995969551,0.873824810157259,0.048,0.035,1
"GADD45G",0.416770204101994,-0.141853435017114,0.097,0.119,1
"ENSG00000273958",0.416996698583522,0.883368089089856,0.036,0.025,1
"CMSS1",0.417190485241132,-0.264618599364529,0.141,0.172,1
"ENSG00000283415",0.417316019824027,-1.0541599534492,0.02,0.032,1
"ZIM2-AS1",0.417316019824027,-0.397124454758059,0.02,0.032,1
"CIP2A",0.417316019824027,0.689280041923846,0.032,0.021,1
"OSTN-AS1",0.417316019824027,0.767754201074283,0.032,0.021,1
"SULT1A1",0.417350561440978,-1.28881039659827,0.012,0.021,1
"TM6SF1",0.417350561440978,-0.671035043963697,0.012,0.021,1
"LCMT1",0.417582522834905,0.707353466251607,0.141,0.126,1
"ENSG00000287780",0.417613216348519,0.753430798913598,0.052,0.039,1
"RP1",0.417830296581915,-0.228916985109847,0.855,0.895,1
"SPOCK1",0.417831452111952,0.781590360482864,0.06,0.046,1
"NECAP1",0.417843643840782,-0.218568859703791,0.363,0.414,1
"PDIK1L",0.417911289455562,-0.166406923257121,0.097,0.123,1
"TFCP2",0.417986260303221,0.342822145030284,0.411,0.389,1
"ENSG00000289412",0.418092400928499,0.846616647978541,0.036,0.025,1
"CUL3",0.418165234877545,0.112550762300183,0.69,0.667,1
"RMI1",0.418199410229192,-0.19398981732582,0.306,0.337,1
"TBL2",0.418200089865644,0.290814249635601,0.327,0.312,1
"CNTN5",0.418212141235918,0.370518202659573,0.169,0.147,1
"IP6K2",0.418309289640278,0.199126906393333,0.544,0.561,1
"LATS2",0.418394688849449,0.378785943447857,0.294,0.347,1
"ACY3",0.418485746404285,-0.448003992469252,0.02,0.032,1
"ENSG00000270659",0.418485746404285,-0.337430360613434,0.02,0.032,1
"G6PC3",0.418493623994336,0.14559487363057,0.661,0.646,1
"EMC6",0.4184936336164,0.185190940428447,0.649,0.656,1
"MIRLET7BHG",0.418539666762446,-0.103184855570455,0.04,0.056,1
"ST7L",0.418577376569353,0.115063315562927,0.198,0.239,1
"ENSG00000291299",0.418802950527256,-1.06205084435356,0.012,0.021,1
"MYO1F",0.418802950527256,-0.954393016345416,0.012,0.021,1
"RNASEH2B-AS1",0.418802950527256,-1.1939759452242,0.012,0.021,1
"TMCC2",0.419173990551038,-0.163860261790997,0.093,0.116,1
"C17orf50",0.419189796972397,0.775421675002904,0.036,0.025,1
"ZKSCAN7-AS1",0.419409162955579,-0.233890036908743,0.04,0.056,1
"MIR23AHG",0.419418606388512,0.701719921660858,0.052,0.039,1
"CBLL1",0.419521989854796,0.253014672508824,0.238,0.221,1
"ENSG00000248138",0.419657400760772,-0.221413951704083,0.02,0.032,1
"ENSG00000288937",0.419657400760772,-0.109961872242251,0.02,0.032,1
"FHOD1",0.419657400760772,-0.276192588182482,0.02,0.032,1
"KLRG1",0.419657400760772,-0.282344844745215,0.02,0.032,1
"PLCG1-AS1",0.419657400760772,-0.343072796178968,0.02,0.032,1
"LINC00705",0.419657400760772,-0.413416784637113,0.02,0.032,1
"ANO10",0.419751744736519,0.261437749303687,0.077,0.06,1
"H2AC8",0.419759662684513,-0.213826967827384,0.069,0.088,1
"ZNF195",0.419947305803301,-0.160053225148847,0.177,0.211,1
"TFPT",0.420255818528876,0.614694822315867,0.105,0.088,1
"APRG1",0.420258309475015,-0.888711908486026,0.012,0.021,1
"OPRL1",0.420258309475015,-0.935615089058335,0.012,0.021,1
"SNHG5",0.420269965876353,-0.217294426327671,0.077,0.098,1
"ENSG00000240553",0.420288885334165,0.743712785154608,0.036,0.025,1
"LCORL",0.420324568617471,-0.439474099766606,0.266,0.284,1
"MCOLN1",0.420390801560102,0.37254856716494,0.028,0.042,1
"PARS2",0.420455449611623,-0.409395953697108,0.069,0.088,1
"CTDSPL",0.420725456349335,0.197860341182584,0.258,0.239,1
"RGP1",0.420891626275396,0.202742479752288,0.181,0.158,1
"EIF4EBP1",0.420997086682912,0.615133582727917,0.073,0.056,1
"ENSG00000232386",0.421099785810436,0.764337655692974,0.04,0.028,1
"C1orf159",0.421246992992289,0.438108410911699,0.077,0.06,1
"ENSG00000278627",0.421356548398083,0.75283388362566,0.044,0.032,1
"TTK",0.421489365295899,-0.545518414849445,0.032,0.046,1
"ERCC6L2-AS1",0.421612666264213,-0.362903018285009,0.254,0.288,1
"NEK9",0.42171227314393,0.287867756485836,0.427,0.428,1
"ENSG00000273472",0.421716635047793,-0.932432583874051,0.012,0.021,1
"LINC00871",0.421716635047793,-1.5614963040409,0.012,0.021,1
"RASA4B",0.421716635047793,-0.654447646417402,0.012,0.021,1
"STEEP1",0.4217322830247,0.233466949941863,0.242,0.218,1
"NDUFA11",0.42176085404633,0.188071998292842,0.238,0.281,1
"NDUFB11",0.422033674259725,0.198478975456768,0.496,0.505,1
"MLST8",0.42213527918151,0.652705065542625,0.052,0.039,1
"VPS13B-DT",0.422191929182691,-0.193924161644063,0.117,0.144,1
"TTC39A",0.422285256787478,0.401300810002108,0.419,0.425,1
"TGIF2",0.422346252285498,0.742258087997278,0.044,0.032,1
"SLC50A1",0.422355105788601,0.195014566243153,0.29,0.274,1
"APPBP2-DT",0.422456298652347,-0.613760817848501,0.032,0.046,1
"WDFY3-AS2",0.422745361909941,0.721691528005709,0.077,0.06,1
"DPP8",0.422959150452471,-0.195669974430427,0.403,0.453,1
"MRPL22",0.423158173144953,0.338836292711163,0.242,0.221,1
"ENSG00000267827",0.423177923964619,-0.553900677273045,0.012,0.021,1
"ENSG00000288033",0.423177923964619,-0.626399630890004,0.012,0.021,1
"LINC00607",0.423177923964619,-0.867430222065577,0.012,0.021,1
"SLC16A11",0.423177923964619,-1.18320160615666,0.012,0.021,1
"ENSG00000286322",0.423177923964619,-0.578261173252081,0.012,0.021,1
"ENSG00000272256",0.423183913547402,-0.180362788123735,0.02,0.032,1
"ELF4",0.423201317020557,0.318989588061782,0.185,0.168,1
"SPAG5",0.423303617479817,0.143249826252438,0.117,0.144,1
"POLR2G",0.423374883277919,0.184840068088717,0.431,0.414,1
"ZNF358",0.423428939829829,-0.220389345965185,0.065,0.084,1
"ENSG00000251867",0.423455643832287,-0.490802347411504,0.056,0.074,1
"ENSG00000225689",0.423596290299289,0.644748368843107,0.036,0.025,1
"PPM1F",0.423772548519402,-0.169558384409657,0.04,0.056,1
"SGCB",0.423802535210478,0.277126199419728,0.399,0.411,1
"USF3",0.423835945902921,-0.104715580787361,0.552,0.586,1
"NOLC1",0.424154465466396,-0.119868336483677,0.46,0.519,1
"ENSG00000269984",0.424227083036147,0.532582023763488,0.04,0.028,1
"STEAP2",0.424363261974857,-0.481448250010324,0.02,0.032,1
"EFTUD2",0.424571185083518,0.185604766999562,0.617,0.646,1
"ENSG00000236528",0.424642172899984,-0.715844855571705,0.012,0.021,1
"ENSG00000272906",0.424642172899984,-0.620245822794148,0.012,0.021,1
"ENSG00000276115",0.424642172899984,-0.870062388230208,0.012,0.021,1
"ENSG00000284418",0.424642172899984,-0.86826303044003,0.012,0.021,1
"FAM24B",0.424642172899984,-0.609764903388172,0.012,0.021,1
"RINL",0.424642172899984,-0.482325375648432,0.012,0.021,1
"LINC02939",0.424648401615185,0.635015568185073,0.056,0.042,1
"GCFC2",0.424652122804992,0.143728612845313,0.306,0.291,1
"ENSG00000274422",0.424702133832805,0.743350663609355,0.036,0.025,1
"LINC00888",0.424715985623166,0.274574557963065,0.238,0.211,1
"ZFP82",0.424974358580197,0.333440033930402,0.141,0.123,1
"PALB2",0.424993263279099,-0.194461474419658,0.052,0.07,1
"ENSG00000286388",0.425272525470815,0.703619213885817,0.04,0.028,1
"CLK3",0.42539025549032,0.513401072267024,0.198,0.235,1
"ENSG00000224746",0.425544529567794,-0.150884925558786,0.02,0.032,1
"TLCD1",0.425621439010447,0.189644438281992,0.565,0.593,1
"FAM118B",0.425642810892543,-0.17244251865986,0.169,0.196,1
"ENSG00000236364",0.425809662561969,0.718774283186266,0.036,0.025,1
"MYO3B",0.425816557342654,-0.179408424036951,0.218,0.242,1
"PARP12",0.425862314338047,0.292848383309927,0.149,0.126,1
"ASAP3",0.426109378483813,-0.685572202358346,0.012,0.021,1
"ENSG00000253633",0.426109378483813,-0.405631742351372,0.012,0.021,1
"ENSG00000268565",0.426109378483813,-0.587829723269062,0.012,0.021,1
"ENSG00000269139",0.426109378483813,-0.350378752613613,0.012,0.021,1
"KIF3C",0.426109378483813,-0.410504749200251,0.012,0.021,1
"ZNF660",0.426109378483813,-0.513558218835359,0.012,0.021,1
"ZSCAN12",0.426109378483813,-0.563072197886212,0.012,0.021,1
"COX18",0.426136492339043,0.6073853785617,0.145,0.13,1
"ERI2",0.426228587447199,-0.158903949526077,0.101,0.126,1
"MIATNB",0.426403278045431,0.502641074452363,0.056,0.042,1
"MRS2",0.426455046262837,0.656818211174514,0.165,0.144,1
"SDF4",0.426492587249667,0.264800909280913,0.395,0.393,1
"PPIC",0.426584410214717,-0.122622541906824,0.29,0.34,1
"EXOC4",0.426643445057732,-0.27161876151554,0.532,0.551,1
"TTC7B",0.426727714547765,0.317032985722603,0.032,0.021,1
"PNPO",0.42688352234694,0.279348293538242,0.222,0.204,1
"CSRNP2",0.426912269762675,0.109230280575844,0.157,0.196,1
"MRPL27",0.426913030551646,0.346790824903581,0.379,0.382,1
"AP1S2",0.426978211035991,-0.149848428641573,0.226,0.267,1
"ZNF426",0.427168334631754,-0.205475951608827,0.149,0.179,1
"EML2-AS1",0.427579537301441,-0.453581608715605,0.012,0.021,1
"FAM53A",0.427579537301441,-0.404131292890661,0.012,0.021,1
"FAM66A",0.427579537301441,-0.226491647044922,0.012,0.021,1
"HBEGF",0.427579537301441,-0.283577504615634,0.012,0.021,1
"HGFAC",0.427579537301441,-0.295989575355375,0.012,0.021,1
"KNL1",0.427579537301441,-0.52879550499619,0.012,0.021,1
"MAP10",0.427579537301441,-0.41062236507717,0.012,0.021,1
"MIR4453HG",0.427579537301441,-0.578786423146486,0.012,0.021,1
"SEC62-AS1",0.427579537301441,-0.416830557296191,0.012,0.021,1
"ENSG00000291222",0.427579537301441,-0.312507074744987,0.012,0.021,1
"ARHGAP44",0.427650564920784,-0.181942192394462,0.278,0.319,1
"ENSG00000291054",0.42769135584989,-0.311542065052008,0.448,0.495,1
"KCNMB3",0.427982039579813,0.639493325738753,0.048,0.035,1
"MIR31HG",0.428091154952008,-0.6815036100773,0.077,0.095,1
"BARX2",0.428430044147966,0.140664572841985,0.379,0.358,1
"PLIN3",0.42844291107106,0.142778126059513,0.685,0.646,1
"SHKBP1",0.42863524799174,0.431159249688021,0.117,0.098,1
"HDAC8",0.428647934546402,0.548857355324653,0.125,0.109,1
"MMP14",0.428757917070763,0.217096201538449,0.218,0.196,1
"WHAMM",0.429028077805869,0.290117298377114,0.198,0.235,1
"ENSG00000272369",0.429034897573016,-0.208157307696661,0.323,0.365,1
"ENSG00000242798",0.429052645893588,-0.345181340635575,0.012,0.021,1
"ENSG00000270039",0.429052645893588,-0.156622831805027,0.012,0.021,1
"ENSG00000289474",0.429052645893588,-0.378419548598079,0.012,0.021,1
"FBXO24",0.429052645893588,-0.152822124166654,0.012,0.021,1
"RELN",0.429052645893588,-0.138320423694315,0.012,0.021,1
"SORCS1",0.429052645893588,-0.463558063467703,0.012,0.021,1
"ST8SIA6",0.429052645893588,-0.371318937114665,0.012,0.021,1
"GCH1",0.429099829461091,-0.102600070329203,0.02,0.032,1
"ART3",0.429312226135299,0.654751351565173,0.044,0.032,1
"ENSG00000255029",0.429312226135299,0.67838548907734,0.044,0.032,1
"ENSG00000286943",0.429312226135299,0.564873317499954,0.044,0.032,1
"STAP2",0.429353849774134,-0.334118704580375,0.081,0.102,1
"ZCCHC10",0.429416330806442,0.419681260596814,0.343,0.34,1
"BMP8B",0.429469312420402,0.565743010100995,0.04,0.028,1
"UBE2F-SCLY",0.429469312420402,0.555788945109057,0.04,0.028,1
"RO60",0.429565792505267,-0.149859122467653,0.403,0.442,1
"AVPR1B-DT",0.429566153778697,-0.431574444392417,0.056,0.074,1
"DDX39A",0.429596504597116,0.291974747359494,0.254,0.228,1
"RHBDL2",0.429891399778782,0.53552173322831,0.048,0.035,1
"ENSG00000288823",0.430256599860031,0.490098811738124,0.036,0.025,1
"SLC52A2",0.430256608736772,0.170692511391004,0.073,0.095,1
"MXD4",0.430521780835173,0.212734858426237,0.226,0.204,1
"CCSAP",0.430528700756334,-0.316867026732838,0.012,0.021,1
"ELAVL2",0.430528700756334,-0.216304953582416,0.012,0.021,1
"ENSG00000276853",0.430528700756334,-0.414779084243869,0.012,0.021,1
"MAP3K10",0.430528700756334,-0.246458670808548,0.012,0.021,1
"BDH2",0.430709102837656,0.166392437904447,0.335,0.386,1
"ENSG00000286132",0.431372532259252,0.383536242169297,0.036,0.025,1
"VPS37D",0.431372532259252,0.584318380231144,0.036,0.025,1
"CYP4Z1",0.431479592111412,-0.18478959638572,0.02,0.032,1
"SOCS1",0.431576698535037,0.226890065306399,0.04,0.028,1
"TRIM39",0.431677067570496,0.810283240022191,0.157,0.144,1
"RNF25",0.431693216110184,-0.185963895536903,0.04,0.056,1
"RIN2",0.431725400843857,0.179814206299075,0.472,0.47,1
"ENSG00000251095",0.431805697972574,0.299594460838276,0.048,0.035,1
"CPVL",0.432000658368244,0.247931557086428,0.214,0.193,1
"ARHGAP11B-DT",0.432007698341103,-0.269210545665153,0.012,0.021,1
"EFNA3",0.432007698341103,-0.1056132499395,0.012,0.021,1
"ENSG00000257379",0.432007698341103,-0.246846336082141,0.012,0.021,1
"ENSG00000287277",0.432007698341103,0.355426866029526,0.012,0.021,1
"ENSG00000290733",0.432007698341103,-0.293253579542315,0.012,0.021,1
"FGF14-IT1",0.432007698341103,-0.305378827798719,0.012,0.021,1
"PCIF1",0.432072701731506,0.323840909004558,0.351,0.354,1
"PPP1CC",0.432159014496062,-0.176467257039759,0.391,0.425,1
"MAD2L1",0.432388074205087,0.188018411476354,0.274,0.249,1
"ENSG00000271855",0.432490140829316,0.412397833982294,0.036,0.025,1
"ROPN1B",0.432632635249786,0.588363847110165,0.04,0.028,1
"CENPF",0.432650468385375,0.197414999884666,0.177,0.151,1
"FAM167A-AS1",0.432764696392112,0.623426431080738,0.048,0.035,1
"ENSG00000244055",0.433077412050208,-0.261954506178787,0.044,0.06,1
"HSD11B1L",0.433164524421916,0.100508444685214,0.145,0.179,1
"NELL1",0.433178046424596,-0.655955373016766,0.032,0.046,1
"MTHFR",0.433380658888569,0.255890347478273,0.222,0.2,1
"ZNF778-DT",0.433411098077073,-0.286227773800053,0.056,0.074,1
"LINC00635",0.433464944958234,0.278764982073214,0.056,0.042,1
"ENSG00000230490",0.433489635054631,-0.558316042928843,0.012,0.021,1
"ENSG00000276791",0.433489635054631,-0.135374351031148,0.012,0.021,1
"NEBL-AS1",0.433489635054631,-0.192408445949942,0.012,0.021,1
"PPP1R3B",0.433505099197396,0.299325087589535,0.161,0.2,1
"TBC1D12",0.433578139204277,-0.439114771542559,0.125,0.147,1
"ENSG00000224985",0.433803589297213,-0.350359200617015,0.069,0.088,1
"IL2RB",0.433866987594361,2.95125059457525,0.02,0.032,1
"NAP1L5",0.433866987594361,0.145219005208873,0.02,0.032,1
"TNFRSF13C",0.433866987594361,0.241490475637224,0.02,0.032,1
"RECQL",0.433959198119262,-0.137101070232443,0.262,0.298,1
"DIRAS2",0.434231571038659,0.652657957077412,0.065,0.084,1
"GHDC",0.434543896471142,0.207432158261275,0.085,0.109,1
"RB1",0.43469178724169,-0.109039740497254,0.508,0.579,1
"KCTD1",0.434746393385279,-0.12466624640254,0.464,0.498,1
"ENSG00000286289",0.434974507258957,-0.168456888424374,0.012,0.021,1
"PAQR5",0.434974507258957,0.443323460193517,0.012,0.021,1
"RIN3",0.435144230685458,-0.38939019701341,0.032,0.046,1
"ZNF418",0.435144230685458,-0.200112395313493,0.032,0.046,1
"DCTD",0.435155965462861,0.103528247441366,0.569,0.565,1
"TMEM87A",0.435234466488659,0.13476563930152,0.653,0.66,1
"LINC01829",0.435335857927642,0.451090148889778,0.044,0.032,1
"ZC3H10",0.435335857927642,0.6595352536889,0.044,0.032,1
"CNTNAP1",0.4356490771107,0.333051964620506,0.048,0.035,1
"SNHG15",0.4356490771107,0.500658794640087,0.048,0.035,1
"LINC01500",0.435649336118798,-0.446346049261241,0.044,0.06,1
"IFT140",0.435789578622981,0.207782200903509,0.581,0.6,1
"ENSG00000257681",0.435809404239756,0.451254618815016,0.04,0.028,1
"PKIB",0.435876791069137,-0.43615893839627,0.073,0.091,1
"BMPR1B",0.436002934414826,-0.211077907567204,0.448,0.481,1
"FAM114A2",0.436201689232895,0.107793185259052,0.177,0.218,1
"ENSG00000290098",0.436262000704403,0.494137647365167,0.02,0.032,1
"FOXJ3",0.436264618371458,0.355951400694691,0.31,0.368,1
"PCF11-AS1",0.436344516548611,0.566825797584698,0.044,0.032,1
"ENSG00000285847",0.436462311271398,0.142853222974574,0.012,0.021,1
"ENSG00000225032",0.436508597906787,-0.446820350539314,0.044,0.06,1
"PVR",0.436649185134934,0.135738154380487,0.093,0.119,1
"KATNBL1",0.436841645147262,-0.102693033008367,0.435,0.467,1
"LINC01607",0.436871309066401,0.510635233041504,0.04,0.028,1
"ENSG00000233230",0.43697730550156,0.255329766088813,0.036,0.025,1
"EP400",0.437123770922742,0.243697201749625,0.46,0.456,1
"MED11",0.437390016014574,-0.156977005371846,0.29,0.34,1
"ENSG00000255139",0.437578142123667,0.578474302323382,0.048,0.035,1
"NR6A1",0.437861764173001,-0.366416515694008,0.105,0.126,1
"ENSG00000263611",0.438001679701208,0.556369019965311,0.097,0.081,1
"ENSG00000275678",0.438051150353161,-0.2503744626511,0.056,0.074,1
"MEGF8",0.438066945194161,0.259380801820783,0.327,0.312,1
"CHST9",0.438115651240928,-0.109908932105785,0.742,0.719,1
"ZNF19",0.438209583082933,-0.20035705364668,0.319,0.368,1
"H1-10-AS1",0.43823004782332,-0.107192068706969,0.044,0.06,1
"HP1BP3",0.438369348225395,0.132472418224141,0.81,0.744,1
"FAM53B",0.438422157101118,0.364881786113146,0.149,0.179,1
"KCNMB2",0.438510084944894,0.436583017694125,0.19,0.172,1
"SAV1",0.438659433238886,0.271132431510187,0.714,0.705,1
"SLC9C2",0.438844699823126,-0.344418107767393,0.226,0.26,1
"ENSG00000280441",0.438845013389917,-0.332402019340809,0.202,0.225,1
"ADGRL3",0.439092012721628,-0.201090998106043,0.032,0.046,1
"KAT6B",0.439189704043399,-0.118700307690399,0.427,0.467,1
"SGO2",0.43926001114632,-0.213536535587727,0.097,0.119,1
"LINC01571",0.439293056174318,-0.118089769412424,0.504,0.551,1
"ENSG00000285933",0.439578825811481,0.541558088888213,0.052,0.039,1
"ENSG00000272807",0.440360201158786,0.44355995364913,0.036,0.025,1
"MFHAS1",0.440378477548448,0.146419698763918,0.298,0.284,1
"ZFHX2-AS1",0.44039259428006,0.305460168209139,0.044,0.032,1
"GAR1",0.440425146177073,0.233310586278576,0.375,0.372,1
"ENSG00000290920",0.440603098653298,-0.179945857996155,0.085,0.105,1
"B3GALT4",0.44075370666665,-0.103113001327756,0.113,0.14,1
"KSR2",0.440763542780404,-0.426583308807922,0.073,0.091,1
"DNPH1",0.440860175304639,0.172255890040544,0.75,0.74,1
"ENOPH1",0.44110513705318,0.107227289111645,0.226,0.281,1
"MCRIP1",0.441137593407542,0.301668197112128,0.185,0.165,1
"ZFHX3",0.441780648878008,-0.100991198950107,0.657,0.726,1
"AHDC1",0.441982626638517,-0.115518152230802,0.226,0.256,1
"ENSG00000264666",0.442066301537429,-0.256239633016724,0.032,0.046,1
"WTAP",0.442171625306852,0.161001434266534,0.536,0.611,1
"CYP4A11",0.442370405537066,0.542273209030799,0.052,0.039,1
"H3-3A-DT",0.442424682461933,0.253001908634542,0.044,0.032,1
"TLN1",0.442506917972054,0.314864663754496,0.528,0.526,1
"TMEM63B",0.442550708796707,-0.255611622190984,0.044,0.06,1
"NAB2",0.442607051763087,-0.139330481156944,0.081,0.102,1
"SPIN2B",0.442727953799146,-0.327710776930101,0.093,0.116,1
"KMT2D",0.442921390776144,0.310989480218931,0.423,0.418,1
"LPAR2",0.443075978474459,-0.287134645130459,0.069,0.088,1
"PAQR7",0.443106892259899,0.348069103878087,0.355,0.34,1
"TMED8",0.443181896418305,-0.152884545773869,0.266,0.302,1
"POLA1",0.443259014217023,-0.174769100670412,0.149,0.175,1
"RTCA",0.443263259942233,0.190311761379964,0.399,0.393,1
"LAMTOR3",0.443332168117048,0.178134328323633,0.552,0.537,1
"ABCB10",0.443424979874576,0.440132322033446,0.169,0.154,1
"CMTM4",0.443550000029977,0.134709858984741,0.73,0.744,1
"AKAP3",0.443628951055841,0.252014491843138,0.125,0.105,1
"ADNP-AS1",0.443758066649008,-0.969031933951997,0.024,0.035,1
"ENSG00000287537",0.443758877643679,0.35889547501859,0.065,0.049,1
"C12orf57",0.443794245367885,-0.159584618920027,0.25,0.295,1
"G0S2",0.4438811711546,0.133013462653383,0.512,0.474,1
"TRIM5",0.443942475816663,0.517135497710144,0.109,0.091,1
"RHOC",0.444021831146729,0.345622360374906,0.157,0.14,1
"ZNF658",0.444120270229767,0.356330673908347,0.097,0.081,1
"YIPF2",0.44414656693208,0.518795847818905,0.218,0.204,1
"PGBD2",0.444368450808259,0.390907568826577,0.048,0.035,1
"ENSG00000286046",0.444462123955343,-0.254417689862816,0.044,0.032,1
"LINC01431",0.444589086389954,0.51224804735568,0.109,0.091,1
"CDK12",0.44483882672066,0.245556777356049,0.431,0.425,1
"SNAPC2",0.445052087219853,-0.237351352029289,0.032,0.046,1
"LACC1",0.445099234497089,0.6126026094939,0.093,0.077,1
"MKS1",0.445161531923864,-0.136276086590032,0.464,0.519,1
"ZNF354B",0.445285493126038,-0.107846846229883,0.081,0.102,1
"UGT8",0.44560554185174,0.284821113551812,0.31,0.295,1
"RPUSD4",0.445623968458878,-0.24733784882401,0.137,0.161,1
"NAT14",0.4457424914857,0.18941219354997,0.54,0.551,1
"EML1",0.445816444698326,-0.149109242591171,0.375,0.442,1
"GINS3",0.445847845066232,-0.254316272720605,0.056,0.074,1
"ARRDC2",0.446003217787607,0.163184078679582,0.073,0.056,1
"ERICH1",0.446474547350011,-0.140177525395068,0.331,0.375,1
"WRNIP1",0.446573163392902,-0.135946855101581,0.528,0.589,1
"TMEM80",0.446752482777877,0.208678970144933,0.315,0.295,1
"GPR35",0.446806786518958,-0.740080603426104,0.036,0.049,1
"ATP6V1E2",0.446895632404112,0.213004898143911,0.044,0.06,1
"CARD6",0.446895632404112,-0.426632962509329,0.044,0.06,1
"VTI1B",0.446955426945558,0.291605789472828,0.407,0.411,1
"ACSL4",0.44704204452144,0.530650003690246,0.141,0.123,1
"SEPTIN1",0.447048982848877,-0.217175578657119,0.032,0.046,1
"PDCD6-DT",0.447180895416179,0.696373498853828,0.109,0.091,1
"MYDGF",0.447353570277221,0.394517695360522,0.306,0.295,1
"ZNF511",0.447899967839274,-0.159218010507838,0.214,0.249,1
"C11orf16",0.447931083662418,0.247840685508464,0.653,0.639,1
"ELAPOR1",0.448013503457708,0.308955505730279,0.435,0.421,1
"SRP19",0.448172574240111,0.124463972271793,0.75,0.772,1
"ENSG00000260793",0.448311761535378,-0.730747688571812,0.024,0.035,1
"PABPC4",0.448328995051385,0.127929687407885,0.605,0.611,1
"CASP6",0.448351476398391,0.350631707486084,0.319,0.316,1
"NPHP3-ACAD11",0.448549914008715,-0.147459122989955,0.032,0.046,1
"TMEM208",0.448710612511162,0.33255510996162,0.234,0.218,1
"CATSPERD",0.448754843706541,0.189305062111888,0.387,0.382,1
"IRAIN",0.449050965034284,0.217034655591362,0.032,0.046,1
"DVL2",0.449207074239402,0.187202260542787,0.173,0.151,1
"SPECC1L",0.449321741878176,-0.168908198203484,0.149,0.179,1
"UBA6",0.449537858163729,0.209073736270139,0.226,0.26,1
"BNIP3L",0.449541191319092,-0.176602023670401,0.79,0.782,1
"ENSG00000289194",0.449943479362524,0.332463892493912,0.077,0.098,1
"CDCA7L",0.450053860618553,-0.169198309308454,0.032,0.046,1
"DCPS",0.450138445362474,0.417011463201137,0.097,0.123,1
"KTN1-AS1",0.450504819371315,0.390058785411361,0.04,0.056,1
"GMDS-DT",0.450570293926495,-0.280572734472198,0.419,0.46,1
"FAM86B1",0.450946124733564,0.150992998439383,0.125,0.105,1
"PTGR2",0.451280882895849,-0.120409390830224,0.456,0.519,1
"RPS5",0.451390325323334,0.117654741189947,0.81,0.853,1
"NFYC",0.451620383390207,-0.164395408709687,0.319,0.347,1
"TPD52L1",0.451692746480164,0.589456532510424,0.129,0.112,1
"PLSCR1",0.451921208924123,-0.144914628076416,0.806,0.814,1
"PLK2",0.452054809119294,-0.173116914807709,0.359,0.386,1
"CRTC3-AS1",0.452141431875218,-0.250969417780729,0.044,0.06,1
"HHLA2",0.452185737747198,0.274370737433183,0.46,0.442,1
"ENSG00000289164",0.452205042110383,0.225556475748415,0.065,0.049,1
"POC1A",0.452891877249926,-0.827789240039309,0.024,0.035,1
"UAP1",0.452912723470646,0.645595812883835,0.242,0.228,1
"ENSG00000286923",0.453019103103528,0.125089951538548,0.06,0.046,1
"PIK3CA",0.453021525347865,0.142425925922151,0.246,0.295,1
"SRGAP3-AS2",0.45329113172244,0.181436183051737,0.661,0.635,1
"NUP50-DT",0.453386492623003,0.370837503045265,0.294,0.274,1
"SPAG17",0.453443366812833,-0.13071421309625,0.952,0.958,1
"HHLA3",0.453814094862925,-0.17383635898562,0.355,0.389,1
"TRPM4",0.454700283182669,0.742587460027698,0.129,0.112,1
"VASH1-AS1",0.454756496782757,0.182995085613467,0.065,0.049,1
"ENSG00000286575",0.455135548570729,1.07348716405861,0.085,0.07,1
"MAP2K2",0.455351682797623,0.105491329129764,0.113,0.137,1
"SMIM4",0.455413973863505,-0.158392668594377,0.363,0.411,1
"FBXL2",0.455489207460205,-0.253563795176366,0.46,0.519,1
"BTAF1",0.455628384930582,-0.130394039730812,0.254,0.291,1
"TECPR2",0.455964813229765,0.328468097248197,0.27,0.26,1
"FRMD3-AS1",0.455979609320367,-0.143656300095507,0.101,0.123,1
"ZNF619",0.456097820742046,-0.131539747082068,0.032,0.046,1
"ENSG00000285851",0.456539390606704,0.978390985214064,0.044,0.06,1
"LINC01088",0.456694582950818,-0.178238684523378,0.125,0.151,1
"C1orf174",0.456747951406882,0.339408524021995,0.254,0.235,1
"NEK3",0.45706463358871,0.22205460272962,0.246,0.221,1
"KLC1",0.45736502942251,0.25942230845791,0.278,0.267,1
"C11orf65",0.45737660043829,-0.228471120639668,0.157,0.182,1
"ZNF496",0.457396813870324,-0.2917290587655,0.073,0.091,1
"POLR2E",0.457440067387938,0.125267481605071,0.625,0.621,1
"LEF1",0.457916117716716,0.487249902094088,0.242,0.232,1
"ENSG00000225806",0.458122572729832,0.209914862045614,0.032,0.046,1
"TMEM19",0.45839527850121,-0.162191814338537,0.319,0.361,1
"ENSG00000290983",0.4587120477606,-0.309387383836168,0.06,0.077,1
"ENSG00000272106",0.458764370636337,-0.198299863992017,0.198,0.225,1
"ENSG00000277559",0.458815469978343,-0.207152542347391,0.081,0.102,1
"BTBD7",0.459166542454812,-0.169865886798239,0.532,0.579,1
"YPEL3-DT",0.45934316715952,-0.651506909467207,0.036,0.049,1
"ENSG00000261335",0.459488422877397,-0.314492019778785,0.06,0.077,1
"SLC35E4",0.459488422877397,-0.230956056849,0.06,0.077,1
"ENSG00000256433",0.459811337546185,-0.65149328260581,0.024,0.035,1
"EXOSC5",0.459883656520251,-0.325759726603149,0.048,0.063,1
"MAST4",0.46002916248088,-0.112782476080418,0.524,0.554,1
"FAN1",0.460055685437507,-0.198115118424724,0.331,0.372,1
"ZNF829",0.460160529099976,0.422823697852898,0.105,0.088,1
"MPC1L",0.460507739829052,-0.318534161366448,0.093,0.112,1
"ZDHHC11",0.460544209351277,-0.133570496995037,0.222,0.256,1
"COPS6",0.460676189085231,0.201280740997861,0.657,0.684,1
"CHUK",0.460749718762764,0.439893738356043,0.367,0.372,1
"CLEC2D",0.460798428999946,-0.611438087558038,0.081,0.098,1
"ACSF2",0.460836728234644,-0.469556302479787,0.065,0.081,1
"LRRC28",0.460930207878529,0.164906426801773,0.165,0.204,1
"PUSL1",0.460970307215167,-0.740798226900396,0.024,0.035,1
"TGFBR3",0.461061829477352,-0.138290710824864,0.359,0.396,1
"ENSG00000197585",0.461289177301237,-1.2696158931637,0.036,0.049,1
"GON4L",0.461411774072702,0.195916277137699,0.298,0.347,1
"CDK8",0.461640691000653,0.245107093808492,0.254,0.239,1
"MAP3K20-AS1",0.461675902183629,0.380015319113705,0.056,0.074,1
"LINC02614",0.461839972918765,-0.318571462404468,0.085,0.105,1
"PIAS4",0.461840904253641,0.1912777109188,0.302,0.291,1
"MED18",0.461888543707591,0.135269016959149,0.165,0.2,1
"ALG1",0.46189237875357,0.725517532856942,0.21,0.2,1
"ENSG00000285684",0.461956560018656,-0.140639590853493,0.069,0.088,1
"ARHGAP24",0.462130907897301,-0.459904443707218,0.024,0.035,1
"KLF13",0.462200692889237,0.232367691666029,0.319,0.302,1
"TDP2",0.462290449032299,-0.172001092717182,0.319,0.358,1
"ENSG00000223343",0.462379003219324,0.76450104785072,0.04,0.056,1
"CCDC138",0.462966857375473,0.187102016537935,0.589,0.596,1
"C6orf120",0.463008918637512,-0.119657511498716,0.27,0.316,1
"CNFN",0.46309930506164,0.102293960267359,0.048,0.035,1
"INO80B",0.463181126896708,0.451138344034165,0.129,0.112,1
"CNTROB",0.463185988333122,-0.306208984787999,0.085,0.105,1
"SLC9A3-AS1",0.463206447529195,0.532063283727914,0.032,0.046,1
"CAMKK1",0.463293137659044,-0.614995410019618,0.024,0.035,1
"ENSG00000265943",0.463293137659044,-0.422127516995657,0.024,0.035,1
"SLX9",0.463293137659044,-0.378016394444715,0.024,0.035,1
"METTL2B",0.463439154710887,0.277442640760669,0.339,0.326,1
"KCNQ1OT1",0.463674689292495,0.199127569110964,0.073,0.056,1
"MCM9",0.463686593177451,0.309172888771656,0.254,0.239,1
"BRMS1L",0.463697398629967,-0.140392330301779,0.185,0.218,1
"USP7",0.463752299307075,-0.138053903959386,0.621,0.618,1
"MEX3C",0.464373633517187,0.517418545673239,0.145,0.13,1
"RAP2B",0.464436262562088,0.605348640097263,0.177,0.165,1
"CDH13",0.464456994552277,-0.468438727963116,0.024,0.035,1
"ENSG00000214708",0.464456994552277,-0.369620327775023,0.024,0.035,1
"USP50",0.464456994552277,-0.332640232940651,0.024,0.035,1
"GPN1",0.464462402520075,0.191866297406791,0.44,0.435,1
"CCT4",0.464483539931451,0.107743772441264,0.835,0.86,1
"STARD3NL",0.464508140427419,0.162112427367378,0.621,0.632,1
"DEDD2",0.46459041145545,0.203289339164109,0.657,0.709,1
"ERCC6",0.46494239122146,0.868653981055779,0.194,0.175,1
"RARA",0.46503618607214,0.50887297120462,0.23,0.221,1
"ENSG00000274698",0.465622476614305,-0.391902049195185,0.024,0.035,1
"PILRB",0.465622476614305,-0.43293627040939,0.024,0.035,1
"ARFRP1",0.465663240435666,-0.281418117310122,0.073,0.091,1
"SNAPIN",0.465763990475983,0.185065592555976,0.508,0.523,1
"QDPR",0.465780155023667,-0.113850902033835,0.121,0.147,1
"URB2",0.466067425206009,0.227944719433779,0.056,0.042,1
"FAM153CP",0.46610342796584,0.521679448097469,0.145,0.13,1
"SMPD1",0.466271802620339,0.124438784880499,0.032,0.046,1
"UBALD2",0.466436183654954,0.164644826668026,0.504,0.558,1
"MYO1H",0.466696399007329,0.437432448025704,0.113,0.095,1
"PWP2",0.46676992301144,-0.442095904834545,0.048,0.063,1
"WSB2",0.466790120978164,-0.121630178461711,0.298,0.347,1
"TAF13",0.466885955330497,0.128231743577756,0.431,0.418,1
"PTPN13",0.466984442259584,0.137998556412252,0.29,0.323,1
"CDC42BPA",0.467103677295293,0.147291828364778,0.444,0.425,1
"ERBB2",0.467107562341386,0.141058944786312,0.419,0.505,1
"CDNF",0.467387379296976,0.527766712836442,0.101,0.084,1
"CCDC122",0.467563022073428,0.358353071311384,0.286,0.27,1
"CCT8",0.467630035784886,-0.111337684226906,0.762,0.8,1
"AMFR",0.46770018367054,0.147460734172273,0.351,0.418,1
"KLHL42",0.467717144809739,0.31885176753357,0.121,0.102,1
"PGAM5",0.467891111579372,0.169544768272529,0.238,0.284,1
"ENO1-AS1",0.467958308321087,-0.346624439035525,0.024,0.035,1
"ENSG00000268081",0.467958308321087,-0.369504586215358,0.024,0.035,1
"PDE7B",0.468005971727202,-0.335587821059056,0.161,0.182,1
"CEP162",0.468070596828246,0.165944157286941,0.685,0.698,1
"PDP1",0.468088848799082,0.515457559814299,0.149,0.133,1
"TRNP1",0.468133292637097,0.327671535367674,0.468,0.47,1
"FAM50A",0.468211334260798,-0.259511756428334,0.198,0.228,1
"TTC27",0.468236429432956,0.17818342464579,0.298,0.281,1
"UBTD2",0.468332630145273,-0.234401392408572,0.093,0.112,1
"CLPX",0.468332824025201,0.166152139443192,0.488,0.477,1
"ZCCHC3",0.468345370852193,-0.112221047494177,0.306,0.358,1
"PBDC1",0.468417241746556,0.178191163650036,0.351,0.33,1
"LINC02604",0.468547018721618,0.104039399859597,0.254,0.305,1
"MED21",0.468547032730703,-0.124863181709393,0.262,0.298,1
"TYW5",0.468610453204101,0.310012313209481,0.21,0.196,1
"WDR41",0.469078575453417,-0.166385531727605,0.456,0.505,1
"CT75",0.469128653967578,-0.73499750375569,0.024,0.035,1
"FAM66D",0.469128653967578,-0.302712193718339,0.024,0.035,1
"LINC00488",0.469128653967578,-0.820271880007145,0.024,0.035,1
"ETFA",0.469146120500515,-0.170224257092655,0.29,0.326,1
"AGAP9",0.469297732004596,0.132891964395252,0.234,0.214,1
"NUP107",0.469308447713906,0.454582085625842,0.395,0.386,1
"NFKBIB",0.469465530123528,0.405301312868623,0.222,0.211,1
"GEMIN7-AS1",0.469492240019533,0.332544112121375,0.29,0.281,1
"NAA25",0.469617763620216,-0.132777389419777,0.306,0.354,1
"LY6G5C",0.470056998744743,0.276588447378594,0.194,0.175,1
"ZNF140",0.470248285279435,0.202747712943763,0.202,0.242,1
"LINC00571",0.470381531376726,-0.588470973495641,0.113,0.133,1
"ENSG00000285777",0.470431982614224,0.156125316299248,0.548,0.561,1
"RALGAPA1",0.470738934866713,-0.271411492754643,0.423,0.442,1
"ENTPD5",0.470957194064272,-0.325185391004989,0.093,0.112,1
"DCUN1D5",0.471016531637191,-0.156350115213248,0.161,0.186,1
"BICRA-AS1",0.471088007877533,-0.679627585425506,0.036,0.049,1
"GLIDR",0.471221260519313,-0.19687786921723,0.06,0.077,1
"ARHGAP15",0.47147419474182,-0.361269691530655,0.024,0.035,1
"CDK13-DT",0.47147419474182,-0.214491196078199,0.024,0.035,1
"ANKRD36BP2",0.471716982270355,-0.115470642230011,0.448,0.474,1
"PLAAT2",0.471960658101274,0.302713872214805,0.319,0.309,1
"WDR6",0.472027023206426,0.139135249756726,0.589,0.607,1
"DNAJC15",0.472467541145071,0.11256411616217,0.665,0.656,1
"CYP51A1",0.472649385783887,-0.358067681719894,0.024,0.035,1
"ENSG00000270265",0.473073339726686,0.514703564798052,0.081,0.067,1
"GSTO2",0.473106815387157,-0.147913281786836,0.202,0.232,1
"SNRPF-DT",0.473551787150733,-0.166606695223008,0.101,0.123,1
"MTCL1",0.473826187847854,-0.205592207700371,0.024,0.035,1
"RNASEH2B",0.473864449588492,0.359092856850757,0.383,0.368,1
"WDR90",0.473872731265464,-0.110945472677423,0.27,0.305,1
"ENSG00000266957",0.474415092166434,-0.440760923630484,0.024,0.035,1
"LINC02848",0.474584882578562,-0.111868565101317,0.048,0.063,1
"LRRC14",0.474920256964109,0.376817043064442,0.093,0.077,1
"TLE4",0.475052970919484,-0.111726104795381,0.528,0.607,1
"ARRDC3",0.475156085749412,-0.14552519538675,0.165,0.193,1
"NUDT4B",0.47516849339126,1.05256799805593,0.069,0.056,1
"NEU1",0.475192189425052,-0.231455651375786,0.198,0.225,1
"UBR7",0.475231853359038,0.178027116639234,0.403,0.386,1
"MAD2L2",0.47525562613121,0.26302968807199,0.165,0.147,1
"FAM81A",0.475297030257056,-0.221709211844158,0.286,0.33,1
"NUFIP1",0.475310940587685,0.607631561998546,0.137,0.123,1
"CHST3",0.475423066465987,0.42670241348597,0.25,0.228,1
"SIPA1L1",0.475645649801522,-0.13422101645349,0.411,0.456,1
"DYM-AS1",0.476030158947342,-0.348817887848663,0.036,0.049,1
"ENSG00000267015",0.476184616709924,0.108875146754776,0.024,0.035,1
"ENSG00000291208",0.476331247698875,-0.247792556522743,0.048,0.063,1
"NFYB",0.476337113703505,0.340146299133852,0.379,0.379,1
"NAXD",0.476354516618327,0.106981228780207,0.456,0.439,1
"FBXL5",0.476464841055159,0.181085079284114,0.581,0.628,1
"PDE6B",0.476542581072626,-0.126962818392296,0.157,0.189,1
"CORO2B",0.476829232724859,0.307865422185249,0.327,0.319,1
"ZSWIM3",0.477021988555855,-0.509487817957321,0.036,0.049,1
"CCDC18-AS1",0.477337486870937,-0.25406878041167,0.476,0.495,1
"ENSG00000278376",0.477366239305849,-0.211264739411094,0.024,0.035,1
"ZNF552",0.477526114608386,0.424718239822667,0.21,0.196,1
"ZNF710",0.477528528815872,0.112389865519348,0.069,0.088,1
"ZFP36L2",0.477552663681171,0.329908615771297,0.52,0.526,1
"ADAMTS6",0.47801494838504,-0.340163448021934,0.036,0.049,1
"SMOC2",0.478339528220342,-0.23749910727715,0.06,0.077,1
"PRELID1",0.478509733055798,0.331080484298078,0.355,0.344,1
"SEC14L1",0.478578871986216,0.115096047449761,0.81,0.8,1
"ZNF594",0.478987694824203,0.496946663770001,0.097,0.081,1
"CUL1",0.479098817403986,0.104746887512329,0.399,0.453,1
"NDUFAB1",0.4790993303288,0.154392124371733,0.895,0.898,1
"HNF4A",0.479119897064951,0.2557939284503,0.149,0.13,1
"ENSG00000273448",0.47925805639984,0.717722737035716,0.081,0.067,1
"PSMD5",0.47929229351609,-0.156765817364477,0.234,0.27,1
"DUSP1",0.479470606090312,0.724691040747959,0.528,0.575,1
"KBTBD6",0.47964528055944,-0.332897777028133,0.081,0.098,1
"ENSG00000291255",0.479699962947974,0.165549060057857,0.097,0.081,1
"LIFR",0.479805900958559,-0.1419330413964,0.117,0.14,1
"CAPN10",0.48026926655644,0.517344886924636,0.105,0.091,1
"ZNF593",0.480319698033389,0.28416663332033,0.286,0.288,1
"CHMP3",0.480345433059198,0.177306430860839,0.492,0.488,1
"MIR200CHG",0.480798783934116,0.557439914080034,0.165,0.147,1
"ZNF692",0.480811102731792,-0.345332155099555,0.065,0.081,1
"CCDC15",0.480920714234503,0.139428914610832,0.024,0.035,1
"NDST1",0.481331514511044,-0.120150620972996,0.121,0.144,1
"SFR1",0.481331514511044,-0.101760038346198,0.121,0.144,1
"SMYD5",0.481358099845982,0.326515340334731,0.133,0.116,1
"LRRC71",0.481429512290828,0.167045232414679,0.472,0.477,1
"KIZ-AS1",0.481607362347401,0.278216229698867,0.044,0.06,1
"PRKCI",0.481700766554257,-0.144402386720565,0.327,0.365,1
"SOWAHB",0.481913794267106,0.360030225243164,0.105,0.088,1
"ZNF12",0.481946475401693,0.323812139577649,0.319,0.312,1
"MEIG1",0.482157966422903,0.20300783958738,0.319,0.309,1
"CKMT2-AS1",0.482163499031937,0.225705831662397,0.113,0.14,1
"CCDC92",0.48222832998409,0.138447902625753,0.468,0.446,1
"KDM5B",0.482263833284177,0.106403340939536,0.48,0.544,1
"SHMT1",0.482775743727115,-0.134317420053838,0.242,0.274,1
"IER3IP1",0.482934890039503,0.234344453899029,0.516,0.54,1
"PRKAR1B",0.482996656419119,-0.278589474265134,0.036,0.049,1
"COL9A2",0.483117493349847,0.646740884763369,0.06,0.077,1
"CCDC18",0.483181016163898,-0.251792192138642,0.081,0.098,1
"CTSW",0.483298348581175,1.36554397026044,0.024,0.035,1
"ENSG00000291078",0.483351791890106,0.385263588533967,0.048,0.063,1
"SIRT5",0.483459768264384,0.215447999812227,0.371,0.372,1
"SIX5",0.483523872536609,0.181907203481151,0.133,0.161,1
"ZNF627",0.483586913782719,-0.194640994201153,0.302,0.34,1
"MYO1B",0.48418591808611,0.448439953527476,0.145,0.13,1
"KCNMB4",0.484190812773619,0.14788805936683,0.395,0.389,1
"FAM120A",0.4842200112626,0.126801387908821,0.935,0.951,1
"PI4K2A",0.48431160706304,0.223035562038143,0.097,0.119,1
"LINC02894",0.484721744377353,0.198955783905186,0.093,0.116,1
"PPP2R5B",0.484971252393831,0.914796839321169,0.125,0.109,1
"TMEM40",0.484997206451996,-0.18427974264294,0.036,0.049,1
"MYPOP",0.485362559523199,0.264434605896121,0.105,0.088,1
"CNOT8",0.485429891150752,0.271502237093859,0.351,0.344,1
"STIP1",0.485461162880552,0.22334684576457,0.653,0.688,1
"SLC51A",0.486327902113189,0.510097086444786,0.121,0.105,1
"ATP2B1",0.486349223416617,0.209355630496102,0.214,0.196,1
"NFAT5",0.48644097764566,0.365552335470557,0.302,0.281,1
"SDHAF4",0.486478837849204,0.252680094872179,0.331,0.323,1
"RIOK3",0.486810240080688,-0.130406089486903,0.496,0.509,1
"RNF220",0.486881426869931,0.214063533708891,0.371,0.368,1
"SMAD9",0.487034350524791,-0.235715017360936,0.343,0.365,1
"H4C14",0.487118843873646,0.190820999927563,0.06,0.077,1
"ILVBL",0.48721351129897,0.205342439080398,0.097,0.081,1
"ENSG00000258744",0.487313024945944,0.245162572032739,0.246,0.228,1
"CSNK1G3",0.487353009340639,0.244829302773,0.23,0.274,1
"IGSF11",0.487428991388558,0.45275876803789,0.085,0.07,1
"FAM189B",0.487830915667075,-0.160681861648551,0.137,0.161,1
"ENSG00000248752",0.487833613165848,-0.162535837689029,0.065,0.081,1
"IFRD2",0.487899050313517,-0.121073943942986,0.113,0.137,1
"ZSWIM8",0.487902451520535,0.420836490897202,0.145,0.133,1
"ENSG00000287337",0.487989380061051,0.865000048752597,0.044,0.06,1
"ENSG00000276422",0.488039082430441,0.699496005426302,0.113,0.098,1
"UBAP2",0.488240120500572,-0.108276511892047,0.327,0.361,1
"P2RX4",0.488750176168853,-0.153597108522855,0.129,0.154,1
"BARD1",0.48888356973294,-0.247753585630772,0.093,0.112,1
"VPS45",0.489025055573518,0.307319643296768,0.327,0.326,1
"ZNF605",0.489052114133837,0.271414610118191,0.181,0.221,1
"ACOX3",0.489210114100396,0.583589920831674,0.262,0.249,1
"CBWD3",0.489401652946116,-0.251400862197295,0.065,0.081,1
"CDPF1",0.489401652946116,0.676342614351941,0.081,0.067,1
"ENSG00000288934",0.489565701939797,-1.07022768325628,0.028,0.039,1
"PRMT8",0.489806719801084,0.192151286538133,0.202,0.179,1
"S1PR1",0.489981389298219,-0.452186401233366,0.016,0.025,1
"ATAD3B",0.490018156957232,-0.113431061504358,0.036,0.049,1
"WDR43",0.490042373460287,0.341982263687377,0.371,0.382,1
"XPC",0.490210151666143,0.289143764406577,0.448,0.47,1
"GLS",0.49049725993979,-0.459084437296855,0.073,0.088,1
"SYTL2",0.490849155171832,0.148213393547661,0.125,0.151,1
"MGAT5",0.49105980319998,-0.130921229262817,0.653,0.733,1
"DNAH7",0.491093847114389,-0.205257276143491,0.879,0.912,1
"ENSG00000271737",0.49142208563765,-0.700746588717787,0.016,0.025,1
"SNHG22",0.49142208563765,-0.908773515434661,0.016,0.025,1
"UBE2V2",0.49158666939274,-0.101463107320211,0.347,0.389,1
"CEP78",0.491647453398342,0.272172649311078,0.226,0.207,1
"GNAZ",0.491768389395842,0.644136060087878,0.073,0.06,1
"POLK",0.491976081270935,-0.170910978379476,0.419,0.449,1
"TMEM161B",0.491985839109111,0.230161369375767,0.258,0.246,1
"CEP131",0.49203433931066,-0.208373237159875,0.036,0.049,1
"ZNF853",0.492162897752446,-0.212938850408362,0.19,0.221,1
"AIMP1",0.492293338864804,-0.160117711200614,0.544,0.582,1
"KBTBD7",0.492632001626391,0.839053403092922,0.101,0.088,1
"TRAPPC10",0.492796623701432,-0.11516383683514,0.306,0.347,1
"TIPRL",0.492803095209683,-0.115695188526723,0.379,0.425,1
"ENSG00000285804",0.49286505345407,-0.297844453258691,0.016,0.025,1
"ENSG00000286074",0.49286505345407,-0.86666370510127,0.016,0.025,1
"UFSP1",0.49286505345407,-0.937074431366412,0.016,0.025,1
"EPB41",0.492904005666849,0.409233521287462,0.153,0.137,1
"B3GNT9",0.492916526075438,-0.191110916906659,0.093,0.112,1
"TBCEL",0.493028536099787,-0.159001746805142,0.165,0.193,1
"SLC16A1-AS1",0.493480272827335,-0.163759002770119,0.185,0.211,1
"ENSG00000286129",0.493556653561024,0.289120272249312,0.282,0.274,1
"CACNG6",0.493650341608942,-0.129383941974252,0.226,0.253,1
"GIMAP2",0.494042619047857,0.224397194496868,0.085,0.105,1
"ENSG00000232855",0.494189160995966,-0.593327822587096,0.149,0.172,1
"CDH12",0.494310288751954,-0.434326182472307,0.016,0.025,1
"COL12A1",0.494310288751954,-0.472687588425615,0.016,0.025,1
"ENSG00000278017",0.494310288751954,-0.566103755974374,0.016,0.025,1
"PRKCSH",0.494481109987217,0.159938656861236,0.528,0.54,1
"TMEM182",0.494589861098637,-0.281524811373695,0.081,0.098,1
"CCDC153",0.494646684415666,0.386165627374225,0.484,0.512,1
"SLC35E3",0.494696418458482,-0.110492958742449,0.331,0.365,1
"ENSG00000267251",0.494878916695047,-0.103817728035505,0.048,0.063,1
"DNAJC1",0.495123143621536,0.234390361182712,0.399,0.375,1
"NFRKB",0.495154622692473,0.323604506403667,0.19,0.172,1
"TRAPPC2B",0.495204046988559,0.511089379745846,0.153,0.189,1
"PROSER3",0.495214057004071,-0.202593535147517,0.254,0.288,1
"ZC3H12B",0.495616475685302,-0.692767184952117,0.222,0.239,1
"MFSD9",0.495700857943449,0.757298337886231,0.081,0.067,1
"ENSG00000230990",0.495757787505704,-0.721294827890202,0.016,0.025,1
"ENSG00000271533",0.495757787505704,-0.643863494417204,0.016,0.025,1
"ZNF730",0.495757787505704,-0.292697089423518,0.016,0.025,1
"PRR36",0.495836667199205,-0.509918383629891,0.04,0.053,1
"XPC-AS1",0.495845823081225,0.111288910716094,0.157,0.137,1
"PTCD2",0.496307978764124,-0.137516630470617,0.089,0.109,1
"YEATS4",0.49636772736502,0.485197775527014,0.266,0.267,1
"ENSG00000261659",0.496421072657949,-0.242373367027977,0.101,0.119,1
"AP1B1",0.496624478060807,0.14418134486854,0.315,0.305,1
"ITFG2-AS1",0.496657000730449,-0.421817606560082,0.069,0.084,1
"TELO2",0.496704857971403,-0.126382194915512,0.109,0.13,1
"RRN3",0.496823848716563,0.295210066334748,0.185,0.168,1
"ANKRD45",0.496940643046324,0.222252662652661,0.355,0.351,1
"SLC6A8",0.497010487957678,0.21989134587038,0.29,0.277,1
"BMP3",0.497094205413827,-0.203623035932873,0.036,0.049,1
"RHBDF2",0.497094205413827,0.122300655628321,0.036,0.049,1
"VPS13C-DT",0.497094205413827,-0.107869138853979,0.036,0.049,1
"PITPNA",0.497151547527578,0.154920875284143,0.782,0.807,1
"SEPTIN8",0.497163053291514,0.260442498378226,0.149,0.133,1
"ZNF485",0.497207545659665,-0.42884394442824,0.016,0.025,1
"HNF1A",0.497207545659665,-0.408141994492371,0.016,0.025,1
"GLTP",0.49734760595008,0.237457323087068,0.379,0.361,1
"SYT8",0.4973949341052,-0.19660013283217,0.052,0.067,1
"NIT1",0.497550481750618,0.445911655251212,0.335,0.33,1
"ZNF667",0.498288444000169,0.290596078042718,0.149,0.179,1
"TTLL6",0.498414022988653,-0.105661893670506,0.214,0.242,1
"MAP3K8",0.498547499002116,0.295155609052676,0.347,0.33,1
"ENSG00000205959",0.498659559128144,-0.327710154576423,0.016,0.025,1
"ENSG00000228862",0.498659559128144,-0.340592028942506,0.016,0.025,1
"ENSG00000289126",0.498659559128144,-0.339475377001733,0.016,0.025,1
"LY86-AS1",0.498659559128144,-0.325802635158759,0.016,0.025,1
"RDH5",0.498659559128144,0.151806650911482,0.016,0.025,1
"ZMAT2",0.498916297609244,0.157682009163697,0.798,0.804,1
"NUTM2A-AS1",0.49901799366676,-0.106115135996916,0.347,0.393,1
"CLCN4",0.49934627165956,-0.119417514719966,0.121,0.144,1
"KDM1B",0.499753680393622,-0.107370471316984,0.673,0.705,1
"SIN3B",0.499853019748765,0.209822371303101,0.286,0.277,1
"CNOT11",0.500016222601633,0.287043564469824,0.609,0.656,1
"ITGA9-AS1",0.500113823795426,-0.402865581520804,0.016,0.025,1
"TSC22D1-AS1",0.500113823795426,-0.383073143701466,0.016,0.025,1
"PFDN4",0.500255329966113,0.255680470831994,0.379,0.386,1
"ZFYVE1",0.500342523937998,0.168256100230312,0.125,0.151,1
"HARS2",0.500363365094112,0.303066132240279,0.29,0.288,1
"SLC13A4",0.500718608931544,-0.499425158343267,0.04,0.053,1
"NFU1",0.500916738583368,0.251573754503027,0.448,0.453,1
"UBIAD1",0.500941433035624,-0.148956559169331,0.105,0.126,1
"ENSG00000285756",0.501435614497856,0.238024822669913,0.641,0.639,1
"ENSG00000289444",0.501440336136474,0.333420644902888,0.145,0.13,1
"ENSG00000281039",0.501570335515792,0.143009401483469,0.016,0.025,1
"IL18BP",0.501570335515792,-0.206578510189754,0.016,0.025,1
"NKX3-1",0.501570335515792,-0.247554535866877,0.016,0.025,1
"GNL3",0.501570480039248,-0.111168464441755,0.298,0.344,1
"SNHG25",0.501662171138283,0.103361395358311,0.27,0.323,1
"LBR",0.501963350782404,0.236517777796816,0.46,0.477,1
"ZKSCAN8",0.50204038077525,0.280844256279202,0.31,0.351,1
"WASIR2",0.502106076222076,-0.411502124313733,0.028,0.039,1
"SLC29A1",0.502140835466599,0.671859643573441,0.129,0.116,1
"KCTD13",0.502341056749788,0.205629190420833,0.419,0.421,1
"LAMTOR4",0.502437721623174,0.193392901033109,0.423,0.414,1
"MYRFL",0.502452980249661,0.26161064479184,0.085,0.105,1
"WIZ",0.502617615705548,-0.114286957192164,0.258,0.295,1
"ENSG00000259138",0.502678496182301,-0.380413646207361,0.04,0.053,1
"GSKIP",0.502729065207709,-0.262623220215599,0.198,0.221,1
"CATIP",0.502793267720969,0.112794017525771,0.226,0.267,1
"ANKRD20A1",0.503029090113537,-0.298409982268701,0.016,0.025,1
"ENSG00000273784",0.503029090113537,-0.29116464251368,0.016,0.025,1
"ENSG00000286525",0.503029090113537,-0.234212996859576,0.016,0.025,1
"NHSL1-AS1",0.503029090113537,-0.156772039475941,0.016,0.025,1
"TOM1L1",0.503036230300859,-0.161252507219175,0.427,0.467,1
"ENSG00000283064",0.503254478435578,-0.529466056141134,0.028,0.039,1
"MYO1E",0.503338688604969,-0.174336708798205,0.738,0.751,1
"ARHGEF38",0.503461326172371,0.283002624110882,0.242,0.225,1
"SEC61A1",0.50362300856795,0.228618859564276,0.081,0.102,1
"NUP107-DT",0.503638652326279,0.392054231830226,0.085,0.07,1
"RASSF7",0.504006320902824,0.40044127235697,0.153,0.14,1
"ETS2",0.504107185598854,-0.14501910912913,0.516,0.565,1
"RBFA",0.504281319250252,0.398059637628233,0.149,0.133,1
"OSBP2",0.504364555062821,-0.202198435941563,0.052,0.067,1
"ERBB3",0.50438094301456,-0.114392573264993,0.621,0.656,1
"ENSG00000261512",0.504490083382993,0.196302499469891,0.016,0.025,1
"ENSG00000273151",0.504490083382993,0.155148073556862,0.016,0.025,1
"KHDC1-AS1",0.504490083382993,-0.262258718257896,0.016,0.025,1
"MCF2L",0.504523094304708,0.483497346402746,0.121,0.105,1
"ZNF316",0.504567338699123,0.306688134358079,0.085,0.105,1
"FBXL18",0.50471744424585,0.570363288236022,0.165,0.154,1
"ENSG00000261889",0.504868874677196,0.897914703365934,0.069,0.056,1
"FN3KRP",0.504981540919089,0.158675921619164,0.306,0.288,1
"VWA5B1",0.505230225455553,0.827617845258436,0.065,0.081,1
"LPIN3",0.505247304458568,0.177971526089695,0.036,0.049,1
"NEGR1",0.505611506632582,-0.129080837739008,0.113,0.133,1
"LAMB1",0.505649581893845,0.114977846913079,0.383,0.368,1
"COPB1",0.505753142014884,0.161945846601598,0.69,0.765,1
"ENSG00000283352",0.505953311088545,-0.147241834869764,0.016,0.025,1
"ENSG00000288073",0.505953311088545,-0.608818163089257,0.016,0.025,1
"SEMA4A",0.505953311088545,-0.26480746030573,0.016,0.025,1
"CLDN4",0.505999598195223,0.148392480184116,0.968,0.979,1
"MUC16",0.506104554717439,0.122490188516861,0.367,0.425,1
"MRPS22",0.506225002767058,0.331633671212445,0.234,0.225,1
"FZD7",0.506551451557127,0.896440220748203,0.048,0.063,1
"NOB1",0.506552557934915,0.107930701897099,0.242,0.221,1
"ENSG00000260805",0.50661040423966,-0.378392811022064,0.04,0.053,1
"CHIC2",0.506730552707203,0.118249531446781,0.621,0.614,1
"IFT46",0.506853154568154,0.101088211626133,0.835,0.856,1
"SRSF8",0.506926111127035,0.276709993342545,0.456,0.456,1
"TROAP-AS1",0.507084008204787,0.196810909740491,0.528,0.625,1
"KHDC4",0.507242893092157,0.270097660027718,0.528,0.512,1
"DDIT4",0.507377247767107,0.164523611993582,0.121,0.147,1
"CRTAP",0.507418768964654,1.06686376569228,0.016,0.025,1
"TULP3",0.507472109128274,0.159203124988882,0.677,0.709,1
"PSMB6",0.507693289401661,-0.15462486727291,0.48,0.516,1
"PDK4-AS1",0.507719369929782,0.336962441130488,0.286,0.274,1
"MOB4",0.507792547200494,-0.113192313671846,0.262,0.298,1
"RBL2",0.507795523345198,0.226773117513496,0.637,0.625,1
"ZNF830",0.508025287330358,0.207336860742403,0.23,0.263,1
"ENSG00000235939",0.508052400907965,-0.975078238380801,0.008,0.014,1
"ENSG00000253356",0.508052400907965,-0.860005993649007,0.008,0.014,1
"YY1",0.508296565610843,0.123433944032585,0.758,0.744,1
"PACS1",0.508526718970738,-0.177621001509652,0.29,0.319,1
"KCTD21-AS1",0.508582404374932,-0.380577600832331,0.04,0.053,1
"GAA",0.508604996009909,0.385883640470412,0.101,0.126,1
"GRK2",0.508645370374023,-0.105446140774332,0.27,0.302,1
"TTC28-AS1",0.508845416048736,0.580427009368766,0.109,0.095,1
"SLC5A6",0.508944731126813,-0.178283657733811,0.077,0.095,1
"TLDC2",0.509032047643213,0.125947570929287,0.06,0.077,1
"ZNF587B",0.509051007676667,-0.148202550085839,0.081,0.098,1
"IFT27",0.509075065272598,0.235092616620622,0.685,0.674,1
"PCYOX1",0.509247372499773,0.30127371335528,0.194,0.179,1
"DGCR6L",0.509433226429542,0.67102988964997,0.21,0.2,1
"TRDMT1",0.509437640498544,0.336319927082278,0.242,0.235,1
"NXT1",0.509438260757827,0.351160285199606,0.177,0.161,1
"DOCK4",0.509929631273271,-0.156738737376386,0.198,0.228,1
"CCDC62",0.510032119478687,-0.837013551733208,0.008,0.014,1
"LINC02362",0.510032119478687,-0.657566771215515,0.008,0.014,1
"SEZ6L2",0.510154132964744,0.437982434578574,0.194,0.182,1
"ENSG00000290146",0.510356358016896,0.165571900624434,0.016,0.025,1
"COX5B",0.511308409137482,0.172882002295907,0.641,0.625,1
"ASTN2",0.511365349628533,0.222002779081968,0.23,0.218,1
"RPS6KA4",0.511408039035855,0.2809227582824,0.036,0.049,1
"SNHG30",0.511452981821347,0.41801727127033,0.149,0.133,1
"CHPF2",0.511737845803606,-0.358055525356718,0.117,0.137,1
"CENPN",0.51201586649647,-1.73528029511342,0.008,0.014,1
"ENSG00000255495",0.51201586649647,-1.16736388464926,0.008,0.014,1
"ENSG00000271780",0.51201586649647,-0.738666338328335,0.008,0.014,1
"GPR137B",0.51201586649647,-0.645012887220874,0.008,0.014,1
"LINC01348",0.51201586649647,-0.752116030994138,0.008,0.014,1
"LINC02231",0.51201586649647,-0.611831053160253,0.008,0.014,1
"MBLAC1",0.51201586649647,-0.624178945819288,0.008,0.014,1
"RASL10B",0.51201586649647,-0.622369754778068,0.008,0.014,1
"ZDHHC18",0.51201586649647,-0.98770417133362,0.008,0.014,1
"ENSG00000260520",0.51201586649647,-0.752008744130068,0.008,0.014,1
"ZNF516-AS1",0.512321817803369,0.363737099507685,0.077,0.063,1
"TMX2",0.51253862425348,-0.108784663190639,0.319,0.358,1
"SDHAP4",0.512561149178606,0.179703643407774,0.21,0.193,1
"STK38",0.512861575801099,0.358058591160826,0.44,0.449,1
"ANO6",0.513012190257492,0.347761006115662,0.258,0.242,1
"HSPA14",0.513021714614272,-0.10841663455547,0.169,0.193,1
"TASOR",0.513300954584271,0.435997959956587,0.435,0.456,1
"RNF32-AS1",0.513652214792315,-0.321016001900688,0.028,0.039,1
"FAM234B",0.513814007122505,0.27164358610245,0.085,0.07,1
"TEX10",0.513939425441588,-0.214155622387367,0.109,0.13,1
"BHLHA15",0.514003631232501,-0.627108143132338,0.008,0.014,1
"ENSG00000291047",0.514003631232501,-0.429519972706842,0.008,0.014,1
"GRIA1",0.514003631232501,-0.99578911975001,0.008,0.014,1
"H2AZ1-DT",0.514003631232501,-0.736236505447271,0.008,0.014,1
"LINC00539",0.514003631232501,-0.953010999585252,0.008,0.014,1
"SORCS3",0.514003631232501,-0.846952607777656,0.008,0.014,1
"TGFB3",0.514003631232501,-0.579176562402593,0.008,0.014,1
"ENSG00000232682",0.514003631232501,-0.475896222670467,0.008,0.014,1
"OR2A7",0.514003631232501,-0.681427930204225,0.008,0.014,1
"TAX1BP1-AS1",0.514003631232501,-0.895745024674658,0.008,0.014,1
"MMP24OS",0.514305500434618,0.169526929224807,0.637,0.653,1
"HEY1",0.514716393826314,0.271542806915366,0.048,0.063,1
"ACOXL",0.514779359517748,1.38636821325711,0.016,0.025,1
"ENSG00000258760",0.514814381962976,-0.263527801093796,0.028,0.039,1
"ENSG00000291258",0.514855222119363,0.44727065364092,0.081,0.067,1
"CIBAR2",0.515207028096665,0.115788752917345,0.839,0.832,1
"CCNY-AS1",0.515222532895243,0.581269274859698,0.073,0.06,1
"ENSG00000286735",0.51522257804936,0.507024727292845,0.073,0.06,1
"NR2C2AP",0.515272572636932,0.545008330623535,0.069,0.056,1
"PSMC2",0.515316033870578,-0.155628686312585,0.593,0.632,1
"EGLN3",0.515445715194357,0.21928171442582,0.565,0.568,1
"MARS2",0.515515967432069,-0.290776326021373,0.04,0.053,1
"NCF2",0.515799109597835,-0.156548468686179,0.052,0.067,1
"SAMD3",0.515799109597835,-0.339893394209778,0.052,0.067,1
"BIN2",0.515995402859653,-0.87113132153744,0.008,0.014,1
"ENSG00000223646",0.515995402859653,-0.41683736363486,0.008,0.014,1
"ENSG00000228566",0.515995402859653,-0.672593178199106,0.008,0.014,1
"ENSG00000250186",0.515995402859653,-0.419009295071079,0.008,0.014,1
"ENSG00000257181",0.515995402859653,-0.561573356154938,0.008,0.014,1
"ENSG00000261460",0.515995402859653,-0.924568102145027,0.008,0.014,1
"ENSG00000284959",0.515995402859653,-0.824701403910016,0.008,0.014,1
"ENSG00000290085",0.515995402859653,-0.59630921121184,0.008,0.014,1
"HS3ST3B1",0.515995402859653,-0.450052280932265,0.008,0.014,1
"KRT15",0.515995402859653,-0.560740454093801,0.008,0.014,1
"LINC00200",0.515995402859653,-0.956365585749235,0.008,0.014,1
"LINC01933",0.515995402859653,-0.716847340394756,0.008,0.014,1
"LINC02237",0.515995402859653,-0.34570383794096,0.008,0.014,1
"LINC02669",0.515995402859653,-0.40796224186789,0.008,0.014,1
"PDK1-AS1",0.515995402859653,-0.488228660553575,0.008,0.014,1
"PIEZO2",0.515995402859653,-0.381164345668737,0.008,0.014,1
"RARA-AS1",0.515995402859653,-0.579438612879856,0.008,0.014,1
"TMEM62",0.51637877790267,-0.279638698144226,0.165,0.186,1
"DAB2IP",0.516404257428747,0.204880197927453,0.198,0.232,1
"DPH7",0.516518897987892,0.229257868352531,0.129,0.112,1
"ENSG00000287929",0.516758123998615,0.143375729713501,0.202,0.239,1
"SSX2IP",0.516892240217568,0.397280243642869,0.315,0.305,1
"ITGA1",0.516919828608174,0.475328936453879,0.073,0.06,1
"ALDH7A1",0.516946124828926,0.275521818441598,0.363,0.365,1
"ENSG00000256947",0.517142808408966,-0.156243994835818,0.028,0.039,1
"ENSG00000274492",0.517142808408966,-0.399652787882668,0.028,0.039,1
"CLHC1",0.517162980239854,0.124592183663951,0.375,0.361,1
"RHOT1",0.517243448188361,-0.251756588706543,0.25,0.281,1
"ATG10",0.517299927377098,0.267131876816261,0.222,0.196,1
"CCT2",0.517663589969341,0.119635703473165,0.879,0.891,1
"COPS9",0.517759271043214,0.28243236230364,0.411,0.432,1
"MTG2",0.517787881342961,0.12206756241501,0.194,0.232,1
"CD2",0.517991170452595,-0.275018053006071,0.008,0.014,1
"COL26A1",0.517991170452595,-0.167768950087154,0.008,0.014,1
"ENSG00000225407",0.517991170452595,-0.432848621907441,0.008,0.014,1
"ENSG00000256469",0.517991170452595,-0.57624824574083,0.008,0.014,1
"ENSG00000260273",0.517991170452595,-0.342746439305915,0.008,0.014,1
"ENSG00000267059",0.517991170452595,-0.212416690420446,0.008,0.014,1
"ENSG00000270482",0.517991170452595,-0.534276086203335,0.008,0.014,1
"ENSG00000270574",0.517991170452595,-0.321429481889428,0.008,0.014,1
"ENSG00000273674",0.517991170452595,-0.229072230386661,0.008,0.014,1
"ENSG00000274220",0.517991170452595,-0.1114065131487,0.008,0.014,1
"ENSG00000286813",0.517991170452595,-0.608686345383168,0.008,0.014,1
"ENSG00000290049",0.517991170452595,-0.197439864518422,0.008,0.014,1
"ENSG00000290127",0.517991170452595,-0.339678298936779,0.008,0.014,1
"EPHB1",0.517991170452595,-0.565096183218655,0.008,0.014,1
"GABRR3",0.517991170452595,-0.324210124073409,0.008,0.014,1
"LINC01285",0.517991170452595,0.36329845171451,0.008,0.014,1
"LINC02384",0.517991170452595,-0.281987509671711,0.008,0.014,1
"LINC02539",0.517991170452595,-0.558273066936298,0.008,0.014,1
"PLK1",0.517991170452595,0.130858837495536,0.008,0.014,1
"PNPLA3",0.517991170452595,-0.372631512163021,0.008,0.014,1
"SLC4A5",0.517991170452595,-0.370005063254261,0.008,0.014,1
"SNHG32",0.517991170452595,-0.646146565102032,0.008,0.014,1
"TENM3",0.517991170452595,-0.440293669179949,0.008,0.014,1
"PTPMT1",0.518168128899948,0.762593677970142,0.105,0.13,1
"FAM228B",0.5182019657444,-0.14773008009411,0.27,0.302,1
"ENSG00000271976",0.518309063314396,-0.291736270495701,0.028,0.039,1
"LINC02580",0.518502443905962,-0.225052873355789,0.04,0.053,1
"DCDC2B",0.518552011047067,0.255560620152272,0.403,0.396,1
"FAAH",0.518721232458628,0.101185135280835,0.185,0.221,1
"KBTBD12",0.518893572279023,0.196498287602032,0.065,0.081,1
"FBXO7",0.518898769636351,0.120673795288686,0.698,0.691,1
"CAPN13",0.519479951807311,-0.344411365241423,0.073,0.088,1
"NAPB",0.519592111980134,0.413726341615599,0.181,0.218,1
"DEGS2",0.519640071054071,0.653068493227797,0.069,0.056,1
"ENSG00000272864",0.519811895873097,0.397659454868288,0.113,0.098,1
"ADAMTS9-AS2",0.519821249489734,-0.353081455824572,0.056,0.07,1
"ADA",0.519990922987909,-0.22735920566254,0.008,0.014,1
"ARHGAP8",0.519990922987909,-0.128467383062077,0.008,0.014,1
"ENSG00000234185",0.519990922987909,-0.106695766329235,0.008,0.014,1
"ENSG00000251417",0.519990922987909,-0.21999270376178,0.008,0.014,1
"ENSG00000266677",0.519990922987909,-0.106470624973174,0.008,0.014,1
"ENSG00000269026",0.519990922987909,-0.32499516185551,0.008,0.014,1
"ENSG00000277130",0.519990922987909,-0.193362174625333,0.008,0.014,1
"ENSG00000280571",0.519990922987909,0.468962525411039,0.008,0.014,1
"ENSG00000281016",0.519990922987909,-0.479815099778548,0.008,0.014,1
"FGFR4",0.519990922987909,-1.01237973682483,0.008,0.014,1
"GPR19",0.519990922987909,-0.149023075350878,0.008,0.014,1
"IL20",0.519990922987909,0.160768980861651,0.008,0.014,1
"LINC00378",0.519990922987909,-0.372910238955161,0.008,0.014,1
"LINC01811",0.519990922987909,-0.124098289149127,0.008,0.014,1
"NFAM1",0.519990922987909,-0.448663066832315,0.008,0.014,1
"NOL12",0.519990922987909,-0.246375171953596,0.008,0.014,1
"PCA3",0.519990922987909,-0.180146042730422,0.008,0.014,1
"PP2D1",0.519990922987909,-0.27903486937138,0.008,0.014,1
"PRRT3-AS1",0.519990922987909,-0.356014793672827,0.008,0.014,1
"SRD5A3-AS1",0.519990922987909,-0.150155327682297,0.008,0.014,1
"TRG-AS1",0.519990922987909,-0.232740833307171,0.008,0.014,1
"ZNF410",0.519990922987909,0.262510670326434,0.008,0.014,1
"ENSG00000263893",0.519990922987909,-0.126664769773996,0.008,0.014,1
"ENSG00000290927",0.520515857157835,0.534604600635085,0.069,0.056,1
"PFN2-AS1",0.520645645479898,-0.303729234733547,0.028,0.039,1
"PRPS1",0.520672378065882,0.289903807417148,0.415,0.414,1
"ANKRD13D",0.520842341333494,0.713096853555354,0.141,0.13,1
"TAPT1",0.520899852302746,-0.132470269075465,0.302,0.344,1
"CLN8-AS1",0.520945880320442,-0.165483279406482,0.093,0.112,1
"ENSG00000273329",0.521029472721028,0.293422992595055,0.089,0.074,1
"ANXA2R",0.521178371715129,0.664055187899021,0.065,0.053,1
"VEGFA",0.521382136880488,0.74685215052637,0.06,0.049,1
"PDRG1",0.52167868459856,-0.146742693921467,0.194,0.221,1
"CD3E",0.521994649344208,1.19349422413278,0.008,0.014,1
"ENSG00000263325",0.521994649344208,0.985703486716765,0.008,0.014,1
"ENSG00000285413",0.521994649344208,1.27127973937694,0.008,0.014,1
"LINC00504",0.521994649344208,0.638413983248199,0.008,0.014,1
"NUPR2",0.521994649344208,0.673556149201919,0.008,0.014,1
"RAB26",0.521994649344208,0.183674353461309,0.008,0.014,1
"SLC26A8",0.521994649344208,-0.104809088686748,0.008,0.014,1
"NRAP",0.521994649344208,0.182685192560208,0.008,0.014,1
"NPIPB15",0.522116547160353,0.520064948057859,0.169,0.158,1
"SNRPB",0.522365587939204,0.180098921330568,0.464,0.488,1
"PILRA",0.522498276274254,-0.122337055055935,0.04,0.053,1
"ENSG00000277245",0.522498276274254,-0.180575711106775,0.04,0.053,1
"ZNF155",0.522567570677567,0.379398598222108,0.185,0.172,1
"ENO1",0.523017254791186,0.127076500324169,0.875,0.867,1
"ELOVL7",0.523247589141506,0.992955521886149,0.06,0.049,1
"GLRX5",0.52364981043294,-0.143953903488184,0.302,0.347,1
"HYAL2",0.523846169938094,0.524207724641835,0.036,0.049,1
"ACAP3",0.524002338302258,0.197024128528587,0.008,0.014,1
"C4orf45",0.524002338302258,0.277173375437523,0.008,0.014,1
"CR1",0.524002338302258,0.433359668447176,0.008,0.014,1
"DBET",0.524002338302258,0.257207821912355,0.008,0.014,1
"ENSG00000253693",0.524002338302258,-0.10623493835771,0.008,0.014,1
"ENSG00000256538",0.524002338302258,0.40648431115914,0.008,0.014,1
"ENSG00000267481",0.524002338302258,0.118701324712057,0.008,0.014,1
"ENSG00000274460",0.524002338302258,0.201763478468502,0.008,0.014,1
"ENSG00000289334",0.524002338302258,0.392570374004719,0.008,0.014,1
"ENSG00000291041",0.524002338302258,0.431169548481285,0.008,0.014,1
"FAM217A",0.524002338302258,0.254132476966758,0.008,0.014,1
"LINC01924",0.524002338302258,0.379945629889838,0.008,0.014,1
"LINC02964",0.524002338302258,0.150150431693572,0.008,0.014,1
"MAP7-AS1",0.524002338302258,0.191458674547906,0.008,0.014,1
"MIR548A1HG",0.524002338302258,0.281406336375522,0.008,0.014,1
"ENSG00000258919",0.524002338302258,0.330669380983753,0.008,0.014,1
"ENSG00000272442",0.524002338302258,0.159803427669602,0.008,0.014,1
"SLC24A5",0.524002338302258,-0.265327579668479,0.008,0.014,1
"ACYP2",0.524559023869558,-0.207603822597792,0.351,0.386,1
"ACAD8",0.524832687642582,0.315455412052672,0.242,0.228,1
"MTTP",0.525335036855124,-0.18092561284842,0.028,0.039,1
"ZNF597",0.525505499727786,-0.302594752309539,0.04,0.053,1
"SGSM1",0.525565076281281,-0.176808950898809,0.415,0.442,1
"CILK1",0.525660426685183,0.141137750059377,0.274,0.323,1
"LINC01301",0.525836837881363,0.431945560635992,0.165,0.151,1
"SESTD1",0.525875422570226,0.262817579844866,0.359,0.365,1
"ENSG00000226571",0.525883245975779,-0.13983799739535,0.056,0.07,1
"SMIM13",0.52609357540464,-0.17540619378186,0.145,0.165,1
"PUDP",0.526210657549871,0.284152062027687,0.645,0.653,1
"RNF20",0.526231980989571,0.406698028660271,0.427,0.435,1
"ZBTB34",0.526253534686192,-0.253001827525557,0.085,0.102,1
"TMEM131L",0.526509871319242,0.895774937333027,0.04,0.053,1
"B4GALT7",0.526609933022966,0.507383279694989,0.065,0.053,1
"IAH1",0.526710838482447,-0.231208633835247,0.395,0.435,1
"PARP9",0.526941372628765,0.127411680176755,0.75,0.754,1
"ZNF37A",0.527132929622035,0.454946987691953,0.258,0.246,1
"SHPRH",0.527281467497837,-0.137282613665991,0.214,0.242,1
"GNB2",0.527382295648961,0.17396837806282,0.625,0.646,1
"ZNF793-AS1",0.527549425400784,0.556871754249078,0.069,0.056,1
"PGLS-DT",0.527687810013302,0.330436023556157,0.028,0.039,1
"ZNF780B",0.527892798090598,0.295247051983073,0.218,0.2,1
"AKT1",0.527995232030014,0.313636987550059,0.351,0.358,1
"TAOK2",0.528037148369362,0.27471043813013,0.262,0.253,1
"PPIE",0.528213179820368,0.259277513409267,0.403,0.407,1
"MOB3A",0.528759475801318,-0.173389137467233,0.133,0.154,1
"PIGV",0.528878949825994,-0.109790313105818,0.226,0.26,1
"CDYL",0.529068627062351,0.637301189132971,0.23,0.27,1
"ITGB3",0.529077945186806,-0.174865214557429,0.165,0.186,1
"DAGLA",0.529158026273737,0.18863792485699,0.052,0.067,1
"CENPM",0.52922066507955,0.10340808035794,0.387,0.375,1
"RGS10",0.529221673496079,0.381497081487949,0.294,0.288,1
"PRKCH-AS1",0.529253930368152,-0.502062861704435,0.044,0.056,1
"BCL7A",0.529575618045076,0.193390681495561,0.512,0.516,1
"DNAJC4",0.529594175786241,0.175875190352229,0.089,0.074,1
"LZTFL1",0.529687920838869,0.10557499613454,0.843,0.846,1
"NOL3",0.529898066606258,0.35743238790055,0.101,0.088,1
"DHPS",0.529905556171402,-0.13102451196582,0.145,0.168,1
"ZC3HAV1",0.530065517895369,0.116788758450108,0.73,0.761,1
"DPH2",0.530235263339283,-0.324608894971481,0.056,0.07,1
"TTF2",0.530291343553042,0.468128120553267,0.105,0.091,1
"ING4",0.530610212054205,0.336800327225468,0.298,0.305,1
"EML5",0.530711965969832,0.80916703572403,0.056,0.046,1
"POLD3",0.530930418323194,0.175561370626757,0.536,0.537,1
"CTHRC1",0.531227015189538,-0.164051978942118,0.028,0.039,1
"RAB11FIP2",0.531285133178591,0.506901050732109,0.226,0.211,1
"CNPY2",0.53128554469816,0.307056351157093,0.206,0.189,1
"CEP76",0.53135946236021,0.503528822413613,0.101,0.088,1
"MPV17L2",0.531685121038029,0.844908056242057,0.056,0.046,1
"NQO2",0.531752148340832,-0.10658502602692,0.129,0.151,1
"RPL22L1",0.532202794718207,0.801132864252565,0.194,0.186,1
"COMMD5",0.532340195474924,0.375245767860709,0.262,0.26,1
"SPATS2",0.532592723884413,0.193669213899831,0.278,0.27,1
"MAN1B1",0.532707466199796,0.304255776465654,0.202,0.186,1
"SEC24A",0.532831149695427,0.221619480618381,0.153,0.179,1
"CRACR2B",0.532876505458382,-0.150451128810304,0.069,0.084,1
"ENSG00000264790",0.532983088853701,0.610540589021899,0.065,0.053,1
"ZNF71",0.532983088853701,0.608474739539146,0.065,0.053,1
"LINC02987",0.533115181276129,-0.133533296645169,0.145,0.165,1
"PAX8-AS1",0.533743312115029,0.357393893217453,0.069,0.056,1
"VPS28",0.533953590619815,0.111976965461075,0.427,0.432,1
"PIP5K1C",0.534597001803292,0.362513369329313,0.21,0.193,1
"GJA4",0.534717522181423,-1.03153802914594,0.032,0.042,1
"GNG5P2",0.534778219251975,1.43043368068295,0.028,0.039,1
"RAD51B",0.534875704454228,-0.430431747826943,0.351,0.375,1
"TMEM254",0.535157165301577,0.165204275398437,0.802,0.8,1
"TRMT1",0.535284230110923,-0.17056293498007,0.069,0.084,1
"SFXN1",0.535287504110804,0.39837437572043,0.202,0.193,1
"NCBP1",0.535461585533706,-0.128652798780738,0.242,0.277,1
"SLC10A7",0.535503612644897,0.205213922673291,0.173,0.158,1
"RARRES1",0.535900303278013,-0.201591936059434,0.331,0.354,1
"PRKCQ-AS1",0.536075481326273,-0.352578839716143,0.044,0.056,1
"ZC3H7A",0.536220769411864,-0.126786904494807,0.319,0.354,1
"ENY2",0.536462432504076,-0.145889666840233,0.637,0.684,1
"LINC01637",0.536607223186784,0.990835494698776,0.04,0.053,1
"ATP6AP1-DT",0.536610649887817,0.294574273211264,0.27,0.309,1
"ENSG00000259639",0.536720297751622,0.199939804782921,0.21,0.193,1
"TAF4",0.53681125721147,-0.18992853789812,0.355,0.393,1
"MOB1B",0.536939153302038,0.199770586747454,0.601,0.618,1
"MAP3K14-AS1",0.536965538052408,1.27861993700264,0.048,0.039,1
"ZNF35",0.53705358965146,-0.466268506131143,0.044,0.056,1
"TOGARAM2",0.537153075240783,-0.196486921702157,0.718,0.754,1
"PLGRKT",0.537188220297752,0.560640112472672,0.266,0.27,1
"H2BC8",0.537257026480706,0.207538844252044,0.052,0.067,1
"CCNB1",0.537367219343717,0.78235971580603,0.133,0.119,1
"MYO18A",0.537729213131565,0.106990717282834,0.117,0.137,1
"C12orf73",0.537749990724681,-0.115592311070573,0.198,0.225,1
"CLDN16",0.537890474334936,0.323831560496403,0.19,0.175,1
"LMNB1",0.538032594268245,-0.316827988638445,0.044,0.056,1
"TTC3",0.538063506697938,-0.120490352511954,0.718,0.73,1
"ATG16L2",0.538377192011201,0.302640472281426,0.073,0.06,1
"CENPH",0.53847667454809,0.500351322856399,0.065,0.053,1
"CIT",0.53847667454809,1.632721755368,0.065,0.053,1
"SNX30",0.538508873696807,-0.564080529984547,0.081,0.095,1
"MAGOH-DT",0.538659698425978,0.327201959173118,0.133,0.119,1
"DCLRE1C",0.538699149234329,0.256845786003192,0.177,0.161,1
"BEX2",0.538811214046697,1.13201188556786,0.012,0.007,1
"CASTOR1",0.538811214046697,0.852625832047306,0.012,0.007,1
"ENSG00000231856",0.538811214046697,0.868406663031845,0.012,0.007,1
"ENSG00000233242",0.538811214046697,1.26357445863721,0.012,0.007,1
"ENSG00000234162",0.538811214046697,1.18779235800899,0.012,0.007,1
"ENSG00000272763",0.538811214046697,1.28385055822717,0.012,0.007,1
"ENSG00000285646",0.538811214046697,1.20616910536625,0.012,0.007,1
"ENSG00000286443",0.538811214046697,0.952532070073895,0.012,0.007,1
"ENSG00000289018",0.538811214046697,1.2557856719636,0.012,0.007,1
"ENSG00000289375",0.538811214046697,0.855692228909647,0.012,0.007,1
"ENSG00000289486",0.538811214046697,1.23861206780142,0.012,0.007,1
"ENSG00000289827",0.538811214046697,1.54449580237093,0.012,0.007,1
"ENSG00000289858",0.538811214046697,1.04941279588165,0.012,0.007,1
"ENSG00000290729",0.538811214046697,0.838327940455403,0.012,0.007,1
"GDF5",0.538811214046697,0.871112636615131,0.012,0.007,1
"H4C4",0.538811214046697,1.10317732161486,0.012,0.007,1
"LINC02885",0.538811214046697,1.4825078661386,0.012,0.007,1
"MAL",0.538811214046697,1.26259883266882,0.012,0.007,1
"MATK",0.538811214046697,0.948103764014484,0.012,0.007,1
"MIR181A2HG",0.538811214046697,0.962604232930981,0.012,0.007,1
"MYADM-AS1",0.538811214046697,1.36623372577295,0.012,0.007,1
"PCP2",0.538811214046697,0.842365428326405,0.012,0.007,1
"SHC3",0.538811214046697,1.41641065276349,0.012,0.007,1
"TMEM64",0.538811214046697,1.11350413899677,0.012,0.007,1
"ARHGEF38-IT1",0.538811214046697,0.978007636524736,0.012,0.007,1
"DSG2-AS1",0.538811214046697,0.959749759500054,0.012,0.007,1
"ENSG00000287807",0.538811214046697,1.49910369989854,0.012,0.007,1
"ZNF888-AS1",0.538811214046697,1.13409031748794,0.012,0.007,1
"TBC1D19",0.538824994093928,0.147551534693751,0.327,0.372,1
"TET3",0.539199650045351,0.18779459341996,0.226,0.207,1
"ZNF225",0.539241061890058,0.598828237777647,0.06,0.049,1
"LTBP3",0.539373046586285,0.294823495526844,0.129,0.158,1
"BTBD8",0.53968324422467,0.37070811670942,0.242,0.235,1
"MRPL50",0.539791402436615,-0.249746367966641,0.226,0.256,1
"S100PBP",0.539932763598211,-0.171424790951198,0.226,0.249,1
"FANCA",0.539973727765862,0.392953162837866,0.069,0.056,1
"RPS6KA6",0.539973727765862,0.75713380087439,0.069,0.056,1
"CLYBL",0.540287722040271,-0.254773015758529,0.133,0.154,1
"SBF1",0.5402948248076,0.376350708741755,0.137,0.123,1
"DCST1-AS1",0.54049880444251,0.293179826910615,0.161,0.147,1
"OXR1-AS1",0.54072338417924,0.453961359546859,0.028,0.039,1
"SLC35C1",0.540885431854477,0.507307579271011,0.125,0.112,1
"ADGRL3-AS1",0.54104423393216,1.08620331787085,0.012,0.007,1
"C1QTNF7-AS1",0.54104423393216,0.727243711847825,0.012,0.007,1
"DOCK8-AS1",0.54104423393216,0.654473606999899,0.012,0.007,1
"ENSG00000226782",0.54104423393216,0.94530974877245,0.012,0.007,1
"ENSG00000232234",0.54104423393216,1.88288295893328,0.012,0.007,1
"ENSG00000242880",0.54104423393216,0.74817131247933,0.012,0.007,1
"ENSG00000257545",0.54104423393216,0.891363853722826,0.012,0.007,1
"ENSG00000258450",0.54104423393216,0.979609065936069,0.012,0.007,1
"ENSG00000262660",0.54104423393216,0.9479742456031,0.012,0.007,1
"ENSG00000267765",0.54104423393216,1.16774301993487,0.012,0.007,1
"ENSG00000273058",0.54104423393216,1.00044186711496,0.012,0.007,1
"ENSG00000273345",0.54104423393216,1.07923992669085,0.012,0.007,1
"ENSG00000286634",0.54104423393216,0.747318147321276,0.012,0.007,1
"ENSG00000286669",0.54104423393216,1.05050435019618,0.012,0.007,1
"ENSG00000289881",0.54104423393216,0.83277505016024,0.012,0.007,1
"GNRH1",0.54104423393216,1.68563858893516,0.012,0.007,1
"LINC00907",0.54104423393216,1.58726693929099,0.012,0.007,1
"MGAT4C",0.54104423393216,0.886280702360024,0.012,0.007,1
"NHLRC1",0.54104423393216,0.753074404889648,0.012,0.007,1
"RAB30",0.54104423393216,1.08157487202516,0.012,0.007,1
"SLC28A2",0.54104423393216,0.72658138867117,0.012,0.007,1
"SLC45A1",0.54104423393216,0.861222202962046,0.012,0.007,1
"SPAG5-AS1",0.54104423393216,1.09744341238471,0.012,0.007,1
"UPK1B",0.54104423393216,0.901610778251746,0.012,0.007,1
"UPK3B",0.54104423393216,0.772089081512672,0.012,0.007,1
"USP35",0.54104423393216,0.934226207146455,0.012,0.007,1
"ENSG00000233068",0.54104423393216,0.885511639519462,0.012,0.007,1
"ENSG00000267868",0.54104423393216,1.05223724413418,0.012,0.007,1
"FOXA1",0.54104423393216,1.02686323947897,0.012,0.007,1
"SIX3",0.54104423393216,1.32021402317589,0.012,0.007,1
"PICALM",0.541070604884237,-0.161780402057731,0.56,0.6,1
"LRRC73",0.541087933650297,0.289471097872955,0.206,0.193,1
"DGAT1",0.541452966904633,0.852079615885248,0.044,0.035,1
"ABL1",0.541484447065902,-0.213608485109293,0.234,0.26,1
"PTPRE",0.54150073355428,-0.577310534642617,0.032,0.042,1
"RGMB-AS1",0.541573162203901,0.519901443869167,0.06,0.077,1
"SPTBN1-AS1",0.54169217676258,-0.129695325289795,0.04,0.053,1
"RFC1",0.541795014651148,-0.197100822595733,0.496,0.523,1
"NPIPB4",0.541916369389132,1.76984254886581,0.028,0.039,1
"CNTD1",0.541948454444759,0.344150776910799,0.085,0.105,1
"SPOCK2",0.541957548850166,-0.382011675341964,0.044,0.056,1
"ZNF169",0.541957548850166,-0.257845094218266,0.044,0.056,1
"PPP1R3F",0.542214743626773,0.373283162801683,0.137,0.123,1
"GRPEL2",0.542217480540601,0.506016510440335,0.125,0.112,1
"TINF2",0.542344705852627,0.290559415788241,0.403,0.396,1
"RNFT1",0.542429796910548,-0.162194361997743,0.161,0.186,1
"KRBA2",0.542517456594412,-0.148900823310871,0.056,0.07,1
"ASF1A",0.542673870648151,0.219364172509459,0.23,0.214,1
"TRMO",0.54272331178924,0.224730207277576,0.274,0.267,1
"ENSG00000285693",0.543032429162603,-0.167468300906414,0.177,0.204,1
"ENSG00000287292",0.543222339035767,0.806665497068985,0.052,0.042,1
"AFAP1L1",0.543281867820494,0.743436202757009,0.012,0.007,1
"CEACAM19",0.543281867820494,0.653799773857668,0.012,0.007,1
"CHMP3-AS1",0.543281867820494,0.878430425003576,0.012,0.007,1
"DENND6A-AS1",0.543281867820494,0.718631981722931,0.012,0.007,1
"EIF2S3B",0.543281867820494,0.744690156607538,0.012,0.007,1
"ENSG00000225218",0.543281867820494,1.13596724499998,0.012,0.007,1
"ENSG00000226484",0.543281867820494,0.480143146339866,0.012,0.007,1
"ENSG00000226526",0.543281867820494,0.833077876820465,0.012,0.007,1
"ENSG00000254538",0.543281867820494,0.818481490231387,0.012,0.007,1
"ENSG00000266877",0.543281867820494,1.11318449652689,0.012,0.007,1
"ENSG00000267980",0.543281867820494,0.683076799060228,0.012,0.007,1
"ENSG00000270076",0.543281867820494,0.671691808432005,0.012,0.007,1
"ENSG00000272375",0.543281867820494,0.820058121167134,0.012,0.007,1
"ENSG00000272936",0.543281867820494,0.946971367760899,0.012,0.007,1
"ENSG00000288839",0.543281867820494,0.773417494432479,0.012,0.007,1
"ENSG00000289244",0.543281867820494,1.223998576246,0.012,0.007,1
"GHRLOS",0.543281867820494,1.19954139779129,0.012,0.007,1
"HSPE1-MOB4",0.543281867820494,0.75508830077052,0.012,0.007,1
"KDM4A-AS1",0.543281867820494,0.88226000544417,0.012,0.007,1
"LINC01505",0.543281867820494,0.878557344415912,0.012,0.007,1
"MORF4L2-AS1",0.543281867820494,0.894004617486403,0.012,0.007,1
"MST1R",0.543281867820494,0.676473885433587,0.012,0.007,1
"PCDHB4",0.543281867820494,0.616342802868896,0.012,0.007,1
"SCARF1",0.543281867820494,0.862655201772703,0.012,0.007,1
"SEMA3F-AS1",0.543281867820494,0.629741657623729,0.012,0.007,1
"TMEM266",0.543281867820494,0.642483625879459,0.012,0.007,1
"VPS39-DT",0.543281867820494,0.878355874609957,0.012,0.007,1
"ZFPM1",0.543281867820494,0.961641065089058,0.012,0.007,1
"ENSG00000265342",0.543281867820494,1.15093736375504,0.012,0.007,1
"PCGF5",0.543396814693793,0.166224859666654,0.379,0.375,1
"CNGA3",0.543433080902495,0.585864873567528,0.056,0.046,1
"ENSG00000255872",0.544080711180188,0.106948149666947,0.125,0.147,1
"NFKBIL1",0.544243641512415,0.664891739938971,0.052,0.042,1
"DYNC1H1",0.544357688577146,0.206664476591494,0.718,0.74,1
"STX18-AS1",0.544405822856452,0.224258608520497,0.125,0.109,1
"HGS",0.544521733194303,0.145412577101197,0.315,0.302,1
"ERLEC1",0.545063386205478,0.142579242987512,0.718,0.754,1
"A1BG",0.545524099674806,0.535716073156829,0.012,0.007,1
"C16orf95-DT",0.545524099674806,0.436398841352117,0.012,0.007,1
"C2CD6",0.545524099674806,0.140137403381281,0.012,0.007,1
"ENO3",0.545524099674806,0.536396258409148,0.012,0.007,1
"ENSG00000226332",0.545524099674806,0.305048819288172,0.012,0.007,1
"ENSG00000234160",0.545524099674806,0.566583269777219,0.012,0.007,1
"ENSG00000234261",0.545524099674806,0.437503718052048,0.012,0.007,1
"ENSG00000251675",0.545524099674806,0.646766016765072,0.012,0.007,1
"ENSG00000260084",0.545524099674806,0.588591728099562,0.012,0.007,1
"ENSG00000272540",0.545524099674806,0.695187766501133,0.012,0.007,1
"ENSG00000283667",0.545524099674806,0.519693828741573,0.012,0.007,1
"ENSG00000285596",0.545524099674806,1.00302164286804,0.012,0.007,1
"ENSG00000286786",0.545524099674806,0.606339188139442,0.012,0.007,1
"ENSG00000287724",0.545524099674806,0.767791081070044,0.012,0.007,1
"ENSG00000289309",0.545524099674806,0.143320597343016,0.012,0.007,1
"JMJD1C-AS1",0.545524099674806,0.614575862345244,0.012,0.007,1
"LINC01309",0.545524099674806,1.17228794327639,0.012,0.007,1
"LINC02955",0.545524099674806,0.719420402131099,0.012,0.007,1
"RBM38-AS1",0.545524099674806,0.714775130130364,0.012,0.007,1
"TMCO1-AS1",0.545524099674806,0.742912342836526,0.012,0.007,1
"ZSCAN23",0.545524099674806,0.515456995788225,0.012,0.007,1
"TCERG1L-AS1",0.545524099674806,0.739042661511704,0.012,0.007,1
"UBL7",0.545534841256001,0.732414674646445,0.097,0.119,1
"ISG20L2",0.545612699022996,0.180340251493201,0.375,0.361,1
"ZNF2",0.545893105458661,0.81015494319463,0.044,0.035,1
"GNA11",0.545975165137339,0.225970892050112,0.589,0.632,1
"ENSG00000291081",0.546052522263776,0.268913533624638,0.056,0.07,1
"HFE",0.546512703170214,1.66984327482482,0.048,0.039,1
"ENSG00000287117",0.546691859878469,0.250145162522593,0.319,0.309,1
"ENSG00000271730",0.546777798212606,0.949921740704558,0.093,0.081,1
"C6",0.546811905941343,0.116002885885553,0.923,0.958,1
"PIGZ",0.546851246000234,0.407814936437869,0.06,0.049,1
"MRPL30",0.546935109553282,0.580914709131074,0.19,0.221,1
"FAM171A1",0.547006860960505,0.23398020981728,0.185,0.168,1
"RBM15-AS1",0.547264780415331,0.115818911167355,0.101,0.084,1
"GLYATL1",0.547377583113159,0.572084358199702,0.056,0.046,1
"CLDN1",0.547531762710909,0.733678726767757,0.278,0.281,1
"CPNE8",0.547770913320273,0.758850516679849,0.012,0.007,1
"ENSG00000259616",0.547770913320273,0.624766484048721,0.012,0.007,1
"ENSG00000260751",0.547770913320273,0.508633070489692,0.012,0.007,1
"ENSG00000288684",0.547770913320273,0.497855933136205,0.012,0.007,1
"LINC01134",0.547770913320273,0.609907466913923,0.012,0.007,1
"OVGP1",0.547770913320273,0.468441747890622,0.012,0.007,1
"PPP1R9A-AS1",0.547770913320273,0.374957482998513,0.012,0.007,1
"PPP2CA-DT",0.547770913320273,0.534835949712295,0.012,0.007,1
"SYNM",0.547770913320273,0.387297433440902,0.012,0.007,1
"TMPRSS15",0.547770913320273,0.475043404817415,0.012,0.007,1
"TRIM36-IT1",0.547770913320273,0.311212444768353,0.012,0.007,1
"XCL1",0.547770913320273,0.453606955024957,0.012,0.007,1
"ENSG00000249901",0.547770913320273,0.512910586714582,0.012,0.007,1
"ENSG00000286596",0.547770913320273,0.517300784637934,0.012,0.007,1
"KAAG1",0.547770913320273,0.328816399906612,0.012,0.007,1
"LGR4-AS1",0.547770913320273,0.634636437102925,0.012,0.007,1
"LNCBRM",0.547770913320273,0.314804945793395,0.012,0.007,1
"FBXO44",0.547806244596446,0.351236629780672,0.06,0.049,1
"MALSU1",0.547984967926707,0.112240249713309,0.589,0.561,1
"ZNF302",0.548251879473133,0.130906763752898,0.25,0.291,1
"SLC25A22",0.5484456651763,-0.115077809567735,0.165,0.189,1
"CMC2",0.5484456651763,0.229448118058722,0.185,0.172,1
"PDCL",0.548475971905455,0.129340735511204,0.415,0.404,1
"NUDT2",0.548622431916983,0.14605496429121,0.258,0.246,1
"NDUFA6-DT",0.548978013236543,-0.63866013369226,0.02,0.028,1
"ATP6V1E1",0.548989273195638,0.160195210512812,0.77,0.825,1
"MBD6",0.549242931233447,0.180344632840203,0.319,0.319,1
"ZNHIT2",0.549286815719786,0.376066467951741,0.23,0.228,1
"TVP23C-CDRT4",0.54946840315413,-0.468970913145627,0.032,0.042,1
"EVPL",0.549598969429038,-0.110231137686214,0.056,0.07,1
"NTAQ1",0.549655433395988,0.475521528283582,0.121,0.109,1
"STARD10",0.549713674580285,0.902131023643239,0.048,0.039,1
"GATM",0.549850068880891,-0.314267167867911,0.044,0.056,1
"ADAMTS14",0.550022292444414,0.373667605540419,0.012,0.007,1
"CD8A",0.550022292444414,0.263165346626483,0.012,0.007,1
"ENSG00000255202",0.550022292444414,0.297942068972759,0.012,0.007,1
"ENSG00000273308",0.550022292444414,0.384489908843208,0.012,0.007,1
"GAL3ST4",0.550022292444414,0.394594257324392,0.012,0.007,1
"UQCRB-AS1",0.550022292444414,0.166011047174848,0.012,0.007,1
"GCN1",0.550096699045772,0.141536677845294,0.431,0.428,1
"ANGPTL5",0.550118616974542,-0.342622168840245,0.073,0.088,1
"PEX16",0.550229426139185,0.596244731839839,0.206,0.193,1
"ENSG00000268584",0.550351224125898,0.927062364325717,0.044,0.035,1
"TXNRD2",0.550476058617344,0.3130792726722,0.065,0.053,1
"MTMR14",0.550492489271799,0.309176418183723,0.198,0.182,1
"TTC29",0.550609848468361,-0.117711285865908,0.827,0.86,1
"HSD17B11",0.551076824025027,0.340214191749758,0.234,0.225,1
"SREK1IP1",0.551649620722002,0.211355493014201,0.528,0.547,1
"LYSMD3",0.55197279890493,-0.12825371758848,0.206,0.235,1
"ZNF599",0.552019018435909,0.103393361115832,0.484,0.488,1
"CNBD1",0.552278220597364,0.16288237220131,0.012,0.007,1
"LINC02732",0.552278220597364,0.155910450306673,0.012,0.007,1
"PDE4B",0.552278220597364,-0.312471877467288,0.012,0.007,1
"ENSG00000083622",0.552278220597364,0.236548687397105,0.012,0.007,1
"WDR48",0.552306582931825,0.199764764886287,0.444,0.446,1
"ZGRF1",0.552340597026235,0.18613443636538,0.073,0.06,1
"VPS35L",0.552469664149478,0.369094203669363,0.347,0.351,1
"ZNF589",0.552511793185614,-0.140631545842413,0.073,0.088,1
"GCLC",0.552673631565462,0.119906576198039,0.319,0.302,1
"ZNF714",0.552722770251253,0.614664323356793,0.089,0.077,1
"PPP1R13L",0.552928655061514,0.345926024801901,0.19,0.175,1
"KIF13B",0.553023674390033,-0.15135932873032,0.54,0.575,1
"ENSG00000260267",0.553206783848753,-0.260637610282858,0.02,0.028,1
"ENSG00000286319",0.553206783848753,0.210507701641029,0.02,0.028,1
"ENSG00000253217",0.553206783848753,-0.475402732633117,0.02,0.028,1
"TLCD3A",0.553481630138663,0.18446011058452,0.117,0.14,1
"INPP5B",0.553639718060414,0.250690020932973,0.052,0.067,1
"BEND7",0.553964589849897,-0.10123181399296,0.423,0.463,1
"RAB11FIP5",0.554047166356019,-0.261588130371713,0.032,0.042,1
"DZIP1L",0.554452512438109,0.109840092014269,0.621,0.614,1
"FRAS1",0.554508862317907,0.44595110303323,0.052,0.042,1
"GNG7",0.554619913636469,-0.353484129503328,0.02,0.028,1
"CREB3L4",0.554629168071964,0.283312751498615,0.198,0.182,1
"HOXB4",0.554637025518468,0.597280903718896,0.145,0.137,1
"PTRHD1",0.554638879040572,0.300009148201585,0.319,0.316,1
"ACOT13",0.554695732437007,0.268328641137294,0.339,0.382,1
"MAP7D3",0.554773426317388,0.174173388643156,0.093,0.112,1
"ATXN1L",0.554972010671455,0.137513981814845,0.383,0.375,1
"NSUN5P1",0.55501626831174,0.126898041659153,0.085,0.102,1
"ZNF559",0.555024598842517,0.82711503422237,0.04,0.053,1
"ENSG00000272814",0.55519476846718,-0.580767271904844,0.032,0.042,1
"EMC1-AS1",0.555254683340525,0.272939391335139,0.069,0.056,1
"NRSN2",0.555366263344247,0.246596188489342,0.242,0.232,1
"RCC1L",0.555686695088443,0.230330606909878,0.19,0.179,1
"XYLT2",0.555896465025512,0.981786404237997,0.04,0.032,1
"RFXANK",0.555978996711079,0.316312381305585,0.347,0.358,1
"ENSG00000272418",0.556034806420224,-0.330278599527195,0.02,0.028,1
"MATN1-AS1",0.556034806420224,-0.768556803427916,0.02,0.028,1
"KIAA1671-AS1",0.556034806420224,-0.112656363828186,0.02,0.028,1
"DHX36",0.55605951792128,0.236470703387459,0.532,0.572,1
"ENSG00000235236",0.556343530734407,-0.287422409601318,0.032,0.042,1
"PPP2R3B",0.556438149037463,0.26770583710158,0.06,0.049,1
"ENSG00000289047",0.556446175661236,0.596599854929444,0.113,0.102,1
"PIGH",0.556489049293036,-0.207783822670558,0.323,0.354,1
"YTHDF3-DT",0.556573213507868,0.481480517748178,0.052,0.042,1
"ZNF839",0.556597799076498,-0.200303836529494,0.149,0.168,1
"CNKSR1",0.55672089902802,0.30214304146678,0.351,0.368,1
"FLJ13224",0.557071835086078,0.662735098210875,0.044,0.035,1
"IDO1",0.557074691903125,1.61554034218479,0.04,0.032,1
"METTL1",0.557074691903125,0.745410845016184,0.04,0.032,1
"TBRG1",0.557219209110006,-0.111108252351888,0.375,0.421,1
"WDR5B-DT",0.557597905534365,0.139899014739458,0.19,0.221,1
"TPRN",0.558195811383531,0.56674840984661,0.044,0.035,1
"TEKT4",0.55822789158978,0.121883662046321,0.492,0.495,1
"DCTPP1",0.558259515242653,0.412291836696661,0.222,0.214,1
"UBE2S",0.558375316144012,0.188680581763893,0.298,0.284,1
"GTF2A2",0.5586792608441,0.183192317260466,0.641,0.642,1
"RGS6",0.558758617227912,0.534054260498834,0.101,0.088,1
"ATAD2B",0.558790644648493,-0.346033451601025,0.202,0.225,1
"KCNK6",0.558847616708271,-0.411543960306553,0.048,0.06,1
"ABCB1",0.558869864520253,-0.326684455505228,0.02,0.028,1
"KIF22",0.55901843594896,-0.139154855916311,0.089,0.105,1
"MRRF",0.559199418646869,0.123649810435058,0.456,0.484,1
"C1orf210",0.559273396142713,0.451371629679218,0.165,0.154,1
"ENSG00000267436",0.559434788614736,0.666934440947823,0.04,0.032,1
"MBD5",0.559454890161182,-0.251741256554636,0.306,0.326,1
"CCL28",0.559473804638045,0.195845456586617,0.238,0.225,1
"GGACT",0.55967674774377,0.410332368869475,0.052,0.042,1
"LINC01515",0.559897144028816,0.210483712655225,0.242,0.225,1
"ATL2",0.560035266101324,0.211784171696273,0.298,0.34,1
"CFTR",0.560290021556805,-0.327384423399049,0.02,0.028,1
"ENSG00000268230",0.560290021556805,-0.243377583075581,0.02,0.028,1
"ENSG00000272092",0.5605505677999,0.153069707260634,0.153,0.179,1
"MSL2",0.560608165785443,0.443312671975992,0.129,0.154,1
"CASKIN1",0.560634660150305,1.15489985913045,0.016,0.011,1
"ENSG00000225315",0.560634660150305,0.949616848002306,0.016,0.011,1
"ENSG00000285253",0.560634660150305,1.3604773635716,0.016,0.011,1
"LINC00624",0.560634660150305,1.38768069815504,0.016,0.011,1
"LINC02447",0.560634660150305,1.14171368835555,0.016,0.011,1
"STK32B",0.560634660150305,0.997337528966433,0.016,0.011,1
"ZNF460",0.560634660150305,1.07184900925808,0.016,0.011,1
"ALX1",0.560634660150305,0.932607238209649,0.016,0.011,1
"SLC6A16",0.560700987391622,0.162087750410361,0.258,0.242,1
"NR2F2",0.560707003423561,0.100844602173184,0.798,0.796,1
"RAB22A",0.560824239969745,0.175021863939622,0.391,0.396,1
"GPR173",0.560834877829419,1.3761754617105,0.032,0.025,1
"LINC02608",0.560950137230675,-0.209483183916819,0.032,0.042,1
"TRIQK",0.560977720053938,-0.155135112498218,0.278,0.302,1
"TMEM42",0.561271326033008,-0.314246443883962,0.29,0.319,1
"ENSG00000261783",0.561574341066681,0.601842533247101,0.044,0.035,1
"ENSG00000267383",0.561653853554641,-0.164208725203738,0.169,0.193,1
"ENSG00000287029",0.561711925030011,-0.164055732529996,0.02,0.028,1
"TSNAX-DISC1",0.561711925030011,-0.137594270395041,0.02,0.028,1
"CNTNAP3B",0.561761295416183,0.344144061343979,0.101,0.088,1
"SEPSECS",0.561872489952105,-0.104853560184039,0.206,0.235,1
"EDRF1-DT",0.562104667099501,-0.206484149530088,0.032,0.042,1
"FNIP2",0.562197707062188,-0.158155612325039,0.23,0.256,1
"ATXN7L3-AS1",0.562562436354412,1.32675736657803,0.016,0.011,1
"EMSLR",0.562562436354412,1.09181433160114,0.016,0.011,1
"ENSG00000255670",0.562562436354412,1.07839416895904,0.016,0.011,1
"ENSG00000285852",0.562562436354412,0.999433352209657,0.016,0.011,1
"INCA1",0.562562436354412,1.33498208446717,0.016,0.011,1
"NUDT8",0.562562436354412,1.20739258189456,0.016,0.011,1
"RAB44",0.562562436354412,0.951082648509075,0.016,0.011,1
"TTC4",0.562562436354412,0.966078200898348,0.016,0.011,1
"ANKZF1",0.562606166230143,0.215333991909734,0.581,0.618,1
"OAZ3",0.562609149490538,0.548074903939551,0.048,0.039,1
"NR2C2",0.562625923875881,0.243873045317953,0.258,0.295,1
"CYP2U1",0.562660008076954,0.561340094307658,0.121,0.109,1
"DPH6-DT",0.562713273678765,-0.332903178827946,0.048,0.06,1
"PHAX",0.562729998762884,-0.155711640641515,0.516,0.565,1
"GATA6",0.562788652242425,0.520065547077167,0.052,0.042,1
"MOCS1",0.563135570748219,-0.167703761004302,0.02,0.028,1
"TLE1-DT",0.563135570748219,-0.133159650096562,0.02,0.028,1
"TAF1A-AS1",0.563265553995405,0.141341875160032,0.085,0.102,1
"RGS3",0.563451695728434,0.219938611401367,0.359,0.354,1
"ARL13B",0.563610612498752,-0.155283761112505,0.581,0.593,1
"KIF19",0.563624428769133,0.168253568631475,0.363,0.354,1
"ENSG00000291079",0.563782479672652,-0.10520643330606,0.403,0.432,1
"LGALSL",0.563796829991944,-0.232544920284051,0.044,0.056,1
"TXNDC16",0.563797203441743,-0.119416845150316,0.161,0.189,1
"ENSG00000284734",0.563832174022496,0.564699140998227,0.044,0.035,1
"PRRT1",0.563832174022496,0.619373800314087,0.044,0.035,1
"TAX1BP3",0.563962561551725,0.21866993958028,0.262,0.26,1
"LDHD",0.5644171650482,-0.362313460723905,0.032,0.042,1
"ARHGAP42-AS1",0.564493407092037,1.14938655848496,0.016,0.011,1
"ARHGEF39",0.564493407092037,0.896162371399182,0.016,0.011,1
"ENSG00000259316",0.564493407092037,1.17709063665833,0.016,0.011,1
"ENSG00000261351",0.564493407092037,0.907177286012332,0.016,0.011,1
"ENSG00000263655",0.564493407092037,0.919771474584722,0.016,0.011,1
"MRPL23",0.564493407092037,0.92811524551625,0.016,0.011,1
"NRG3",0.564493407092037,0.808577070093984,0.016,0.011,1
"PARD3-DT",0.564493407092037,0.728891980573429,0.016,0.011,1
"WNT5B",0.564493407092037,0.860233547698979,0.016,0.011,1
"ETDA",0.564493407092037,0.73194564970408,0.016,0.011,1
"CNTN1",0.564560954499115,-0.396051085277581,0.02,0.028,1
"GPATCH3",0.564560954499115,-0.215798425151188,0.02,0.028,1
"LINC00639",0.564560954499115,-0.406568634553042,0.02,0.028,1
"CRYGS",0.564819807315318,0.823702488856855,0.032,0.025,1
"EFL1",0.564912939000272,0.206490955318411,0.133,0.158,1
"MKLN1-AS",0.564962728160059,0.663201424484829,0.044,0.035,1
"PIK3CD",0.56497941391639,0.106766354702891,0.149,0.13,1
"ENSG00000287127",0.565061918263986,-0.365052576700787,0.077,0.091,1
"GCHFR",0.565154165476069,0.295200144821745,0.222,0.207,1
"GLYCTK",0.565356168974163,0.725094439874696,0.04,0.032,1
"ENSG00000231662",0.565398456883466,-0.324689228539916,0.06,0.074,1
"ENSG00000289606",0.565398456883466,-0.279481981040678,0.06,0.074,1
"FAM114A1",0.565633994649442,0.363099504961875,0.222,0.214,1
"RNF217",0.566090097304242,0.215479170067756,0.19,0.179,1
"ENSG00000289138",0.566151137033058,0.947850446334153,0.032,0.025,1
"BTG3-AS1",0.566427561842231,0.796617897887777,0.016,0.011,1
"CAND2",0.566427561842231,0.799672081464245,0.016,0.011,1
"CDCA2",0.566427561842231,0.839456236309654,0.016,0.011,1
"DOCK8-AS2",0.566427561842231,0.932971095874884,0.016,0.011,1
"ENSG00000263986",0.566427561842231,0.976086373523424,0.016,0.011,1
"ENSG00000272871",0.566427561842231,0.867109115874317,0.016,0.011,1
"FLJ46284",0.566427561842231,0.927052294325042,0.016,0.011,1
"GRK5",0.566427561842231,1.12818605340913,0.016,0.011,1
"LSM11",0.566427561842231,1.18859012796414,0.016,0.011,1
"RHOXF1P1",0.566427561842231,0.799339570736469,0.016,0.011,1
"ZNF205",0.566427561842231,0.95054871443743,0.016,0.011,1
"PLD6",0.566707433020869,0.305381616119834,0.302,0.295,1
"LIN7B",0.566734161308067,-0.465425115093393,0.032,0.042,1
"ENSG00000250195",0.566734232208021,0.271112545550761,0.032,0.042,1
"HERPUD2-AS1",0.56715152846612,0.319003442466121,0.117,0.14,1
"SLC16A14",0.5674169191466,-0.102941800040132,0.02,0.028,1
"BCL7C",0.567522253234858,0.43405207802072,0.21,0.2,1
"SLC35B2",0.56752268907156,0.213712446773724,0.5,0.491,1
"MCPH1-DT",0.567771247552526,0.452960125160717,0.093,0.081,1
"TRPV1",0.567823758857932,-0.152033603298809,0.093,0.109,1
"FUT10",0.567901966526218,0.184695491914167,0.085,0.07,1
"SYNPR",0.567997644724135,1.11806917135801,0.02,0.014,1
"DAB1",0.568179831534123,0.146290696058703,0.181,0.165,1
"TMEM97",0.568279025534837,0.587009278700786,0.222,0.214,1
"C6orf58",0.568364890014586,0.414722683336158,0.016,0.011,1
"ENSG00000250899",0.568364890014586,0.707518782646218,0.016,0.011,1
"ENSG00000267426",0.568364890014586,0.592541377294066,0.016,0.011,1
"FAM72B",0.568364890014586,0.341055361422709,0.016,0.011,1
"KIR2DL1",0.568364890014586,1.02918440532211,0.016,0.011,1
"LINC01229",0.568364890014586,0.521963695866827,0.016,0.011,1
"MYH15",0.568364890014586,0.649355595559969,0.016,0.011,1
"PPP4R2",0.568448223803359,0.114867824042951,0.573,0.565,1
"E2F4",0.568573104718809,0.171049797161519,0.29,0.333,1
"AKR1B1",0.568802827537436,0.145208928423444,0.109,0.13,1
"LENG8-AS1",0.568847491515536,0.378008341046852,0.02,0.028,1
"ENSG00000276728",0.568847491515536,0.864470204865613,0.028,0.021,1
"SLC30A4",0.568847491515536,1.14944756218991,0.028,0.021,1
"ENSG00000285859",0.568910381803466,-0.148629768914894,0.06,0.074,1
"EPS15L1",0.569056469637394,0.188293321249393,0.367,0.358,1
"PRRT1B",0.569148986468145,0.262005868515463,0.198,0.228,1
"PTBP1",0.569170802710237,0.124154123063605,0.831,0.825,1
"UPRT",0.5693019352908,-0.21195901792312,0.085,0.102,1
"RP9",0.569479304806348,-0.122939033915075,0.165,0.189,1
"EIF5-DT",0.569495813040414,0.642509745595708,0.044,0.035,1
"JRKL",0.569628838782295,0.145206320646736,0.242,0.288,1
"IKZF3",0.569711535676491,1.95312354053545,0.02,0.014,1
"ENSG00000269082",0.569773543782004,0.11520222659513,0.117,0.14,1
"ENSG00000291067",0.570279784861922,0.384355225810669,0.02,0.028,1
"BFSP1",0.570279784861922,1.06524977977558,0.028,0.021,1
"ENSG00000249635",0.57030538094938,0.702747462992729,0.016,0.011,1
"ENSG00000261770",0.57030538094938,0.186847555321909,0.016,0.011,1
"ENSG00000289562",0.57030538094938,0.566142517739573,0.016,0.011,1
"LRRC52-AS1",0.57030538094938,0.573644114906128,0.016,0.011,1
"PLA2G4E-AS1",0.57030538094938,0.827482240376807,0.016,0.011,1
"MUC2",0.57030538094938,0.596789464959827,0.016,0.011,1
"VPS25",0.570459015613947,0.112410068743817,0.637,0.677,1
"CARS2",0.570478897619943,-0.217672836990862,0.194,0.211,1
"RASGRF1",0.570507321887068,-0.110908898655236,0.137,0.154,1
"UQCRHL",0.570609914272548,-0.169933824110285,0.077,0.091,1
"ENSG00000291136",0.570882523803259,0.388450812525906,0.327,0.319,1
"BACH2",0.570920927993962,2.81109229623847,0.024,0.018,1
"PRR22",0.570920927993962,1.01174413736975,0.024,0.018,1
"WDR24",0.570920927993962,1.23777535503783,0.024,0.018,1
"MAPK3",0.570932840007791,0.166977310257061,0.427,0.435,1
"NR1H2",0.571077796178685,0.291379888203249,0.565,0.579,1
"SLC9B2",0.57121787925415,0.423667213422275,0.117,0.105,1
"HHATL",0.571427890041791,1.2653570266242,0.02,0.014,1
"TAT",0.571427890041791,0.867146474984401,0.02,0.014,1
"NEDD4",0.571491463143098,0.669988444860629,0.032,0.025,1
"LPXN",0.571527005522263,0.184278967533913,0.153,0.137,1
"NDUFB7",0.571571668419247,0.341181561783035,0.274,0.263,1
"ENSG00000262020",0.571713794870609,0.265773552015108,0.02,0.028,1
"FZD4-DT",0.571713794870609,0.293248732838974,0.02,0.028,1
"GLUD1P3",0.571842201817577,0.224045768065281,0.044,0.056,1
"OSBPL8",0.571874488436922,-0.130310574051217,0.315,0.351,1
"ENSG00000272909",0.572105762169563,0.631903290279917,0.036,0.028,1
"BOLA3-DT",0.572249023917728,0.517972501454401,0.016,0.011,1
"ENSG00000269399",0.572249023917728,0.272059033304423,0.016,0.011,1
"ENSG00000289349",0.572249023917728,0.658148826913866,0.016,0.011,1
"NFATC2IP-AS1",0.572249023917728,0.541185955792436,0.016,0.011,1
"NR1H4",0.572249023917728,0.394747555171167,0.016,0.011,1
"PNPLA7",0.572249023917728,0.354296794826006,0.016,0.011,1
"RNF152",0.572249023917728,0.409683155754112,0.016,0.011,1
"TMEM18-DT",0.572249023917728,0.432425286964258,0.016,0.011,1
"OSBPL10",0.572262458629631,0.594418009274118,0.081,0.07,1
"AP3M2",0.572413128474582,0.282932924290138,0.419,0.439,1
"C1orf109",0.572421790542624,0.128465148918312,0.218,0.2,1
"UBXN8",0.572457030813971,-0.143803071212607,0.185,0.204,1
"FAM120AOS",0.57252610721585,0.22911463940738,0.294,0.291,1
"THAP3",0.572830279016794,0.699062369516152,0.032,0.025,1
"ZBTB11-AS1",0.572830279016794,0.749008484827375,0.032,0.025,1
"CASC8",0.572851698232126,0.894507355349784,0.044,0.056,1
"PLA2G10",0.572921588341772,0.193244221729243,0.06,0.049,1
"HDHD5",0.572956317194507,0.150911819191383,0.185,0.221,1
"NUBP1",0.573093160193828,0.234738971683524,0.327,0.309,1
"ENSG00000289380",0.573146700388673,0.969569667476712,0.02,0.014,1
"POPDC2",0.573146700388673,1.1577762958656,0.02,0.014,1
"HLCS-AS1",0.573149517205983,0.135144947048326,0.02,0.028,1
"IGSF22",0.573149517205983,0.287271215607385,0.02,0.028,1
"ENSG00000250697",0.573149517205983,0.943272939800448,0.028,0.021,1
"ENSG00000272316",0.573358137753143,-0.271293027484869,0.065,0.077,1
"SPX",0.573409882438606,-0.3305483407712,0.048,0.06,1
"VPS50",0.573420676009077,0.191549499520593,0.242,0.228,1
"CCND1",0.573432569101072,-0.129051450779543,0.266,0.302,1
"ENSG00000255432",0.573465849399939,0.412752121497842,0.048,0.039,1
"CTNNBIP1",0.573477446766217,0.456993673804023,0.173,0.165,1
"CFAP206",0.573530355231809,0.221074032180606,0.137,0.165,1
"BDNF-AS",0.573626676122963,0.224328311181231,0.153,0.14,1
"ACADSB",0.573746355339201,0.334999657669238,0.278,0.263,1
"ENSG00000273971",0.573862039614559,0.339566779338468,0.044,0.056,1
"LYSMD1",0.573894324230462,-0.158084300830898,0.125,0.144,1
"PXMP2",0.574036740871645,1.44154338965088,0.024,0.018,1
"STN1",0.574036740871645,0.977931764467937,0.024,0.018,1
"VEGFC",0.574064803157397,0.328086592808844,0.093,0.081,1
"KIF21A",0.574127816367658,0.128305792931422,0.694,0.74,1
"ENSG00000290551",0.574170581589287,0.694068757100721,0.032,0.025,1
"KCNH7",0.574195613050006,-0.686058119973113,0.016,0.011,1
"ENSG00000257735",0.574195808121728,0.306248433297764,0.016,0.011,1
"ENSG00000267571",0.574195808121728,0.270721837907511,0.016,0.011,1
"ENSG00000287166",0.574195808121728,0.427561629111874,0.016,0.011,1
"ETV7",0.574195808121728,0.436630497007151,0.016,0.011,1
"LINC01530",0.574195808121728,0.303415955364626,0.016,0.011,1
"LRRC4C",0.574195808121728,0.320690819749781,0.016,0.011,1
"LYSMD4",0.574195808121728,0.583001101493305,0.016,0.011,1
"PDGFRL",0.574195808121728,0.328330319030771,0.016,0.011,1
"WT1-AS",0.574195808121728,-0.246440517113697,0.016,0.011,1
"NUDT16",0.574579724910458,-0.124712236382805,0.206,0.232,1
"ZNF251",0.57461377523983,0.183742458032525,0.331,0.323,1
"ZNF598",0.574622731575946,0.707975918533328,0.101,0.091,1
"ALG11",0.574836331097069,0.159627978332663,0.121,0.144,1
"CDH3",0.574867959243763,0.998166030730564,0.02,0.014,1
"ENSG00000288989",0.574867959243763,1.06879263243948,0.02,0.014,1
"ENSG00000290833",0.574867959243763,0.964788562701179,0.02,0.014,1
"LINC02936",0.574867959243763,0.874336597912427,0.02,0.014,1
"MIR3677HG",0.574867959243763,1.08043538388215,0.02,0.014,1
"ZNF501",0.574867959243763,1.00498909320573,0.02,0.014,1
"PHF11",0.575117298157046,0.181772080883216,0.698,0.73,1
"SH3RF3",0.575296336325011,0.129706205413858,0.351,0.347,1
"PRDX2",0.575506241316964,0.202333142421363,0.298,0.344,1
"ENSG00000291293",0.575512367313683,0.941280741809036,0.032,0.025,1
"SLC4A8",0.575597661673755,1.17240052177881,0.024,0.018,1
"CHAF1A",0.575849915923698,0.270027824875237,0.157,0.144,1
"HDHD5-AS1",0.576026081412179,0.276914126489015,0.02,0.028,1
"ZNF575",0.576026081412179,0.376832337234711,0.02,0.028,1
"ENSG00000273619",0.576089932007231,0.529061261112251,0.04,0.032,1
"POU2F2",0.576089932007231,0.720671682502593,0.04,0.032,1
"USP34-DT",0.576094335509094,-0.262575581665122,0.169,0.186,1
"CABLES2",0.576145722694621,0.384815769654864,0.016,0.011,1
"TMEM213",0.576145722694621,0.391201927100088,0.016,0.011,1
"ZNF404",0.576145722694621,0.326883768186851,0.016,0.011,1
"ENSG00000275632",0.576591659091759,0.909693061218887,0.02,0.014,1
"GINS1",0.576591659091759,0.785857272079014,0.02,0.014,1
"MTARC1",0.576591659091759,0.972897594108289,0.02,0.014,1
"ENSG00000272161",0.576591659091759,0.467714052975824,0.02,0.014,1
"ID2-AS1",0.576727135994284,0.34384745047735,0.125,0.112,1
"ENSG00000283538",0.576855632627664,0.753474523341437,0.032,0.025,1
"ENSG00000272812",0.577160584583297,0.836268308400625,0.024,0.018,1
"NRL",0.577160584583297,0.862640235976642,0.024,0.018,1
"NUPR1",0.577160584583297,0.792838561445956,0.024,0.018,1
"ABAT",0.577204057068532,-0.125815682360698,0.105,0.123,1
"MCC",0.577288484724662,0.340448858170407,0.04,0.032,1
"ENSG00000275740",0.577466914509727,0.354918339724576,0.02,0.028,1
"LINC01732",0.577466914509727,1.5514331031775,0.02,0.028,1
"TOR4A",0.577466914509727,0.328695280973175,0.02,0.028,1
"ENSG00000286360",0.577466914509727,0.262056310564955,0.02,0.028,1
"DEPDC4",0.577466914509727,0.66628297588142,0.028,0.021,1
"FGFBP3",0.577466914509727,0.786178956678972,0.028,0.021,1
"ENSG00000273355",0.577470224233762,0.556453129904822,0.044,0.035,1
"WDFY2",0.577716520832622,-0.184467877866812,0.298,0.33,1
"PPIH",0.577851353866797,0.199577168451431,0.21,0.193,1
"NFASC",0.578098756700939,0.218398557756873,0.016,0.011,1
"ENSG00000253573",0.578200373953517,0.828158754810875,0.032,0.025,1
"ABHD15-AS1",0.578317792375515,0.584812495378809,0.02,0.014,1
"EFCAB13-DT",0.578317792375515,0.861790993454807,0.02,0.014,1
"GTSE1-DT",0.578317792375515,0.664503117344815,0.02,0.014,1
"LRRC8C-DT",0.578317792375515,0.691902037073151,0.02,0.014,1
"ST3GAL3",0.578317792375515,0.768608316313482,0.02,0.014,1
"ENSG00000290907",0.578317792375515,0.928577964387133,0.02,0.014,1
"STX1A",0.578488210667359,1.06431169742081,0.04,0.032,1
"ZNF180",0.578593875119112,-0.177330922220694,0.101,0.116,1
"ENSG00000286511",0.578725503963949,1.25444273367589,0.024,0.018,1
"CROCC2",0.579039294582187,-0.111187833916102,0.681,0.709,1
"TSTD3",0.579314497471805,0.560779293034803,0.238,0.221,1
"KPNB1-DT",0.579397706283452,-0.406039378661177,0.065,0.077,1
"AGAP1-IT1",0.579546587698153,1.33827701007706,0.032,0.025,1
"HERC2P7",0.5796908962297,0.404272742701327,0.117,0.105,1
"KLHL26",0.579866721005405,-0.225868151203686,0.097,0.112,1
"ZNF543",0.580027151111256,0.29293212085494,0.048,0.039,1
"ENSG00000254907",0.580046351496127,0.653717410469109,0.02,0.014,1
"ENSG00000272279",0.580046351496127,0.629680330252458,0.02,0.014,1
"ENSG00000272463",0.580046351496127,0.691155851826407,0.02,0.014,1
"ENSG00000286277",0.580046351496127,0.91783242002001,0.02,0.014,1
"PGBD1",0.580046351496127,0.926937858781577,0.02,0.014,1
"RRAGAP1-AS1",0.580046351496127,0.592971800948175,0.02,0.014,1
"ZNF567-DT",0.580046351496127,0.636302164033127,0.02,0.014,1
"ENSG00000237356",0.580054899136669,0.232179071507118,0.016,0.011,1
"ENSG00000247033",0.580054899136669,0.336443609886452,0.016,0.011,1
"ENSG00000273084",0.580292414151239,0.676054970597852,0.024,0.018,1
"NACA2",0.580292414151239,0.759874066984787,0.024,0.018,1
"C18orf32",0.58035366060799,0.673248719731566,0.028,0.021,1
"STK26",0.58035366060799,1.12459809241955,0.028,0.021,1
"SIK3",0.58065836196838,-0.142952796330746,0.508,0.544,1
"LINC01004",0.580865101616853,0.776717452278339,0.149,0.133,1
"ACP2",0.580894555987851,0.343779373348528,0.129,0.116,1
"HADH",0.580907110921303,-0.106575888878067,0.419,0.453,1
"ENSG00000282885",0.581184298698359,0.404261103876884,0.077,0.095,1
"ASIC3",0.58124929383785,-0.441515783306527,0.048,0.06,1
"POM121",0.581277295116267,0.386828983204424,0.214,0.211,1
"STPG1",0.581373180462583,0.380187983096551,0.395,0.453,1
"C2CD4D",0.581777328813018,0.250607663193458,0.02,0.014,1
"DLG4",0.581777328813018,0.455673677285398,0.02,0.014,1
"ENSG00000141979",0.581777328813018,0.516046163018287,0.02,0.014,1
"GALK1",0.581777328813018,0.618122307172482,0.02,0.014,1
"PRKAR2A-AS1",0.581777328813018,0.212125255616104,0.02,0.014,1
"ARHGAP11A-DT",0.581861309452607,0.592220650159867,0.024,0.018,1
"ENSG00000284512",0.581861309452607,0.820298390688792,0.024,0.018,1
"ENSG00000285796",0.581861309452607,0.610430505857575,0.024,0.018,1
"PAPPA2",0.581861309452607,0.685432950870617,0.024,0.018,1
"ROM1",0.582014138929412,-0.300801471102202,0.016,0.011,1
"ZNF519",0.582014138929412,-0.251445695566781,0.016,0.011,1
"TNFRSF10D",0.582050512580319,0.410539880417787,0.044,0.035,1
"ENSG00000271860",0.582094402276657,0.144015188238715,0.04,0.032,1
"PSMD14",0.582179853141731,0.121410765491658,0.48,0.533,1
"YDJC",0.582186256099753,0.116217525962738,0.246,0.288,1
"ZNF624",0.582227112258644,0.540891060520114,0.036,0.028,1
"LINC02198",0.58223273504285,-0.180493746004911,0.048,0.06,1
"EPS15",0.582661442992509,-0.147760769246696,0.407,0.446,1
"TNFRSF1A",0.582692900877971,0.223937968470123,0.367,0.358,1
"TCF4",0.582845670868514,0.183035101246328,0.262,0.298,1
"NDUFV3",0.582918032602004,0.134472765824895,0.556,0.589,1
"SNX13",0.583035985793935,-0.183547687802816,0.484,0.523,1
"ZNF354A",0.583088630090123,0.300393225715381,0.206,0.193,1
"TMC6",0.583247150226187,0.262772851720955,0.02,0.028,1
"ENSG00000257878",0.583247150226187,0.862145533054658,0.028,0.021,1
"CAPN5",0.583432184147449,0.645475289077685,0.024,0.018,1
"CLIP2",0.583432184147449,0.829066809493789,0.024,0.018,1
"EFR3B",0.583432184147449,0.861221289149868,0.024,0.018,1
"ENSG00000290576",0.583498138097682,0.386770299458291,0.036,0.028,1
"ENSG00000228509",0.58351071664403,0.973564753545583,0.02,0.014,1
"ENSG00000285939",0.58351071664403,0.415560974358757,0.02,0.014,1
"LINC02646",0.58351071664403,0.433000042262635,0.02,0.014,1
"ENSG00000260328",0.58351071664403,0.480131892971162,0.02,0.014,1
"ENSG00000289862",0.58359402728382,0.553835420383783,0.032,0.025,1
"TRAPPC3",0.583817380648199,-0.217073067706197,0.343,0.379,1
"ALG6",0.583922876069683,0.119916849431234,0.274,0.263,1
"ORC6",0.583976464938546,-0.512243995049232,0.016,0.011,1
"MYH14",0.583992326891288,-0.112280692680397,0.468,0.505,1
"CHAC1",0.584347003409406,0.145412691492578,0.044,0.035,1
"ENSG00000259959",0.584598123770838,0.761796198628218,0.077,0.067,1
"RNF11",0.584628412205733,0.126309482714118,0.524,0.512,1
"MRPL2",0.584696412647804,0.561100047447507,0.028,0.021,1
"PXDC1",0.584696412647804,0.569369318265317,0.028,0.021,1
"ENSG00000234477",0.585005032487179,0.555320380444942,0.024,0.018,1
"PPME1",0.585059027425103,0.147231094601717,0.536,0.558,1
"ABCC13",0.585203633470508,0.34839782917985,0.145,0.13,1
"ZNF8-DT",0.585211161621809,0.70698543910977,0.101,0.091,1
"BMF",0.585246507265508,0.387662169441967,0.02,0.014,1
"ENSG00000259627",0.585246507265508,0.459062573819264,0.02,0.014,1
"TCAIM",0.585452269188139,0.201817968405869,0.254,0.246,1
"DOP1B",0.585713138532572,0.212609283297994,0.218,0.214,1
"SLC36A1",0.586147347460106,0.529485801258756,0.028,0.021,1
"DOCK6",0.586299615872078,0.500265523781914,0.032,0.025,1
"RAB5B",0.586475624934581,0.11628199705697,0.871,0.86,1
"CAPN1-AS1",0.586984692912395,0.543971043407525,0.02,0.014,1
"ENSG00000289868",0.586984692912395,0.324193347495489,0.02,0.014,1
"TXNL1",0.586986955351654,-0.102161086790412,0.637,0.677,1
"MAP3K7",0.587230641916431,0.230878499612083,0.343,0.347,1
"RASGRP3",0.587507161693301,1.42135106199739,0.056,0.07,1
"ENSG00000273394",0.587599950124693,0.408117098811987,0.028,0.021,1
"SLC66A3",0.587749411173768,-0.273417069345825,0.242,0.26,1
"BRICD5",0.588156626967362,0.427373105873948,0.024,0.018,1
"ICAM2",0.588156626967362,0.516428794334204,0.024,0.018,1
"SLC26A5",0.588156626967362,0.472686538144442,0.024,0.018,1
"ZNF530",0.588156626967362,0.539033721212243,0.024,0.018,1
"ELL2",0.5881725362578,0.223231019828565,0.262,0.256,1
"RBM42",0.588283389702998,0.243524683153889,0.315,0.316,1
"ASXL1",0.588339364594569,-0.127927404921948,0.577,0.6,1
"ZMYM4",0.588602086368361,0.474882187330948,0.375,0.382,1
"ENSG00000289042",0.588712213586701,-0.261507680507327,0.036,0.046,1
"CCDC163",0.588725265778319,0.382833542458226,0.02,0.014,1
"ENSG00000290816",0.588725265778319,0.408990132602812,0.02,0.014,1
"POLR2H",0.588894149417518,0.280548951887047,0.347,0.34,1
"HS2ST1",0.588906139943209,0.281689608052976,0.177,0.207,1
"SDHAF2",0.588968522065621,0.134942914244418,0.242,0.288,1
"ENSG00000250820",0.589011006600496,0.61033103034066,0.032,0.025,1
"ENSG00000288557",0.589011006600496,0.299978705717101,0.032,0.025,1
"UNC119",0.589011006600496,0.330904033293887,0.032,0.025,1
"ENSG00000254459",0.589054216083085,0.739700760893029,0.028,0.021,1
"ZNF721",0.589131541458661,0.324313630375817,0.371,0.389,1
"LINC03011",0.589339374622619,0.269441997514803,0.117,0.102,1
"ZNF876P",0.589735361471216,0.284796250781028,0.024,0.018,1
"ENSG00000267024",0.589735361471216,0.468037482300767,0.024,0.018,1
"KNCN",0.589872578329943,0.396815696590275,0.036,0.028,1
"UNC45A",0.589899533600063,0.301216797405772,0.085,0.102,1
"MRPS16",0.589986850145899,0.200261933132007,0.403,0.432,1
"ENSG00000276529",0.59036886850783,0.471363479071438,0.032,0.025,1
"ITPR1-DT",0.590468218015691,-0.260613056867261,0.02,0.014,1
"ENSG00000270175",0.590510140756762,0.391568280922307,0.028,0.021,1
"MRM1",0.590510140756762,0.427085246207534,0.028,0.021,1
"MED9",0.590668958780725,0.343759193957026,0.101,0.088,1
"LYRM7",0.590705634662303,0.348696042659007,0.363,0.372,1
"RELCH",0.590718840101385,-0.174484322975633,0.25,0.281,1
"FARS2-AS1",0.590969859352995,-0.182733881104284,0.036,0.046,1
"ZNF709",0.591165047737007,0.105863691532787,0.052,0.042,1
"FCGRT",0.591286204994468,0.301759109090964,0.069,0.084,1
"BBOX1-AS1",0.591316046346876,0.352599128868889,0.024,0.018,1
"ENSG00000235100",0.591316046346876,0.470574027907731,0.024,0.018,1
"ZFP90",0.591497275667365,-0.11536115820501,0.27,0.302,1
"HEXD",0.591529398893851,0.687145109642484,0.097,0.116,1
"ENSG00000289019",0.591728169808571,0.203160991819175,0.032,0.025,1
"RUSC1-AS1",0.591728169808571,0.315003042272293,0.032,0.025,1
"ZNF581",0.591728169808571,0.450589839958017,0.032,0.025,1
"PRSS54",0.591728169808571,0.12086730110927,0.032,0.025,1
"ZNF710-AS1",0.591811753087278,0.207662286812648,0.315,0.312,1
"ENSG00000215841",0.591967719547201,0.700662284051164,0.028,0.021,1
"P3H1",0.591967719547201,0.479997799258708,0.028,0.021,1
"ARMC9",0.592077718850653,0.129916410494326,0.452,0.498,1
"LONP2",0.592123527583811,0.187593099961186,0.605,0.614,1
"CPLANE2",0.592190918139036,0.445738027831076,0.044,0.056,1
"ENSG00000258449",0.59241773386608,-0.137553398946263,0.044,0.035,1
"EMB",0.59289867570667,-0.155865424422633,0.024,0.018,1
"ENSG00000286045",0.59289867570667,0.623461356485633,0.024,0.018,1
"ENSG00000289291",0.59321701962336,0.17540230213298,0.044,0.056,1
"USO1",0.593219065150174,-0.145199487932623,0.581,0.625,1
"LINC00265",0.593231478658891,-0.298381998446661,0.036,0.046,1
"PRORP",0.593231478658891,-0.187354639962162,0.036,0.046,1
"MB21D2",0.593257951555049,-0.858007531701574,0.012,0.018,1
"KPTN",0.593426947835914,0.395719179223755,0.028,0.021,1
"INO80D-AS2",0.593481661368515,-0.250879278885889,0.052,0.063,1
"SMC1A",0.593678940753026,-0.15176091600961,0.625,0.66,1
"RIPOR2",0.59373212197309,0.144182383548745,0.52,0.586,1
"ATXN7L3B",0.593900824032421,0.100368713205234,0.891,0.891,1
"NDUFB3",0.594309030058549,0.112772029933337,0.746,0.772,1
"PRRC1",0.594362881749141,-0.13282724485538,0.367,0.411,1
"EBF1",0.594451075593574,0.492069799046442,0.032,0.025,1
"METTL18",0.594759316556035,0.666249300393603,0.093,0.084,1
"FCN3",0.594887820984491,0.357480712461856,0.028,0.021,1
"GJB2",0.595111473963749,-0.958702729037311,0.012,0.018,1
"RAD51-AS1",0.595328509387014,0.160910333189385,0.242,0.228,1
"KRT19",0.59537146994347,0.148089124097636,0.403,0.477,1
"SPPL3",0.59558760910851,0.110213815871021,0.536,0.547,1
"SMIM15-AS1",0.595876312259084,-0.125452059674985,0.093,0.109,1
"INTS9",0.595971388763405,0.120948456881777,0.137,0.123,1
"STAR",0.596278920077439,0.134358407053068,0.036,0.028,1
"TNS2-AS1",0.596631320211959,-0.110045975225372,0.036,0.046,1
"PPP6R2",0.5967401077288,0.407558876203459,0.165,0.189,1
"UBAC2",0.596793252097836,-0.103560814825342,0.323,0.358,1
"WDR83",0.597109770425016,0.371861817579667,0.145,0.133,1
"GNPDA1",0.597151537781677,0.329734166606596,0.093,0.081,1
"NDUFC2",0.597159671222621,-0.194468353775226,0.415,0.428,1
"ENSG00000258534",0.597179693811426,0.271939648388009,0.032,0.025,1
"ENSG00000289838",0.597179693811426,0.148810412482189,0.032,0.025,1
"SFXN5",0.597334793510814,-0.342000575360047,0.052,0.063,1
"FAM204A",0.597695172275487,0.168808145682204,0.468,0.495,1
"PPIP5K1",0.597713396464758,0.317997850887563,0.081,0.07,1
"EPHA2",0.597766568725673,-0.101540830814714,0.036,0.046,1
"SEPTIN7P9",0.597766568725673,-0.269760928740778,0.036,0.046,1
"LINC00381",0.597814483208197,0.157797065967269,0.028,0.021,1
"SH2B1",0.598167964616344,0.34035958636247,0.185,0.211,1
"FASTKD2",0.59824977539639,-0.138135079824412,0.323,0.354,1
"PITHD1",0.598421810548831,0.111127170825315,0.359,0.407,1
"TOP2A",0.59882642659623,-1.13658607404573,0.012,0.018,1
"RBM17",0.599001091974082,0.174884034247777,0.645,0.667,1
"TBC1D10B",0.599209833195581,0.209789261887623,0.355,0.361,1
"ENSG00000260851",0.599248519267524,0.191205844662869,0.024,0.018,1
"MFSD3",0.599280262907236,0.450601032062903,0.028,0.021,1
"APBB3",0.599388090240899,0.317118146991709,0.198,0.182,1
"YARS1",0.599678099464239,0.184887812107204,0.177,0.204,1
"LIN9",0.600040004617546,-0.194848351924274,0.036,0.046,1
"LAMA1",0.600242806997485,0.10980562817383,0.097,0.084,1
"ENSG00000267248",0.600687837636731,-0.597659077784735,0.012,0.018,1
"ICAM3",0.600687837636731,-0.814042429682235,0.012,0.018,1
"PTPRO",0.600687837636731,-0.605597525155984,0.012,0.018,1
"GDPGP1",0.601145352914592,0.429683315211842,0.081,0.07,1
"PECR",0.601374974485641,0.193840705215289,0.468,0.484,1
"ZNF558",0.601471548101966,-0.153154953416989,0.145,0.165,1
"CHERP",0.60163805960298,0.140109996636728,0.403,0.393,1
"UROD",0.60174882930743,0.179749664815941,0.306,0.302,1
"TMA16",0.601923755829077,0.234650910305694,0.274,0.263,1
"KRT7",0.60200473027845,-0.3054367053824,0.069,0.081,1
"NPEPPSP1",0.602319465351524,0.142456604542674,0.157,0.186,1
"RABL6",0.602522721882483,-0.126761465668164,0.339,0.379,1
"ENSG00000279738",0.602551858952564,-0.794781655431924,0.012,0.018,1
"NTRK3",0.602551858952564,-0.652660457617852,0.012,0.018,1
"PLAAT5",0.602551858952564,-0.507595435509492,0.012,0.018,1
"CFAP45",0.60289540559461,-0.110062390597915,0.661,0.667,1
"ENSG00000268870",0.603062137306279,1.62491474126413,0.048,0.06,1
"ENSG00000267009",0.603562138447919,-0.245097187060312,0.06,0.049,1
"ZBTB40",0.603646337514279,0.318480299559978,0.206,0.2,1
"ALKBH2",0.603849548905483,0.522893593941988,0.077,0.067,1
"ARHGAP25",0.604008086907414,-0.681993342885811,0.036,0.028,1
"ENSG00000237301",0.60424349702159,0.598182675767068,0.149,0.14,1
"UFSP2",0.604247359924753,-0.190604103004687,0.25,0.274,1
"ENSG00000250081",0.604418480824304,-0.726977210392851,0.012,0.018,1
"ENSG00000255856",0.604418480824304,-0.364346162413253,0.012,0.018,1
"ENSG00000260296",0.604418480824304,-0.524531518441735,0.012,0.018,1
"ENSG00000260816",0.604418480824304,-0.502433875336238,0.012,0.018,1
"ENSG00000270087",0.604418480824304,-0.476174854748368,0.012,0.018,1
"ENSG00000271789",0.604418480824304,-0.404971091908493,0.012,0.018,1
"ENSG00000273226",0.604418480824304,-0.658388974714731,0.012,0.018,1
"ENSG00000278344",0.604418480824304,-0.38161849543197,0.012,0.018,1
"FLG-AS1",0.604418480824304,-0.790875671109292,0.012,0.018,1
"ZBTB10",0.604803399992827,0.181826079181693,0.419,0.425,1
"ETV6",0.605280438626781,0.220216216587125,0.524,0.537,1
"IL1RAP",0.605613716268198,0.539889685638668,0.077,0.067,1
"AMY1A",0.605740634688799,-0.922940371448488,0.036,0.046,1
"C6orf62",0.60576467053397,0.238895460450265,0.585,0.621,1
"PARP1",0.605885255718642,0.134421547160636,0.569,0.575,1
"POLL",0.605992056042736,0.856600881545979,0.097,0.088,1
"SYNPR-AS1",0.606269503306943,-0.674173157524124,0.089,0.102,1
"CALCRL-AS1",0.606287693481663,-0.320074894848159,0.012,0.018,1
"CDK18",0.606287693481663,-0.576526984973745,0.012,0.018,1
"CHRNA6",0.606287693481663,-0.338458815957384,0.012,0.018,1
"CSMD2",0.606287693481663,-0.297016340682958,0.012,0.018,1
"ENSG00000275120",0.606287693481663,-0.595031060099309,0.012,0.018,1
"ENSG00000285095",0.606287693481663,-0.199010963515705,0.012,0.018,1
"ENSG00000286797",0.606287693481663,-0.429242283219541,0.012,0.018,1
"ZNF467",0.606287693481663,-0.189613800667693,0.012,0.018,1
"ZNF727",0.606287693481663,-0.32592988652368,0.012,0.018,1
"ENSG00000228216",0.606287693481663,-0.729674778502166,0.012,0.018,1
"SLC12A9",0.606414383746213,0.319548288399401,0.073,0.088,1
"ENSG00000229195",0.606501519236069,0.160189908703312,0.177,0.168,1
"MEX3D",0.606936342868308,0.535873534439002,0.234,0.232,1
"PHPT1",0.606975100615684,0.376683755251233,0.202,0.193,1
"CAPZB",0.607060843611636,0.170569326300406,0.887,0.898,1
"HSH2D",0.607067351231091,0.293074898113005,0.048,0.06,1
"NEK11",0.607093765265694,-0.163619960087706,0.899,0.898,1
"ENSG00000257239",0.607228856629236,-0.259654825969103,0.024,0.018,1
"FYTTD1",0.607406946541909,0.198349508800672,0.323,0.323,1
"NIPSNAP3B",0.60745012781475,-0.287936096405522,0.101,0.116,1
"ZNF407-AS1",0.607553944833875,0.170281614215374,0.222,0.214,1
"CEP295",0.607564262007671,0.204605822179461,0.145,0.133,1
"MRPL48",0.607567095844953,0.200702848935464,0.274,0.305,1
"ZBED4",0.607643576022017,0.407277693389996,0.226,0.214,1
"FANCL",0.607790915815699,0.263544311107434,0.282,0.274,1
"SFXN3",0.60779569806176,0.107570836449352,0.391,0.375,1
"CCDC61",0.60808391006004,0.191471658618735,0.073,0.088,1
"KYNU",0.608108922866224,-0.114628420242271,0.028,0.021,1
"TRIM7-AS2",0.608108922866224,-0.170703470596195,0.028,0.021,1
"NPIPA5",0.608133374133135,0.293455291690173,0.206,0.2,1
"SP140",0.608150679733113,-0.303842396108228,0.024,0.032,1
"ENSG00000255252",0.608159487103624,-0.278266421931256,0.012,0.018,1
"ENSG00000290039",0.608159487103624,-0.929022460989005,0.012,0.018,1
"LCP2",0.608159487103624,0.358568009973887,0.012,0.018,1
"MAN2B1",0.608159487103624,-0.431715328077606,0.012,0.018,1
"MCM3AP-AS1",0.608159487103624,-0.556882464679992,0.012,0.018,1
"RASAL3",0.608159487103624,-0.263363975220391,0.012,0.018,1
"OR51B5",0.608159487103624,-0.358626777558533,0.012,0.018,1
"GUCY2F",0.608285186837973,-0.299607717850857,0.052,0.042,1
"CEP250",0.608481500111938,0.260782014113768,0.234,0.225,1
"TTC32",0.608753614371427,-0.107293332107579,0.456,0.474,1
"ANKRD26",0.608930131506089,-0.248875337541984,0.665,0.702,1
"SMARCAD1",0.608945671007094,0.230733130944732,0.5,0.523,1
"VARS1",0.609119780374778,0.53464783983295,0.073,0.063,1
"ENSG00000268129",0.609733868437454,0.148584133836603,0.157,0.144,1
"ENSG00000289210",0.610033851818584,-0.30574469208849,0.012,0.018,1
"POT1-AS1",0.610033851818584,-0.208634220256238,0.012,0.018,1
"PPP1R3C",0.610033851818584,0.378845114858724,0.012,0.018,1
"ENSG00000255126",0.610079034439867,0.255038083048529,0.048,0.06,1
"BRD7",0.61015141511181,0.124943765957856,0.625,0.649,1
"NOTCH1",0.610318518829021,0.155470375782977,0.036,0.046,1
"LINC01376",0.610388317466641,-0.324389441818178,0.137,0.154,1
"BCDIN3D-AS1",0.610830235603463,0.522753915325745,0.125,0.116,1
"ENSG00000226471",0.610837026442143,0.322737613732446,0.181,0.172,1
"PLCB4",0.610868524124852,-0.174101661622034,0.718,0.723,1
"ENSG00000284882",0.610907399570384,-0.154212813290891,0.024,0.032,1
"KDM8",0.610907399570384,-0.265299596063076,0.024,0.032,1
"MBTPS1-DT",0.610935868573268,0.215510228727884,0.06,0.074,1
"NOP16",0.611296025751893,0.500621428565661,0.101,0.091,1
"VIPAS39",0.611660740467217,0.304369396994588,0.137,0.126,1
"ZNF571",0.611674576388486,-0.610749901829935,0.04,0.049,1
"ENSG00000237614",0.611910777704495,-0.17180454120413,0.012,0.018,1
"ENSG00000282556",0.611910777704495,-0.211340282515188,0.012,0.018,1
"LINC02542",0.611910777704495,-0.120287997110873,0.012,0.018,1
"PRB3",0.611910777704495,-0.195408536538082,0.012,0.018,1
"PRIM1",0.611910777704495,-0.461384199452215,0.012,0.018,1
"PTCSC2",0.611910777704495,-0.300786298284161,0.012,0.018,1
"DLG3-AS1",0.611910777704495,-0.165029327266929,0.012,0.018,1
"AGA",0.612114288308148,0.182930505673786,0.226,0.263,1
"WRN",0.612259486578318,0.37021939433657,0.234,0.228,1
"ENSG00000286863",0.612287833928246,-0.127523730690601,0.024,0.032,1
"ATP4B",0.612287833928246,-0.251281976544624,0.024,0.032,1
"TCF3",0.612498287187061,0.435009057628637,0.177,0.168,1
"DCAF12",0.612535913998907,0.207330051910468,0.448,0.467,1
"ELMO1",0.61261320471339,-0.226355763188236,0.036,0.046,1
"IPO5",0.612653760476822,0.192148110624013,0.48,0.481,1
"CYB5RL",0.612676370480761,0.90596300616017,0.089,0.077,1
"FANCM",0.61269334564736,0.338162653361537,0.077,0.067,1
"ALMS1",0.612832343224523,0.133017447202131,0.548,0.551,1
"FAM229B",0.613028611296328,0.185698413869189,0.794,0.793,1
"CNNM4",0.613234762245217,0.113702816347701,0.375,0.375,1
"ITGAE",0.613267950771104,0.221305481246185,0.274,0.27,1
"ZNF346",0.613455763123793,0.423050238759655,0.153,0.172,1
"ENSG00000273576",0.613477625323139,-0.209218870369289,0.085,0.098,1
"ENSG00000285090",0.613669645958976,-0.247495790609111,0.024,0.032,1
"C1QTNF6",0.613790254789012,-0.165952909978525,0.012,0.018,1
"ENSG00000230615",0.613790254789012,0.176967971816469,0.012,0.018,1
"ENSG00000261305",0.613790254789012,-0.138956049428407,0.012,0.018,1
"ENSG00000285216",0.613790254789012,-0.104166751405239,0.012,0.018,1
"ENSG00000286195",0.613790254789012,0.345357536191726,0.012,0.018,1
"PRR29-AS1",0.613790254789012,0.329011659245929,0.012,0.018,1
"UTP6",0.614326353542919,0.178672792009813,0.278,0.316,1
"GGCX",0.614405291914924,0.471727685616884,0.234,0.228,1
"VLDLR",0.614413348415827,0.762781443990344,0.109,0.102,1
"SLC35D2",0.614516269499812,0.31716235663332,0.286,0.281,1
"LPCAT3",0.614800290117505,0.157809143075794,0.714,0.751,1
"ERVK13-1",0.614933544590081,0.383750200004746,0.109,0.098,1
"ANKAR",0.614976317649985,-0.453026710074011,0.105,0.119,1
"ENSG00000287024",0.615052831679305,-0.204549827528274,0.024,0.032,1
"LRRC57",0.61507792293795,0.171156947872776,0.25,0.284,1
"H2BC4",0.615357602924929,0.188506699473673,0.077,0.067,1
"PDZD8",0.615436812570447,-0.115384145568891,0.476,0.519,1
"AGMAT",0.615672273049636,0.186630564824665,0.012,0.018,1
"BATF",0.615672273049636,0.457838657962937,0.012,0.018,1
"ENSG00000235743",0.615672273049636,0.303920289706369,0.012,0.018,1
"ENSG00000288868",0.615672273049636,0.215662307190145,0.012,0.018,1
"LINC02377",0.615672273049636,0.424016382175718,0.012,0.018,1
"DNAJC14",0.615840502780543,0.167950048757857,0.246,0.242,1
"C7orf50",0.616074443668744,0.260519216150047,0.371,0.386,1
"LINC03006",0.616349385479684,0.143491868309058,0.27,0.267,1
"C17orf114",0.616437387091355,-0.151619155999267,0.024,0.032,1
"ENSG00000289136",0.616437387091355,0.137090152122052,0.024,0.032,1
"SRD5A1",0.616571163702807,0.178993535771544,0.093,0.081,1
"ANKRD44",0.617145326846396,-0.147856678442016,0.105,0.119,1
"RHNO1",0.617391878691807,0.227206832720237,0.262,0.26,1
"TMEM106C",0.617418863544825,0.205586791388225,0.198,0.189,1
"ENSG00000197670",0.617556822413862,0.211623925856685,0.012,0.018,1
"ENSG00000259314",0.617556822413862,0.280979949417206,0.012,0.018,1
"ENSG00000289520",0.617556822413862,0.3082452459323,0.012,0.018,1
"ENSG00000291044",0.617556822413862,0.300458627392052,0.012,0.018,1
"GALNTL6",0.617556822413862,0.176005228587766,0.012,0.018,1
"ZC3H11A",0.617556822413862,0.251997164363917,0.012,0.018,1
"ZNF354C",0.617556822413862,0.680589509063424,0.012,0.018,1
"ENSG00000275202",0.617823308182672,-0.276337948243057,0.024,0.032,1
"MAGED1",0.617983027946319,0.190805696798768,0.661,0.705,1
"NALF1",0.618109553906505,-0.267092786957595,0.044,0.035,1
"ASAH2B",0.618115196466881,0.563696750896545,0.069,0.06,1
"UBA7",0.618224096757919,0.568159795039838,0.073,0.063,1
"GBP4",0.618371702510363,0.288724646686491,0.161,0.151,1
"ENSG00000213994",0.618415129411311,0.311625800143917,0.137,0.126,1
"FEM1C",0.618671455227102,0.118388504820217,0.419,0.425,1
"PRMT6",0.618956441610956,0.22149063437802,0.335,0.347,1
"ZNF740",0.619123072270316,0.23011846997468,0.302,0.351,1
"ENSG00000256969",0.61921059092626,-0.237713215738434,0.024,0.032,1
"ENSG00000232063",0.61944389275933,0.28672117592054,0.012,0.018,1
"ZSCAN2",0.61944389275933,0.323072385814575,0.012,0.018,1
"DYNLRB2-AS1",0.619520018556122,-0.758428724860109,0.036,0.046,1
"ENSG00000289298",0.619520018556122,0.205141288889624,0.036,0.046,1
"ESF1",0.619743650996016,-0.105221413782807,0.452,0.491,1
"SEC24D",0.620183186901563,0.115176958667894,0.298,0.288,1
"RRS1",0.620241418458401,0.220257461963833,0.169,0.158,1
"NEK6",0.620433458403243,0.153906745226737,0.077,0.091,1
"LSM3",0.620559902235051,0.183959069915387,0.573,0.625,1
"TCP1",0.620888940970343,-0.105252328126249,0.766,0.793,1
"CTBP1",0.621138019354363,0.14707432697764,0.56,0.639,1
"TARS3",0.621249586451291,-0.158224967177989,0.093,0.105,1
"LIAS",0.621277327197703,0.364773066438402,0.202,0.232,1
"ENSG00000233547",0.621333473913974,0.216844054649239,0.012,0.018,1
"EOMES",0.621333473913974,0.800985840963337,0.012,0.018,1
"MAP3K15",0.621333473913974,0.539022055408227,0.012,0.018,1
"LINC02640",0.621333473913974,0.662083070661708,0.012,0.018,1
"LYN",0.621593693602837,-0.120324533583439,0.27,0.302,1
"FAM219A",0.621616661396172,-0.14576548953084,0.04,0.049,1
"APOL4",0.621625936524506,0.489309708397037,0.113,0.13,1
"ENSG00000275443",0.621989225189737,0.18254248437783,0.024,0.032,1
"BUB3",0.622281439219921,0.154872290008746,0.581,0.586,1
"CENPT",0.622478732137549,0.529341769330728,0.065,0.056,1
"SLC35B1",0.622532173494553,0.112109000821743,0.532,0.544,1
"NAALADL2",0.622630929774305,-0.115127283891541,0.552,0.579,1
"PARD6B",0.622982100374297,0.153786841685999,0.452,0.453,1
"DMD",0.623045055363568,-0.119519398491967,0.649,0.67,1
"FAM219B",0.623045729450557,0.129989764348798,0.335,0.337,1
"ENSG00000226149",0.623105388391867,0.164542279395074,0.093,0.081,1
"RBAK",0.623123737581492,1.02082713420152,0.169,0.161,1
"BLOC1S1",0.623153896723915,-0.188589314158568,0.423,0.46,1
"LINC00869",0.623247527956793,0.313074707211024,0.081,0.095,1
"DHX34",0.623504503402355,0.207885654081492,0.185,0.221,1
"ENSG00000258317",0.623666502679364,0.279797161868036,0.081,0.07,1
"EXOSC10",0.623795502134686,0.156270281754424,0.415,0.456,1
"FAM83F",0.62405851256278,-0.151011596186273,0.081,0.095,1
"ZC3H7B",0.624119715561672,0.179121986033231,0.169,0.2,1
"PGGHG",0.624220369321864,0.282408681939676,0.048,0.06,1
"PRXL2B",0.624452322733468,0.227858387289199,0.399,0.411,1
"AATF",0.624559291751706,0.169579808029288,0.286,0.284,1
"CEP152",0.624602953921244,-0.435366906532442,0.056,0.067,1
"AFG1L",0.624700659624447,0.17601549476904,0.149,0.137,1
"ENSG00000265401",0.62494621944127,-0.157387723862347,0.04,0.049,1
"C4orf48",0.625278163698043,0.788239248055028,0.157,0.147,1
"C1orf198",0.62527818126242,0.167234396612029,0.141,0.161,1
"TBCD",0.625296604514854,0.194636870517576,0.169,0.2,1
"MALL",0.625313238938933,0.753983451672178,0.085,0.077,1
"DIRC3-AS1",0.625845261623563,0.295700028206796,0.117,0.105,1
"RAB36",0.626223315084143,0.108029705891167,0.706,0.719,1
"ZNF107",0.626424195225513,-0.158534232898362,0.109,0.126,1
"MRPS2",0.626463947035627,0.294003565800519,0.286,0.33,1
"HCG14",0.626995251995079,-0.141340355739191,0.165,0.186,1
"CRBN",0.627007833572117,0.345095546371303,0.427,0.439,1
"ARHGAP29",0.627163463765293,0.189214798126356,0.069,0.081,1
"FBXO33",0.6272242887132,0.259888502563177,0.194,0.228,1
"GRWD1",0.627554510112437,0.143017347912143,0.177,0.161,1
"GPR143",0.627562654749375,0.124101547201667,0.024,0.032,1
"ENSG00000286707",0.62757416079372,0.169648664793877,0.052,0.063,1
"RNF114",0.62786630738221,0.316338589956581,0.391,0.4,1
"FABP2",0.628047138993485,0.339551031405242,0.117,0.105,1
"HNRNPUL2",0.628095410959269,0.254035623740765,0.448,0.453,1
"IQCA1-AS1",0.628268137882975,-0.677153920450376,0.044,0.053,1
"TSSC4",0.628560492186233,-0.216649950075627,0.052,0.063,1
"PANK4",0.628732991002121,0.148214551534382,0.165,0.193,1
"TEKT3",0.628835239890163,0.106193948683834,0.339,0.379,1
"ENSG00000261572",0.62895935508816,0.292068799956168,0.024,0.032,1
"LINC01560",0.62895935508816,0.42578414067459,0.024,0.032,1
"SCFD1",0.629311996737694,0.115857271784279,0.464,0.491,1
"PAPSS1",0.629329011782368,0.141853356548352,0.863,0.87,1
"DPP6",0.629397554526754,-0.360695883475441,0.04,0.049,1
"STK40",0.62965624962796,0.311394470675469,0.319,0.372,1
"SMC2-DT",0.629725168959434,0.109464651496143,0.161,0.186,1
"DYNLL2",0.629744213236662,0.178538239636997,0.532,0.561,1
"MTERF4",0.629928347842157,0.206038615407605,0.185,0.175,1
"PCED1A",0.62997425551234,0.709382309692791,0.181,0.175,1
"TMED1",0.630104655291397,0.451460788281346,0.218,0.214,1
"CFAP46",0.630245968323796,-0.100185974843855,0.661,0.688,1
"C1orf50",0.630550183313243,0.352965956776123,0.077,0.067,1
"APOM",0.630668821455044,-0.118613504375499,0.069,0.081,1
"TMED3",0.631077621221843,0.238417111119178,0.302,0.295,1
"MPZL3",0.63115874494656,0.108983399285468,0.484,0.488,1
"PLXNA3",0.631279465579636,-0.110270719705907,0.181,0.196,1
"NOL4L",0.631337330182068,0.189160078454496,0.121,0.14,1
"LINC01876",0.631520375073275,-0.412345141371363,0.246,0.228,1
"COPS7B",0.6315660810216,0.19700145752046,0.371,0.379,1
"GSDMB",0.631738809669712,1.55728324701972,0.06,0.053,1
"RPS6KB1",0.631821388330932,-0.100046921338028,0.27,0.295,1
"ANKRD66",0.631975857423018,0.10229677234554,0.81,0.832,1
"WWC3",0.63213485090361,0.258118190744058,0.274,0.26,1
"GRB14",0.632421177251511,0.437806931078712,0.117,0.109,1
"SLC30A5",0.632543364126102,0.107731860479838,0.44,0.428,1
"FPGT",0.632618120244584,0.504254470543408,0.238,0.246,1
"RIPK1",0.632776581013609,0.2363853149784,0.234,0.228,1
"ABLIM1",0.632778015094098,0.148582972625541,0.819,0.849,1
"ENSG00000255046",0.633157412964779,0.309775425600533,0.024,0.032,1
"PSMA1",0.633273543815354,0.120562047508774,0.411,0.47,1
"SSUH2",0.634327150271056,0.314453480351145,0.149,0.133,1
"INSYN1",0.634351791501217,0.468345919126388,0.214,0.249,1
"CEP89",0.634471203965507,0.115968302595878,0.48,0.495,1
"ZNF222",0.634559403975096,0.267374832777354,0.024,0.032,1
"CFAP161",0.63457632339051,0.219255541552429,0.589,0.628,1
"ZNF791",0.634917675206777,-0.112526963093367,0.371,0.411,1
"FAM200A",0.634991845030252,0.536858057669832,0.149,0.133,1
"PRR15L",0.634995350824297,0.113888452765646,0.327,0.309,1
"WDR55",0.635383177785198,0.34703182799898,0.306,0.305,1
"GIN1",0.635542916372552,0.304182725555334,0.157,0.147,1
"DUSP28",0.635543453386381,0.355309207448321,0.173,0.165,1
"PTPN21",0.635578879791169,0.120516867875351,0.367,0.368,1
"ZNF33B",0.635712090461909,0.137155370371261,0.71,0.723,1
"TRIM21",0.635783399956516,0.46383372448834,0.165,0.161,1
"HDAC6",0.635989199146467,0.185463270355684,0.335,0.347,1
"TP53I13",0.636048286130552,0.568229693530925,0.069,0.06,1
"IFI27L1",0.636766286327575,0.420191004597197,0.173,0.168,1
"NUDCD1",0.636785471012202,0.12274863804742,0.206,0.235,1
"BCORL1",0.637089058215256,-0.393290623652971,0.081,0.091,1
"ARL15",0.637163544736804,-0.274849759570427,0.149,0.165,1
"ENSG00000286369",0.637883604143436,0.280449516245185,0.101,0.091,1
"ENSG00000287906",0.637948695821361,0.629874688391657,0.069,0.06,1
"MTFR1",0.637968943827933,0.13900550386353,0.222,0.26,1
"SPRTN",0.638065306101577,0.174375076277593,0.145,0.133,1
"MED7",0.638182475955225,0.111926102861846,0.177,0.204,1
"PHLDA3",0.638187805684868,0.179878331227104,0.113,0.13,1
"ADCY10P1",0.638281800920953,-0.140721224087195,0.073,0.084,1
"AP3B2",0.638340603892524,-0.191639021168807,0.04,0.049,1
"ATG14",0.638559085717423,0.128892101129209,0.149,0.172,1
"CCNT2-AS1",0.638669864750558,-0.561705629471386,0.028,0.035,1
"SCAMP1-AS1",0.638768280110062,0.244377309296153,0.177,0.196,1
"RPUSD3",0.638954361020337,0.351222824598977,0.133,0.158,1
"CASP1",0.639081369967985,-0.125406845469902,0.165,0.186,1
"H2AW",0.639144301715488,-0.198943670601289,0.073,0.084,1
"LINC00466",0.639386006133944,0.292434010881991,0.073,0.063,1
"SLC29A3",0.639468519605171,-0.204923175790962,0.069,0.081,1
"RAB33B",0.639704047555073,0.531956194493487,0.202,0.193,1
"NFKB2",0.639962808097577,0.858588588776707,0.093,0.084,1
"ASCC2",0.64017141952479,0.239690876158309,0.286,0.284,1
"CNIH2",0.640351313350981,0.393150088593931,0.081,0.07,1
"TBL1X",0.640570502696749,0.132052108590537,0.669,0.691,1
"ENSG00000247311",0.640791364856526,-0.159686536815199,0.153,0.172,1
"MROH8",0.640803714974799,0.350495103034266,0.06,0.053,1
"ENSG00000287500",0.640998024600332,0.409329116084198,0.097,0.088,1
"ENSG00000291175",0.641489591421362,0.172370563036155,0.347,0.347,1
"UBE2E3",0.641643726538101,0.234166741123695,0.52,0.53,1
"PDE5A",0.641967189024005,0.398654467307034,0.065,0.056,1
"GXYLT1",0.642424313667517,-0.152014463377264,0.226,0.242,1
"DYRK4",0.642656492997991,0.505031960072633,0.133,0.126,1
"TANGO2",0.642673585789411,-0.121023562816581,0.153,0.172,1
"ENSG00000276957",0.643309753015332,-0.583459987771822,0.028,0.035,1
"ANXA1",0.64381888712176,-0.13380261901881,0.98,0.996,1
"ENSG00000285744",0.643882805355711,-0.227569007816248,0.702,0.712,1
"FBXW7",0.644517608640058,-0.112660133154349,0.363,0.382,1
"FIBP",0.644677409669074,0.406527402446874,0.331,0.337,1
"ENSG00000229337",0.645082685598505,-0.202419546529945,0.04,0.049,1
"ENSG00000247934",0.645473836890831,0.120607109352858,0.149,0.168,1
"RNF13",0.646280601524545,-0.191572024553293,0.44,0.463,1
"ST20",0.646536364696291,0.459224927992542,0.093,0.084,1
"DGCR8",0.646641090771044,0.373070358158536,0.113,0.105,1
"CCDC102A",0.646644264917688,0.4174300886697,0.097,0.088,1
"MAPK13",0.64681587350092,-0.292481537265012,0.085,0.095,1
"CDR2L",0.646878779915228,0.304081175434693,0.065,0.056,1
"ZNF805",0.646878779915228,0.346124598605597,0.065,0.056,1
"DHRS4",0.647167577903931,0.222846742461445,0.177,0.168,1
"WDR3",0.647174938125544,0.571091416748855,0.157,0.147,1
"TICAM2-AS1",0.647297847753498,-0.342058526275551,0.028,0.035,1
"KLHL41",0.647382197047706,0.356575261876804,0.101,0.091,1
"PCNX3",0.647390510779564,0.777551207922771,0.113,0.105,1
"ZNF93",0.647486268502087,0.319866348524823,0.069,0.06,1
"TCHP",0.647498269172754,0.173988101106072,0.44,0.46,1
"LINC00663",0.647779209774015,0.264353314061497,0.101,0.091,1
"H6PD",0.647809514300677,0.307300484307488,0.298,0.33,1
"AREG",0.647862955678861,0.693243184419818,0.065,0.056,1
"LINC01011",0.64817637267323,0.31864292559905,0.101,0.091,1
"TTC21A",0.64818931171898,0.293087132568902,0.589,0.635,1
"TP53I3",0.648345713251803,0.258827222003801,0.077,0.091,1
"CTTNBP2",0.648629473526124,-0.281413105266989,0.028,0.035,1
"SCARF2",0.648755666524869,0.24615061891538,0.117,0.105,1
"ERC1",0.649273751586023,-0.184467193036349,0.286,0.309,1
"ADAMTS8",0.649333505220146,0.1168486293294,0.105,0.119,1
"ENSG00000248161",0.649786471699319,-0.192933819340519,0.202,0.218,1
"TTC16",0.64978979621425,0.324501063545534,0.165,0.193,1
"TGFB1",0.649962223710464,-0.246086019093625,0.028,0.035,1
"HSD17B4",0.650149169697754,0.108778276381964,0.605,0.628,1
"CBX6",0.650358956292042,0.274022873860926,0.069,0.06,1
"ENSG00000286330",0.650648177614548,0.233778336865052,0.214,0.204,1
"ZBED1",0.650672406694776,0.180848295032827,0.589,0.625,1
"ATMIN",0.650945128648446,0.331340465883334,0.19,0.186,1
"PRKD2",0.650989918476,0.350689784668196,0.298,0.284,1
"TVP23C",0.651296094679396,-0.714315661340149,0.028,0.035,1
"BAG3",0.651428295974293,0.320251693198728,0.242,0.242,1
"BCL10-AS1",0.651805802056097,0.29016792221088,0.065,0.056,1
"NMBR",0.652306536800773,0.100618572256551,0.125,0.112,1
"MRPL45",0.652354967157913,0.269300222811286,0.238,0.27,1
"ENSG00000290812",0.652631082795058,-0.623099278277826,0.028,0.035,1
"BTBD19",0.652793042142498,0.496973757590017,0.065,0.056,1
"H4C3",0.653338866029954,0.136818847025867,0.371,0.361,1
"ARHGAP27P1-BPTFP1-KPNA2P3",0.653592533741505,0.286758715620253,0.246,0.239,1
"WBP2NL",0.653780890679079,0.483941026153522,0.065,0.056,1
"ENSG00000289613",0.653967184408868,-0.254345785578614,0.028,0.035,1
"RACGAP1",0.653967184408868,-0.241874173217163,0.028,0.035,1
"RNF166",0.653967184408868,-0.20939931168216,0.028,0.035,1
"ZNF446",0.653997203729912,0.379502811744788,0.254,0.295,1
"TBX19",0.654278479478923,-0.253689161524884,0.06,0.07,1
"NAPRT",0.654433657124586,0.281253039664986,0.052,0.063,1
"MIS12",0.6545813312802,0.181751150640423,0.181,0.211,1
"ANO8",0.655206133841297,0.213769958489238,0.081,0.095,1
"DOCK10",0.655304395861561,-0.274334329396597,0.028,0.035,1
"ENSG00000267249",0.655304395861561,-0.159176366243445,0.028,0.035,1
"SLC25A19",0.655308733014607,-0.170861808132114,0.044,0.053,1
"GNLY",0.655315524710068,1.35738129394795,0.335,0.333,1
"PWP1",0.655382867023446,0.112151233931836,0.476,0.488,1
"FAM151B",0.655521453225555,-0.167978013343141,0.121,0.137,1
"ENSG00000272156",0.656031088356316,0.433975451102874,0.06,0.053,1
"NDUFA7",0.656031088356316,1.79879372568226,0.06,0.053,1
"ENSG00000176593",0.656384374591184,0.190059198940067,0.04,0.049,1
"NR4A3",0.656384374591184,0.176404136004841,0.04,0.049,1
"ENSG00000267022",0.656400125690082,-0.363575086296312,0.044,0.053,1
"ENSG00000270605",0.656458111652959,-0.139395720299508,0.407,0.439,1
"MAGED2",0.656538809720926,0.229706473040171,0.399,0.442,1
"D2HGDH",0.656637203359922,0.243875165495504,0.173,0.165,1
"RLN1",0.656642713483209,-0.681770181001854,0.028,0.035,1
"RAB23",0.656694480121068,0.561940308494589,0.206,0.2,1
"MZT2A",0.656828188303986,0.408602210885918,0.065,0.077,1
"KRAS",0.657009759951126,0.148479007817004,0.327,0.365,1
"UTP23",0.657078844733627,0.229503398593928,0.258,0.249,1
"ZNF341",0.657518935662491,0.225305541114857,0.04,0.049,1
"ZNF576",0.657590864694358,0.123594554038493,0.085,0.098,1
"FAM169A",0.657596605907059,0.317042529758292,0.109,0.098,1
"ENSG00000258561",0.658072427228758,-0.128571386441356,0.06,0.053,1
"MASTL",0.658106490731323,0.409448750941444,0.093,0.084,1
"ABCF3",0.658511977954296,0.118057797354426,0.214,0.239,1
"B4GALT4",0.658820755216875,0.186683152394713,0.343,0.344,1
"CCDC160",0.658820764049535,0.154825722249108,0.319,0.365,1
"PGLS",0.658929869494038,0.207154352596694,0.194,0.225,1
"LRRC27",0.659024345589745,0.233612693546744,0.375,0.372,1
"XRCC1",0.659033639045469,-0.111809956047843,0.319,0.34,1
"CARD16",0.659322652500553,-0.189686053163761,0.028,0.035,1
"COQ3",0.659322652500553,-0.125833665183331,0.028,0.035,1
"ENSG00000253369",0.659322652500553,-0.362505481908613,0.028,0.035,1
"ENSG00000285130",0.659400512317548,0.116702596381983,0.056,0.067,1
"UCK1",0.65945848110094,0.999731362449437,0.052,0.063,1
"RABIF",0.659609222086652,0.260999977958101,0.278,0.284,1
"EXOSC1",0.659905380990792,0.351613331727742,0.202,0.228,1
"COL4A5",0.659914634111774,-0.341772070451054,0.181,0.193,1
"SLC66A1",0.660033554796109,0.218934986449334,0.085,0.098,1
"INO80E",0.660141401896684,0.462751613772517,0.173,0.172,1
"ENSG00000291055",0.66020113771634,0.14605353770569,0.141,0.161,1
"AKT1S1",0.660585150285822,0.468960710895648,0.089,0.081,1
"CXADR",0.660775914692767,0.245985076508099,0.556,0.572,1
"ENSG00000269949",0.660927347798994,0.286400597513674,0.04,0.049,1
"EXO5",0.661400519321155,-0.630404510537513,0.032,0.039,1
"TEX30",0.661463861404529,0.179179141222995,0.117,0.105,1
"ZNF513",0.661551607606433,0.26879200635635,0.125,0.147,1
"ECI1",0.661611777050348,0.428023788597093,0.367,0.379,1
"LINC00847",0.661693931004069,0.116559739058197,0.129,0.147,1
"BHLHE40",0.661696553306567,0.480855477574781,0.234,0.239,1
"ANKRD49",0.661696699435688,0.398428410340822,0.113,0.105,1
"GMPPA",0.661831280516542,-0.132136162376607,0.181,0.2,1
"ZNF682",0.661879132210193,-0.202495959582957,0.06,0.07,1
"ENSG00000255910",0.662006971889427,-0.23923997082501,0.028,0.035,1
"SEMA6A",0.662006971889427,-0.324198642725033,0.028,0.035,1
"ZRSR2",0.662131719640344,0.135484681753921,0.423,0.425,1
"ZNF112",0.662627908044864,0.215745616601484,0.133,0.123,1
"GALE",0.66274794607849,0.332003339388987,0.181,0.175,1
"FBL",0.662780110845514,0.173533596876441,0.351,0.396,1
"ATAD2",0.66296382017721,0.70430359615991,0.052,0.046,1
"PCAT18",0.663350764935958,-0.106302487321541,0.028,0.035,1
"ENSG00000289616",0.663350764935958,0.316850878932541,0.028,0.035,1
"DHDDS",0.663735442969852,0.10390882898904,0.129,0.147,1
"PCMT1",0.66378519322526,0.137023514233258,0.597,0.635,1
"SLC2A9",0.664060306881938,-0.146061335560271,0.044,0.053,1
"MAGOHB",0.664103358403186,0.628985550234161,0.101,0.095,1
"ENSG00000278022",0.66417548566244,-0.239315683539989,0.097,0.109,1
"TMUB2",0.664348252413814,0.33508556378795,0.31,0.326,1
"ENSG00000269680",0.664695641909695,-0.146797021802395,0.028,0.035,1
"GPR89A",0.664749656397032,-0.396939852951498,0.069,0.077,1
"NOSTRIN",0.66478500790971,0.168974508894636,0.157,0.147,1
"TCF25",0.665414112993328,0.106522623884986,0.718,0.712,1
"PEPD",0.665518942613742,0.262207388267485,0.375,0.389,1
"ZNF557",0.665681583856638,0.369036704596993,0.117,0.109,1
"JADE3",0.665755155954635,0.331254512944166,0.125,0.116,1
"ZNF414",0.666041599066922,-0.141151517808183,0.028,0.035,1
"AADACL2-AS1",0.666467256017734,0.111125698964411,0.173,0.196,1
"FAM174C",0.66688082854199,-0.139545653651176,0.323,0.351,1
"HIRIP3",0.667293195587894,-0.149015564530376,0.214,0.235,1
"TFEB",0.667602628963875,-0.258321140442159,0.06,0.07,1
"PIGQ",0.66766647023934,0.323540366326721,0.165,0.161,1
"PLK3",0.667718990727325,0.382623374941329,0.141,0.133,1
"TRIM65",0.667765248755822,0.905393843453743,0.048,0.042,1
"CGN",0.66786715591377,0.394492070158529,0.278,0.284,1
"GOT1",0.667880102773348,0.119403954404814,0.488,0.509,1
"BBS5",0.668178747350551,0.194728570120033,0.331,0.323,1
"STK11",0.668187503622539,0.211355601820828,0.153,0.175,1
"PRECSIT",0.668453429755987,-0.219100539814731,0.044,0.053,1
"ZNF285",0.66854187426039,0.465231707059306,0.052,0.063,1
"CHAC2",0.668736738904908,0.15764587104191,0.028,0.035,1
"LEF1-AS1",0.668736738904908,-0.121511611221415,0.028,0.035,1
"DCAF17",0.668758951829057,0.403302043264759,0.185,0.179,1
"PPP2R3A",0.668833910007109,0.210275227544254,0.125,0.14,1
"CCDC115",0.668835551808429,0.397285864582853,0.327,0.323,1
"ENSG00000273211",0.669343529031255,0.186644302634445,0.157,0.151,1
"CLDN8",0.669345062597793,0.310324923493893,0.06,0.053,1
"NCOA3",0.66939592646138,0.204910726445361,0.516,0.565,1
"SMYD3",0.669757573008735,-0.229271990086726,0.476,0.491,1
"ZNF132",0.670186439881865,0.216311500047084,0.056,0.067,1
"ABCD1",0.670215222678719,-0.520031348105863,0.016,0.021,1
"ENSG00000227627",0.670215222678719,-0.4459183545375,0.016,0.021,1
"ENSG00000283635",0.670611436533814,0.1765105596869,0.069,0.06,1
"PRDM15",0.671170401096949,0.190541353869747,0.056,0.067,1
"GTF2A1-AS1",0.671194614549081,0.200966366589267,0.04,0.049,1
"MRPL10",0.671306568830485,0.763555906798403,0.133,0.126,1
"TAF1",0.671348665890578,-0.170306827112284,0.359,0.368,1
"CFL1P1",0.671611829882047,-0.518546738794836,0.032,0.039,1
"DHRS7B",0.671956432390395,0.220602162498366,0.548,0.544,1
"ENSG00000288735",0.671964435927764,-0.681555114316888,0.016,0.021,1
"KCTD16",0.671964435927764,-0.703798449195834,0.016,0.021,1
"ENSG00000268628",0.671964435927764,-0.393946043928146,0.016,0.021,1
"CDC37L1",0.67210466406061,0.240791175832632,0.222,0.26,1
"MTRFR",0.672357412265339,0.144989937217471,0.254,0.253,1
"ENSG00000274561",0.673140014228567,0.192252175102937,0.056,0.067,1
"ARHGAP27",0.6732628367681,1.08693298488711,0.073,0.067,1
"MAPK8IP3-AS1",0.673692342923178,0.33638279917181,0.145,0.137,1
"ENSG00000287255",0.673715427169086,-0.66824614841627,0.016,0.021,1
"ATP13A1",0.673799050593425,0.224557811233048,0.274,0.274,1
"CCNJ",0.673960826117955,0.608150737935931,0.052,0.046,1
"DMXL1",0.674295958077039,0.226314235556921,0.246,0.239,1
"TMEM185A",0.674474984779176,-0.105338180264101,0.202,0.218,1
"FAM98C",0.674704934345225,0.386532395935868,0.169,0.165,1
"ZNF263",0.674831640440733,0.179553888299264,0.145,0.165,1
"ZNF550",0.674957447811199,0.550702653399531,0.198,0.193,1
"ARF4-AS1",0.67498605615797,0.420134412343542,0.056,0.049,1
"NPHP4",0.675169150485934,-0.104403994022567,0.331,0.375,1
"ABCC10",0.675430885925527,0.120866082748684,0.165,0.193,1
"DIP2C-AS1",0.675456880305053,-0.42536776132463,0.032,0.039,1
"CCDC88B",0.675468188120987,-0.242730288082858,0.016,0.021,1
"CNTN4",0.675468188120987,-1.66083095551419,0.016,0.021,1
"ENSG00000261071",0.675468188120987,-0.269623259840846,0.016,0.021,1
"ENSG00000272305",0.675468188120987,-0.256739252369411,0.016,0.021,1
"ENSG00000283480",0.675468188120987,-0.415353258168897,0.016,0.021,1
"MLYCD",0.675468188120987,-0.170012635765896,0.016,0.021,1
"ZNF843",0.675468188120987,-0.288471636106272,0.016,0.021,1
"ENSG00000289343",0.675468188120987,-0.433367866888262,0.016,0.021,1
"CBLC",0.675493227652203,0.192633588403989,0.028,0.035,1
"UBE2Q2P1",0.676052149408454,0.229727571319605,0.048,0.056,1
"ZNF649",0.67606921644495,0.241304418240734,0.069,0.081,1
"HLTF",0.676516736875587,-0.126128764524906,0.423,0.446,1
"ZNF669",0.676847690259359,0.363854764004762,0.028,0.035,1
"SLC37A4",0.67688877608365,0.421447420847401,0.194,0.221,1
"PABPN1",0.67692543954106,0.774810681620306,0.048,0.042,1
"CDAN1",0.676972003862278,0.211349498715955,0.069,0.081,1
"SLC41A1",0.677073283755249,0.10485027946168,0.23,0.228,1
"CLDN15",0.677085961988924,0.228494209999826,0.056,0.067,1
"PIKFYVE",0.67708630686321,-0.178299932179776,0.125,0.137,1
"ENSG00000272970",0.677222710473014,-0.3264687193424,0.016,0.021,1
"ENSG00000291015",0.677222710473014,-0.333433360513969,0.016,0.021,1
"ZNF300",0.677222710473014,-0.343548489913846,0.016,0.021,1
"ACR",0.677273694553156,0.578173457507538,0.052,0.046,1
"SERTAD4",0.677369552370395,0.603153434314035,0.194,0.193,1
"ACTR3-AS1",0.677590579795532,0.284002339980618,0.06,0.053,1
"ZNF470",0.677801553094149,0.116820946870703,0.109,0.098,1
"NR1H3",0.67794023106694,-0.305160332787769,0.065,0.074,1
"AVPI1",0.678203198891244,0.232888930026046,0.028,0.035,1
"MKNK1-AS1",0.678203198891244,0.433966519458918,0.028,0.035,1
"ENSG00000260274",0.678446961887834,0.162296597596239,0.073,0.084,1
"GATA2-AS1",0.678644661868432,0.326123038791491,0.101,0.091,1
"NPR2",0.678978985886074,-0.291749909928005,0.016,0.021,1
"HOGA1",0.678978985886074,-0.371612101764076,0.016,0.021,1
"DBR1",0.679191890104551,0.431015752715989,0.194,0.189,1
"BAK1",0.679222994233227,0.698758225225714,0.048,0.042,1
"TRIM52",0.679245430172081,-0.118224647995042,0.254,0.277,1
"NLRX1",0.679318249770468,0.11224095796669,0.315,0.305,1
"REXO1",0.679326241162835,1.13680443384767,0.077,0.07,1
"AGPAT1",0.679444157510992,0.470040349015562,0.218,0.225,1
"OTUD7B",0.679480529311475,0.118308456338158,0.327,0.323,1
"SDCCAG8",0.679761894714086,0.118454788315301,0.56,0.607,1
"JMJD4",0.680069701943333,0.190833271846413,0.06,0.07,1
"LINC00623",0.680120921414909,0.496183113976436,0.141,0.133,1
"C19orf18",0.68017400471462,0.344604592061609,0.145,0.14,1
"RITA1",0.680404565463076,0.181390201478787,0.452,0.481,1
"ENSG00000291142",0.680737005992554,-0.382284517685942,0.016,0.021,1
"EPHA6",0.680737005992554,-0.137698947305299,0.016,0.021,1
"SLC35G1",0.680737005992554,-0.223381608454229,0.016,0.021,1
"FBXO38",0.680933211325945,0.303235878975427,0.339,0.354,1
"ZNF595",0.681071345143282,0.252646111528518,0.081,0.095,1
"CEP112",0.681435827739973,-0.174742492466621,0.46,0.498,1
"NUP93",0.681569176646602,-0.131265323565197,0.157,0.172,1
"MED16",0.681912189562065,0.136716405826195,0.081,0.095,1
"SDC4",0.682012679082309,0.229235154822173,0.649,0.674,1
"SCARNA9",0.682030877071827,0.197556650752872,0.056,0.067,1
"RNASEH2C",0.682149296961034,0.518303007206601,0.085,0.077,1
"ENSG00000290033",0.682496762396431,-0.138506197197937,0.016,0.021,1
"DNAJC12",0.682851079340887,0.365156915186647,0.141,0.13,1
"KLC4",0.683398892410886,0.290579288174769,0.23,0.235,1
"POLG",0.683540097321021,0.281932317245775,0.149,0.14,1
"STIMATE",0.683635616583534,0.429771440667568,0.028,0.035,1
"MRPL1",0.683840173288628,0.111637786457299,0.456,0.456,1
"THG1L",0.683854563497765,0.467039227770371,0.093,0.105,1
"MDH2",0.683879781948213,0.117226420915801,0.552,0.582,1
"UBE2D1",0.683991127426376,0.2182389899463,0.29,0.298,1
"ATP6V0A4",0.684258246673392,-0.294692136489591,0.016,0.021,1
"CCDC26",0.684258246673392,-0.310041596557392,0.016,0.021,1
"ENSG00000290817",0.684258246673392,0.547109312085742,0.016,0.021,1
"H2BC9",0.684258246673392,0.231136633835289,0.016,0.021,1
"THOC6",0.684570660840046,0.237331364958657,0.157,0.147,1
"DUSP23",0.68482573285506,0.14772715507896,0.351,0.361,1
"C8orf76",0.684878606693373,0.257864730750402,0.266,0.263,1
"PUF60",0.684879846091852,0.139846922681359,0.46,0.46,1
"PMVK",0.685064970101044,0.273825222322341,0.218,0.214,1
"DCAF13",0.685231072836791,0.200192917918054,0.468,0.491,1
"SULT1C4",0.685242950601775,0.166959610020506,0.399,0.477,1
"ENSG00000289331",0.685450224409819,-0.156116496438827,0.093,0.105,1
"PPP1R16A",0.685502238480033,-0.133820734639389,0.218,0.239,1
"RCCD1",0.6858006684407,0.558112378000445,0.081,0.074,1
"TBC1D24",0.685996676862302,0.160999005044697,0.056,0.067,1
"GSPT2",0.686021450370952,-0.167144300603626,0.016,0.021,1
"CGAS",0.686133673210707,0.786965066160562,0.048,0.042,1
"MIIP",0.686133673210707,0.499411327636943,0.048,0.042,1
"ECT2",0.686561449858232,0.282968041066885,0.141,0.161,1
"ELOC",0.686748131876315,-0.111576316987211,0.665,0.695,1
"KLHDC7A",0.686791083547617,0.249139867175365,0.133,0.123,1
"MIB2",0.686936538426526,0.572414990832868,0.125,0.116,1
"N6AMT1",0.687335296919845,0.126500076421887,0.153,0.175,1
"MRPL36",0.6873783497565,0.186782899069434,0.262,0.26,1
"BUD23",0.687433676754728,0.175712888463409,0.569,0.604,1
"RASSF8-AS1",0.687742490865583,0.363566617030544,0.165,0.158,1
"CNTF",0.687786365008571,0.26325937303763,0.016,0.021,1
"ENSG00000259321",0.687786365008571,-0.11456224436763,0.016,0.021,1
"ENSG00000287860",0.687786365008571,0.291200922466383,0.016,0.021,1
"PARD6G-AS1",0.687877767639648,0.322313919283821,0.198,0.189,1
"ENSG00000291042",0.688334512886265,-0.67238380555909,0.032,0.039,1
"SMKR1",0.688452436834283,0.258522810698874,0.298,0.302,1
"SLC44A3",0.688686807275455,0.246328486516747,0.278,0.284,1
"FAM89B",0.688738290212671,0.540516510518072,0.129,0.151,1
"NRDE2",0.688781318163654,-0.104545672473153,0.185,0.2,1
"DYNLT3",0.688834383988879,0.221148568513972,0.444,0.446,1
"ARL6IP6",0.689240381520668,0.132227071850477,0.258,0.291,1
"MFSD14B",0.689251299593013,0.103937310576804,0.54,0.579,1
"MRPL15",0.689333355791074,0.137725418225659,0.488,0.519,1
"KHDRBS3",0.689473958254378,0.58695089856358,0.052,0.046,1
"IL27RA",0.689552982077774,0.332240217389702,0.016,0.021,1
"ENSG00000240963",0.689627335941745,-0.471585510793617,0.032,0.039,1
"KCTD2",0.690015345810184,0.340861772749542,0.153,0.147,1
"COQ7-DT",0.690235975299103,0.22924025295497,0.153,0.14,1
"NFS1",0.690249757927051,0.369241326221165,0.238,0.242,1
"ENSG00000291063",0.690530023175856,0.150423930872789,0.125,0.144,1
"LINC01278",0.69055608439872,-0.243113650319744,0.315,0.344,1
"ENSG00000288754",0.690587145963325,0.317399315656816,0.052,0.046,1
"PSPN",0.690687680150623,-0.112717060340931,0.06,0.07,1
"UBOX5",0.690755429783801,0.712916302705304,0.048,0.042,1
"ZNF493",0.690799749796166,0.241098987305202,0.145,0.137,1
"ZNF611",0.690808215101211,-0.108190483893754,0.165,0.179,1
"RAD1",0.690922530293054,0.253567918876861,0.202,0.196,1
"IMP3",0.69102415242412,0.108607915717049,0.565,0.586,1
"ENSG00000289226",0.691044837923165,0.157557610624676,0.056,0.049,1
"UBAC2-AS1",0.691071923178808,0.770930547394557,0.06,0.053,1
"ARMC12",0.691321293042272,0.153661042320701,0.016,0.021,1
"RHBDF1",0.691321293042272,0.350920100027701,0.016,0.021,1
"NBPF10",0.691339979663173,0.373601348296028,0.173,0.165,1
"ZBTB44",0.691557924715272,0.118171559686692,0.569,0.589,1
"MAN1B1-DT",0.69161007200142,0.337634088419082,0.093,0.084,1
"ENSG00000278784",0.691759057149405,1.30323728135662,0.04,0.035,1
"ANKHD1-DT",0.692120481340282,-0.146971980683391,0.048,0.056,1
"MED20",0.692201419268507,0.244493729149609,0.242,0.242,1
"ARHGAP4",0.692215698656133,-0.260097314107643,0.032,0.039,1
"ATP10D",0.692525452062972,0.211611380408892,0.097,0.088,1
"ENSG00000285667",0.692647984845149,0.145251375160931,0.093,0.105,1
"DNAJA3",0.692720503472204,0.168088282625555,0.169,0.193,1
"ARID3B",0.692858610417045,0.869208033842998,0.089,0.102,1
"ZNRF3",0.693045443861869,0.182229162766764,0.149,0.14,1
"CYP2E1",0.69309128933808,0.152319950831226,0.016,0.021,1
"TIRAP-AS1",0.69309128933808,0.290705293943517,0.016,0.021,1
"MED4",0.693098270058537,0.302632673392799,0.411,0.435,1
"CHD7",0.693169661803721,0.192288580952967,0.427,0.432,1
"APEX2",0.693305699417996,0.420576959788836,0.194,0.193,1
"FAM117B",0.69330966443833,0.123309119563592,0.19,0.207,1
"NSMCE2",0.693418040719215,0.156442719973268,0.286,0.316,1
"DPP3-DT",0.69351123159985,-0.264332697757407,0.032,0.039,1
"ZNF615",0.693532779682262,0.312483964279756,0.073,0.084,1
"ZNF77",0.693893465049576,0.42440287142926,0.081,0.074,1
"GIPR",0.6939946394737,-0.312235170393305,0.169,0.186,1
"TMEM53",0.694210958688779,0.241139690701321,0.282,0.288,1
"KPNA7",0.694229339556903,0.633193165692863,0.048,0.042,1
"SASS6",0.694298887306754,0.274977131370431,0.125,0.116,1
"APH1A",0.694365250870142,0.238453030277027,0.25,0.249,1
"CD276",0.694564037941007,0.216424522181614,0.06,0.07,1
"HMGA1P4",0.694807661111297,-0.169830925932989,0.032,0.039,1
"C16orf74",0.694862962373641,0.438388802651532,0.016,0.021,1
"NMNAT2",0.694862962373641,0.865434400632432,0.016,0.021,1
"PLBD1-AS1",0.694862962373641,0.49032567166237,0.016,0.021,1
"USH2A",0.694862962373641,0.302145100078156,0.016,0.021,1
"MTMR10",0.695196076716756,0.204514745278045,0.185,0.179,1
"AP5S1",0.695516747075289,0.365265768123937,0.198,0.196,1
"ENSG00000289523",0.69586917123432,-0.408596458983193,0.069,0.077,1
"PRPF38A",0.695938808185213,0.200455729944919,0.427,0.432,1
"ZNF419",0.696283541026819,-0.518698123377541,0.052,0.06,1
"C11orf24",0.696772660682761,-0.176424102628345,0.065,0.074,1
"ZNF584",0.697006795004884,0.289716616949982,0.266,0.26,1
"CCL15",0.697010093921248,0.419289029640522,0.109,0.102,1
"NEK4",0.69719845743544,0.105230119966297,0.5,0.558,1
"PRMT5",0.697456257525606,0.261518348813865,0.242,0.246,1
"ENSG00000250990",0.697507980670339,0.118565800420598,0.056,0.049,1
"IFIT1",0.697538653960466,-0.443467037127868,0.129,0.14,1
"ICA1",0.697672869576051,0.376419851733032,0.419,0.453,1
"UBL4A",0.697825631001248,0.232554545012919,0.065,0.056,1
"WDR61",0.698107247378743,0.214411655904253,0.472,0.474,1
"TAF9",0.698117825741647,0.259605982535122,0.298,0.298,1
"ARAP2",0.698338817625084,0.44458259051084,0.274,0.309,1
"VAC14-AS1",0.698411304160665,0.355948919347376,0.016,0.021,1
"FANCD2OS",0.698587323410628,-0.28691102270336,0.048,0.056,1
"CDH13-AS2",0.6986302955191,0.275466343648685,0.137,0.13,1
"UBL7-DT",0.698869818602719,0.521692972484517,0.085,0.077,1
"BORA",0.699420730312695,-0.138983841934885,0.06,0.07,1
"CTDSP1",0.699552855804138,0.125715758677925,0.278,0.274,1
"FDXR",0.699999706056128,0.160483308137666,0.504,0.509,1
"C2orf27A",0.700028745832381,0.789150082889877,0.044,0.039,1
"VNN1",0.70003345821671,1.08670072011281,0.048,0.042,1
"SAMD9",0.70029729282672,0.357197798359912,0.161,0.179,1
"DCLRE1B",0.700374271004705,0.457108705196164,0.105,0.119,1
"LTB4R2",0.700635709306647,0.100910725520194,0.044,0.053,1
"PROCA1",0.700635709306647,0.143785719584027,0.052,0.046,1
"ERAL1",0.700710233403805,0.22728630395914,0.323,0.326,1
"DIS3L2",0.701241165714507,0.218414141396292,0.315,0.312,1
"GUSBP11",0.701303138705546,-0.175057453530363,0.032,0.039,1
"NPIPB13",0.701303138705546,-0.302458005421071,0.032,0.039,1
"DBF4",0.701366869300186,0.232422960373843,0.06,0.07,1
"SMC5-DT",0.701405432906767,-0.227772929152028,0.109,0.098,1
"ACBD6",0.701583334594955,-0.10545049477386,0.298,0.316,1
"USF2",0.701775215555226,0.269474796243712,0.302,0.309,1
"GGT6",0.702078299240873,0.167013581321128,0.185,0.175,1
"ZNF592",0.702088629877505,0.124802614350938,0.21,0.235,1
"SYNC",0.702340674950074,0.762246888250861,0.069,0.063,1
"ENSG00000207751",0.70236004326942,1.4349340500788,0.048,0.042,1
"HINT3",0.702559148255141,0.111910916900505,0.512,0.537,1
"ADAMTS13",0.702605727462122,0.293852830216497,0.089,0.081,1
"ZNF322",0.702611637899472,-0.129973294437332,0.181,0.196,1
"NCAPD3",0.702611638899758,0.275928727389435,0.153,0.144,1
"CCDC8",0.70266829749346,-0.154274060074653,0.492,0.505,1
"DANCR",0.702751547776474,0.157489382230194,0.371,0.379,1
"TAGAP-AS1",0.702777495890702,-0.193774264450471,0.101,0.112,1
"PHF7",0.702826778817447,0.150841286815572,0.194,0.218,1
"NUP88",0.703241088560721,0.179173956435062,0.476,0.491,1
"IFRD1",0.703264039165057,0.264420635447448,0.185,0.179,1
"KLF15",0.703359788640758,0.602107176908011,0.073,0.084,1
"CCN1",0.703560892050249,0.432037905686218,0.226,0.225,1
"LAMB4",0.703603913556503,-0.529908860510992,0.052,0.06,1
"DOHH",0.703668096667478,0.554790216035398,0.044,0.039,1
"MAPK10",0.703817991625679,-0.301934288680907,0.786,0.835,1
"ZNF555",0.703948618626408,0.31186131418799,0.056,0.067,1
"LRATD1",0.703997011523884,0.413239859240043,0.052,0.046,1
"LSM10",0.703997011523884,0.268695777339641,0.052,0.046,1
"C4orf46",0.704359076279407,0.646180870024498,0.073,0.067,1
"ANAPC11",0.704463413596443,0.36348768936739,0.391,0.414,1
"URB1-AS1",0.704732438009019,0.1946498418861,0.214,0.239,1
"SF3B6",0.704787518470492,0.137731576530067,0.673,0.698,1
"FANCB",0.705118735758193,0.321849936895074,0.052,0.046,1
"ENSG00000285884",0.705688099290316,0.15932911928068,0.145,0.161,1
"USF1",0.705855150104082,0.362569847988574,0.048,0.042,1
"SCRN3",0.706012246772522,0.196007222916501,0.169,0.158,1
"HIRA",0.706568434184028,0.148174398763138,0.194,0.214,1
"NLRC5",0.706749692933174,-0.257215862408423,0.052,0.06,1
"RAD17",0.706921304260256,0.302939058783184,0.343,0.372,1
"PYGO2",0.706990604964891,0.187814012888805,0.222,0.253,1
"CHD1-DT",0.707286682030806,0.143792284119804,0.141,0.133,1
"RNF43",0.707317100822597,0.547294341330924,0.081,0.095,1
"ZNF696",0.707364106324994,0.237648678249829,0.044,0.053,1
"ZNF630",0.707820520589148,-0.166906228163358,0.032,0.039,1
"ZNF763",0.708252260724069,0.703246176628964,0.089,0.081,1
"RTTN",0.708503143032791,0.62772195234183,0.161,0.154,1
"SAR1B",0.708684827575,0.121982576671438,0.508,0.512,1
"ELK1",0.708800568047365,0.245831953946794,0.109,0.102,1
"CEP83",0.709126131586142,-0.178344464601829,0.698,0.733,1
"RPL26L1",0.709252359909175,0.161271437300265,0.544,0.593,1
"RFLNA",0.70935647308538,0.448523612326075,0.048,0.042,1
"AJUBA-DT",0.709413963382235,0.271508226274039,0.056,0.049,1
"TMPO-AS1",0.709526200492302,0.805811432101054,0.04,0.035,1
"CC2D1B",0.70979847087327,-0.264244987989855,0.23,0.246,1
"COLGALT1",0.711034074917515,0.297074947773487,0.206,0.204,1
"SCOC-AS1",0.711062369818207,0.233546555763284,0.117,0.109,1
"ZNF525",0.711307347544443,0.142987185630433,0.137,0.154,1
"MIER2",0.711750345008166,0.146083456227482,0.125,0.14,1
"GPLD1",0.711862474217369,0.159614703835032,0.052,0.046,1
"SGF29",0.712003528511705,0.158585159449505,0.133,0.123,1
"WDR73",0.712081558214041,0.115259719364454,0.5,0.502,1
"PDLIM4",0.712714003591514,0.516749451079674,0.222,0.221,1
"ENSG00000287124",0.713049908455342,0.782854420574904,0.032,0.039,1
"SERPINF1",0.713049908455342,0.320162451253204,0.032,0.039,1
"SCGB2B2",0.713129181171604,-0.177101831867345,0.141,0.154,1
"ATG101",0.713246215007392,0.122912693706794,0.282,0.319,1
"CSNK1D",0.713272394621634,0.121396172897879,0.52,0.547,1
"ILDR1",0.713305897043608,0.438827527014113,0.214,0.242,1
"ENSG00000251613",0.713354483082388,0.511041066295432,0.04,0.035,1
"GLI4",0.713406074938867,0.685869245277996,0.044,0.039,1
"SLC52A3",0.713406074938867,0.537630050949796,0.044,0.039,1
"IFIT5",0.713646459187226,-0.119493070967844,0.185,0.2,1
"SLC27A6",0.713771909678582,0.270075219016631,0.157,0.179,1
"RSPH9",0.713805923395473,0.240311004470512,0.431,0.488,1
"FAM181B",0.713861977320185,0.101919869526735,0.214,0.246,1
"MAPKAPK5-AS1",0.713883442965557,0.558475120469046,0.222,0.225,1
"SPSB1",0.714031480399829,0.110950426293134,0.625,0.66,1
"MAPK9",0.714280948585098,0.445953186494514,0.339,0.358,1
"ENSG00000291126",0.714811237466195,0.168314577279419,0.093,0.105,1
"NDNF",0.715129650065022,-0.342283020958017,0.065,0.056,1
"PPCDC",0.71564339046928,-0.332948859210782,0.073,0.081,1
"ALKBH4",0.715660467964006,0.372660389103569,0.089,0.081,1
"CCDC117",0.715793675125052,0.152015744592283,0.173,0.196,1
"SBK1",0.715847957826188,0.402482418655962,0.044,0.039,1
"LTO1",0.71653624887744,0.212060445453306,0.202,0.2,1
"DCTN5",0.71661590959767,0.399879840778562,0.173,0.168,1
"TAFAZZIN",0.716951619371947,-0.213996067774644,0.133,0.144,1
"MBD3",0.716980835011846,0.162662954553103,0.032,0.039,1
"ATF3",0.717094418520551,0.198598197347971,0.444,0.446,1
"HMGB1P1",0.717271580292501,-0.187121776807342,0.052,0.06,1
"SORBS2",0.717500028629879,0.104650318857033,0.758,0.772,1
"PSMG3",0.717731592325375,-0.126245798837992,0.544,0.596,1
"FARSB",0.717920331242372,0.111483129579447,0.319,0.361,1
"SNHG7",0.718133808770375,0.154307071681888,0.266,0.26,1
"LINC02967",0.718291203663655,-0.164624480944345,0.601,0.582,1
"MRPL12",0.718292750880919,0.400216210565849,0.044,0.039,1
"BPNT1",0.718491164272023,0.180979842154221,0.294,0.295,1
"VANGL1",0.718497555448622,0.245891656602188,0.371,0.386,1
"UBA3",0.718874942454987,0.122751926523329,0.419,0.425,1
"VWCE",0.719087434690499,-0.408407477755536,0.036,0.042,1
"ZDHHC5",0.719107716552982,0.185942793976047,0.395,0.418,1
"LNCRNA-IUR",0.719442012882183,0.342185656920793,0.129,0.119,1
"SGSM2",0.71994956284616,0.586608763998784,0.125,0.14,1
"TTLL7",0.720043057103782,0.114013432983203,0.593,0.632,1
"ZXDC",0.720282999685369,0.129447454515494,0.452,0.453,1
"ENSG00000275964",0.720438744969961,-0.30105817874002,0.052,0.06,1
"FLYWCH2",0.720486559595933,0.242765446931404,0.375,0.396,1
"FTSJ3",0.720525916982163,0.176729295632138,0.202,0.228,1
"ANKK1",0.72074043136587,0.373075818111399,0.044,0.039,1
"TOE1",0.720781681444982,0.264130357432104,0.089,0.102,1
"CALML4",0.720919272918634,0.668867995872245,0.032,0.039,1
"PHGDH",0.721093847778217,0.539217345282207,0.085,0.077,1
"PRKCA",0.721100693888543,-0.139787547231156,0.153,0.165,1
"JADE1",0.721141821026273,-0.193533396406125,0.56,0.565,1
"GCAT",0.721414138941595,-0.43390516470832,0.02,0.025,1
"SERPINI2",0.721617159361366,-0.199394480791961,0.77,0.751,1
"ENSG00000290711",0.721965347265032,0.414678888566232,0.044,0.039,1
"ENSG00000235726",0.72224675799418,0.340420596231759,0.048,0.042,1
"CCDC137",0.722331650257888,0.413169573514332,0.242,0.242,1
"DMAP1",0.722946014175468,0.283480824506035,0.081,0.074,1
"HCFC1R1",0.722949192597695,0.131071880275374,0.363,0.372,1
"TEAD2",0.723156682354754,0.107529394661401,0.218,0.211,1
"SIRT7",0.723170014818753,0.281944061130289,0.218,0.218,1
"ZSCAN22",0.723190976455139,0.485099872387859,0.044,0.039,1
"PTOV1",0.723281020625003,0.216520977655056,0.52,0.526,1
"ZNF431",0.723751697892971,-0.133271739805256,0.153,0.165,1
"THAP10",0.724006697937922,0.131679064735775,0.21,0.235,1
"COX16",0.724058898533557,0.362938010005993,0.121,0.14,1
"TRMT2A",0.724098196162565,-0.192477135331217,0.036,0.042,1
"ENSG00000269621",0.724403026874007,0.364555915146143,0.137,0.133,1
"ABCC3",0.724461042274384,-0.288623674355844,0.113,0.123,1
"MOB2",0.724495822447474,0.226662422000035,0.117,0.133,1
"MMUT",0.724641062177925,0.132384257437255,0.456,0.474,1
"SLC25A35",0.724696496010687,0.447470490733648,0.31,0.34,1
"IGSF8",0.724790047769497,0.358789608621214,0.206,0.204,1
"ENSG00000260077",0.724865127093531,0.116340468484005,0.032,0.039,1
"ZNF347",0.724875845491725,0.302466422161574,0.121,0.112,1
"SINHCAF",0.724883385993204,-0.11422944749255,0.698,0.698,1
"ENSG00000205622",0.725287324674483,-0.11775980907102,0.089,0.081,1
"SERPINI1",0.725644363234733,0.33384426368117,0.044,0.039,1
"SEMA6A-AS1",0.725691058648286,-0.254192668643145,0.073,0.081,1
"FXN",0.725801894078668,0.502010379655962,0.153,0.151,1
"NPAT",0.726055164406251,0.43548291525761,0.173,0.165,1
"ZNF398",0.726082175440546,0.135740419212089,0.214,0.207,1
"ENSG00000262089",0.726167164456026,0.864467477059611,0.04,0.035,1
"POGLUT3",0.726167164456026,0.379666552100574,0.04,0.035,1
"HMBS",0.726182043358895,0.14567532886713,0.032,0.039,1
"UQCRC1",0.726283464015269,-0.18770240528539,0.302,0.312,1
"RSPH14",0.726304887646677,0.175578346232665,0.31,0.358,1
"ADAM8",0.726348719814211,-0.41049489492793,0.02,0.025,1
"SNED1-AS1",0.726872115073849,0.48165594908305,0.044,0.039,1
"RMND1",0.727105665106968,0.322608099794898,0.137,0.13,1
"POLG2",0.727449543132749,0.170866389584941,0.093,0.084,1
"EPOR",0.72766284200534,-0.165690450209151,0.125,0.137,1
"TNNT1",0.727864054450532,-0.278304088494659,0.036,0.042,1
"SCGB1D2",0.727872374976165,0.52584571999185,0.722,0.782,1
"CRIM1-DT",0.727996118686276,-0.590562111540134,0.02,0.025,1
"LLGL1",0.727996118686276,-0.300762038171959,0.02,0.025,1
"PXMP4",0.728244861704115,-0.25029790481278,0.181,0.189,1
"YARS2",0.728468462516943,0.454304820993962,0.19,0.189,1
"TRAPPC6B",0.728661000804881,0.530766599868866,0.093,0.088,1
"WDR86",0.728721324529005,0.293119658008085,0.298,0.291,1
"ABHD17A",0.728739056271123,0.508944844090321,0.04,0.035,1
"CHMP7",0.728916559934294,1.0154978916345,0.077,0.07,1
"MTG1",0.729311478339434,1.18127942353751,0.048,0.042,1
"CWC22",0.729396163242592,0.26231854090311,0.306,0.312,1
"ENSG00000248367",0.729644775252824,-0.558723146105074,0.02,0.025,1
"HILPDA-AS1",0.729644775252824,-0.326919351724482,0.02,0.025,1
"SESN3",0.729644775252824,-0.56962738908259,0.02,0.025,1
"KIAA0895L",0.729828108724119,0.430852414504472,0.133,0.13,1
"SNRPB2",0.729872938909358,0.134896132252892,0.677,0.73,1
"NDUFB10",0.729894240475318,0.151465009664371,0.452,0.47,1
"DRG1",0.729910185362553,-0.122950317686389,0.294,0.319,1
"RAB3GAP2",0.730087467948382,0.139039332466639,0.319,0.326,1
"DDT",0.73011819412894,-0.234420991927439,0.294,0.305,1
"ENSG00000290792",0.730257538219657,0.636741699192914,0.109,0.105,1
"FXYD6-AS1",0.73052819843579,0.158192035027908,0.081,0.091,1
"CIZ1",0.73100813406965,0.263764734043937,0.355,0.361,1
"LRPAP1",0.73100813406965,0.125688618347491,0.355,0.361,1
"SUCLG2-DT",0.731148105573086,0.304342907099449,0.133,0.151,1
"BNIPL",0.731294682529982,-0.863005747118557,0.02,0.025,1
"HENMT1",0.731294682529982,-0.645104445854808,0.02,0.025,1
"ENSG00000288398",0.731357805633524,0.406324428976342,0.23,0.242,1
"PHF1",0.731589602598104,0.235687244728901,0.423,0.435,1
"ZNF614",0.731790111418418,0.18065752203129,0.044,0.039,1
"ENSG00000288982",0.732102300418369,0.427226610537445,0.073,0.067,1
"SLC39A11",0.732157166226194,0.249710714543456,0.347,0.351,1
"LINC00205",0.7324657201402,0.258487334614768,0.234,0.228,1
"ACSS3",0.732889449964649,-0.126499735010219,0.185,0.196,1
"NUDT16-DT",0.732895423559137,-0.352777539596528,0.036,0.042,1
"ADAP2",0.732945833516529,-0.727638559479524,0.02,0.025,1
"HLA-DOA",0.732945833516529,-0.513007544782225,0.02,0.025,1
"FAM66C",0.73302134326758,0.246352189066507,0.044,0.039,1
"MAP3K7CL",0.73302134326758,0.219787321724286,0.044,0.039,1
"TARBP2",0.733292103616312,0.316321464882176,0.149,0.144,1
"ZNF785",0.733298544691091,0.288934518281365,0.121,0.137,1
"PKD1P6-NPIPP1",0.733891984001184,0.290250828652507,0.04,0.035,1
"NDUFS6",0.733988508797034,0.12863965372683,0.597,0.663,1
"WDR4",0.73401309981508,0.329315078572817,0.081,0.091,1
"ZNF230",0.734083834301675,0.314112133072592,0.077,0.07,1
"ENSG00000281593",0.734206974005458,-0.303747313421556,0.23,0.242,1
"AGK",0.734591793277351,0.192808402875707,0.262,0.256,1
"ENSG00000271918",0.734598221193988,-0.339986412556132,0.02,0.025,1
"HCCS-DT",0.734598221193988,-0.104344665497659,0.02,0.025,1
"LINC02798",0.734598221193988,-0.142659726156168,0.02,0.025,1
"SCAMP3",0.734724183347311,0.181096562269423,0.403,0.418,1
"RPP14",0.734810379404508,-0.427060199965977,0.04,0.046,1
"FRAT1",0.734888740650606,0.206630609514979,0.125,0.137,1
"ZNF426-DT",0.735182101521934,0.524062942522417,0.04,0.035,1
"USB1",0.735203244935805,0.207934739327828,0.145,0.165,1
"DNTTIP1",0.735574457426744,0.172803960853018,0.391,0.404,1
"ENSG00000272831",0.735601681738117,0.126780588959623,0.294,0.326,1
"ENSG00000225335",0.735634798269737,0.267533987027665,0.048,0.056,1
"UTP15",0.735757612622245,0.171561398065522,0.081,0.091,1
"PLEKHA6",0.736168532670116,0.154972432714649,0.19,0.207,1
"LINC01252",0.736251838526712,-0.231171415883535,0.02,0.025,1
"CCDC200",0.736922410485735,-0.102753087815664,0.065,0.074,1
"DAGLB",0.736922410485735,0.572319357577397,0.073,0.067,1
"BIK",0.736939282110173,0.142206766068791,0.093,0.084,1
"DDIT3",0.737207747604255,-0.129777808852316,0.117,0.13,1
"RUBCN",0.737361050674976,0.312631407493706,0.113,0.105,1
"NUDT6",0.737385534910109,0.170022224841807,0.089,0.102,1
"FBXW8",0.737541760906003,0.12851024967709,0.173,0.193,1
"ZNF816",0.737551560575633,0.710573754210148,0.121,0.119,1
"ZNF211",0.737741671105369,0.107778747365531,0.371,0.404,1
"CYP2R1",0.73790667846197,-0.265367324246533,0.02,0.025,1
"RUNX2",0.73790667846197,-0.181704953603884,0.02,0.025,1
"ADCY6-DT",0.73790667846197,-0.155730265618603,0.02,0.025,1
"SUGT1-DT",0.737938295987529,-0.222370218249947,0.036,0.042,1
"TMEM132C",0.737966051776265,-0.188372069638211,0.129,0.14,1
"KAT2B",0.738077611643522,0.340536278351935,0.121,0.116,1
"DIP2C",0.739128117638604,0.142616040522193,0.181,0.175,1
"ZRANB3",0.739320833260458,0.596869286032316,0.097,0.091,1
"SMG6",0.739375432280418,0.206219347080119,0.218,0.242,1
"BTG4",0.739541102849131,0.233208178800583,0.157,0.175,1
"ENSG00000286652",0.739562733930043,0.106213663302569,0.02,0.025,1
"EIF1B-AS1",0.739736177075918,-0.117159516714628,0.097,0.105,1
"ASH1L-AS1",0.73977959219622,1.10222835713238,0.093,0.088,1
"MBTD1",0.739868818883811,0.329514062159538,0.169,0.165,1
"HPS6",0.739946734070367,0.210938944505672,0.085,0.077,1
"OBI1",0.740394486812423,0.394032756088416,0.161,0.158,1
"TMEM91",0.740637159565211,0.185724661614767,0.093,0.088,1
"CHCHD5",0.740821984347632,0.448262442879319,0.347,0.344,1
"ACAD10",0.740888372989188,0.395016852104851,0.21,0.235,1
"RNF180",0.74109837028448,0.247464130178496,0.226,0.225,1
"CDC42",0.741219997844305,0.288000035319022,0.02,0.025,1
"ENSG00000268533",0.741219997844305,0.130388677334309,0.02,0.025,1
"LINC01036",0.741219997844305,-0.142939921520012,0.02,0.025,1
"ZNF157",0.741219997844305,-0.147974703907095,0.02,0.025,1
"GFER",0.741562347921498,0.245952162039381,0.194,0.189,1
"VPS33A",0.741806069198633,0.301820153694036,0.165,0.161,1
"OTULIN",0.74184684950267,-0.10184288501662,0.089,0.098,1
"ATP7B",0.741874092146857,0.112142602215715,0.081,0.091,1
"HCG27",0.742122184236273,0.93026228986004,0.032,0.028,1
"S100A1",0.742144006801487,0.146810951556773,0.101,0.112,1
"TPX2",0.742281922895831,0.441848410662136,0.036,0.032,1
"ZNF622",0.742505973959433,0.615296805847723,0.181,0.182,1
"NME3",0.742559690356754,0.378799555781367,0.117,0.112,1
"NAAA",0.742590603207289,0.110663483981317,0.367,0.407,1
"ENSG00000275645",0.742593931485232,0.792713825113019,0.097,0.109,1
"ENSG00000259802",0.742670869381554,0.601295784942327,0.069,0.063,1
"NOD1",0.742670869381554,0.490007647303462,0.069,0.063,1
"ABI2",0.742710184265337,0.149776231069042,0.746,0.786,1
"TBP",0.742859061382037,0.166821732192543,0.27,0.274,1
"JOSD1",0.742897667347811,0.374943924619375,0.101,0.095,1
"C8orf58",0.742938387485387,0.319012162135691,0.04,0.035,1
"CPEB2",0.743181354309774,0.335594749177887,0.113,0.109,1
"ELOVL5",0.743462540772487,0.142162180767978,0.347,0.358,1
"RHPN1-AS1",0.743564401989245,0.703799613578325,0.032,0.028,1
"AKAP1-DT",0.743765186691617,0.185984789023224,0.194,0.193,1
"GAL",0.743919131543026,0.579736050565301,0.383,0.418,1
"ENSG00000250917",0.744257758203068,-0.279510660112945,0.036,0.042,1
"ENSG00000286171",0.744257758203068,-0.252599190387438,0.036,0.042,1
"PNPLA2",0.744330932617438,0.176485089263185,0.681,0.716,1
"ENSG00000291062",0.744454328801246,0.256851766126523,0.077,0.07,1
"ENSG00000258699",0.744494058947567,0.208764239348068,0.222,0.249,1
"SUCLA2",0.744532713713613,0.27099835940892,0.298,0.305,1
"TMCC3",0.744538122580935,-0.100427386978432,0.02,0.025,1
"LINC00511",0.744807254328574,-0.117331658939977,0.278,0.302,1
"MED17",0.744929812657932,0.421055639403028,0.093,0.088,1
"C2orf49-DT",0.745399435259955,0.12201550614948,0.069,0.077,1
"RBM15B",0.745640151081681,0.109445278115963,0.355,0.361,1
"DMAC1",0.745641537238131,0.305147780144212,0.395,0.421,1
"ENSG00000288827",0.746198969146355,0.148876610365106,0.02,0.025,1
"GLOD5",0.746198969146355,0.412972692495958,0.02,0.025,1
"CERS6",0.746498941854851,0.491476363545667,0.133,0.13,1
"TMEM203",0.746546753768853,0.247264280491601,0.133,0.151,1
"FMO3",0.746589219888082,0.25456052371803,0.133,0.144,1
"ENSG00000289440",0.746653790968595,0.227319750502865,0.048,0.056,1
"SRR",0.74700141987703,0.424090723141196,0.129,0.123,1
"RASGRF2",0.747098712350093,0.193494131161719,0.105,0.116,1
"PIK3IP1",0.747207293111515,0.30359750936336,0.242,0.242,1
"ATXN3",0.74732505695726,0.14608529207943,0.21,0.235,1
"GMPS",0.747577383975167,-0.154046063521072,0.169,0.179,1
"ENSG00000286362",0.747736275004612,0.511402361826584,0.036,0.032,1
"MYOM1",0.747736275004612,0.66301402914597,0.036,0.032,1
"GCNA",0.747860995644254,-0.339858455966151,0.02,0.025,1
"RHOF",0.747860995644254,0.44106942390685,0.02,0.025,1
"TMEM225B",0.747860995644254,1.08062498267789,0.02,0.025,1
"SNRNP25",0.747951768935716,0.214606801519238,0.133,0.151,1
"IMMP1L",0.748021435080943,0.135311530951957,0.363,0.365,1
"ENSG00000259132",0.748122251700693,-0.431263585256992,0.04,0.046,1
"ENSG00000270996",0.748237025788483,0.18678428787153,0.069,0.077,1
"RARG",0.748386849713657,0.259583848794875,0.077,0.088,1
"TOMM34",0.74838920172615,0.102459349185168,0.359,0.404,1
"ALKBH8",0.748697276456936,-0.163887740574204,0.097,0.105,1
"LINC01852",0.749101850796301,0.45747884919449,0.036,0.032,1
"PRKAR2B",0.749101850796301,0.471838543645992,0.036,0.032,1
"RDH11",0.749124864819961,0.165014812435181,0.46,0.47,1
"ZNF704",0.749384643143171,0.26935617727236,0.355,0.368,1
"ASB16-AS1",0.749410620575096,0.393611667274135,0.125,0.137,1
"ENSG00000284428",0.749421991125084,0.339434035752908,0.04,0.035,1
"ENSG00000291180",0.749421991125084,0.123133786535818,0.04,0.035,1
"LINC02649",0.749686730721724,0.482252642424555,0.105,0.119,1
"PCCA-DT",0.7497451163418,0.252356181792723,0.331,0.344,1
"ENSG00000228084",0.750473335839268,0.256591167487094,0.065,0.074,1
"RPL36A",0.750473335839268,0.269526966068771,0.073,0.067,1
"DGKA",0.750594487834448,-0.100649101590712,0.036,0.042,1
"SLC12A3",0.750788900451082,1.4307418472481,0.032,0.028,1
"CDCP1",0.750942461601093,0.218825360931837,0.46,0.488,1
"ENSG00000289899",0.751188559742019,0.434372942553428,0.02,0.025,1
"RUNX3",0.751188559742019,0.328729277464258,0.02,0.025,1
"TMPRSS7",0.751188559742019,0.428936059826148,0.02,0.025,1
"AXDND1",0.751249262069707,0.11743058503035,0.137,0.13,1
"ZNF212",0.751270406346928,0.186537434803178,0.161,0.154,1
"CASP4",0.751421532384698,0.111575992409305,0.512,0.572,1
"RWDD2B",0.751697821499233,0.127832510061079,0.101,0.112,1
"KIAA2026",0.751748332612614,-0.188213583829101,0.411,0.414,1
"ZFR2",0.75176602558699,-0.299054001687703,0.04,0.046,1
"LINC00294",0.751814513720391,0.522370800429432,0.093,0.088,1
"TFAM",0.752060067008095,0.143165669730297,0.427,0.425,1
"NR1D1",0.752198028353994,0.472270547237569,0.129,0.123,1
"ENSG00000282386",0.752236449105919,0.746656727410187,0.032,0.028,1
"ENSG00000290399",0.752236449105919,0.694330591788846,0.032,0.028,1
"NR2F2-AS1",0.752366330051622,0.416193553747139,0.052,0.06,1
"RASGEF1B",0.752406642433262,0.144126308600977,0.359,0.389,1
"CAV1",0.752854082953355,0.259200814611681,0.02,0.025,1
"ENSG00000289084",0.752854082953355,0.15279352580289,0.02,0.025,1
"DND1",0.753203285197952,0.366551269419391,0.036,0.032,1
"NANOS1",0.753203285197952,0.3008605575355,0.036,0.032,1
"SNHG4",0.753203285197952,0.42217705507279,0.036,0.032,1
"ZNF567",0.753293875441722,0.552690012658889,0.109,0.105,1
"BORCS5",0.753400736264138,-0.193640193471388,0.125,0.133,1
"BIRC6",0.753443909453045,-0.139941258463089,0.431,0.446,1
"NBL1",0.753684869712439,0.491749230125706,0.032,0.028,1
"COA6-AS1",0.753746670299902,0.34984644640064,0.153,0.151,1
"SMARCA1",0.753943213226532,0.181124485802735,0.375,0.396,1
"ZNF688",0.754284276597471,0.216175837506332,0.403,0.432,1
"ACKR4",0.754404648809058,0.3114826941154,0.036,0.042,1
"RASL11A",0.75452075732029,0.252050390537421,0.02,0.025,1
"STAT4",0.754621679739365,0.190122040061553,0.04,0.035,1
"ENSG00000291131",0.754800706607184,0.359908367887933,0.149,0.144,1
"RRAGB",0.754999056488947,0.127608577978581,0.202,0.221,1
"MIR210HG",0.755134157522533,0.507073347262293,0.032,0.028,1
"GTF3C5",0.755184537731478,0.128405493367717,0.081,0.074,1
"EXOC6",0.755689932416559,0.16292929401938,0.101,0.112,1
"SRGAP2C",0.75596836820069,0.205301157665839,0.294,0.295,1
"ATF7IP",0.755977268112303,0.102686453511842,0.496,0.495,1
"ENSG00000285664",0.756188575608177,0.365383887466945,0.02,0.025,1
"ENSG00000288954",0.756188575608177,0.534963138806432,0.02,0.025,1
"VCPKMT",0.756459063798544,0.410181065932987,0.085,0.081,1
"MICOS13",0.756463855822672,0.2760088253317,0.395,0.407,1
"BSDC1",0.756581704621225,0.169408648198492,0.565,0.6,1
"SULF1",0.756584307778934,0.663074158253474,0.032,0.028,1
"DCBLD1",0.756612173760523,0.576066934183574,0.06,0.07,1
"FEN1",0.756661232189668,0.261864629047099,0.129,0.123,1
"CCT6B",0.756880586742113,0.758388871361444,0.081,0.077,1
"PSMB8",0.756949059116524,0.181196835063843,0.327,0.361,1
"HNF1B",0.757169722135351,0.166536630840619,0.29,0.312,1
"GRB7",0.757277098618807,0.325499416220165,0.21,0.207,1
"CENPL",0.757311696227261,0.209968105250375,0.036,0.032,1
"YIF1B",0.757337752331458,0.143346068717753,0.254,0.249,1
"CSE1L",0.757452689510764,0.34187558970249,0.302,0.319,1
"ENSG00000231412",0.757454290441906,-0.125794756607883,0.056,0.063,1
"PRRT3",0.757624554268964,0.678643868386526,0.06,0.056,1
"KCNJ2-AS1",0.757739024871884,0.631397399463532,0.065,0.06,1
"TMEM263-DT",0.757857530566384,0.681348710927807,0.02,0.025,1
"LINC00534",0.758035315715272,0.761840786148014,0.032,0.028,1
"SMIM10L2A",0.758220796638557,0.252686346368975,0.036,0.042,1
"EPHB4",0.758496339866393,-0.140764986080082,0.056,0.063,1
"NOTCH2NLA",0.758624322748838,0.446521653053848,0.165,0.168,1
"PRDM10",0.758889672022629,0.52601087882207,0.113,0.109,1
"YTHDF2",0.758975924089105,0.110268930118755,0.548,0.6,1
"ENSG00000285080",0.759001418581039,0.320858631605071,0.327,0.344,1
"FSIP2",0.75903144882826,0.273156738343101,0.044,0.039,1
"ATXN1-AS1",0.759487176556108,0.458974604270311,0.032,0.028,1
"ARPC4",0.75949525803832,0.167545066480412,0.46,0.491,1
"RREB1",0.75963746268794,0.105416227976592,0.431,0.47,1
"CD320",0.760054459321296,0.190224594417988,0.036,0.032,1
"SMIM35",0.760054459321296,0.236993631080701,0.036,0.032,1
"MCMBP",0.760503613383551,0.165404250861632,0.302,0.309,1
"YKT6",0.760702094795468,0.226100309352721,0.214,0.211,1
"SEMA4G",0.761313214466684,0.33444954134692,0.093,0.088,1
"EIF4E",0.761763929195194,0.109706233334663,0.48,0.481,1
"MYOCOS",0.761906443790329,-0.248122858605178,0.246,0.26,1
"U2SURP",0.762164496300785,0.134960781674245,0.762,0.779,1
"ZNF136",0.762389568659926,0.220703577466098,0.161,0.179,1
"IRF2-DT",0.762393437804506,0.47633202885519,0.032,0.028,1
"HLA-DQA2",0.76246884837736,-1.34758714113398,0.008,0.011,1
"PRR5L",0.76246884837736,-1.21520612348745,0.008,0.011,1
"RIDA",0.762677325687071,-0.139490764999969,0.371,0.396,1
"SNHG17",0.763106862919479,0.119273697086706,0.052,0.06,1
"TTC8",0.76313117123702,0.153097690743564,0.5,0.561,1
"PES1",0.763253232313728,0.135654720864544,0.157,0.175,1
"MCF2L2",0.763847828616306,0.389370115853884,0.032,0.028,1
"RCBTB2",0.764104282334838,0.201751364006985,0.165,0.182,1
"ZNF579",0.764122429178042,0.498279960295331,0.157,0.158,1
"ZNF121",0.764148408587831,0.194354809730284,0.181,0.179,1
"MIS18A",0.764358169587419,0.2716274666681,0.202,0.228,1
"SFSWAP",0.764480883281209,0.380539651308152,0.367,0.418,1
"ENSG00000250519",0.765044303940578,-0.778216967221637,0.008,0.011,1
"ENSG00000270062",0.765044303940578,-0.667489339174959,0.008,0.011,1
"ENSG00000272040",0.765044303940578,-0.444380420152318,0.008,0.011,1
"ENSG00000272625",0.765044303940578,-0.339942266796325,0.008,0.011,1
"C9orf163",0.765044303940578,-0.468890062257612,0.008,0.011,1
"DSTYK",0.765201224009722,0.129167528873611,0.472,0.46,1
"TDP1",0.765266558616859,0.180615669963961,0.27,0.274,1
"SH3YL1",0.765291989862466,0.106235125289707,0.573,0.6,1
"CEP57L1",0.765356297320149,-0.101018825145693,0.198,0.211,1
"WARS2",0.765492694880478,0.327870407431872,0.266,0.263,1
"ABCC6P1",0.765566864432506,1.08850616190728,0.028,0.025,1
"MINDY1",0.765730504262013,0.146072853125241,0.177,0.172,1
"KIAA1586",0.765968753841001,0.413311486491104,0.065,0.06,1
"DGKZ",0.766058695694781,0.298091434330972,0.137,0.133,1
"DDX10",0.766364829726309,0.211769475437425,0.27,0.274,1
"B4GALT1-AS1",0.766759106559078,0.438873248090149,0.032,0.028,1
"CSRNP3",0.766999350928362,0.597346513129029,0.065,0.06,1
"AKR7A3",0.767622360111861,-0.556892722198465,0.008,0.011,1
"ARHGAP11B",0.767622360111861,-0.28411934529271,0.008,0.011,1
"C6orf223",0.767622360111861,-0.493207609838469,0.008,0.011,1
"CXCR4",0.767622360111861,-0.257522646245217,0.008,0.011,1
"EMID1",0.767622360111861,-0.251142375807416,0.008,0.011,1
"ENSG00000197813",0.767622360111861,-0.118294496394915,0.008,0.011,1
"ENSG00000237422",0.767622360111861,-0.267834113204621,0.008,0.011,1
"ENSG00000258902",0.767622360111861,-0.430797576989364,0.008,0.011,1
"ENSG00000267131",0.767622360111861,-0.298215262557619,0.008,0.011,1
"ENSG00000269886",0.767622360111861,-0.298353808874745,0.008,0.011,1
"ENSG00000271265",0.767622360111861,-0.518051961256511,0.008,0.011,1
"ENSG00000272501",0.767622360111861,-0.746419424549623,0.008,0.011,1
"ENSG00000272733",0.767622360111861,-0.421848030887519,0.008,0.011,1
"ENSG00000273035",0.767622360111861,-0.721127058883767,0.008,0.011,1
"ENSG00000276533",0.767622360111861,-0.372096569385406,0.008,0.011,1
"ENSG00000276651",0.767622360111861,-0.492472246338433,0.008,0.011,1
"ENSG00000284057",0.767622360111861,-0.796058290897488,0.008,0.011,1
"ENSG00000286854",0.767622360111861,-0.437541440946607,0.008,0.011,1
"ENSG00000287133",0.767622360111861,-0.326875741636247,0.008,0.011,1
"ENSG00000289603",0.767622360111861,-0.307095097570619,0.008,0.011,1
"ENSG00000290955",0.767622360111861,-0.388274993709981,0.008,0.011,1
"ERFE",0.767622360111861,-0.67805874502959,0.008,0.011,1
"FAM90A1",0.767622360111861,-0.294151049777462,0.008,0.011,1
"GALNT6",0.767622360111861,-0.240155551330202,0.008,0.011,1
"HOXD3",0.767622360111861,-0.288263073878977,0.008,0.011,1
"LRRN1",0.767622360111861,-0.557484063872101,0.008,0.011,1
"MPZ",0.767622360111861,-0.351372386146422,0.008,0.011,1
"NOX5",0.767622360111861,-0.624410417831579,0.008,0.011,1
"RAB37",0.767622360111861,-0.607816839555498,0.008,0.011,1
"SHISA6",0.767622360111861,-0.369687903035886,0.008,0.011,1
"SLFNL1-AS1",0.767622360111861,-0.542461297741249,0.008,0.011,1
"TMC7",0.767622360111861,-0.26439680385024,0.008,0.011,1
"WEE2",0.767622360111861,-0.138501429067666,0.008,0.011,1
"ENSG00000226578",0.767622360111861,-0.252869278056247,0.008,0.011,1
"ENSG00000235052",0.767622360111861,-0.358811309835511,0.008,0.011,1
"PRDX4",0.767648753317228,0.12106207995219,0.411,0.477,1
"CLIP4",0.767882761678803,0.255827088004442,0.113,0.126,1
"ITM2C",0.768099051028158,0.228253282262483,0.218,0.218,1
"EOLA2",0.768215984041186,0.405934120020044,0.032,0.028,1
"MIR762HG",0.768215984041186,0.339856650289605,0.032,0.028,1
"VPS16",0.768589816277531,0.202352620546837,0.109,0.123,1
"ARAP1",0.768698759286622,0.133793000222531,0.125,0.14,1
"FBXL16",0.768845775907858,0.452439571471585,0.048,0.056,1
"DTD2",0.769254916599592,0.317984978417412,0.157,0.179,1
"PDP2",0.769363802589347,0.310608218814764,0.109,0.123,1
"CLASP1-AS1",0.769673680749949,0.243228378225375,0.032,0.028,1
"GOLGA4-AS1",0.769673680749949,0.143287522258997,0.032,0.028,1
"ENSG00000184441",0.769677702385076,0.131774361330883,0.036,0.032,1
"ENSG00000286429",0.769987457659821,0.110260765839346,0.056,0.063,1
"ZNF768",0.770139431673635,0.511049673642657,0.125,0.123,1
"ARL14EP-DT",0.770202990087464,-0.260843852080519,0.008,0.011,1
"BASP1-AS1",0.770202990087464,-0.404242105456443,0.008,0.011,1
"CAPN3",0.770202990087464,-0.118942248995683,0.008,0.011,1
"ENSG00000242396",0.770202990087464,-0.172216868380473,0.008,0.011,1
"ENSG00000248428",0.770202990087464,-0.126318866239492,0.008,0.011,1
"ENSG00000255621",0.770202990087464,-0.144693215943057,0.008,0.011,1
"ENSG00000285649",0.770202990087464,-0.132953666917417,0.008,0.011,1
"FKBP1C",0.770202990087464,-0.245858821335093,0.008,0.011,1
"FSHR",0.770202990087464,-0.125553966130587,0.008,0.011,1
"LURAP1",0.770202990087464,-0.496788739656943,0.008,0.011,1
"NOS1AP",0.770202990087464,-0.1255658584282,0.008,0.011,1
"PCDH9",0.770202990087464,-0.251228202904463,0.008,0.011,1
"PFKFB1",0.770202990087464,-0.144236957138944,0.008,0.011,1
"PPP1R15B-AS1",0.770202990087464,-0.106405610875322,0.008,0.011,1
"SKIDA1",0.770202990087464,-0.163671498760471,0.008,0.011,1
"TRPC1",0.770202990087464,-0.108747835289184,0.008,0.011,1
"UGT3A2",0.770202990087464,-0.20652796997398,0.008,0.011,1
"ZC3H11B",0.770202990087464,0.158198340829973,0.008,0.011,1
"ZNF516-DT",0.770202990087464,0.193413703205224,0.008,0.011,1
"LINC01632",0.770202990087464,-0.215148082255169,0.008,0.011,1
"LINC01547",0.77023116145209,-0.667235758136003,0.024,0.028,1
"C2CD5-AS1",0.77023116145209,0.600173902448156,0.028,0.025,1
"ENSG00000214558",0.77023116145209,0.882726905707119,0.028,0.025,1
"CCNC",0.770234360678973,0.108059921845272,0.222,0.242,1
"RNASEH1-DT",0.770652601734369,0.336950475003293,0.052,0.06,1
"CDK4",0.771033274373864,0.434534514471684,0.149,0.147,1
"AKTIP",0.771267345970017,0.220261099588501,0.165,0.182,1
"SIRT4",0.771787785156223,-0.420545541213112,0.024,0.028,1
"PSAT1",0.771787785156223,0.932711586127367,0.028,0.025,1
"SHMT2",0.77209440877504,0.197334370828166,0.125,0.137,1
"ADAMTS3",0.772433801219483,0.270410468015111,0.036,0.032,1
"TYSND1",0.772534137818066,0.608133739079781,0.081,0.077,1
"ARL14",0.772786166978148,-0.726377186500278,0.008,0.011,1
"ENSG00000234902",0.772786166978148,0.167938987752811,0.008,0.011,1
"ENSG00000272631",0.772786166978148,-0.112550997739848,0.008,0.011,1
"ENSG00000273026",0.772786166978148,0.126429455056095,0.008,0.011,1
"ENSG00000286133",0.772786166978148,-0.157640384345901,0.008,0.011,1
"ENSG00000287398",0.772786166978148,-0.232876613997472,0.008,0.011,1
"ENSG00000289339",0.772786166978148,0.358688984636663,0.008,0.011,1
"EPHA1-AS1",0.772786166978148,-0.465550812037892,0.008,0.011,1
"FAM72A",0.772786166978148,0.260775773476179,0.008,0.011,1
"GAB3",0.772786166978148,-0.29956354515739,0.008,0.011,1
"HTR1D",0.772786166978148,-0.250344068590786,0.008,0.011,1
"IYD",0.772786166978148,0.226458399405479,0.008,0.011,1
"LINC01630",0.772786166978148,-0.106005570947196,0.008,0.011,1
"LINC01722",0.772786166978148,0.100589237102231,0.008,0.011,1
"LMCD1",0.772786166978148,-0.105056540024078,0.008,0.011,1
"MAGEE1",0.772786166978148,0.138473401864552,0.008,0.011,1
"MEI4",0.772786166978148,-0.104298950065203,0.008,0.011,1
"PTGES3L",0.772786166978148,-0.390939569121988,0.008,0.011,1
"RIMBP3C",0.772786166978148,-0.359136529836177,0.008,0.011,1
"UQCRFS1-DT",0.772786166978148,0.32201408811898,0.008,0.011,1
"ZNF804B",0.772786166978148,-0.436753551904197,0.008,0.011,1
"ENSG00000278035",0.772786166978148,-0.159917831019821,0.008,0.011,1
"TRBV20OR9-2",0.772786166978148,-0.212783814444853,0.008,0.011,1
"GTPBP2",0.773000251675136,0.331903079977749,0.202,0.207,1
"SLC18B1",0.773128086504721,0.184462412073933,0.508,0.544,1
"ELP2",0.773207275628482,-0.107557997506419,0.452,0.47,1
"FAM178B",0.77334532804805,0.638994123169383,0.028,0.025,1
"MROH9",0.773444295755221,-0.409054872180327,0.589,0.604,1
"OSBPL5",0.773580599507834,0.338421986692041,0.089,0.084,1
"DEF8",0.773752831524003,0.538641122197056,0.181,0.182,1
"LINC00630",0.774051637730673,0.117129786985731,0.032,0.028,1
"AQP4",0.774051637730673,0.296814972346251,0.032,0.028,1
"ENSG00000170846",0.774290768348378,0.186414419979357,0.097,0.109,1
"IWS1",0.774339204795102,0.129658318151497,0.653,0.702,1
"A4GALT",0.774511460143881,0.226968226302723,0.278,0.281,1
"ENSG00000278385",0.77466828476311,-0.310841533307475,0.044,0.049,1
"ENSG00000269918",0.774903784214213,-0.285809504632343,0.024,0.028,1
"NSMCE1-DT",0.774903784214213,-0.321856284152589,0.024,0.028,1
"ASMTL",0.774903784214213,0.510268806727443,0.028,0.025,1
"ENSG00000271109",0.774968805783624,-0.116510126993068,0.04,0.046,1
"PRR3",0.775194705042783,0.401916724587176,0.157,0.175,1
"TAF4B",0.775258826044939,0.391227570107445,0.065,0.06,1
"DPYS",0.775371863810018,0.685835564499294,0.008,0.011,1
"EIF2B5-DT",0.775371863810018,0.282157153816537,0.008,0.011,1
"ENSG00000246308",0.775371863810018,0.988615565695602,0.008,0.011,1
"ENSG00000248884",0.775371863810018,0.187085382837616,0.008,0.011,1
"ENSG00000254452",0.775371863810018,0.351939829541243,0.008,0.011,1
"ENSG00000259899",0.775371863810018,0.235759884859001,0.008,0.011,1
"ENSG00000260364",0.775371863810018,0.118159751264305,0.008,0.011,1
"ENSG00000260517",0.775371863810018,0.251150686237774,0.008,0.011,1
"ENSG00000272172",0.775371863810018,0.19431373625561,0.008,0.011,1
"ENSG00000272182",0.775371863810018,0.109965181836162,0.008,0.011,1
"ENSG00000290888",0.775371863810018,0.131347179472014,0.008,0.011,1
"FOXO6",0.775371863810018,0.104515177515311,0.008,0.011,1
"KLRC1",0.775371863810018,0.262652732460781,0.008,0.011,1
"LINC01695",0.775371863810018,0.709215216461089,0.008,0.011,1
"LINC02882",0.775371863810018,0.409631508039514,0.008,0.011,1
"LRFN5",0.775371863810018,0.56910628979478,0.008,0.011,1
"POLR2J2",0.775371863810018,0.221749828738544,0.008,0.011,1
"PRG4",0.775371863810018,0.474254617877294,0.008,0.011,1
"RNASEH2A",0.775371863810018,0.419774256337202,0.008,0.011,1
"SDK2",0.775371863810018,0.236720995592685,0.008,0.011,1
"SH3TC2",0.775371863810018,0.324831819494612,0.008,0.011,1
"SWINGN",0.775371863810018,0.483266794714158,0.008,0.011,1
"ENSG00000286790",0.775371863810018,0.122683414695762,0.008,0.011,1
"ZNF684",0.775659123886854,0.200421579626997,0.069,0.063,1
"ATP1B3",0.776199455333192,-0.148505035283391,0.415,0.446,1
"SLC39A3",0.776231077903011,0.511113191674913,0.081,0.077,1
"HSPG2",0.776253348397007,-0.142640455329841,0.06,0.067,1
"MRPS34",0.776399440282762,0.375628185203321,0.29,0.305,1
"TBC1D3L",0.776463147730314,0.588151188840939,0.028,0.025,1
"LLGL2",0.7765397272169,0.141656958531752,0.69,0.737,1
"PCCB",0.776551135384823,0.251646526408472,0.238,0.263,1
"ETFDH",0.776641771280365,0.274210297931452,0.173,0.189,1
"ENSG00000225647",0.776734766360838,-0.614348488996441,0.089,0.081,1
"PTPDC1",0.777327714554349,0.294271977000994,0.065,0.06,1
"HPS4",0.777441755470744,0.157854380387085,0.306,0.347,1
"METAP1",0.777715883744186,0.131152099395828,0.48,0.488,1
"SURF4",0.777766917657306,0.115199841959101,0.387,0.407,1
"ZNF570",0.777820015469974,0.436247688533278,0.121,0.119,1
"BST1",0.777960053525363,0.154956161551329,0.008,0.011,1
"CCL4",0.777960053525363,0.459241074593495,0.008,0.011,1
"CLDN14",0.777960053525363,0.475712878732518,0.008,0.011,1
"ENSG00000233030",0.777960053525363,0.501931614480982,0.008,0.011,1
"ENSG00000235978",0.777960053525363,0.663262119852631,0.008,0.011,1
"ENSG00000254340",0.777960053525363,0.26306397924011,0.008,0.011,1
"ENSG00000254409",0.777960053525363,0.104157733526979,0.008,0.011,1
"ENSG00000258768",0.777960053525363,0.410200455137398,0.008,0.011,1
"ENSG00000261167",0.777960053525363,0.259667656929154,0.008,0.011,1
"ENSG00000267484",0.777960053525363,0.188992669756957,0.008,0.011,1
"ENSG00000270117",0.777960053525363,0.133629524722391,0.008,0.011,1
"ENSG00000284999",0.777960053525363,0.10389385217794,0.008,0.011,1
"ENSG00000285589",0.777960053525363,1.04589861245316,0.008,0.011,1
"ENSG00000285692",0.777960053525363,0.213012677873217,0.008,0.011,1
"ENSG00000288520",0.777960053525363,0.3330745354575,0.008,0.011,1
"ENSG00000288759",0.777960053525363,0.562943494323766,0.008,0.011,1
"ENSG00000289123",0.777960053525363,0.497882645586458,0.008,0.011,1
"ENSG00000289419",0.777960053525363,0.272144005502374,0.008,0.011,1
"ENSG00000289843",0.777960053525363,0.400109863061436,0.008,0.011,1
"ENSG00000290931",0.777960053525363,0.470777714826845,0.008,0.011,1
"ENSG00000290960",0.777960053525363,0.390721833519736,0.008,0.011,1
"KLRB1",0.777960053525363,1.5919062126943,0.008,0.011,1
"LCK",0.777960053525363,0.139007607809384,0.008,0.011,1
"LINC01591",0.777960053525363,0.339048589955322,0.008,0.011,1
"LINC02267",0.777960053525363,0.29037153828512,0.008,0.011,1
"LOXL4",0.777960053525363,0.96456439223003,0.008,0.011,1
"LY6E",0.777960053525363,0.532378102940378,0.008,0.011,1
"NFIB-AS1",0.777960053525363,0.49877912214085,0.008,0.011,1
"NRM",0.777960053525363,0.243727831724032,0.008,0.011,1
"OBI1-AS1",0.777960053525363,0.246550448156651,0.008,0.011,1
"PEF1-AS1",0.777960053525363,0.449230068505859,0.008,0.011,1
"RAVER1",0.777960053525363,0.317652308945969,0.008,0.011,1
"TRAM1L1",0.777960053525363,0.376792120415753,0.008,0.011,1
"ENSG00000258172",0.777960053525363,0.623534301936047,0.008,0.011,1
"ENSG00000258857",0.777960053525363,0.266845870539905,0.008,0.011,1
"LINC02244",0.777960053525363,1.07954405542586,0.008,0.011,1
"MED15P9",0.777960053525363,0.100070273605391,0.008,0.011,1
"RAI14-DT",0.777960053525363,0.535312537536959,0.008,0.011,1
"PDSS1",0.778023412660989,0.693108960084279,0.028,0.025,1
"NPIPA2",0.778037841181979,1.10931018489813,0.056,0.053,1
"ENSG00000263551",0.778436792771259,-0.297711981679835,0.032,0.028,1
"PRKAG2-AS1",0.778651442358616,-0.229875455748802,0.04,0.046,1
"TMEM139",0.77872988407566,0.103076442852626,0.367,0.404,1
"ZMYND19",0.779004939969356,-0.212896634359185,0.065,0.07,1
"IFI35",0.779246220980213,0.326728759472408,0.153,0.151,1
"AFF4",0.779297930739027,0.113364544425416,0.544,0.575,1
"ACAT2",0.779398183282405,0.327918494570221,0.065,0.06,1
"GZMA",0.779654054477212,2.6906991557365,0.024,0.021,1
"SPR",0.779791112862008,0.234896970980744,0.294,0.305,1
"RNH1",0.78017683808855,0.110113793358872,0.504,0.568,1
"RANBP9",0.780594370513333,0.177404327734265,0.492,0.488,1
"DENND11",0.780618745439533,0.180339539715764,0.198,0.196,1
"NELFE",0.780831269368584,0.117521005510978,0.597,0.691,1
"CLTB",0.781036313100619,0.409842860774853,0.21,0.218,1
"BCR",0.781120921413458,0.561872513756685,0.198,0.214,1
"COMETT",0.781146622970159,-0.247087504702008,0.024,0.028,1
"PLEKHH3",0.781146622970159,-0.162829156251655,0.024,0.028,1
"NEMP2-DT",0.781146622970159,0.303580634982945,0.028,0.025,1
"ROS1",0.781146622970159,0.749376177896403,0.028,0.025,1
"TSACC",0.781146622970159,0.341591224933038,0.028,0.025,1
"TMEM164",0.781280498527644,0.485467235723934,0.206,0.204,1
"CLNK",0.781338152777576,1.19439586855628,0.024,0.021,1
"ATP8B1",0.781478129766685,0.199090399109581,0.298,0.309,1
"RIT1",0.781519739589687,0.319641172487501,0.149,0.147,1
"RAB35",0.781859038031367,0.278194273845731,0.214,0.221,1
"PPP6R1",0.782161130978056,0.21485098115045,0.085,0.095,1
"ENSG00000272667",0.78249529196399,0.234775399074859,0.121,0.116,1
"ENSG00000258378",0.782709556423688,-0.222282625292303,0.024,0.028,1
"CD302",0.782709556423688,0.427904280181773,0.028,0.025,1
"ZNF385C",0.782709556423688,0.34901929350731,0.028,0.025,1
"TMEM168",0.783249834154611,0.229691274237191,0.194,0.196,1
"SLC35A4",0.783285113487897,0.303164120296064,0.206,0.2,1
"URGCP",0.78333853959684,0.183677293697648,0.214,0.211,1
"CFAP298-TCP10L",0.783347328065451,0.34551232421355,0.089,0.084,1
"NR2F1",0.783480750686976,0.149236065275829,0.097,0.091,1
"ENSG00000287042",0.783486604939321,-0.50747789070747,0.036,0.032,1
"METTL9",0.783650242085207,-0.115360934258216,0.609,0.632,1
"ZNRF1",0.783912887497172,0.230100678547984,0.371,0.4,1
"ATG9B",0.784259384268464,0.151612254587714,0.492,0.491,1
"LNP1",0.784273367441991,0.221711728527541,0.028,0.025,1
"ARID3A",0.784778502297578,0.347796530498905,0.093,0.088,1
"ENSG00000273145",0.784800190663018,0.175320862826001,0.04,0.046,1
"DRAIC",0.785024178594757,0.131789144080775,0.141,0.154,1
"TUBG1",0.785344316311652,0.135240551422192,0.117,0.112,1
"FOXJ2",0.785618931653159,0.128848256943611,0.065,0.06,1
"PSMC3IP",0.785654611392797,0.161982537952436,0.149,0.144,1
"S1PR1-DT",0.785838050035874,-0.441876369983135,0.024,0.028,1
"TMEM202-AS1",0.786031567234532,0.187371764025289,0.04,0.046,1
"PAPOLG",0.78630717088067,0.230905634413457,0.165,0.182,1
"CEPT1",0.786346631423328,0.207678232140801,0.544,0.589,1
"TRPV4",0.786526937677572,-0.142596467429689,0.097,0.105,1
"ENSG00000291171",0.786586046482446,0.470451435300679,0.105,0.102,1
"POLR3A",0.786812579612221,0.407633715029877,0.169,0.168,1
"C12orf56",0.787403598205582,-0.189283712114554,0.024,0.028,1
"TRPM3",0.787403598205582,0.319202543898617,0.028,0.025,1
"GTDC1",0.78784537454944,0.860847938738782,0.056,0.063,1
"CSMD1",0.788627133433956,0.552239075197387,0.153,0.168,1
"CREB5",0.789081035394027,0.27979779786673,0.185,0.182,1
"ZNF471",0.789741547008142,0.327696020918343,0.218,0.221,1
"GBA",0.789773885057198,0.539011719630888,0.024,0.021,1
"PLCG1",0.789773885057198,0.934828073631477,0.024,0.021,1
"TP53TG5",0.789773885057198,0.561087981977735,0.024,0.021,1
"ZNF451-AS1",0.789773885057198,0.661129633298342,0.024,0.021,1
"CNST",0.790140861395556,0.13068874003312,0.407,0.435,1
"TAF11",0.790345276839302,-0.103569401955467,0.282,0.291,1
"RGL3",0.790471651569406,0.397791019488328,0.266,0.27,1
"PRMT5-DT",0.790537267221052,-0.111705478193716,0.024,0.028,1
"NGB",0.790537267221052,0.191946510962173,0.028,0.025,1
"PRKAG1",0.790537267221052,0.298608789701575,0.028,0.025,1
"CDADC1",0.790710992795092,0.200404066319513,0.214,0.214,1
"HEATR5B",0.790780490740161,-0.124007292956528,0.343,0.337,1
"STX4",0.791343118581655,0.161980060061666,0.141,0.154,1
"ZNF442",0.791464027015503,0.660458034248425,0.024,0.021,1
"MAML1",0.791564964914272,-0.144796413252063,0.19,0.196,1
"ZNF761",0.791683470296973,-0.131870174938796,0.194,0.204,1
"APOBEC3F",0.79173604202697,0.505270776264831,0.085,0.081,1
"ENSG00000268945",0.791853399753949,0.437538914258374,0.065,0.06,1
"CAMSAP1-DT",0.79188198175618,0.371348842066393,0.077,0.084,1
"ENSG00000269958",0.79188198175618,-0.117618889306133,0.077,0.084,1
"ZNF563",0.792759891277578,1.1196263323546,0.06,0.056,1
"BET1L",0.792850142302773,0.200042290729881,0.246,0.277,1
"VPS52",0.792854651041111,0.247035606045679,0.274,0.284,1
"CORO7",0.793115620964653,0.386943910630337,0.069,0.077,1
"ARSD-AS1",0.79315514985774,0.670949370968146,0.024,0.021,1
"ENSG00000289890",0.79315514985774,0.317218091539324,0.024,0.021,1
"MMADHC-DT",0.79315514985774,0.682850031584715,0.024,0.021,1
"LRRC37A2",0.793477378528241,0.173554058979588,0.153,0.154,1
"ENSG00000258210",0.793592631957203,-0.108445515097393,0.044,0.049,1
"DYNLT2",0.793674326281745,0.236824073347088,0.024,0.028,1
"ENSG00000232295",0.793674326281745,0.323155898809901,0.024,0.028,1
"ZNF18",0.793674326281745,0.228554967401909,0.024,0.028,1
"IL4I1",0.793674326281745,0.809842594724334,0.028,0.025,1
"KDSR",0.793862632675374,0.10157309647406,0.569,0.614,1
"BCAS3",0.794053443712841,-0.300990381492956,0.593,0.642,1
"CCDC12",0.794320810396115,0.198211690365558,0.31,0.344,1
"ULBP3",0.794331916616942,0.316603067204522,0.109,0.105,1
"TMEM38B",0.794779576458394,-0.165383602856305,0.044,0.049,1
"DSCAS",0.794847246005987,0.510780814546562,0.024,0.021,1
"NEMP2",0.794847246005987,0.485601490071031,0.024,0.021,1
"ENSG00000275854",0.795244111969412,0.13682585675081,0.024,0.028,1
"ENSG00000286416",0.795244111969412,0.275466095676709,0.024,0.028,1
"IGFLR1",0.795244111969412,0.166235235156177,0.024,0.028,1
"CYP27A1",0.795310972767401,0.361169327372936,0.359,0.368,1
"SDHA",0.795610557181769,0.186636016986494,0.23,0.225,1
"GABRP",0.795709612737584,0.192719879959498,0.238,0.239,1
"ZNF213-AS1",0.79579088044518,0.580344005272496,0.177,0.182,1
"COMMD7",0.795836585443702,0.218769283260587,0.25,0.26,1
"ACTR5",0.795901610936888,0.146303944844083,0.04,0.046,1
"ENSG00000290115",0.796046743470403,-0.548563313709894,0.028,0.032,1
"FRMD6-AS2",0.796540248163223,0.431331297012397,0.024,0.021,1
"LTB4R",0.796540307868588,0.513357776494653,0.024,0.021,1
"ENSG00000291051",0.796720516934568,0.317336835068215,0.089,0.084,1
"ENSG00000275479",0.796958485672895,-0.135214180031569,0.065,0.07,1
"ENSG00000290876",0.797132460951471,0.403188761079359,0.109,0.119,1
"KANSL1L",0.797172909310406,-0.236592469355574,0.637,0.632,1
"ENDOV",0.797295894105469,0.306411634854881,0.145,0.144,1
"CFAP70",0.797504134029653,-0.167319468573459,0.77,0.782,1
"SCAI",0.797590678371851,-0.128896028078509,0.177,0.168,1
"TRNAU1AP",0.798203604468452,0.153876728455841,0.52,0.53,1
"PYCARD",0.798234327840248,0.669839943583096,0.024,0.021,1
"RANBP3-DT",0.798234327840248,0.372421964510331,0.024,0.021,1
"DNAJC9-AS1",0.798343251093532,-0.153716023010237,0.044,0.049,1
"NFE2L1-DT",0.798386165351091,0.306306283778942,0.024,0.028,1
"CSNK2A2",0.798390931900554,0.132029562176696,0.31,0.34,1
"ATP6V0E2",0.798585025711016,0.210134797021508,0.113,0.109,1
"COX19",0.798630814894935,0.148243155856814,0.351,0.361,1
"ENSG00000263011",0.798807235523862,0.154789124305289,0.419,0.435,1
"SLC5A4-AS1",0.798897941064856,-0.261769190943545,0.077,0.07,1
"ENSG00000286924",0.798934769989215,0.254623690190974,0.097,0.109,1
"FAM238C",0.799028012186227,0.466930686297503,0.085,0.081,1
"SACS",0.799195929743679,0.340173669153028,0.06,0.056,1
"ZKSCAN3",0.799532080926046,-0.117390893814897,0.044,0.049,1
"ATP13A2",0.799848233325205,0.817936983023537,0.093,0.102,1
"MGAT2",0.79992530579742,0.355992180571946,0.206,0.211,1
"ENSG00000286340",0.799929298302143,0.588815776977091,0.024,0.021,1
"FAM66B",0.799929298302143,0.363068787596882,0.024,0.021,1
"ENSG00000267699",0.799958420891601,-0.109532106416445,0.024,0.028,1
"GLIPR1-AS1",0.799958420891601,1.4648663737246,0.024,0.028,1
"LEAP2",0.799958420891601,0.311787227731512,0.024,0.028,1
"FAM83E",0.799986117123251,0.168430949668687,0.222,0.221,1
"THAP4",0.800298235651684,0.114752392306378,0.512,0.561,1
"TRAFD1",0.800326400148502,0.107373946265517,0.177,0.196,1
"ABT1",0.800382206027507,0.224720851138971,0.23,0.232,1
"IPCEF1",0.800510491409558,-0.157341535663024,0.109,0.102,1
"MAP1LC3A",0.80059880652407,0.110838481451246,0.391,0.404,1
"EED",0.800835254719195,0.119061187083177,0.327,0.351,1
"GRIK4",0.801531487546281,0.319527491495287,0.024,0.028,1
"CD2AP-DT",0.801625211622016,0.365506960003604,0.024,0.021,1
"CHMP4A",0.801625211622016,0.274433575313688,0.024,0.021,1
"DRICH1",0.801625211622016,0.248713220091874,0.024,0.021,1
"ENSG00000288880",0.801625211622016,0.238751664197501,0.024,0.021,1
"ZNF415",0.801717186378147,0.108401883478083,0.121,0.13,1
"SOWAHC",0.801860871569509,0.125292513393894,0.109,0.119,1
"DDIAS",0.802035817593294,1.41392546937665,0.02,0.018,1
"DLGAP1-AS2",0.802035817593294,1.57558799097114,0.02,0.018,1
"DPP7",0.802058896986085,0.662901207035421,0.19,0.189,1
"LRSAM1",0.802288538038735,0.191408290241126,0.093,0.088,1
"SP110",0.802319061629869,0.1887179761964,0.516,0.582,1
"ENSG00000288046",0.802492714747081,0.109087054680996,0.149,0.158,1
"TIMM8B",0.80254287406334,0.376027575177377,0.258,0.26,1
"GPR157",0.802846838679237,-0.182244811551838,0.081,0.088,1
"SIRT3",0.803123384579438,0.153007284884605,0.315,0.319,1
"RAB6B",0.803322060154284,0.451247690735253,0.024,0.021,1
"UQCC3",0.803426987122219,0.108409012801019,0.113,0.123,1
"ENSG00000260257",0.803695857727419,1.08531592091333,0.056,0.063,1
"CRLS1",0.803891407516791,1.15655700801075,0.02,0.018,1
"STKLD1",0.803891407516791,0.968291915975442,0.02,0.018,1
"CBLB",0.804033561181418,0.107733516553572,0.395,0.425,1
"HMGXB3",0.804171720830381,0.103687970644103,0.419,0.428,1
"LZTS3",0.804347555335064,0.154425505643665,0.173,0.168,1
"MAMDC2",0.804564827435633,1.02970883834387,0.04,0.046,1
"LINC01908",0.804656178008192,-0.289184065736435,0.081,0.088,1
"P2RY2",0.804680029782146,0.308931847696999,0.024,0.028,1
"NOP9",0.804691310719412,0.409040012291969,0.069,0.077,1
"ADARB1",0.804973109453792,0.192823355266396,0.065,0.07,1
"DNAJA2-DT",0.80501983624014,0.265172544653345,0.024,0.021,1
"ENSG00000278356",0.80501983624014,0.21055481503994,0.024,0.021,1
"SPCS3-AS1",0.80501983624014,0.157551005135378,0.024,0.021,1
"CCT7",0.805208163633741,0.157589887883309,0.367,0.365,1
"ZDHHC23",0.805358559386894,-0.134212890165956,0.23,0.242,1
"ANKRD65",0.8056036797815,0.136880559767834,0.399,0.449,1
"MFSD4A",0.805702966816889,0.234856205451784,0.109,0.105,1
"RCHY1",0.805741376383273,0.207064502396318,0.19,0.207,1
"MRM3",0.805851600584427,0.245355037583718,0.145,0.144,1
"GALNT16-AS1",0.80625549313091,0.40386549439924,0.024,0.028,1
"TNFSF12",0.80625549313091,0.429080310890158,0.024,0.028,1
"ARHGAP26",0.806485810737764,-0.247314311005685,0.165,0.172,1
"BCKDK",0.806529044585472,0.194644012366801,0.173,0.172,1
"BAZ2B-AS1",0.806625418162326,0.255512526877011,0.093,0.102,1
"EFNA4",0.806718532207654,0.11094823404499,0.024,0.021,1
"ENSG00000258377",0.806718532207654,0.272588137393089,0.024,0.021,1
"ZNF879",0.806718532207654,0.253163593386645,0.024,0.021,1
"EID3",0.806721889210325,0.399542041425705,0.06,0.056,1
"ZBTB37",0.807479316508437,0.267658070193256,0.129,0.126,1
"ADAMTS19",0.807605894705702,0.694427973975102,0.02,0.018,1
"ENSG00000288741",0.807605894705702,0.707908774080776,0.02,0.018,1
"LINC01816",0.807605894705702,0.906180426771842,0.02,0.018,1
"PNPLA4",0.807752987901583,0.128151575095836,0.52,0.551,1
"ARMH3",0.808185130463869,-0.15067482810001,0.173,0.179,1
"ENSG00000291007",0.808310059130198,-0.264123279676571,0.048,0.053,1
"MRPS7",0.808484900621682,0.207910499220377,0.419,0.435,1
"KANSL2",0.808685207449068,0.290923529284951,0.173,0.175,1
"LINC01392",0.809323252107942,-0.341864919888792,0.028,0.032,1
"EIF4A1",0.809464771883508,0.624996752462376,0.02,0.018,1
"ENSG00000285836",0.809464771883508,0.564708766007556,0.02,0.018,1
"MRPL20-DT",0.809464771883508,0.856587737610036,0.02,0.018,1
"CDC42BPG",0.809470055570203,0.195113747018628,0.468,0.502,1
"GPATCH4",0.809521470920289,0.426702207448777,0.21,0.214,1
"ELAC2",0.809687704694291,0.152402559664171,0.319,0.347,1
"PET117",0.809699059425769,0.585847885319323,0.153,0.158,1
"ZNF799",0.809914970132,0.220841620815088,0.181,0.182,1
"LMNTD1",0.810051814013771,-0.102911671414416,0.69,0.726,1
"LRRC39",0.81011865303496,0.350110119861304,0.024,0.021,1
"SUV39H2-DT",0.81011865303496,0.1551885127251,0.024,0.021,1
"FBRSL1",0.810168976366064,0.172679447908183,0.399,0.418,1
"ENSG00000272341",0.810351419866981,-0.161676398280265,0.101,0.109,1
"TBC1D10C",0.810801889199475,-0.549716104779002,0.028,0.032,1
"TXN2",0.810970474203626,0.132647323075999,0.419,0.453,1
"TMEM86B",0.811185329979803,0.600245509539301,0.052,0.049,1
"ENSG00000289130",0.811324724694405,0.594078999176767,0.02,0.018,1
"TSPAN5",0.811324724694405,0.639227013663521,0.02,0.018,1
"RYBP",0.811606856637363,0.149358380324521,0.585,0.596,1
"LMAN2L",0.811808416126235,-0.127233623903134,0.258,0.274,1
"MVK",0.811864483887102,0.396007886992736,0.173,0.189,1
"IER5L",0.812049976599043,0.196268771522197,0.141,0.137,1
"POLR3C",0.812049976599043,0.283197574240417,0.141,0.137,1
"ZNF224",0.81216999704342,0.354572486177372,0.173,0.172,1
"ENSG00000282772",0.812281201650436,-0.408402405501141,0.028,0.032,1
"RNPEPL1",0.812336154191193,0.472881231932363,0.052,0.049,1
"NIP7",0.812485943543988,0.148342962483032,0.315,0.347,1
"ZNF844",0.812589033612378,0.378004555780319,0.327,0.358,1
"DDX28",0.812656558687774,-0.139392313481996,0.069,0.074,1
"SLC12A2-DT",0.812863623100357,0.141893398085811,0.351,0.358,1
"TMEM250",0.812999199285242,0.372223477390838,0.145,0.144,1
"URI1",0.813171595247074,0.10974795514575,0.556,0.604,1
"ENSG00000286873",0.813185743048728,0.558411628184425,0.02,0.018,1
"LINC01828",0.813185743048728,0.625359770041926,0.02,0.018,1
"ZNF343",0.813252109697423,0.38327162468605,0.04,0.046,1
"ENSG00000287508",0.813761184384264,-0.370726917866643,0.028,0.032,1
"RYR2",0.814144486668575,0.989116756161058,0.024,0.028,1
"CDC37",0.814152283830392,0.171688566442964,0.48,0.512,1
"BANK1",0.814289898797439,0.278629316536012,0.129,0.14,1
"FUT8",0.814346732021616,0.14766080342273,0.173,0.168,1
"CMTM7",0.814403693358641,0.142475644618636,0.202,0.218,1
"THOC2",0.814470049204267,0.110034872880944,0.722,0.779,1
"CLCC1",0.814861775305679,0.297742722058012,0.165,0.165,1
"NCBP3",0.814879665205527,0.158435205187399,0.504,0.558,1
"C9orf85",0.81503309110495,0.169589817863302,0.169,0.165,1
"ANKHD1",0.81504781683876,0.324411823226482,0.02,0.018,1
"ENSG00000228274",0.81504781683876,0.758909608102948,0.02,0.018,1
"ENSG00000259371",0.81504781683876,0.668437418576117,0.02,0.018,1
"PDE1C",0.81504781683876,0.52139181746678,0.02,0.018,1
"ZNF470-DT",0.81504781683876,0.658614964372925,0.02,0.018,1
"AKIP1",0.815399228486846,0.258447236333633,0.101,0.098,1
"RUNDC1",0.815792163979619,0.186999025900121,0.472,0.519,1
"POMZP3",0.815927918482502,0.183176132430892,0.093,0.088,1
"UQCC1",0.816207542008351,0.29275506826613,0.343,0.344,1
"CEP164",0.816355327726374,0.170357251594566,0.294,0.298,1
"DGAT2",0.816794423700995,0.29352628761964,0.056,0.053,1
"CACNA1G",0.816910935938902,0.516085509888216,0.02,0.018,1
"DELEC1",0.816910935938902,0.269540513617882,0.02,0.018,1
"DMC1",0.816910935938902,0.350361081258612,0.02,0.018,1
"ENSG00000257390",0.816910935938902,0.80857466993516,0.02,0.018,1
"ENSG00000272195",0.816910935938902,0.584528072378426,0.02,0.018,1
"LINC01492",0.816910935938902,0.333066973766347,0.02,0.018,1
"ZNF454",0.816910935938902,0.459778205541729,0.02,0.018,1
"NDUFV2-AS1",0.817028155349824,0.468410323237137,0.105,0.116,1
"ZFYVE9",0.817161042496137,0.204264212299697,0.198,0.218,1
"HM13",0.817210509849849,0.111733286959459,0.52,0.558,1
"FANCI",0.817329943964939,0.191715871145041,0.097,0.105,1
"ZSCAN16",0.817347358626384,0.168484017845015,0.06,0.067,1
"RNF213-AS1",0.817399209190607,-0.226347453483969,0.25,0.263,1
"PLEKHG5",0.817418816991574,0.237361033064586,0.044,0.049,1
"CHMP6",0.817498782782606,0.420150062636983,0.056,0.063,1
"ENSG00000268205",0.817588848935359,0.215821752696901,0.25,0.256,1
"GTF2H3",0.817699980267055,0.133154682596117,0.306,0.316,1
"PANK2",0.817704201541163,0.151331354449097,0.379,0.386,1
"PDE6D",0.817829758329904,0.128734631430753,0.262,0.267,1
"PHF23",0.818573881230935,0.378043369822111,0.319,0.333,1
"ENSG00000267546",0.818775090205828,0.187538484681461,0.02,0.018,1
"LINC01242",0.818775090205828,0.341586273045013,0.02,0.018,1
"ZNF771",0.818775090205828,0.258369300706803,0.02,0.018,1
"DIP2B",0.818818890333239,0.294694268341986,0.165,0.179,1
"PAXX",0.819164846484794,0.154068501634076,0.226,0.225,1
"CXXC1",0.820033832915674,0.111622511695559,0.347,0.361,1
"ENSG00000259972",0.820222418060085,-0.243143652214779,0.101,0.109,1
"CUL9",0.82039287919088,0.189897207279047,0.153,0.151,1
"CTU2",0.820640269478661,0.300096151940316,0.02,0.018,1
"ENSG00000288107",0.820640269478661,0.368469272066697,0.02,0.018,1
"PRKD3",0.82069655105568,-0.618525001662561,0.052,0.056,1
"TNFRSF10A",0.820866239197026,0.167265367865886,0.198,0.218,1
"PEX11B",0.82099241645663,0.111887334003153,0.581,0.632,1
"PPP3R1",0.821629325345454,0.407464050173949,0.181,0.182,1
"SNAP47",0.821797089289867,0.239831255721136,0.153,0.151,1
"HNF4G",0.82195558267768,0.132235672822347,0.141,0.147,1
"ENSG00000268416",0.822420133908999,-0.153701664553155,0.089,0.095,1
"ENSG00000254433",0.822506463579132,0.207298682083723,0.02,0.018,1
"ENSG00000272582",0.822506463579132,0.22365823037591,0.02,0.018,1
"ENSG00000289317",0.822506463579132,-0.371624092779564,0.02,0.018,1
"GARIN1A",0.822506463579132,0.187258987964545,0.02,0.018,1
"LUZP1",0.822598263363449,0.170660706056049,0.117,0.126,1
"KLHL22",0.822728130884554,0.422646254538686,0.077,0.074,1
"CRISPLD1",0.823181136677561,0.111367587320864,0.681,0.719,1
"B3GALT6",0.823309663090136,0.133285052187349,0.226,0.228,1
"FAH",0.823688735894218,0.427584632345348,0.077,0.074,1
"MORN4",0.823724049717934,0.275130406044877,0.31,0.319,1
"PRPF18",0.824162107474439,0.17493695163021,0.464,0.502,1
"ADAT1",0.824242715031169,0.17990179690244,0.367,0.379,1
"C1orf115",0.824252719441462,0.179952788632475,0.077,0.084,1
"LINC02210-CRHR1",0.824338972062575,0.337990273191092,0.141,0.14,1
"ZNF561",0.824365204518255,0.348299884427763,0.25,0.26,1
"CADM2",0.824373662311749,0.281962160458733,0.02,0.018,1
"DAZAP1",0.824430933308868,0.173514775717837,0.347,0.368,1
"PCGF3",0.824509138684124,0.148050555717714,0.29,0.312,1
"RBM5",0.824597762238353,-0.100013286150741,0.597,0.607,1
"CBR3-AS1",0.82472401365214,0.332700152182341,0.081,0.077,1
"FANCF",0.825172937801252,0.151705287814901,0.371,0.407,1
"CA8",0.825182288769933,0.318812757256424,0.077,0.084,1
"MFSD10",0.825198592499743,0.20493601179169,0.351,0.365,1
"ENSG00000291011",0.825199952223173,0.544550902315761,0.048,0.046,1
"LENG9",0.825630722628357,0.255784399944257,0.06,0.067,1
"BAHD1",0.82563858328763,0.230926947315471,0.226,0.232,1
"LINC02984",0.825720087208277,0.344386952978956,0.056,0.053,1
"KIAA0100",0.825798078180019,0.129543618688718,0.242,0.267,1
"ENSG00000289424",0.825983973265914,0.137080155036303,0.153,0.165,1
"ZNF165",0.826042390310804,0.135520933268101,0.214,0.214,1
"SOCS3-DT",0.82615510440627,0.140407001429481,0.06,0.056,1
"BEX5",0.826241855463961,0.132706386983495,0.02,0.018,1
"DISC1FP1",0.826241855463961,0.232989748635272,0.02,0.018,1
"ENSG00000267219",0.826241855463961,0.234365892314014,0.02,0.018,1
"SPDYE18",0.826241855463961,0.132813145674917,0.02,0.018,1
"LARP6",0.826391170808292,0.263836083756416,0.327,0.34,1
"CNNM3",0.826446049097567,0.27142766510272,0.266,0.281,1
"COA7",0.826667529528692,0.27548508060018,0.06,0.067,1
"ABCA7",0.826720658517226,0.297489690090357,0.169,0.172,1
"ENSG00000286548",0.826754893593994,-0.169433219168739,0.048,0.053,1
"ZNF417",0.826998070086897,0.257547296289949,0.044,0.049,1
"ZNF420",0.827023443086857,0.244811600626392,0.234,0.242,1
"C1QTNF8",0.827110350573101,-0.149338024337861,0.028,0.032,1
"USP28",0.827127508289301,0.216232781675177,0.121,0.133,1
"ADGRG3",0.82727349526229,1.11208880891587,0.016,0.014,1
"ENSG00000285791",0.82727349526229,1.09684590733405,0.016,0.014,1
"SIPA1",0.82727349526229,1.0566590783179,0.016,0.014,1
"SNHG26",0.82727349526229,1.01018736451999,0.016,0.014,1
"ARHGEF16",0.82811103280633,0.633441466638596,0.02,0.018,1
"ENSG00000273796",0.82811103280633,0.150590075277509,0.02,0.018,1
"MRAP2",0.828114070832478,0.513148521422466,0.093,0.091,1
"MED28",0.828162806664797,0.171350731898226,0.395,0.418,1
"GNA14",0.828197320057778,0.198820867602329,0.044,0.049,1
"ZNRF2",0.828282966110041,0.210268315719499,0.367,0.382,1
"ENSG00000254404",0.829054800742409,0.173768853617652,0.129,0.14,1
"ENSG00000286408",0.829073093336718,0.307579269696038,0.056,0.053,1
"ENSG00000288044",0.829073093336718,0.414839131866334,0.056,0.053,1
"GNMT",0.829360024043987,1.28335129166071,0.016,0.014,1
"HESX1",0.829360024043987,1.07855545211931,0.016,0.014,1
"ZSCAN31",0.829396970654667,0.349426355536072,0.044,0.049,1
"NEBL",0.829602964265101,0.267654230820486,0.093,0.102,1
"ANKRD53",0.829833787984159,0.224620429172379,0.077,0.084,1
"ASB4",0.830083774148024,0.128367542693294,0.028,0.032,1
"DMXL1-DT",0.830083774148024,-0.427742099684811,0.028,0.032,1
"TMEM218",0.830361555250505,0.365144926194126,0.274,0.274,1
"ZNF782",0.831004513183834,0.130458707147396,0.081,0.088,1
"NRIR",0.831307762211134,0.248990638307883,0.081,0.077,1
"ENSG00000260011",0.831447757136275,0.736948479784439,0.016,0.014,1
"ENSG00000288826",0.831447757136275,0.850485197068746,0.016,0.014,1
"ENSG00000288942",0.831447757136275,0.866051091582721,0.016,0.014,1
"LINC01010",0.831447757136275,1.2143625266651,0.016,0.014,1
"LINC02606",0.831447757136275,0.954240357544414,0.016,0.014,1
"MYCL",0.831447757136275,0.869628468146249,0.016,0.014,1
"ENSG00000223486",0.831447757136275,0.936370982280969,0.016,0.014,1
"ENSG00000271755",0.831571401743917,-0.168831021240257,0.028,0.032,1
"PDCD6",0.831572721039647,0.13870130403522,0.06,0.056,1
"DDX60L",0.831728021217963,0.364888655352818,0.153,0.172,1
"OAZ2",0.831729177398136,0.13324443881209,0.444,0.47,1
"MAP4K5",0.831753654505464,-0.17996017755309,0.242,0.253,1
"ZNF146",0.831778640556991,0.149911741982928,0.339,0.351,1
"KIAA1217",0.831841607464157,-0.184655315149501,0.613,0.635,1
"ENSG00000289004",0.831852299060339,0.166703493105317,0.02,0.018,1
"PIEZO1",0.831852299060339,-0.106562358999277,0.02,0.018,1
"ACADS",0.831916656291105,0.214480702847981,0.081,0.088,1
"RILP",0.832169315367112,0.697594419943187,0.069,0.067,1
"JAK2",0.832488625918808,-0.107630836518056,0.19,0.2,1
"CACNA1A",0.832998299098438,0.421569204482561,0.044,0.049,1
"LINC01671",0.833117999529301,0.244587827328366,0.052,0.049,1
"NUDCD3",0.833212475996983,0.154959087172127,0.274,0.284,1
"ZC2HC1A",0.833528488566612,0.202905805649233,0.726,0.754,1
"CENATAC-DT",0.833536680260983,0.694528061907032,0.016,0.014,1
"DOCK11",0.833536680260983,0.850204390880121,0.016,0.014,1
"FGR",0.833536680260983,0.617894658541961,0.016,0.014,1
"LINC00106",0.833536680260983,0.64080927758629,0.016,0.014,1
"LRRC31",0.833536680260983,0.857985764494447,0.016,0.014,1
"SHH",0.833933543259155,0.197987878416537,0.06,0.067,1
"ENSG00000260465",0.834101752637007,0.21103102817386,0.097,0.105,1
"ENSG00000269044",0.834192293953891,0.185302055168885,0.065,0.07,1
"PGM1",0.83448564419606,0.304353223485687,0.206,0.211,1
"PDPR",0.834547136187241,0.298181829995649,0.173,0.175,1
"PLK4",0.834548462723742,0.310660002757489,0.028,0.032,1
"ENSG00000238279",0.834651048039699,-0.592503183329303,0.012,0.014,1
"SUGT1P4-STRA6LP-CCDC180",0.834651048039699,-0.472713454634294,0.012,0.014,1
"THRA",0.834691975106296,0.124421259392025,0.488,0.547,1
"COQ2",0.834800283389915,0.62808949373955,0.048,0.046,1
"AUH",0.834836360724959,0.267462814834802,0.391,0.421,1
"ENSG00000275180",0.835401138120519,0.396017129422812,0.044,0.049,1
"SART3",0.835409260245032,0.1261561942985,0.359,0.379,1
"SETBP1",0.835447367170154,0.210238634531368,0.286,0.284,1
"ENSG00000260007",0.835626779114734,0.480924689451982,0.016,0.014,1
"MEP1A",0.835626779114734,0.80261326519864,0.016,0.014,1
"MEA1",0.835655066807576,0.170208906875638,0.569,0.589,1
"TRIM16L",0.835788396212977,0.232950595659634,0.056,0.053,1
"SENP5",0.835852230061169,0.126095988726466,0.262,0.281,1
"TGS1",0.836073529630822,0.131165010505629,0.395,0.418,1
"ENSG00000273184",0.836593426281354,0.30398753404679,0.052,0.049,1
"ZNHIT3",0.836970151023011,0.296863686554484,0.31,0.312,1
"SRC",0.837499377454715,0.399588495088519,0.117,0.116,1
"LSM2",0.837538143170053,0.300445041145803,0.262,0.281,1
"ZNF510",0.837589564093612,0.260752241316789,0.109,0.105,1
"SDHAF1",0.83759938468118,-0.128682951872785,0.105,0.112,1
"RABGGTA",0.837622949330444,0.145312355022279,0.185,0.196,1
"ENSG00000231760",0.837718039369243,0.944229001823314,0.016,0.014,1
"ENSG00000254731",0.837718039369243,0.353656337336071,0.016,0.014,1
"ENSG00000272518",0.837718039369243,0.71449033279645,0.016,0.014,1
"ENSG00000282022",0.837718039369243,0.660511624919629,0.016,0.014,1
"LINC02613",0.837718039369243,0.385978167591285,0.016,0.014,1
"MRPS9-AS2",0.837718039369243,0.437196698614439,0.016,0.014,1
"PCDHB11",0.837718039369243,0.393095975100579,0.016,0.014,1
"VSIR",0.837718039369243,0.367737935662886,0.016,0.014,1
"RBM3",0.83775067600642,0.189051641597337,0.419,0.432,1
"ENSG00000267745",0.838091969412342,0.16657807684844,0.06,0.067,1
"METTL21A",0.838107549227343,0.288872287702221,0.194,0.207,1
"ENSG00000258891",0.838128736232333,-0.10022299696264,0.073,0.077,1
"ENSG00000290989",0.838290753375975,0.141484475931594,0.113,0.119,1
"IDH3B",0.838315373448858,0.108184516649017,0.153,0.161,1
"POMK",0.838384906014996,0.271438077332486,0.21,0.214,1
"MUC1",0.838401835369381,0.141999304092752,0.577,0.582,1
"ANKH",0.838939277210919,0.108931587748728,0.19,0.186,1
"TMEM232",0.839005509489399,-0.107323159882605,0.871,0.888,1
"MGME1",0.839099631730753,0.136707094795567,0.153,0.165,1
"ENSG00000266076",0.839118383362113,-0.359396026142916,0.012,0.014,1
"LINC01965",0.839118383362113,-0.458512462389055,0.012,0.014,1
"NDC80",0.839118383362113,-0.575662589913974,0.012,0.014,1
"RNF207",0.839118383362113,-0.509656193285998,0.012,0.014,1
"S100A2",0.839118383362113,-0.532722149460909,0.012,0.014,1
"SPANXA2-OT1",0.839118383362113,-0.453567822358813,0.012,0.014,1
"ANO9",0.839810446671608,0.6593023511163,0.016,0.014,1
"ENSG00000273402",0.839810446671608,0.310060307204827,0.016,0.014,1
"ENSG00000290040",0.839810446671608,0.320965544675823,0.016,0.014,1
"ENSG00000291008",0.839810446671608,0.682379865844045,0.016,0.014,1
"KERA",0.839810446671608,0.858414681815844,0.016,0.014,1
"OSGEPL1-AS1",0.839810446671608,0.502572193189923,0.016,0.014,1
"PCDHB1",0.839810446671608,0.343337557720916,0.016,0.014,1
"PLD1",0.839810446671608,0.407526179698608,0.016,0.014,1
"ENSG00000255839",0.839810446671608,0.493492733701668,0.016,0.014,1
"H2BU1",0.839960163747042,0.200033509007834,0.149,0.161,1
"TCEA2",0.839983470039511,0.17694771929242,0.226,0.249,1
"AP1M1",0.840001921083639,0.28899183874084,0.157,0.172,1
"RBM20",0.840135989872628,0.187884577666531,0.081,0.088,1
"ZNF213",0.840261719077743,-0.132629219167629,0.077,0.081,1
"PLPBP",0.840442661483015,-0.147605341979869,0.415,0.435,1
"TWF1",0.840521673858614,0.118990372754597,0.669,0.674,1
"KNSTRN",0.840719730402058,0.584567050810182,0.093,0.102,1
"MMGT1",0.840733580093052,0.171924427265316,0.238,0.27,1
"ENSG00000237899",0.840890377592009,0.295407402483193,0.073,0.081,1
"ZNF518B",0.84123228311184,0.286475651365167,0.052,0.049,1
"IQUB",0.841322472476166,0.34683231639114,0.536,0.579,1
"ENSG00000231606",0.841354005979511,-0.163142760019502,0.012,0.014,1
"ENSG00000289127",0.841354005979511,-0.239236324196375,0.012,0.014,1
"ENSG00000290848",0.841354005979511,-0.334953228757306,0.012,0.014,1
"MED12L",0.841354005979511,-0.767851222393658,0.012,0.014,1
"PDZRN4",0.841354005979511,-0.350758666256934,0.012,0.014,1
"LINC00662",0.841667422503838,0.339726864327433,0.226,0.235,1
"EIF2B3",0.841696981177483,-0.123248716588432,0.202,0.211,1
"ABCB9",0.841903986644607,0.295038957909603,0.016,0.014,1
"ENSG00000250101",0.841903986644607,0.232554804493847,0.016,0.014,1
"ENSG00000255114",0.841903986644607,0.298538687562123,0.016,0.014,1
"ENSG00000263923",0.841903986644607,0.143042909352306,0.016,0.014,1
"LINC01311",0.841903986644607,0.309746800463938,0.016,0.014,1
"LINC01764",0.841903986644607,0.35824593058547,0.016,0.014,1
"MAP4K2",0.841903986644607,0.206675891507239,0.016,0.014,1
"PLS3-AS1",0.841903986644607,0.33303100738917,0.016,0.014,1
"SLC12A8",0.841903986644607,1.09457727966192,0.016,0.014,1
"TG",0.841903986644607,0.253608391701264,0.016,0.014,1
"KDM6B",0.841938792700704,0.150368373207848,0.258,0.281,1
"ENSG00000246225",0.84200140711695,0.285420720291815,0.028,0.032,1
"ZNF502",0.84200140711695,0.109963858236135,0.028,0.032,1
"LOH12CR2",0.842016806613696,0.473805755518506,0.048,0.046,1
"TRAPPC6A",0.842730064549893,0.232176755175081,0.157,0.172,1
"BLOC1S5-TXNDC5",0.842889248968478,0.339315652400548,0.077,0.084,1
"CBWD6",0.843309097840992,0.421100262493066,0.069,0.067,1
"ITPKB",0.843324445194254,0.273073330610071,0.133,0.133,1
"ZNF888",0.843345169401329,0.308502523913013,0.371,0.393,1
"TBCC",0.843394403334157,0.218352546110905,0.27,0.295,1
"NKIRAS1",0.843464487059286,0.210072813032105,0.19,0.211,1
"ANKRD7",0.843590908529342,-0.131336790356793,0.012,0.014,1
"ENSG00000204584",0.843590908529342,-0.425959440151562,0.012,0.014,1
"ENSG00000272750",0.843590908529342,-0.156926303252614,0.012,0.014,1
"ENSG00000286543",0.843590908529342,-0.224106108371335,0.012,0.014,1
"ENSG00000287430",0.843590908529342,-0.380284770991389,0.012,0.014,1
"MAGI2-AS3",0.843590908529342,-0.930364316503125,0.012,0.014,1
"SATB2-AS1",0.843590908529342,-0.373845969372751,0.012,0.014,1
"ENSG00000273821",0.843590908529342,-0.276166493113107,0.012,0.014,1
"C7orf31",0.843998644886993,-0.361364758143151,0.016,0.014,1
"ENSG00000289396",0.843998644886993,0.244246663968062,0.016,0.014,1
"ETV1",0.843998644886993,0.129671776069593,0.016,0.014,1
"RNF157",0.843998644886993,0.117186335757038,0.016,0.014,1
"WDR5-DT",0.843998644886993,0.21695217611633,0.016,0.014,1
"IRS1",0.844064999513376,0.137584487258748,0.569,0.596,1
"LINC01569",0.844715055929882,0.316613202987353,0.052,0.049,1
"NRAD1",0.84490829766941,0.293154258019542,0.218,0.235,1
"LINC02352",0.844986592501656,1.07307437229761,0.028,0.032,1
"TTLL4",0.845717612637843,0.175580975384492,0.222,0.242,1
"AP1AR",0.845787413630825,0.159802070295691,0.375,0.396,1
"COL17A1",0.845811879267588,0.407403018160809,0.319,0.365,1
"ARHGAP6",0.84582907344401,-0.404273213690579,0.012,0.014,1
"COL23A1",0.84582907344401,-0.151109872663586,0.012,0.014,1
"LINC02755",0.84582907344401,-0.133287148056944,0.012,0.014,1
"RAB38",0.84582907344401,-0.203668432531082,0.012,0.014,1
"ZYG11A",0.84582907344401,-0.183841275031299,0.012,0.014,1
"GVQW3",0.845876729266001,-0.225198971090196,0.101,0.105,1
"PPP1R21",0.845971780670833,0.18303645949279,0.407,0.435,1
"CT69",0.84609440697379,0.190743063354543,0.016,0.014,1
"ENSG00000266869",0.84609440697379,-0.261942428775438,0.016,0.014,1
"ENSG00000273179",0.84609440697379,0.235396536797271,0.016,0.014,1
"ENSG00000289055",0.84609440697379,0.10550313153496,0.016,0.014,1
"GATA6-AS1",0.84609440697379,-0.126715114215796,0.016,0.014,1
"TMSB15B",0.84609440697379,0.216037604773768,0.016,0.014,1
"UBE2R2-AS1",0.84609440697379,0.216495891828188,0.016,0.014,1
"EPS8L2",0.846298849962997,0.12465198911834,0.367,0.379,1
"TMEM30A-DT",0.846422289163963,0.329591282074491,0.06,0.067,1
"ENSG00000253194",0.846445292920822,-0.5028291754984,0.052,0.056,1
"LINC01973",0.846480023118963,0.309668584790766,0.028,0.032,1
"ENSG00000267677",0.846527913174741,-0.109040727295974,0.173,0.182,1
"CMPK2",0.846786197476123,0.125020954062498,0.173,0.193,1
"CSKMT",0.847038596319916,0.45323061600431,0.052,0.049,1
"SDR42E1",0.847146741150721,0.884169315969661,0.073,0.07,1
"TMEM141",0.8472045995227,0.12925758734166,0.185,0.2,1
"TMEM237",0.847414824345824,0.164402171827319,0.419,0.46,1
"ANKRD36B",0.847610787268033,-0.341022413450458,0.355,0.344,1
"CHD6",0.847645015999278,0.1102959458625,0.415,0.442,1
"IL1RL2",0.847974005383922,0.550754702980717,0.028,0.032,1
"ZNF436-AS1",0.848040756889837,0.196543458959465,0.048,0.046,1
"ANKRD22",0.848068483125356,0.665410227501456,0.012,0.014,1
"C2CD4D-AS1",0.848068483125356,-0.513453243114347,0.012,0.014,1
"EIF3CL",0.848068483125356,-0.15623223561591,0.012,0.014,1
"ENSG00000285091",0.848068483125356,0.105448410163818,0.012,0.014,1
"ENSG00000289407",0.848068483125356,0.104740074743261,0.012,0.014,1
"INF2",0.848068483125356,0.315997655297116,0.012,0.014,1
"LINC02884",0.848068483125356,-0.195090141483516,0.012,0.014,1
"LRRC37A",0.848068483125356,-0.41281538962921,0.012,0.014,1
"PIPOX",0.848068483125356,0.292548599353049,0.012,0.014,1
"PSMD6-AS1",0.848068483125356,0.139573333337594,0.012,0.014,1
"ENSG00000238039",0.848068483125356,-0.188828122370479,0.012,0.014,1
"ENSG00000287485",0.848068483125356,0.107802485730105,0.012,0.014,1
"ENSG00000248774",0.848191258456592,0.196050255788558,0.016,0.014,1
"ENSG00000270210",0.848191258456592,0.100034128689698,0.016,0.014,1
"ENSG00000286072",0.848191258456592,-0.203200852828039,0.016,0.014,1
"ENSG00000291156",0.848191258456592,-0.922491233000559,0.016,0.014,1
"PIP",0.848191258456592,-0.197250543475858,0.016,0.014,1
"RFC2",0.84820086668777,0.186398123263481,0.052,0.049,1
"RAB3IP",0.848209770149175,0.15459658599987,0.617,0.635,1
"EP300-AS1",0.848316661424281,0.155588124262857,0.448,0.467,1
"ENO4",0.848345928203214,0.186374909877177,0.581,0.604,1
"SPRYD3",0.848514413585598,0.107122398405152,0.367,0.386,1
"NME9",0.848929020294804,-0.111576051920525,0.609,0.632,1
"ACBD5",0.848938471335551,0.179356767367047,0.323,0.33,1
"NIPAL3",0.849086286613524,0.158591389767455,0.214,0.232,1
"MAP3K13",0.849156208874025,0.140879268491781,0.617,0.625,1
"ERF",0.849267330937089,0.195311605909706,0.242,0.263,1
"MAT1A",0.849289031846469,0.285984558345534,0.081,0.088,1
"L3HYPDH",0.850089318349772,-0.190095917232418,0.19,0.196,1
"GARRE1",0.850222538338935,0.276563900112077,0.198,0.211,1
"PRSS23",0.850289184863863,-0.28157534270427,0.016,0.014,1
"TBC1D30",0.850289184863863,-0.230163453704647,0.016,0.014,1
"CNNM3-DT",0.850309119945073,0.384948050696795,0.012,0.014,1
"DGCR11",0.850309119945073,0.24742593615567,0.012,0.014,1
"ENSG00000274859",0.850309119945073,0.32085976431645,0.012,0.014,1
"ENSG00000278002",0.850309119945073,-0.138578148294737,0.012,0.014,1
"ENSG00000287126",0.850309119945073,0.159894860650413,0.012,0.014,1
"ENSG00000289214",0.850309119945073,0.182395588247096,0.012,0.014,1
"KLHL31",0.850309119945073,0.321221186857431,0.012,0.014,1
"LINC01521",0.850309119945073,0.362841050011559,0.012,0.014,1
"LINC02937",0.850309119945073,-0.120027201737942,0.012,0.014,1
"NALF2",0.850309119945073,0.214495493647846,0.012,0.014,1
"SMG1-DT",0.850309119945073,0.222973631384376,0.012,0.014,1
"TBC1D10A",0.850309119945073,0.196970441535648,0.012,0.014,1
"ENSG00000287306",0.850452845323842,0.507724049669164,0.048,0.046,1
"KLHL2",0.850589543026785,0.189310941140327,0.238,0.246,1
"BLVRB",0.850823011014411,0.116787542227778,0.141,0.137,1
"ENSG00000272822",0.850987152021571,0.332988955761345,0.101,0.098,1
"AKAP17A",0.851049382393269,0.287237416224648,0.327,0.351,1
"NOM1",0.851511403987843,0.181982855096189,0.214,0.232,1
"LYPLAL1",0.851762979898005,0.201446618412351,0.137,0.147,1
"ZBTB17",0.851868351354333,0.325448745845725,0.093,0.102,1
"HMGA1",0.852053254840489,0.408821866557371,0.113,0.112,1
"FAM167A",0.852074655677519,0.211358348286726,0.081,0.077,1
"ENSG00000237626",0.852388171701231,-0.247911746451057,0.016,0.014,1
"ENSG00000271788",0.852388171701231,-0.175908439218022,0.016,0.014,1
"RTL8B",0.85244694725961,0.171451256977336,0.065,0.07,1
"C4orf36",0.852550966245122,-0.115763282716593,0.012,0.014,1
"ENSG00000243620",0.852550966245122,0.368145136162155,0.012,0.014,1
"ENSG00000265478",0.852550966245122,-0.263246912463409,0.012,0.014,1
"TEX46",0.852550966245122,0.216222152712288,0.012,0.014,1
"ENSG00000286675",0.852550966245122,0.322549916923419,0.012,0.014,1
"PSTK",0.852866334063576,0.233694686827794,0.048,0.046,1
"COLQ",0.853038865041185,0.121694820789588,0.23,0.225,1
"REXO5",0.853279443694217,-0.43440210159034,0.06,0.063,1
"NMNAT1",0.853287545828622,0.223114102978666,0.125,0.137,1
"GOT1-DT",0.853435133480607,0.17130879249194,0.048,0.053,1
"BSG-AS1",0.853469922460923,0.557552641021783,0.044,0.049,1
"ZSCAN20",0.853474524329068,-0.227315494196855,0.032,0.035,1
"PGRMC2",0.853573904607499,0.264518840645054,0.448,0.46,1
"WFS1",0.854155210306442,0.150647324807011,0.56,0.593,1
"ATF5",0.854171630583809,0.126078965275122,0.129,0.137,1
"EARS2",0.854282304173589,0.102523945946126,0.274,0.295,1
"ENSG00000227227",0.854329956754783,0.860072220186851,0.012,0.011,1
"ENSG00000271344",0.854329956754783,0.41815164106886,0.012,0.011,1
"ENSG00000274667",0.854329956754783,0.871278035753988,0.012,0.011,1
"ENSG00000275532",0.854329956754783,0.771936514187107,0.012,0.011,1
"ENSG00000285878",0.854329956754783,0.891098791663521,0.012,0.011,1
"ENSG00000287601",0.854329956754783,0.9775579227039,0.012,0.011,1
"ENSG00000288587",0.854329956754783,0.553397578650753,0.012,0.011,1
"F11-AS1",0.854329956754783,0.915993426370761,0.012,0.011,1
"SLC25A18",0.854329956754783,0.616235898685511,0.012,0.011,1
"SRRM5",0.854329956754783,0.736969169079161,0.012,0.011,1
"SULT1B1",0.854329956754783,0.631278588302674,0.012,0.011,1
"TTC6",0.854329956754783,1.10043256435406,0.012,0.011,1
"USP12-DT",0.854329956754783,0.723845663458714,0.012,0.011,1
"ZNF350-AS1",0.854329956754783,0.73122595732696,0.012,0.011,1
"ENSG00000284640",0.854329956754783,0.70960046852792,0.012,0.011,1
"HS3ST6",0.854329956754783,0.935146462510407,0.012,0.011,1
"VSIG2",0.854338358439769,-0.28681755401784,0.06,0.063,1
"RNF41",0.854762912186372,0.158387902736205,0.371,0.389,1
"ENSG00000271659",0.854794004338148,0.276269265293647,0.012,0.014,1
"ENSG00000278932",0.854794004338148,0.417579534233056,0.012,0.014,1
"ENSG00000289159",0.854794004338148,0.26601128095651,0.012,0.014,1
"HSD17B2",0.854794004338148,0.636311642166672,0.012,0.014,1
"LINC00960",0.854794004338148,0.253112476915932,0.012,0.014,1
"OTOGL",0.854794004338148,1.01641401930086,0.012,0.014,1
"PRNCR1",0.854794004338148,0.323357642572136,0.012,0.014,1
"PSMD9",0.854794004338148,0.444279071056349,0.012,0.014,1
"PTPRG-AS1",0.854794004338148,0.346406006086947,0.012,0.014,1
"VWDE",0.854794004338148,0.424062371599962,0.012,0.014,1
"DECR1",0.854912106533766,0.148511327829835,0.573,0.607,1
"DENND3-AS1",0.855127698800802,0.55301718905961,0.044,0.042,1
"PRDX6-AS1",0.85538833635517,-0.243823067296814,0.077,0.081,1
"TRMT61A-DT",0.855452008021985,0.489464343353132,0.028,0.032,1
"MKRN2",0.855554357364796,0.296914472739441,0.206,0.221,1
"ENSG00000291283",0.855708348393605,0.54990947106888,0.081,0.088,1
"BCKDHB",0.855939001061889,0.301166662659033,0.117,0.126,1
"NUDT4",0.856503019488609,0.176684684487095,0.254,0.253,1
"GRHL1",0.856514656075464,0.68282781079349,0.065,0.07,1
"CACTIN",0.856572164030011,0.649476886252579,0.173,0.175,1
"CPO",0.856751490085487,0.648636729904751,0.012,0.011,1
"ENSG00000229312",0.856751490085487,0.729428460600274,0.012,0.011,1
"ENSG00000258416",0.856751490085487,0.761052123058541,0.012,0.011,1
"ENSG00000258646",0.856751490085487,0.725930520735703,0.012,0.011,1
"ENSG00000260934",0.856751490085487,0.709133588462567,0.012,0.011,1
"ENSG00000268573",0.856751490085487,0.725335960994896,0.012,0.011,1
"ENSG00000286177",0.856751490085487,0.995060294813923,0.012,0.011,1
"ENSG00000288746",0.856751490085487,0.55885410125744,0.012,0.011,1
"LINC00638",0.856751490085487,0.987945298014816,0.012,0.011,1
"LINC02896",0.856751490085487,1.00802042671023,0.012,0.011,1
"ZAP70",0.856751490085487,0.658102860233976,0.012,0.011,1
"ANAPC1",0.856813183922617,0.247498328582689,0.218,0.218,1
"DUS3L",0.856949190050705,0.69557534100394,0.028,0.032,1
"ENSG00000265496",0.856949190050705,0.653592840487927,0.028,0.032,1
"ATF7",0.856990281965248,0.193678396139968,0.238,0.263,1
"A2M-AS1",0.857038216507898,0.558396425933227,0.012,0.014,1
"CACNA1E",0.857038216507898,0.667938352796212,0.012,0.014,1
"ENSG00000267474",0.857038216507898,0.401138582164332,0.012,0.014,1
"LINC00636",0.857038216507898,0.494725124913374,0.012,0.014,1
"THSD1",0.857038216507898,0.406873057491809,0.012,0.014,1
"PRDM10-DT",0.857038216507898,0.404975914421166,0.012,0.014,1
"SART1",0.857241427093667,0.275327251549903,0.165,0.182,1
"TMEM252",0.857544213357803,0.32240932527932,0.081,0.088,1
"FAM221A",0.857546081020766,-0.110823384042261,0.343,0.375,1
"TRIM29",0.857754965050355,0.144011444482324,0.198,0.211,1
"ZFPM2",0.858446886965994,0.475139891799985,0.028,0.032,1
"CDKN2D",0.85850744987784,0.152836538985839,0.202,0.204,1
"ZFAND2A-DT",0.858553555973846,0.220734662734374,0.097,0.105,1
"HSD17B7",0.858655415660591,0.280311610398811,0.101,0.098,1
"CUBN",0.858679172440466,-0.273296807722404,0.109,0.112,1
"UQCC2",0.858761393944646,0.652941514823793,0.129,0.14,1
"CAPN9",0.858906037327447,0.220848071591595,0.048,0.046,1
"ALDH1A3-AS1",0.859043232073778,0.413436680369119,0.069,0.074,1
"LASP1",0.859124719709864,0.136517915854655,0.391,0.411,1
"AGT",0.859174372571999,0.580914199020802,0.012,0.011,1
"CCNJL",0.859174372571999,2.41796108533612,0.012,0.011,1
"ENSG00000228748",0.859174372571999,0.918842235173728,0.012,0.011,1
"ENSG00000255367",0.859174372571999,0.60536871760478,0.012,0.011,1
"ENSG00000259994",0.859174372571999,0.336202481546552,0.012,0.011,1
"ENSG00000273680",0.859174372571999,0.734162772923489,0.012,0.011,1
"ENSG00000277999",0.859174372571999,0.44618558997733,0.012,0.011,1
"ENSG00000283078",0.859174372571999,0.741105070437433,0.012,0.011,1
"ENSG00000287478",0.859174372571999,0.428003592011796,0.012,0.011,1
"ENSG00000289559",0.859174372571999,0.463935296118551,0.012,0.011,1
"ENSG00000289866",0.859174372571999,0.698395535130456,0.012,0.011,1
"LINC02980",0.859174372571999,0.312601222438164,0.012,0.011,1
"NQO2-AS1",0.859174372571999,0.487821758285352,0.012,0.011,1
"PCDHA4",0.859174372571999,1.14563963170552,0.012,0.011,1
"SERF1A",0.859174372571999,0.372807758525148,0.012,0.011,1
"TGFB2",0.859174372571999,0.74348284862742,0.012,0.011,1
"FUT6",0.859174372571999,0.50829207752149,0.012,0.011,1
"GAR1-DT",0.859174372571999,0.79548058605944,0.012,0.011,1
"EXOSC8",0.859195032571263,0.188280017961669,0.206,0.207,1
"ANKRD30BL",0.859283585009642,0.668720584502843,0.012,0.014,1
"ENSG00000286329",0.859283585009642,0.670742103579677,0.012,0.014,1
"ENSG00000289446",0.859283585009642,0.863571319241696,0.012,0.014,1
"LINC02763",0.859283585009642,0.446645936061111,0.012,0.014,1
"TEX11",0.859283585009642,1.02175322572146,0.012,0.014,1
"TLE2",0.859283585009642,0.34390996816788,0.012,0.014,1
"MORC3",0.85976070676541,-0.153229668005264,0.274,0.288,1
"ATRN",0.859769055686917,0.117178576360919,0.137,0.147,1
"MRPS30-DT",0.859841166362226,0.637627349038461,0.085,0.095,1
"ENSG00000267385",0.859841321638549,0.288904381732442,0.052,0.049,1
"ZNF609",0.860347595384667,0.140681000267451,0.677,0.73,1
"SUSD4",0.860546997708847,-0.307439539686477,0.032,0.035,1
"TOX4",0.860741977269932,0.131581187715732,0.395,0.425,1
"CDKL2",0.860938941109323,0.263937281226006,0.347,0.368,1
"CENPC",0.861275211312088,0.173675879432348,0.262,0.267,1
"ZFAND3-DT",0.861415984186136,0.604369980111779,0.044,0.042,1
"AKR7L",0.861598581884342,0.235850549283292,0.012,0.011,1
"ALK",0.861598581884342,0.631629118583457,0.012,0.011,1
"ATP2A1-AS1",0.861598581884342,0.434820518724844,0.012,0.011,1
"CXXC4-AS1",0.861598581884342,0.379120823256145,0.012,0.011,1
"DUS4L-BCAP29",0.861598581884342,0.150804121862996,0.012,0.011,1
"ENSG00000234584",0.861598581884342,0.474134620061298,0.012,0.011,1
"ENSG00000267173",0.861598581884342,0.617173719143051,0.012,0.011,1
"ENSG00000283098",0.861598581884342,0.458716900766572,0.012,0.011,1
"ENSG00000288739",0.861598581884342,0.416628216050789,0.012,0.011,1
"FSD2",0.861598581884342,0.398419741678807,0.012,0.011,1
"GRIN2A",0.861598581884342,0.385422712791723,0.012,0.011,1
"KC6",0.861598581884342,0.643757694903503,0.012,0.011,1
"RCSD1",0.861598581884342,0.376157117350163,0.012,0.011,1
"ST7-AS2",0.861598581884342,0.405312813933818,0.012,0.011,1
"TOMM20L-DT",0.861598581884342,0.293886466523317,0.012,0.011,1
"TOMM40L",0.861598581884342,0.461559478930853,0.012,0.011,1
"ZNF257",0.861598581884342,0.166163690375365,0.012,0.011,1
"BFAR",0.861733032891507,0.11580091837575,0.31,0.319,1
"LDLRAP1",0.86196285449548,-0.145514286446104,0.032,0.035,1
"SDCBP2",0.86196285449548,-0.140314293053095,0.032,0.035,1
"ZNF559-ZNF177",0.86196285449548,-0.141320223018342,0.032,0.035,1
"NUDT14",0.861977276712179,0.176716480160323,0.202,0.204,1
"POGLUT1",0.862214871096377,0.120689536111385,0.105,0.102,1
"LMNTD2-AS1",0.862588710046031,-0.449269721858975,0.085,0.088,1
"PIM2",0.862955987091657,0.141491366334623,0.625,0.656,1
"KLHDC2",0.863089211647733,0.123692368111584,0.399,0.456,1
"THAP12",0.863176616376909,0.115573186925372,0.222,0.228,1
"MBOAT1",0.863841760958597,0.139486189691143,0.323,0.323,1
"DTD1",0.863992412277651,0.182950061821651,0.121,0.119,1
"ADORA2B",0.864024095655037,0.350996216471875,0.012,0.011,1
"ARHGAP30",0.864024095655037,0.249201772419267,0.012,0.011,1
"CDC42-AS1",0.864024095655037,0.412432555078969,0.012,0.011,1
"CFHR1",0.864024095655037,0.289415630709415,0.012,0.011,1
"EGFL6",0.864024095655037,0.202075296885591,0.012,0.011,1
"ENSG00000259862",0.864024095655037,0.420979300884045,0.012,0.011,1
"ENSG00000276445",0.864024095655037,0.271555211478095,0.012,0.011,1
"GLIS2",0.864024095655037,0.175799115614898,0.012,0.011,1
"HSD11B2",0.864024095655037,0.264553146622547,0.012,0.011,1
"LINC02497",0.864024095655037,0.34653845947234,0.012,0.011,1
"LINC02818",0.864024095655037,0.145393211865491,0.012,0.011,1
"NCAPG",0.864024095655037,0.196883995486278,0.012,0.011,1
"RASAL1",0.864024095655037,0.291699417019957,0.012,0.011,1
"SULT1A3",0.864024095655037,0.316879516482188,0.012,0.011,1
"FGFBP1",0.864024095655037,-0.853643096790504,0.012,0.011,1
"ITFG2",0.864058857992738,0.190870725657655,0.278,0.298,1
"DDHD2",0.864208033690258,0.13174407004573,0.359,0.396,1
"TTC30B",0.864552091699774,0.285794212314974,0.335,0.358,1
"TMEM8B",0.864560046934388,0.212889544561321,0.109,0.116,1
"STXBP4",0.864779513947321,-0.214308610479968,0.331,0.337,1
"TRMT10B",0.864895713790236,0.248077035689544,0.141,0.151,1
"TIGAR",0.864954008590135,0.310774699294011,0.048,0.046,1
"LINC01506",0.86526627881939,-0.226913849975851,0.085,0.091,1
"ENSG00000228541",0.865312532847703,0.169541276768608,0.181,0.2,1
"CA11",0.865344513631915,0.119812930917226,0.081,0.077,1
"COG5",0.865524532856807,0.17109497271495,0.298,0.316,1
"TMEM263",0.865596213800993,0.308204807423883,0.19,0.211,1
"ENSG00000230676",0.865997840839654,0.346051476311579,0.069,0.074,1
"PET100",0.866222338237117,0.251333376310759,0.181,0.182,1
"CSGALNACT2-DT",0.866450891479722,0.147598674126924,0.012,0.011,1
"ENSG00000228172",0.866450891479722,0.132541195975598,0.012,0.011,1
"ENSG00000228852",0.866450891479722,0.103183152487526,0.012,0.011,1
"ITGAM",0.866450891479722,0.241340032589865,0.012,0.011,1
"NUP93-DT",0.866450891479722,0.177249599685894,0.012,0.011,1
"RYR1",0.866450891479722,0.202795171410323,0.012,0.011,1
"FOXO4",0.86663998779015,0.253257324365594,0.101,0.109,1
"LRP11",0.867865327687326,0.369466289405926,0.097,0.105,1
"ABITRAM",0.868110490818978,0.203294923809034,0.694,0.73,1
"FBXO11",0.868393545003352,-0.121867232215984,0.621,0.6,1
"LRRC8E",0.868685749585271,0.368145398839462,0.109,0.109,1
"ENSG00000290549",0.868740248427914,0.418464611073744,0.069,0.067,1
"ZDHHC12-DT",0.868878946917774,-0.281258283932092,0.012,0.011,1
"ZNF628",0.868878946917774,0.106840801079782,0.012,0.011,1
"ENSG00000231748",0.868878946917774,-0.135797133474406,0.012,0.011,1
"RPL23AP7",0.869299410494339,0.127234769695971,0.278,0.291,1
"LINC02969",0.869326573090139,-0.291703768577932,0.456,0.46,1
"PEX11A",0.869400582579105,0.291284669474381,0.214,0.221,1
"POLR2M",0.869425365645239,0.108483397601133,0.234,0.235,1
"HMGCR",0.869549564494133,-0.157339835915646,0.56,0.558,1
"ROGDI",0.869553988059302,0.295910257288524,0.133,0.133,1
"ZNF141",0.869683568535903,-0.203600900077117,0.165,0.168,1
"ERRFI1-DT",0.869759817178355,0.972344027433233,0.048,0.053,1
"WDR49",0.869778751459276,-0.308462831824815,0.665,0.639,1
"CENPJ",0.870020378283134,1.14722059449126,0.085,0.081,1
"LRRCC1",0.870041591046481,0.249824563640589,0.351,0.361,1
"MTAP",0.870372664446005,0.126679585127079,0.238,0.263,1
"ARMCX3",0.870556320917605,0.245423201706902,0.222,0.232,1
"WIPI1",0.87056633962398,0.536768116009181,0.121,0.133,1
"ENSG00000259925",0.870664457640171,-0.300419817835369,0.468,0.481,1
"CENPB",0.871008338326827,0.258929969641753,0.202,0.225,1
"CPSF1",0.871145555096434,0.139661465436719,0.278,0.27,1
"TMPO",0.871294056001116,0.108639992461062,0.31,0.337,1
"NRF1",0.871303433318844,0.223096734611442,0.496,0.516,1
"ADIRF",0.87130823949293,-0.138086999344483,0.012,0.011,1
"ENSG00000260392",0.87130823949293,-0.111141571392495,0.012,0.011,1
"ENSG00000275005",0.87130823949293,-0.194174642511366,0.012,0.011,1
"ENSG00000277662",0.87130823949293,-0.122164048064694,0.012,0.011,1
"ENSG00000289507",0.87130823949293,-0.43505024480494,0.012,0.011,1
"GGH",0.87130823949293,-0.194418394331836,0.012,0.011,1
"HERC2P3",0.87130823949293,-0.53011631585793,0.012,0.011,1
"SLC39A8",0.87130823949293,-0.464179867174343,0.012,0.011,1
"SERPINA5",0.87130823949293,-0.218426715491762,0.012,0.011,1
"STAG3L4",0.871597607916651,0.233405665439237,0.202,0.207,1
"ENSG00000230532",0.87174908798766,0.960554637711244,0.04,0.039,1
"TUT1",0.8718736722708,0.401623192736883,0.169,0.172,1
"ENSG00000265254",0.87188602409205,0.283656454647841,0.032,0.035,1
"BUD13",0.872051571809715,0.893686182247461,0.121,0.13,1
"MARCHF9",0.872417705325542,0.422314852629709,0.165,0.168,1
"PSPH",0.872560680912639,0.128291485359002,0.71,0.768,1
"TMEM43",0.872598624653605,0.191295850232445,0.294,0.316,1
"UPF1",0.872955997827331,0.146805277825523,0.391,0.418,1
"TMEM178A",0.872962840876451,0.23545506746096,0.069,0.074,1
"ENSG00000290940",0.873305304942063,0.171509237822318,0.032,0.035,1
"FOXRED2",0.873305304942063,0.159852014591022,0.032,0.035,1
"PICART1",0.87343439701633,0.22936461945884,0.048,0.046,1
"DLGAP5",0.873738746693909,-0.307772249832118,0.012,0.011,1
"LINC01524",0.873738746693909,-0.327023005113278,0.012,0.011,1
"MYO18B",0.873738746693909,-0.355825363906973,0.012,0.011,1
"PTH",0.873738746693909,-0.394621839878459,0.012,0.011,1
"ANKS1B",0.873895475112427,0.120495327560683,0.081,0.077,1
"ZNF572",0.874018553382124,0.323977155977641,0.044,0.042,1
"PHLPP2",0.874054174260398,-0.402508985161194,0.056,0.053,1
"POLR2D",0.87427079368902,0.200133199311044,0.27,0.281,1
"ST7",0.874611378287249,0.153441662018099,0.181,0.179,1
"PIN1-DT",0.874724993640629,0.140350734730208,0.032,0.035,1
"TMEM63A",0.874784567250427,0.205276399117824,0.258,0.281,1
"CLK2",0.8748183733439,0.22002352370486,0.363,0.396,1
"SCYL1",0.875136930699946,0.116791036913405,0.121,0.13,1
"BRD8",0.875362851369508,0.160638049662352,0.52,0.523,1
"ENSG00000279317",0.875769580199449,0.456340712581165,0.097,0.095,1
"BTG3",0.87580823002776,0.225942164548057,0.355,0.368,1
"SPIN3",0.875918773579266,0.501353499177431,0.137,0.137,1
"GID8",0.875921849861507,0.269989540119093,0.601,0.646,1
"PATL2",0.875936530153587,0.332796882985806,0.137,0.133,1
"NGEF",0.875951849245302,0.12607496203123,0.274,0.274,1
"ENSG00000253666",0.876170445975041,-0.364464674435103,0.012,0.011,1
"PDZD4",0.876170445975041,-0.364665565650931,0.012,0.011,1
"TNPO2",0.87646031474651,0.123614969889179,0.472,0.526,1
"LINC00921",0.876543013386357,0.412892784294966,0.044,0.042,1
"ENDOD1",0.876749123009227,-0.1714062397432,0.077,0.081,1
"ENSG00000244701",0.876749123009227,-0.263729875318905,0.077,0.081,1
"TP53",0.876902284875738,0.193418611446543,0.105,0.112,1
"EPB41L4A-AS1",0.877185518364794,0.12477145549842,0.218,0.221,1
"XPA",0.877475050564493,0.207207258888347,0.327,0.34,1
"ENSG00000286833",0.877565576606573,0.100965100117231,0.032,0.035,1
"DPYSL2",0.877718032944313,0.100124023161727,0.512,0.53,1
"SCAPER",0.877823518918076,0.238192534386888,0.306,0.33,1
"GUCY1B1",0.87792057638708,-0.244703299714438,0.056,0.06,1
"MED1",0.878049261231729,0.160201195463655,0.435,0.463,1
"UTP18",0.878124998090412,0.104721696211907,0.371,0.4,1
"HAX1",0.878533252227694,0.117891446484908,0.448,0.467,1
"HSPA1L",0.878786879225178,0.386265817706628,0.161,0.175,1
"C6orf163",0.879113655653028,0.355460379037604,0.048,0.053,1
"CYBC1",0.879277667247289,0.147476621837949,0.202,0.221,1
"MTSS1",0.879354523565264,-0.202761424389766,0.234,0.239,1
"DUSP4",0.879660479796095,0.817386743011361,0.04,0.039,1
"MRPL55",0.880079911948207,0.101963265443827,0.177,0.179,1
"FAM47E-STBD1",0.880248941719111,0.443409460202139,0.181,0.186,1
"TRAF3IP2-AS1",0.880280258784224,-0.206654069406702,0.319,0.337,1
"SLC25A45",0.880332051486717,0.359974653384468,0.044,0.042,1
"LINC00861",0.880407736997494,0.352014248949237,0.032,0.035,1
"ZNF84-DT",0.880714931701057,-0.210903246941727,0.048,0.046,1
"ENSG00000287769",0.880980235911523,0.740887937726552,0.04,0.039,1
"DSN1",0.881246848220271,0.218951093309892,0.117,0.116,1
"KMT2E",0.881443248449847,0.105677386427219,0.645,0.663,1
"ABHD10",0.881455916866197,0.359249532938845,0.242,0.26,1
"MTF2",0.881747900962021,0.114050337302516,0.25,0.253,1
"EAF1-AS1",0.881929352120685,0.660427915889277,0.048,0.046,1
"MAMDC2-AS1",0.882231735756485,-0.382129835295737,0.036,0.039,1
"RNF2",0.882474730721475,0.205994242822297,0.294,0.309,1
"EXOC3-AS1",0.882538247018401,0.199234453200849,0.052,0.056,1
"AP1G2-AS1",0.882625772112554,0.261865456358704,0.048,0.053,1
"ZDHHC8",0.882859605370931,0.266573279260343,0.044,0.042,1
"KCNJ2",0.882929814323573,0.165064919793742,0.073,0.07,1
"HVCN1",0.883251438760033,0.362271194697913,0.032,0.035,1
"INIP",0.883657946801995,0.159881430840893,0.427,0.463,1
"RWDD2A",0.884066147353405,0.289480817362548,0.069,0.067,1
"ARSB",0.88412383135252,0.302257523075299,0.044,0.042,1
"ECI2",0.884688235823785,0.116271049488137,0.625,0.667,1
"ANKRD31",0.884924686517856,-0.129836482324089,0.081,0.084,1
"IRX5",0.884941473498996,0.496044123968051,0.04,0.039,1
"TFB1M",0.885026576296515,0.105256613985931,0.258,0.267,1
"SCYL3",0.885379881269941,0.165686593561708,0.29,0.295,1
"MGAT4A",0.885599098011383,-0.133306710983418,0.056,0.06,1
"BCL6",0.885849795488316,0.126624601872748,0.556,0.551,1
"DARS1-AS1",0.886096645781234,0.214759301715949,0.032,0.035,1
"TSPAN9",0.886487044741704,-0.622359461778411,0.016,0.018,1
"JADE2",0.886526495572591,0.121974130355831,0.153,0.161,1
"TBC1D23",0.886874204643712,0.298957330905747,0.218,0.232,1
"CKAP2",0.886921890328112,0.344249634595259,0.073,0.07,1
"ZBTB39",0.887393252932332,0.558235998313444,0.097,0.105,1
"PEX12",0.887457322562685,0.345440567453691,0.165,0.182,1
"TAF5",0.887519802462578,0.248812716850011,0.032,0.035,1
"C1orf35",0.887603512691382,0.283322215156972,0.105,0.112,1
"FUCA2",0.887833911300887,0.152945817306665,0.218,0.235,1
"ENSG00000287387",0.888482871559061,-0.330469263682911,0.016,0.018,1
"ADCY6",0.888669326314189,0.422297241996753,0.133,0.137,1
"DUSP16",0.8888214692513,0.175179932041327,0.294,0.305,1
"MSRB1",0.888995269528447,0.142892991020053,0.431,0.474,1
"STAT5A",0.888997785749792,-0.29774781798597,0.141,0.144,1
"FBXO34",0.889295428734281,-0.153775972732556,0.31,0.316,1
"TFAP2C",0.889419114654152,-0.150135858066682,0.06,0.063,1
"ZNF846",0.889419242691468,0.763581297628375,0.133,0.137,1
"ENSG00000290993",0.889424353999993,0.158002366798261,0.456,0.491,1
"RBM33-DT",0.889555869939652,0.339317968796732,0.073,0.077,1
"TADA2B",0.890067860925116,0.161985210476384,0.274,0.281,1
"HSPA2",0.890172796955221,0.208261498520762,0.383,0.411,1
"ZNF620",0.890227583465318,0.212746403715937,0.04,0.039,1
"RDH12",0.890347082514218,-0.115155834317727,0.036,0.039,1
"IRF1-AS1",0.890432271678713,0.144515792317178,0.149,0.147,1
"ENSG00000265008",0.890479405592882,-0.673386708195883,0.016,0.018,1
"MRPL44",0.891555721976989,0.241177983540848,0.266,0.277,1
"SUZ12",0.891919640289983,0.183541775784159,0.464,0.47,1
"SLC16A3",0.892169140831826,0.260005414638643,0.089,0.095,1
"POP7",0.892236061569246,0.230734151195565,0.294,0.316,1
"SNX33",0.892418793377999,0.308069001290044,0.222,0.235,1
"FAM201A",0.892446216539872,0.112947441105276,0.117,0.116,1
"ENSG00000278831",0.892476634344395,-0.515373775272078,0.016,0.018,1
"POLE4",0.892607917822463,0.354193098623776,0.355,0.396,1
"ZSWIM4",0.892948996451032,0.149370617093636,0.077,0.081,1
"ENSG00000287778",0.893054796251556,-0.10914076467024,0.036,0.039,1
"CDC23",0.893114178558579,-0.115428552495123,0.254,0.263,1
"ADAMTS15",0.893866878910889,1.05556073355722,0.036,0.035,1
"HELB",0.894409122751624,-0.413576226679594,0.036,0.039,1
"LINC00877",0.894474545301609,-0.303840821604055,0.016,0.018,1
"PCOLCE-AS1",0.894640936402229,0.526723482647284,0.032,0.035,1
"SLC44A2",0.894706718200605,0.578163307584687,0.177,0.2,1
"MIPOL1",0.894848952666926,0.326205955363607,0.113,0.119,1
"UMPS",0.894903410159138,0.160309201802427,0.242,0.26,1
"TATDN2",0.894904979063725,0.395673522042982,0.113,0.116,1
"KRBOX5",0.894905389543259,0.283695814962839,0.194,0.211,1
"FBXW5",0.895005697369573,0.356159195720434,0.052,0.056,1
"ERMAP",0.895134195005566,0.464679536823768,0.129,0.126,1
"NAA80",0.895518577722933,0.163918457865715,0.04,0.039,1
"H2BC15",0.895763757138343,-0.33729214229434,0.036,0.039,1
"ZNF497",0.895905745057,0.260597964114162,0.101,0.102,1
"CCDC39-AS1",0.896059531833703,0.481902376610311,0.161,0.172,1
"UCHL3",0.896101160498032,0.395033401413132,0.169,0.175,1
"ENSG00000289901",0.896150129326049,0.100435989927691,0.823,0.853,1
"ENSG00000254394",0.896473125939548,-0.291999492844963,0.016,0.018,1
"ENSG00000285999",0.896473125939548,-0.315878626269071,0.016,0.018,1
"CDR2",0.896778638142966,0.386950300321744,0.165,0.179,1
"MRNIP-DT",0.896785087577586,0.272551761240875,0.121,0.13,1
"ENSG00000224738",0.896842062211104,0.412229797052406,0.04,0.039,1
"NUDT19",0.897174048738877,-0.118174697367494,0.101,0.105,1
"LIX1L-AS1",0.897499833827641,0.236201606533033,0.105,0.112,1
"ZNF24",0.897540626607793,0.124514924186039,0.661,0.691,1
"LRIG1",0.897629863054749,0.213715365559463,0.472,0.516,1
"PPCS",0.897724706342778,0.102608631709835,0.44,0.474,1
"MPDU1",0.897970298617994,0.460609376414302,0.153,0.158,1
"ENSG00000290057",0.898032991184513,0.679392247300158,0.036,0.035,1
"PEA15",0.898042732465156,0.241659171371275,0.302,0.319,1
"ZNF784",0.898109731509665,0.61415260820797,0.06,0.06,1
"MEAK7",0.8981113377848,0.189757499370898,0.177,0.179,1
"ABHD17B",0.898135822281258,0.168970582517092,0.464,0.495,1
"C1D",0.89839340745541,-0.138008989730829,0.435,0.442,1
"ENSG00000288553",0.898472363720485,-0.11039826115824,0.016,0.018,1
"JAKMIP2",0.898472363720485,-0.200842651189083,0.016,0.018,1
"MAPK10-AS1",0.898472363720485,-0.20686765107313,0.016,0.018,1
"USP27X-DT",0.898472363720485,-0.161730834766508,0.016,0.018,1
"SEC61G-DT",0.898473933952728,0.507669207219765,0.036,0.039,1
"HSD17B1-AS1",0.899193618688567,0.391205243627797,0.06,0.06,1
"C11orf68",0.899344278623998,0.189486892732957,0.294,0.316,1
"COX5A",0.899626251658098,0.10982968467441,0.786,0.842,1
"CLASP1",0.899657477993699,-0.115896959281335,0.44,0.456,1
"MRPS23",0.899698663938692,0.155009503297508,0.476,0.509,1
"IL6ST-DT",0.900472246094181,-0.212393212222311,0.016,0.018,1
"PDZD7",0.900472246094181,0.122290577060232,0.016,0.018,1
"ETFB",0.900561449298891,0.189811141179963,0.23,0.253,1
"MAPRE1",0.900737221849342,0.141560032485666,0.516,0.582,1
"TEX2",0.900805364708973,0.150556393256753,0.242,0.253,1
"WAKMAR2",0.901395919593336,-0.510394239430446,0.048,0.046,1
"PLXNA1",0.901424499915258,0.558258535219244,0.157,0.161,1
"GUCA1B",0.902138834631734,0.469902730955841,0.04,0.039,1
"PCGF3-AS1",0.90246046666232,-0.164553468811853,0.181,0.175,1
"C8orf82",0.90247276049812,-0.405766078288877,0.016,0.018,1
"ENSG00000249856",0.90247276049812,0.205854136551502,0.016,0.018,1
"ENSG00000254718",0.90247276049812,0.139011289764913,0.016,0.018,1
"JCAD",0.90247276049812,0.294021377898705,0.016,0.018,1
"SLC4A10",0.90247276049812,-0.439459396237285,0.016,0.018,1
"TWF2",0.90247276049812,0.141657288156483,0.016,0.018,1
"CAPS2-AS1",0.90247276049812,-0.173600058240492,0.016,0.018,1
"OSGEPL1",0.902514157251753,0.20314852713274,0.069,0.067,1
"C22orf23",0.90257073015816,0.357830120344709,0.319,0.361,1
"C2orf81",0.902668823039386,0.295961564871492,0.319,0.358,1
"SLC25A40",0.902713601905245,0.237965004138707,0.161,0.165,1
"CDKN2AIPNL",0.90272648912142,0.329701288244867,0.222,0.235,1
"C12orf43",0.903014799038082,0.208655799200623,0.222,0.242,1
"CFAP92",0.903098316247937,0.508608392541933,0.198,0.2,1
"ENC1",0.903227626505199,0.247882520853694,0.073,0.077,1
"FYB2",0.903261104128065,0.113393147713742,0.653,0.653,1
"MRPL17",0.903795797443382,0.156598009523321,0.262,0.281,1
"COSMOC",0.904287373822214,-0.389905181676051,0.04,0.042,1
"OXSM",0.904338249148364,0.450651530157412,0.113,0.123,1
"ENSG00000265349",0.904371666981237,-0.225909186268837,0.06,0.063,1
"FAM83B",0.904411565172873,0.166723154436268,0.077,0.081,1
"ENSG00000260948",0.904473894357743,-0.225082669499853,0.016,0.018,1
"ENSG00000264577",0.904473894357743,0.205347033088809,0.016,0.018,1
"ENSG00000272223",0.904473894357743,-0.226086698173632,0.016,0.018,1
"ENSG00000290968",0.904473894357743,0.260995985687434,0.016,0.018,1
"DEUP1",0.904721154758801,-0.13206906357632,0.181,0.189,1
"MAML3",0.904727941015921,0.215345583806576,0.29,0.284,1
"THYN1",0.904786039714659,0.136583580441482,0.327,0.351,1
"PARD6G",0.904788870458806,0.163383730228938,0.04,0.039,1
"PARP11",0.904982705399733,0.530759038376521,0.036,0.035,1
"DNAJC30",0.905176837095894,0.20022854992122,0.371,0.389,1
"XNDC1N",0.905225807309833,0.40092280470226,0.052,0.056,1
"MOCS2-DT",0.90527168134901,0.173774616133172,0.117,0.116,1
"ENSG00000266947",0.905337061820938,0.271840668919761,0.165,0.168,1
"WDR25",0.90543045078472,0.164592395594362,0.185,0.189,1
"ENSG00000289106",0.905449010580763,0.291607088919571,0.145,0.147,1
"CAPG",0.905457714206641,-0.202447018241613,0.097,0.095,1
"SLC15A1",0.906373539361439,0.451375521283737,0.036,0.035,1
"STYX",0.906412737412637,0.283218615022606,0.218,0.225,1
"DNAH17",0.90647563508669,0.614815031745797,0.016,0.018,1
"HAUS8",0.90647563508669,0.300028486951457,0.016,0.018,1
"ENSG00000272312",0.90647563508669,0.167881817719247,0.016,0.018,1
"TIPARP",0.906738260239372,0.207843137434969,0.31,0.333,1
"UXT",0.907062365328076,0.173428693021208,0.403,0.439,1
"CTC-338M12.4",0.907445397767369,0.585462385556118,0.129,0.14,1
"PCTP",0.907448380768161,0.273926161089584,0.315,0.333,1
"CAV3",0.907499137077295,0.958630886934749,0.052,0.056,1
"ARHGEF9",0.907594569166046,0.651195826488174,0.056,0.06,1
"ZNF554",0.907764660508961,0.655917817128422,0.036,0.035,1
"ARHGAP9",0.908477970087035,0.816940132654787,0.016,0.018,1
"ENSG00000260160",0.908477970087035,0.145232742142984,0.016,0.018,1
"ENSG00000287265",0.908477970087035,0.384260082282627,0.016,0.018,1
"LINC00574",0.908477970087035,0.230367951551127,0.016,0.018,1
"THEM6",0.908644968941059,0.270859932716398,0.093,0.091,1
"COG2",0.909000581363826,0.168940248644873,0.27,0.298,1
"GTPBP3",0.909083468596505,0.197823974574745,0.141,0.151,1
"POLR1F",0.90920171875415,0.13074277093656,0.194,0.207,1
"ZNF773",0.90932617458269,0.250149782259339,0.036,0.039,1
"MTFMT",0.909401229632046,0.160785288439039,0.246,0.267,1
"ALDH3A2",0.909473974971546,0.105659144719197,0.589,0.646,1
"UBXN1",0.909628512975407,0.130080123530332,0.315,0.323,1
"OPN3",0.90987361734771,0.18160166839577,0.173,0.186,1
"GAS6-DT",0.910042503280419,0.332499671851076,0.06,0.06,1
"FIZ1",0.910424859462825,0.253589472126284,0.19,0.196,1
"EPHA4",0.910480886749522,1.10419950300166,0.016,0.018,1
"LINGO4",0.910480886749522,0.360436454277347,0.016,0.018,1
"HAGH",0.91092307074817,0.124755620574725,0.565,0.614,1
"DNAH11",0.911075018801263,-0.218808256342877,0.919,0.905,1
"NSA2",0.911116884994533,0.106537846860754,0.653,0.691,1
"ENSG00000131152",0.911418536927107,0.253211235147239,0.04,0.039,1
"MFN2",0.911444042808091,0.366234990590991,0.282,0.291,1
"ZNF70",0.911495225527901,0.191243598748273,0.065,0.063,1
"ARHGEF19",0.911939704769678,0.35481394026277,0.036,0.035,1
"RNF227",0.911957309688735,-0.121051082534096,0.315,0.326,1
"RNF40",0.911991842352926,0.239529588069831,0.395,0.453,1
"AGO3",0.912249940051227,0.214004714021997,0.258,0.26,1
"ENSG00000273076",0.912484372453806,0.477123924039383,0.016,0.018,1
"ENSG00000273230",0.912484372453806,0.371295015223754,0.016,0.018,1
"ENSG00000288756",0.912484372453806,0.363994928450847,0.016,0.018,1
"IL23R",0.912484372453806,0.309039172267307,0.016,0.018,1
"MSS51",0.912484372453806,0.258502675186476,0.016,0.018,1
"SYT9-AS1",0.912484372453806,1.16967997644658,0.016,0.018,1
"TTC28",0.912602903261924,-0.158132965684696,0.185,0.182,1
"NDUFAF5",0.912658828176814,0.289437654665244,0.089,0.095,1
"ENSG00000276846",0.912817193690181,0.232829576814795,0.089,0.088,1
"RSKR",0.912935884652545,0.248941377835822,0.069,0.074,1
"TMEM238",0.912965760539004,0.516786830994201,0.101,0.102,1
"KDF1",0.913256610353398,0.217706233167171,0.262,0.291,1
"SMIM10L1",0.913282192634117,0.112724575775085,0.448,0.446,1
"ARHGEF26",0.913300379755437,0.200110856843098,0.117,0.116,1
"ZNF143",0.913390716722673,0.200038329678282,0.218,0.235,1
"SLC4A11",0.91340024196311,0.171710258030449,0.036,0.039,1
"SP5",0.91340024196311,0.275888192755411,0.036,0.039,1
"MARK4",0.913478070629867,0.248842797829383,0.157,0.168,1
"MEST",0.913819881733152,0.430293760171197,0.101,0.102,1
"ATP6V1C1",0.914245161384655,0.175511524046581,0.488,0.519,1
"ENSG00000274015",0.914332087531922,0.255087377335367,0.161,0.175,1
"DIO2",0.914488414568691,1.18264599395337,0.016,0.018,1
"KRTCAP2",0.914488414568691,0.482976875796331,0.016,0.018,1
"LAGE3",0.914488414568691,0.794819839399054,0.016,0.018,1
"NLRC3",0.914488414568691,0.382953116037859,0.016,0.018,1
"OXCT1",0.914488414568691,0.391448077554108,0.016,0.018,1
"SCAANT1",0.914488414568691,0.313567899697648,0.016,0.018,1
"SGCD",0.914488414568691,0.253432078368134,0.016,0.018,1
"GNL3L",0.914584323348906,0.13279792359914,0.379,0.404,1
"BCL2L12",0.914643983831104,0.27092464294592,0.19,0.204,1
"PRICKLE2",0.915111292014323,-0.236992161845403,0.512,0.519,1
"GART",0.915437343850266,0.150765328480847,0.222,0.239,1
"FAM182B",0.915449118272041,0.119140132104255,0.109,0.105,1
"MTRES1",0.91546433673607,0.190743588555513,0.306,0.316,1
"ZNF17",0.915473371183228,0.177894874294926,0.06,0.06,1
"FAM151B-DT",0.915761289742227,0.235735496053038,0.508,0.519,1
"B4GALT2",0.915847026717497,0.351547121116672,0.081,0.081,1
"LINC01489",0.915847026717497,0.445700126377648,0.081,0.081,1
"BEST4",0.915959493281624,-0.109510673248396,0.137,0.14,1
"WEE2-AS1",0.916080617736612,0.12945353910987,0.367,0.382,1
"ENSG00000289565",0.91611718132701,0.700466042597731,0.036,0.035,1
"TOP3B",0.916117558438528,0.27197152793365,0.036,0.039,1
"ENSG00000268912",0.916493000452366,0.580162275602979,0.016,0.018,1
"ENSG00000287346",0.916493000452366,0.500924413418122,0.016,0.018,1
"ENSG00000287969",0.916493000452366,0.543895498498771,0.016,0.018,1
"ENSG00000289347",0.916493000452366,0.826475575699804,0.016,0.018,1
"SUFU",0.91654369556632,0.22481922407087,0.097,0.102,1
"SLC30A6",0.916884170266921,0.185332588407526,0.149,0.151,1
"BANP",0.917825109559743,0.316067503011057,0.117,0.126,1
"MFAP3L",0.918187725803725,0.416613699817026,0.194,0.2,1
"DTNB",0.918248178165803,0.113669363157766,0.129,0.137,1
"ENSG00000236498",0.918478775656585,0.785339352704911,0.056,0.056,1
"ASAH2",0.918498117452651,0.929194295014613,0.016,0.018,1
"ENSG00000290091",0.918498117452651,0.753382244747164,0.016,0.018,1
"PPP1R1C",0.918498117452651,0.688277788680061,0.016,0.018,1
"HDAC5",0.919306055460788,0.511954312655392,0.097,0.098,1
"MAP1S",0.919353497554368,0.247724525989959,0.093,0.091,1
"NPAS3",0.919566206275263,0.180877169637368,0.363,0.382,1
"TSR3",0.919684265436902,0.110194406000713,0.242,0.253,1
"ARHGEF3",0.919828825778159,0.254363814422464,0.246,0.256,1
"ENSG00000286121",0.9199859201317,-0.238743243744005,0.069,0.067,1
"SOX7",0.920195361698327,0.440569620242061,0.036,0.039,1
"ENSG00000260643",0.920195361698327,0.183964829272401,0.036,0.039,1
"ENSG00000237359",0.920296975674695,0.777733693340214,0.036,0.035,1
"ENSG00000266469",0.920503752907227,0.68218578266227,0.016,0.018,1
"ENSG00000291179",0.920503752907227,0.747373654428253,0.016,0.018,1
"MTA1-DT",0.920503752907227,0.706742790793693,0.016,0.018,1
"MCRS1",0.920939940260277,0.245398025684368,0.363,0.393,1
"SCYL2",0.920994003353434,0.243504975669207,0.456,0.488,1
"NSMCE1",0.921083947709296,0.13068460414055,0.359,0.393,1
"MKRN2OS",0.921154990649261,-0.245138253504234,0.04,0.042,1
"TENT5C",0.921154990649261,-0.125012232013547,0.04,0.042,1
"LZIC",0.92117656112918,0.183267727553093,0.54,0.582,1
"ANKEF1",0.922136938827683,0.119366118699129,0.323,0.344,1
"NSUN6",0.922951108574352,-0.198443846313181,0.198,0.204,1
"MTREX",0.923099143651465,0.120745578981278,0.411,0.446,1
"KAZN-AS1",0.923174734720193,0.278402976317837,0.157,0.161,1
"MTHFD1",0.923229431563648,0.221095730435367,0.238,0.256,1
"ZNF503-AS2",0.923645578380375,0.214772870739986,0.06,0.063,1
"RALGPS2-AS1",0.924002123103978,0.762403201739551,0.032,0.032,1
"TMEM129",0.924894266027244,0.363436940930838,0.153,0.158,1
"EDRF1",0.925046005600599,0.163713071788203,0.105,0.109,1
"ZNF362",0.925165143765257,0.640817369734665,0.097,0.102,1
"DLC1",0.925476383947062,0.617405341072491,0.077,0.081,1
"ACSM3",0.925634741755838,0.434781525930817,0.169,0.175,1
"GEMIN5",0.925653473341656,0.182444144142729,0.161,0.172,1
"ENSG00000286705",0.925790104359342,-0.128015382773072,0.06,0.063,1
"TBC1D8B",0.925873441985977,0.276515921011628,0.036,0.035,1
"TEF",0.925873441985977,0.465340284406921,0.036,0.035,1
"AMDHD2",0.926347276519511,0.306625109846459,0.056,0.06,1
"RPAP3-DT",0.926923809404672,0.580431498970031,0.085,0.091,1
"ENSG00000283977",0.927451755613551,0.203933535603354,0.056,0.06,1
"PLIN4",0.927451755613551,0.107836778243747,0.056,0.06,1
"LINC01003",0.927635358431254,-0.124657706863608,0.19,0.196,1
"SIGMAR1",0.928513853934201,0.142304930759174,0.101,0.105,1
"MPND",0.928523083780793,0.12150054855991,0.06,0.06,1
"ENSG00000272650",0.928845474743893,-0.450078664609965,0.02,0.021,1
"NKRF",0.928936238694292,0.150528661139754,0.109,0.109,1
"ERICH3-AS1",0.92899281152124,0.525297699348799,0.069,0.074,1
"FLVCR2",0.929312410659271,0.357145771986966,0.077,0.081,1
"PMF1",0.929426409945187,0.217079570071586,0.165,0.172,1
"EBP",0.929691600313195,0.46723044307983,0.056,0.056,1
"NSD1",0.929732814774382,0.108329710222998,0.246,0.249,1
"LRRC63",0.930049555233552,0.101796232645615,0.294,0.316,1
"DDX27",0.930059050168437,0.1081589576503,0.407,0.439,1
"ENSG00000289032",0.930252758333464,0.335763719261954,0.04,0.042,1
"ENSG00000284523",0.930665289868424,-0.298923222860926,0.02,0.021,1
"MLIP",0.930700002069105,0.24649428583712,0.06,0.06,1
"PSD3",0.930989537610319,-0.220015127007737,0.206,0.211,1
"MBTPS2",0.931396634963392,0.116293017919726,0.222,0.232,1
"SPAG16-DT",0.931577310731927,0.123026883361987,0.065,0.063,1
"IQCH-AS1",0.931649992672785,0.193884060642993,0.153,0.154,1
"TYK2",0.931725741539984,0.100165120744467,0.387,0.411,1
"ENSG00000237188",0.932179818829852,0.285610882447967,0.262,0.277,1
"CCDC7",0.932312671074851,0.542597507076561,0.185,0.193,1
"TMEM61",0.932485467572583,-0.272290235365378,0.02,0.021,1
"FGF14-AS2",0.933095597516679,-0.100929811560044,0.141,0.137,1
"SLC22A18",0.933165383868724,1.54337809097477,0.052,0.053,1
"ORC4",0.933460077374998,0.124235192801221,0.532,0.579,1
"ULK1",0.933483126344512,0.352177950188188,0.21,0.221,1
"MSANTD4",0.93376055023807,0.310194741541228,0.198,0.207,1
"ENSG00000260917",0.933862075501773,-0.248667317437568,0.077,0.077,1
"BAALC-AS1",0.933999299866238,0.287799768344874,0.371,0.414,1
"ATP23",0.934154663715343,0.402563935233489,0.04,0.042,1
"TOP1MT",0.934154663715343,0.316514647649118,0.04,0.042,1
"CLDN2",0.934305998384214,-1.09128658499141,0.02,0.021,1
"SHLD3",0.934305998384214,-0.210271669097028,0.02,0.021,1
"RPUSD1",0.934306718861521,0.515037079146865,0.032,0.032,1
"ZNF654",0.934600597066444,0.258583919463758,0.177,0.182,1
"OSBPL1A",0.934628578090604,0.167380526534159,0.444,0.474,1
"GDE1",0.934984636669277,0.407333715046531,0.278,0.288,1
"LINC02128",0.935220436259891,0.201130891568051,0.149,0.158,1
"BOP1",0.935446921706192,0.119251336217001,0.06,0.063,1
"RFT1",0.935696183480208,0.238323243453272,0.129,0.137,1
"MHENCR",0.93580304183734,0.450383858182569,0.077,0.077,1
"SURF6",0.936359177013041,0.170746508947925,0.202,0.214,1
"HBP1",0.936720815051586,0.223405610429105,0.476,0.498,1
"PQBP1",0.936883605858826,0.133667699944561,0.242,0.26,1
"ENSG00000230896",0.936949174361718,0.48928066277207,0.085,0.091,1
"PLXNC1",0.937037034317709,-0.178581564665388,0.036,0.035,1
"ENSG00000290020",0.937252988269808,1.05699243131564,0.032,0.032,1
"CATSPERB",0.937505246798472,0.241220791958978,0.117,0.123,1
"MSANTD3-TMEFF1",0.937948081413719,-0.24918590850777,0.02,0.021,1
"NPSR1-AS1",0.937948081413719,-0.331936788480858,0.02,0.021,1
"ZNF22-AS1",0.938726447749066,0.533852998816075,0.032,0.032,1
"ZNF329",0.939089765907734,0.19590347385726,0.198,0.211,1
"CEP20",0.939241747036253,0.167874805784406,0.302,0.312,1
"CELSR1",0.939249652267935,0.125701871772518,0.774,0.796,1
"ENSG00000286619",0.939412698981466,0.173639074932659,0.06,0.06,1
"PPP4R4",0.939412698981466,0.184009558746896,0.06,0.06,1
"PTGER2",0.940200795089576,0.203948410444143,0.488,0.512,1
"CAMKK2",0.94032093434549,0.159707824303867,0.149,0.151,1
"NEK8",0.940350538429848,0.20385194473282,0.258,0.277,1
"CYB561D1",0.940651937449314,0.314816207859959,0.129,0.133,1
"USP20",0.940816018856338,0.232577896303669,0.06,0.063,1
"ABI1",0.940987321661168,0.129182228414295,0.613,0.618,1
"CREBZF",0.940988034681988,0.12495083689354,0.512,0.554,1
"BRF2",0.941068171732553,0.276146840713706,0.097,0.098,1
"LY75",0.941226529712829,0.160797771904653,0.44,0.477,1
"ENSG00000255031",0.941591463071553,-0.357658627877035,0.02,0.021,1
"PLOD1",0.941673991133441,0.468008972017009,0.032,0.032,1
"UROS",0.941790385825893,0.303559377639796,0.077,0.081,1
"MARCHF2",0.942274460806841,0.350940690883748,0.117,0.119,1
"EIF3M",0.942446757300834,0.188914594020742,0.306,0.34,1
"STIM1",0.942471460417126,0.143670460025976,0.516,0.579,1
"SCN11A",0.943148064982372,0.280965559080712,0.032,0.032,1
"ENSG00000280145",0.943238543536577,0.295376399744418,0.085,0.088,1
"POMT2",0.943297617498097,0.137593181602481,0.097,0.102,1
"ENSG00000260927",0.943413617149486,0.196039712573005,0.02,0.021,1
"HNRNPLL",0.943557219342082,0.119831833963374,0.476,0.523,1
"TMEM45B",0.944461596874559,0.114004297876582,0.565,0.6,1
"USP38",0.9446448612789,0.334389255219702,0.206,0.218,1
"ENSG00000277310",0.945113245903289,0.247585563794264,0.06,0.063,1
"ENSG00000249955",0.945173374342896,-0.213735749828917,0.282,0.277,1
"RAB3GAP1",0.945202013629559,0.167333479512502,0.589,0.614,1
"NAPSA",0.945236067390796,-0.146888386140793,0.02,0.021,1
"NOC2L",0.945356074406783,0.138549006332826,0.452,0.498,1
"RBBP5",0.945419614707916,0.103915600180675,0.161,0.168,1
"ZNF793",0.945632782473143,0.14987131005207,0.077,0.081,1
"FHIP2B",0.945651076543262,0.667967466342593,0.202,0.211,1
"EIF2B4",0.945719348404091,0.10273525050574,0.298,0.312,1
"ZNF304",0.945925309220869,0.1605014048665,0.085,0.084,1
"ENSG00000286909",0.946096791837792,0.395077757804919,0.032,0.032,1
"LINC01237",0.946096791837792,0.389367451417155,0.032,0.032,1
"ZNF491",0.946096791837792,0.348250247594517,0.032,0.032,1
"ENSG00000284644",0.946207757773766,0.493402107682782,0.157,0.168,1
"CA5BP1",0.946484869887493,0.78807568275067,0.077,0.077,1
"ALKBH6",0.946815417025993,0.300739076962631,0.036,0.035,1
"ZNF841",0.94705880428766,0.106540075357931,0.02,0.021,1
"LARGE1",0.947131211516931,0.10884739133414,0.399,0.411,1
"ORMDL3",0.947153442670554,0.232685196889714,0.29,0.312,1
"SCAMP2",0.947326138709543,0.115291369661419,0.657,0.677,1
"ADAL",0.94757610189719,0.390693279842088,0.137,0.144,1
"ALG14",0.947602921825591,0.260042569099999,0.157,0.168,1
"INPP5F",0.947722766692425,-0.169421954621218,0.073,0.074,1
"LOX",0.947870549303489,0.269382303045614,0.137,0.147,1
"WDTC1",0.947983987328041,0.209485586748769,0.544,0.621,1
"LLPH",0.9480946159162,0.254942872406621,0.133,0.14,1
"OPHN1",0.948455216390578,0.246990025905801,0.105,0.109,1
"GIT1",0.948457006365639,0.30690173689792,0.198,0.207,1
"TYW3",0.948531738940931,0.260264045237158,0.27,0.295,1
"MDFIC",0.948809669050126,-0.139777378273004,0.222,0.225,1
"CHST7",0.949412070662862,0.247236500873992,0.06,0.063,1
"LINC02298",0.949444143595083,0.394072872443235,0.145,0.151,1
"CD63-AS1",0.949777175734821,0.355486942769511,0.04,0.042,1
"GS1-594A7.3",0.949777175734821,0.195439496817193,0.04,0.042,1
"ZNF512B",0.949777175734821,0.215747510960711,0.04,0.042,1
"RRP8",0.949828082861192,0.423846470249633,0.125,0.137,1
"B4GALT3",0.950224376134492,0.539903936087264,0.117,0.123,1
"ZNF235",0.950487011875042,0.489094218617287,0.06,0.063,1
"ZBED2",0.950521254487917,0.784349506862318,0.032,0.032,1
"C14orf28",0.950705099994389,0.200791627959471,0.02,0.021,1
"ENSG00000232555",0.950705099994389,0.108059566950556,0.02,0.021,1
"ENSG00000289376",0.950705099994389,0.223697870460226,0.02,0.021,1
"PNMA8A",0.950713496098241,0.122898064075603,0.44,0.456,1
"SLC25A26",0.950856555276478,0.200934617522038,0.165,0.168,1
"ZBTB11",0.950902615925454,0.215978996866439,0.202,0.214,1
"HMOX2",0.951014844449165,0.149753340132702,0.198,0.207,1
"RELA-DT",0.95103263211539,0.322256543493002,0.056,0.056,1
"FAM53C",0.951178783569951,0.176626420765512,0.169,0.175,1
"TMEM185B",0.951337921853023,0.183612643119692,0.302,0.323,1
"EML4",0.951345286330787,0.143913859333458,0.177,0.182,1
"TSPYL2",0.951530649759152,0.277948197867004,0.097,0.098,1
"CGNL1",0.951654383870362,0.107387292040921,0.202,0.204,1
"GCSH",0.951729819639582,0.511284888339115,0.206,0.228,1
"ENSG00000250237",0.951996421182177,0.224539221027442,0.032,0.032,1
"NIPAL1",0.952351591261929,0.217357484527548,0.065,0.067,1
"ENSG00000289311",0.952528639766694,0.589837732610384,0.02,0.021,1
"ZNF44",0.952565637377343,0.256580571371503,0.367,0.389,1
"ANKRD52",0.952699599337951,0.281419202392297,0.133,0.137,1
"TRIAP1",0.952750239037052,0.11723382091224,0.234,0.242,1
"PANK1",0.953071100385554,0.160456665063424,0.044,0.046,1
"MCMDC2",0.953208385769647,0.102643012130874,0.149,0.154,1
"CAAP1",0.953249362721072,0.320351657665208,0.298,0.326,1
"ENSG00000229728",0.953471752379294,0.118237826310931,0.032,0.032,1
"OAS3",0.954305465904837,0.488099438836879,0.081,0.084,1
"ENSG00000277728",0.954321150847117,0.16684689697771,0.044,0.046,1
"ALDH4A1",0.954352428119729,0.302417500828125,0.02,0.021,1
"ENOX1",0.954352428119729,0.201107965953233,0.02,0.021,1
"ENSG00000235119",0.954352428119729,0.222443905086388,0.02,0.021,1
"ENSG00000270021",0.954352428119729,0.406456008694376,0.02,0.021,1
"MYOM2",0.954352428119729,0.367348839193884,0.02,0.021,1
"YY2",0.954352428119729,0.244362758238736,0.02,0.021,1
"ZNF786",0.95467675785846,0.123858142901006,0.06,0.06,1
"ACOT2",0.954745280726407,0.197583515483455,0.137,0.14,1
"LPCAT4",0.954887951131974,0.114797802357006,0.306,0.319,1
"SF3B5",0.954996952782718,0.125056080649472,0.556,0.614,1
"ENSG00000285329",0.955211423730349,-0.160374671816804,0.077,0.074,1
"SIAH2",0.955240496783227,0.107064710875115,0.399,0.428,1
"P2RX7",0.955420489319427,0.378967677470858,0.109,0.112,1
"GSTO1",0.955972680283947,0.10053204863745,0.581,0.639,1
"GOLGA1",0.956090315539581,0.251760326140054,0.286,0.309,1
"PAQR6",0.956176455524652,0.257874514752415,0.02,0.021,1
"SIDT2",0.956217483807643,0.281345487486019,0.129,0.137,1
"HDAC10",0.95628176597907,0.168223105242133,0.206,0.211,1
"CAPN12",0.956292605175628,0.43732840336942,0.04,0.042,1
"ENSG00000277299",0.956422888103977,0.149024971384708,0.032,0.032,1
"SLC3A1",0.956632391718206,0.366805184964842,0.101,0.102,1
"USP45",0.956771783962079,0.17123170991021,0.198,0.207,1
"ANKIB1",0.957160398468046,0.172369004796614,0.379,0.407,1
"RIOX1",0.957423447512533,0.297694476477994,0.19,0.2,1
"NUMBL",0.957534710599445,0.283004360392696,0.173,0.182,1
"C1orf112",0.957596055574595,0.388903247465454,0.04,0.042,1
"LEMD2",0.957662686403184,0.262473196159842,0.254,0.263,1
"FAR2",0.957898682538437,0.189750931020193,0.032,0.032,1
"PRRT2",0.958000712448867,0.53228402532998,0.02,0.021,1
"NSUN4",0.958521125726849,0.123594163843043,0.198,0.211,1
"ZNF324B",0.958899619362716,0.438373680507423,0.04,0.042,1
"ENSG00000262160",0.958976337171904,0.234395690181608,0.117,0.123,1
"NINJ2-AS1",0.9590932774287,0.215433104143608,0.117,0.119,1
"RPS6KA1",0.959206908434674,0.15194752502209,0.294,0.316,1
"APEH",0.959353877491725,0.177429357076932,0.327,0.344,1
"CRISP3",0.959675303383472,1.92293660674416,0.065,0.067,1
"RAB40C",0.959786996059361,0.582804187179748,0.121,0.13,1
"POLE2",0.959825189356171,0.52511953345842,0.02,0.021,1
"TRAF2",0.959825189356171,0.411284995348471,0.02,0.021,1
"ZNF98",0.959825189356171,0.757369361745875,0.02,0.021,1
"ENSG00000273711",0.95986915517598,0.409609281924763,0.052,0.053,1
"TMEM147",0.960078056029442,0.300172960781047,0.294,0.33,1
"DNAAF2",0.960693760641212,0.12979548941164,0.702,0.747,1
"MTIF2",0.960953197238555,0.360590045352099,0.359,0.389,1
"ZNF790",0.96124105775257,0.419236765402357,0.06,0.063,1
"PUS10",0.961324438881899,0.103629792125325,0.093,0.095,1
"RETSAT",0.961411946920701,0.264918268412387,0.169,0.175,1
"NSMCE4A",0.961593668953231,0.138028407947047,0.306,0.326,1
"TBCEL-TECTA",0.961649876706903,0.446756617682536,0.02,0.021,1
"PITPNM3",0.96214651853784,0.114818213685856,0.109,0.109,1
"ENSG00000289393",0.962316882736648,0.343331894673537,0.06,0.063,1
"ANKRD10-IT1",0.962370247391201,0.261297715593432,0.125,0.13,1
"TMEM144",0.962452182802263,0.216087360175977,0.23,0.239,1
"ZC3H4",0.962760728891325,0.184760145476371,0.194,0.2,1
"FUNDC2",0.963087536415425,0.105106799910761,0.694,0.712,1
"ZNF542P",0.963263176713546,0.254738825215731,0.294,0.312,1
"DCLRE1A",0.963392776336503,0.296450370309741,0.06,0.063,1
"ENSG00000257027",0.963474764958097,0.796764385613566,0.02,0.021,1
"CYB5R4",0.96363824783326,0.211677800610554,0.145,0.158,1
"BLOC1S3",0.963669597852907,0.181795599305785,0.109,0.112,1
"EPCAM-DT",0.963856721854253,0.213638942091365,0.226,0.239,1
"ANKRD20A11P",0.963893291167751,0.744379110048836,0.028,0.028,1
"GPR137",0.964390937805071,0.3709906211343,0.266,0.288,1
"PIP5K1B",0.964454509821807,0.945768817674265,0.048,0.049,1
"ENSG00000224371",0.964468736595875,0.407840479363632,0.06,0.063,1
"HMOX1",0.964858939673541,0.321178299354322,0.113,0.119,1
"FGFRL1",0.964861958242804,0.415127964112141,0.077,0.081,1
"ENSG00000273733",0.965279718433431,0.18754970717793,0.032,0.032,1
"ENSG00000272990",0.965299844563628,0.574649820462738,0.02,0.021,1
"VILL",0.965299844563628,0.736781509421194,0.02,0.021,1
"ENSG00000257221",0.965681327557221,0.278446603458979,0.052,0.053,1
"CYP4F11",0.966034168181904,0.558055738596509,0.089,0.091,1
"ENSG00000284024",0.966303615129913,0.212105575610739,0.109,0.109,1
"RP9P",0.966528475893618,0.428857822592727,0.145,0.144,1
"DESI1",0.967011725634942,0.119092207668524,0.198,0.207,1
"C17orf80",0.967018782431775,0.404407502659783,0.339,0.361,1
"FOXN3-AS1",0.967031132353673,0.459160893574467,0.028,0.028,1
"PRR15-DT",0.967031132353673,0.391274868433271,0.028,0.028,1
"LINC01139",0.967125105974366,0.720088130763545,0.02,0.021,1
"ACOX1",0.967253013216254,0.103144449573153,0.258,0.27,1
"CAMTA2",0.967334427159846,0.756164777135671,0.069,0.07,1
"TSNAXIP1",0.967391624068237,0.127907745862948,0.431,0.456,1
"FGFR1OP2",0.967595240139317,0.153824568210051,0.335,0.351,1
"IL17RC",0.96800672024485,0.272746395313539,0.052,0.053,1
"SOCS2-AS1",0.968027448391683,0.754619512537403,0.04,0.042,1
"ENSG00000269110",0.968078447243283,0.557438328777826,0.044,0.046,1
"HMGXB4",0.968385536638917,0.150514544681573,0.286,0.298,1
"FBXL22",0.968600247442855,0.360472933731868,0.028,0.028,1
"PCDHB13",0.968600247442855,0.793845701588277,0.028,0.028,1
"TRPM2-AS",0.968600247442855,0.465790364167206,0.028,0.028,1
"CBWD5",0.968620986932533,0.182333774586993,0.109,0.112,1
"NAA10",0.968620986932533,0.130008092445459,0.109,0.112,1
"ENSG00000249335",0.968832186276104,-0.158220167080615,0.262,0.26,1
"ENSG00000290796",0.968848461339002,0.281169366893099,0.077,0.077,1
"H2AZ2-DT",0.968859770144005,-0.739144032006745,0.024,0.025,1
"UNC5B-AS1",0.96895053963832,0.945881598743456,0.02,0.021,1
"CATSPERG",0.969046614770954,0.225433071302896,0.081,0.081,1
"GTPBP6",0.969096421284975,0.30464738799628,0.065,0.067,1
"ENSG00000291242",0.969271666765029,0.417316456270669,0.048,0.049,1
"RUNX1",0.969289291512614,0.10483190698469,0.585,0.607,1
"TMEM214",0.9696480128242,0.18168554181115,0.367,0.418,1
"CMTR1",0.969730950371429,0.130063988747447,0.129,0.133,1
"ZMAT1",0.969943762989257,0.287437130993295,0.363,0.361,1
"TOR3A",0.970181088689376,0.277617529408208,0.101,0.105,1
"ENSG00000272030",0.970332393485422,0.294317912572397,0.052,0.053,1
"MORC4",0.970332393485422,0.267418069057681,0.052,0.053,1
"INO80D",0.970535290658239,0.237849706229424,0.226,0.239,1
"ENSG00000229618",0.970542238943284,-0.45599654059982,0.024,0.025,1
"MYO15B",0.971129454463967,0.169516536089489,0.238,0.253,1
"ARSL",0.971223450246583,0.113383197788314,0.101,0.102,1
"ENSG00000289135",0.971283150698836,0.507812365966245,0.056,0.056,1
"CAD",0.971415751660572,0.771907346122219,0.069,0.07,1
"ZBTB47-AS1",0.971738836271098,0.326067252872762,0.028,0.028,1
"LINC00910",0.971922596958325,0.3362370980375,0.109,0.112,1
"PHF6",0.972040500071511,0.373579863027162,0.157,0.168,1
"BTBD10",0.972264706793879,0.265282018626851,0.363,0.404,1
"DDX21",0.972635790593144,0.201569477498611,0.593,0.625,1
"ENSG00000278600",0.972740780059823,0.134094699852237,0.077,0.077,1
"ENOX2",0.97289508214033,0.322396973086731,0.21,0.225,1
"ZNF837",0.973308297868939,0.496755648772448,0.028,0.028,1
"LINC02832",0.973598355901272,0.34013527434591,0.073,0.074,1
"ENSG00000285820",0.973907562395114,-0.2114871926271,0.024,0.025,1
"MED28-DT",0.973907562395114,-0.112545873465741,0.024,0.025,1
"WNT2B",0.974140834474208,-0.125446124952604,0.032,0.032,1
"TAOK3",0.974140838320363,0.107800947803599,0.218,0.218,1
"ENSG00000288743",0.974877862826281,0.373740620750207,0.028,0.028,1
"TNFRSF25",0.974877862826281,0.346785452879257,0.028,0.028,1
"TINCR",0.974972415774408,0.246396974944176,0.262,0.277,1
"ACVR2A",0.975281270886459,0.118277728475915,0.206,0.211,1
"LINC01836",0.975379644883401,0.319818438278446,0.065,0.067,1
"TMED2-DT",0.975379644883401,0.307575706145057,0.065,0.067,1
"NOC4L",0.97541781818731,0.737700447643458,0.06,0.06,1
"CHP1",0.975544678634571,0.104029655764211,0.383,0.407,1
"HMMR",0.975590402080501,-0.104314139976404,0.024,0.025,1
"TINAGL1",0.975590402080501,-0.579902776398666,0.024,0.025,1
"RASSF4",0.975854682736454,0.624056710604061,0.04,0.042,1
"AP3B1",0.975910108627087,0.204139153962135,0.565,0.589,1
"ENSG00000285458",0.976002625966751,0.409459392335031,0.157,0.161,1
"KAT2A",0.976308139143485,1.22299211023449,0.06,0.063,1
"ENSG00000273637",0.97633062215319,0.269751211342584,0.125,0.13,1
"IRAG2",0.976447525069372,0.320978685208588,0.028,0.028,1
"MARVELD1",0.976447525069372,0.368355558186001,0.028,0.028,1
"PARPBP",0.976447525069372,0.681516828586683,0.028,0.028,1
"TUBA3FP",0.976447525069372,0.283255315177991,0.028,0.028,1
"ENTR1",0.976553073238366,0.464816459156333,0.181,0.193,1
"ENSG00000251131",0.976838298836087,0.406153006031955,0.044,0.046,1
"POLR3GL",0.976916416464728,0.131366706777338,0.19,0.2,1
"MVB12A",0.976932722568334,0.236374396551245,0.177,0.186,1
"BBLN",0.976938676134309,0.457851336933268,0.105,0.109,1
"ENSG00000259342",0.977273350424776,-0.249050077861948,0.024,0.025,1
"NR2F6",0.977381295925858,0.124905706283341,0.327,0.354,1
"ATF6",0.977956929304373,0.223621444236393,0.496,0.572,1
"KIF18A",0.978017278523329,0.197925341059579,0.028,0.028,1
"LRRC40",0.978038087150563,0.178211813148576,0.056,0.056,1
"TSR1",0.978162530144029,0.109199449741556,0.222,0.228,1
"TMEM60",0.978379869326935,0.277634882380613,0.194,0.204,1
"FBH1",0.978745716831395,0.355731169782002,0.234,0.249,1
"ILK",0.978874241087209,0.127567936709071,0.274,0.298,1
"SS18L1",0.978878185705006,0.293353284267325,0.161,0.172,1
"HOXB-AS1",0.97902849687091,0.399491586411791,0.157,0.168,1
"ENSG00000267939",0.979341673015132,0.3331024786954,0.044,0.046,1
"BUD31",0.979378291060267,0.136484384815159,0.492,0.519,1
"ZFP62",0.979453866721655,0.213348468449358,0.105,0.109,1
"EFNA1",0.979471805299459,0.17138160119541,0.492,0.54,1
"ENSG00000274818",0.979587117112209,0.398035463570468,0.028,0.028,1
"ENSG00000287757",0.979587117112209,0.149394720888663,0.028,0.028,1
"LINC00578",0.979637394978329,0.119892284165917,0.052,0.053,1
"DTX2",0.979989657293906,0.183008653315062,0.093,0.095,1
"ENSG00000233258",0.980050086479535,-0.245334030492906,0.032,0.032,1
"ZNF138",0.980340152180292,0.146920072335476,0.097,0.098,1
"MRPS18A",0.980616848421695,0.320586233388056,0.065,0.067,1
"ENSG00000249319",0.980639543138998,-0.617588217737187,0.024,0.025,1
"ENSG00000253347",0.980639543138998,-0.119594451422066,0.024,0.025,1
"ANKRD17-DT",0.980735124084726,0.134990109938266,0.113,0.112,1
"LGALS9",0.980775768540594,0.133637760479811,0.161,0.165,1
"CCDC142",0.980800740999992,0.20287774366518,0.052,0.053,1
"PLEKHA3",0.980872836681001,0.148229916429091,0.411,0.456,1
"ASPSCR1",0.980879330010808,-0.187107594458055,0.06,0.06,1
"ENSG00000267547",0.981157034759081,0.2273546078588,0.028,0.028,1
"ENSG00000290421",0.981157034759081,-0.374101008938861,0.028,0.028,1
"PPIEL",0.981319080993418,0.407753186615857,0.048,0.049,1
"MTBP",0.981964127854078,0.298864206997136,0.052,0.053,1
"LONP1",0.982088036336204,0.162243951589985,0.157,0.165,1
"FAM50B",0.982103434028866,0.12656634092928,0.214,0.232,1
"REEP4",0.982224882085483,0.252462337279495,0.343,0.379,1
"LAPTM5",0.982322772530173,0.215290780705896,0.024,0.025,1
"BRPF1",0.982333873174312,0.35941093742733,0.089,0.091,1
"TTC13",0.982542283170692,0.301623586883029,0.056,0.056,1
"ENSG00000272144",0.982711976437441,0.315987274132203,0.065,0.067,1
"KANSL1-AS1",0.982957949677576,0.405364426182104,0.101,0.105,1
"MRTO4",0.983027698629253,0.210319306224376,0.19,0.196,1
"C2orf50",0.983065327603992,0.112065934661091,0.778,0.825,1
"PCNX4-DT",0.983127553067201,-0.201024327586302,0.052,0.053,1
"UBTD1",0.983127553067201,-0.346740153590509,0.052,0.053,1
"LTV1",0.983480372888279,0.131132822706991,0.194,0.2,1
"ENSG00000291232",0.983663789859453,0.258742689884093,0.069,0.07,1
"ZNF551",0.983729163244988,0.374582556365127,0.048,0.049,1
"COX8C",0.984006080622891,0.144413452655326,0.024,0.025,1
"ADAM32",0.984013768074073,-0.185438454177469,0.113,0.112,1
"ENSG00000274265",0.984065560884823,0.454382933452047,0.105,0.109,1
"ARPC5",0.984148419181646,0.192684992215245,0.476,0.526,1
"ENSG00000266850",0.984297082914551,-0.522612241025295,0.028,0.028,1
"FIG4",0.984344724252143,0.436864715099097,0.165,0.165,1
"CASK",0.984395260967806,0.308502689826421,0.25,0.256,1
"RPAP3",0.984403024996811,0.169097125612801,0.431,0.505,1
"STX5",0.984575622576151,0.363914491121081,0.282,0.298,1
"FDPS",0.984670391875127,0.278363720073934,0.319,0.34,1
"PPM1H",0.984927677415048,0.110098195081755,0.435,0.453,1
"SELENOO",0.984943640933907,0.385381057534625,0.113,0.116,1
"ABRAXAS1",0.985164698375043,0.246704535744035,0.173,0.182,1
"RGS16",0.985325037537404,0.13154752211193,0.093,0.095,1
"RNF111",0.985415717706734,0.186140366681556,0.294,0.319,1
"NHLRC4",0.985618952134725,0.314692833771773,0.206,0.225,1
"HPSE2",0.985689459924936,0.14874952034449,0.024,0.025,1
"TIMM23B-AGAP6",0.985689459924936,0.184562622890451,0.024,0.025,1
"TAF8",0.985787243003291,0.198121705938759,0.206,0.214,1
"ZHX3",0.985854887533992,0.259018213495294,0.065,0.067,1
"ENSG00000278126",0.985867201264975,0.313765003125712,0.028,0.028,1
"ENSG00000250602",0.986139394001533,0.116070702154544,0.048,0.049,1
"RXRB",0.9861583165609,0.336888644753347,0.218,0.232,1
"VWA1",0.98634866298204,0.214430495854503,0.177,0.189,1
"SAMMSON",0.986348663574605,-0.174105249845281,0.181,0.186,1
"DNAH6",0.986487799098108,-0.133060930038825,0.867,0.867,1
"FHOD3",0.98652793165146,0.20783200061912,0.254,0.26,1
"ENSG00000286366",0.98727448174187,0.351505000452093,0.081,0.084,1
"PCSK5",0.98727448174187,0.419772226182161,0.081,0.084,1
"ENSG00000275830",0.987372902943145,0.179008056788839,0.024,0.025,1
"ENSG00000284337",0.987530147475583,0.501702384619416,0.085,0.088,1
"DHRS4L2",0.987769084093655,0.165479888349668,0.089,0.091,1
"KLHL18",0.987769084093655,0.374451174878361,0.089,0.091,1
"PPP6C",0.988310828051001,0.135859262603601,0.556,0.6,1
"PTPRD",0.989007596110362,-0.100301261921983,0.028,0.028,1
"STX17-DT",0.989007596110362,0.174081970447376,0.028,0.028,1
"TMEM121",0.989056402183499,0.185786145134443,0.024,0.025,1
"RCOR3",0.989413655990258,-0.130574107322235,0.323,0.319,1
"METTL17",0.989836785482102,0.117474598553195,0.423,0.453,1
"ZNF473",0.989954412964554,0.265658009317091,0.137,0.144,1
"CDC14A",0.990017412017637,-0.150771533484532,0.605,0.607,1
"PRRG1",0.990108771347193,0.141569509934401,0.052,0.053,1
"OSER1-DT",0.990301069822972,0.335366732685738,0.085,0.088,1
"ZNF574",0.990606032366812,0.158817897729056,0.194,0.2,1
"LINC02977",0.990609018820869,0.423976619718233,0.044,0.046,1
"ADAMTS17",0.990739950151233,0.338509436690952,0.024,0.025,1
"C3orf20",0.990739950151233,0.385830918593273,0.024,0.025,1
"ENSG00000230648",0.990739950151233,0.207499016763088,0.024,0.025,1
"ENSG00000259684",0.990739950151233,0.198832250840705,0.024,0.025,1
"ENSG00000289629",0.990739950151233,0.615360234210402,0.024,0.025,1
"MERTK",0.990739950151233,0.271756876138359,0.024,0.025,1
"TMEM212-AS1",0.990739950151233,0.207938902133589,0.024,0.025,1
"UXT-AS1",0.990739950151233,0.217823382102679,0.024,0.025,1
"NEK2-DT",0.991252311606423,0.139272736689287,0.508,0.575,1
"ABCB7",0.992076528279733,0.200120646825751,0.222,0.239,1
"RLN2",0.99214131956923,0.282888223903579,0.065,0.067,1
"HRK",0.992148418446207,0.481523680183157,0.085,0.088,1
"ENSG00000269176",0.992298870900019,0.318398951327129,0.089,0.091,1
"MYZAP",0.992423539350928,0.3270605543761,0.024,0.025,1
"ENSG00000262681",0.992423539350928,0.291078715651179,0.024,0.025,1
"LINC02313",0.992423539350928,0.284566685184358,0.024,0.025,1
"RAB31",0.99259880328725,0.183275355686739,0.242,0.256,1
"ARL2BP",0.992746472346731,0.113140590826444,0.734,0.768,1
"MRPL35",0.992826578578373,0.129966839889227,0.339,0.347,1
"TJAP1",0.993320479060734,0.414703792265319,0.202,0.211,1
"LRP8",0.993446127839948,0.426620663449767,0.097,0.098,1
"MYCBPAP",0.993889285261627,0.250782396172258,0.331,0.354,1
"ENSG00000254662",0.994107162286614,0.930015474270654,0.024,0.025,1
"NELFB",0.994605074862859,0.204144200943532,0.173,0.182,1
"SYNGR2",0.994803304391185,0.196710963171253,0.351,0.386,1
"RAB4A-AS1",0.99504821745119,0.492517285192016,0.129,0.137,1
"ENSG00000290065",0.995781362158718,0.430460145270221,0.048,0.049,1
"H2BC12",0.995781362158718,0.378525484383795,0.048,0.049,1
"TDRKH",0.995790811461872,0.259539458261214,0.024,0.025,1
"ENSG00000233178",0.995922886090889,0.272810270923732,0.089,0.091,1
"FNDC3B",0.996014601203323,0.211164529930572,0.54,0.596,1
"ANG",0.996098313688237,-0.125016886040748,0.157,0.158,1
"SEC63",0.996154985208216,0.103303102886035,0.766,0.789,1
"STAM",0.996196524625888,0.437045981437848,0.206,0.211,1
"TSPAN13",0.996236097371155,0.312988437748468,0.133,0.14,1
"RRP7A",0.996286674258106,0.106368897884593,0.331,0.358,1
"NKAP",0.996641882073273,0.223511736005664,0.359,0.393,1
"MCCC1",0.996803241482859,0.20298988605601,0.254,0.27,1
"CCNO-DT",0.99721378100705,0.205256844020028,0.214,0.228,1
"C1orf116",0.997474479379933,0.931946993518911,0.024,0.025,1
"LINC02056",0.997474479379933,0.56250744355212,0.024,0.025,1
"PSMA6",0.997474479379933,0.287276937978787,0.024,0.025,1
"AGBL5",0.99781585560324,0.178154099786371,0.302,0.326,1
"NCK2",0.997908638989305,0.252444292861473,0.343,0.379,1
"CLTRN",0.998121762132539,0.386098783791573,0.044,0.046,1
"ARHGEF40",0.998349191735539,0.104535667555621,0.52,0.579,1
"BLM",0.998429607921562,-0.156545409463295,0.028,0.028,1
"VLDLR-AS1",0.998429607921562,-0.360065049591435,0.028,0.028,1
"C8orf44",0.998741934939586,0.298292022248773,0.105,0.109,1
"XG",0.99885026696388,0.158589332096453,0.129,0.133,1
"VAMP3",0.999109389273778,0.19615688037759,0.238,0.256,1
"AP2A1",0.999134708374742,0.100708789926428,0.266,0.27,1
"EIF3C",0.999158158543774,0.351401821188252,0.024,0.025,1
"LZTS2",0.999158158543774,0.337915253718111,0.024,0.025,1
"NCRNA00250",0.999158158543774,0.458996245308867,0.024,0.025,1
"SRGN",0.999158158543774,1.16096371822357,0.024,0.025,1
"TENM2",0.999158158543774,0.459939674813523,0.024,0.025,1
"SVIP",0.999523587324681,0.101854936800749,0.504,0.54,1
"ARID2",1,0.144969741565502,0.508,0.533,1
"DIAPH2-AS1",1,0.410679652999533,0.024,0.025,1
